{"english-450k": {"bad-redirect": 0.004959653300793252, "dsfb-red": 0.012737231633496092, "sfb": 0.025297593815357646, "alternate": 0.3285912830548541, "sft": 0.0, "unknown": 0.00015377410175167997, "oneh-in": 0.015538492931945896, "dsfb-alt": 0.037945952203734895, "sfR": 0.11369548401129392, "roll-in": 0.2708660639267591, "dsfb": 0.0, "redirect": 0.03544463810756118, "oneh-out": 0.006761382937857137, "sfT": 0.00013301752147721366, "roll-out": 0.1478754324531179}, "shai": {"bad-redirect": 0.004748848398564171, "dsfb-red": 0.008209806656050393, "sfb": 0.014347903461476892, "alternate": 0.3109754691941778, "sft": 0.0, "unknown": 0.023215617687830165, "oneh-in": 0.014327777335691082, "dsfb-alt": 0.035031097186584356, "sfR": 0.09823378925716947, "roll-in": 0.30924302002735293, "dsfb": 0.0, "redirect": 0.027275138537412764, "oneh-out": 0.0056796236600257675, "sfT": 2.784759135171086e-05, "roll-out": 0.14868406100631248}, "tr-quotes": {"bad-redirect": 0.00495249763066041, "dsfb-red": 0.007235154064862116, "sfb": 0.011178659762834886, "alternate": 0.2995423129377499, "sft": 0.0, "unknown": 0.013835787429786644, "oneh-in": 0.01069092253993204, "dsfb-alt": 0.03154342248214327, "sfR": 0.09677191928064538, "roll-in": 0.31607336862300917, "dsfb": 0.0, "redirect": 0.031472920182150206, "oneh-out": 0.006685004969834262, "sfT": 2.195973278472527e-05, "roll-out": 0.16999607036360695}, "gutenberg": {"bad-redirect": 0.004793887102500073, "dsfb-red": 0.006440092702781652, "sfb": 0.012001767066264607, "alternate": 0.29225415747424704, "sft": 0.0, "unknown": 0.03297431275178516, "oneh-in": 0.009304187348426899, "dsfb-alt": 0.0332230432412178, "sfR": 0.09863878308844841, "roll-in": 0.32251838768085056, "dsfb": 0.0, "redirect": 0.0295813106221369, "oneh-out": 0.006071069859358348, "sfT": 0.00015855858313414055, "roll-out": 0.15204044247884843}, "english-200": {"bad-redirect": 0.004454342984409799, "dsfb-red": 0.004454342984409799, "sfb": 0.0022271714922048997, "alternate": 0.32516703786191536, "sft": 0.0, "unknown": 0.0, "oneh-in": 0.008908685968819599, "dsfb-alt": 0.028953229398663696, "sfR": 0.10690423162583519, "roll-in": 0.3363028953229399, "dsfb": 0.0, "redirect": 0.022271714922048998, "oneh-out": 0.0022271714922048997, "sfT": 0.0, "roll-out": 0.15812917594654788}, "monkeyracer": {"bad-redirect": 0.005060645635547492, "dsfb-red": 0.007182851869809344, "sfb": 0.011000086022178081, "alternate": 0.2992085959616497, "sft": 0.0, "unknown": 0.013436077701487402, "oneh-in": 0.010549447112000876, "dsfb-alt": 0.03144794876206265, "sfR": 0.09690789370786869, "roll-in": 0.3162497849445548, "dsfb": 0.0, "redirect": 0.03128176955440512, "oneh-out": 0.006741010682390478, "sfT": 2.1505544520387257e-05, "roll-out": 0.17091238250152493}, "chained-bigrams": {"bad-redirect": 0.005784006196963981, "dsfb-red": 0.013551638228203329, "sfb": 0.01588199276804434, "alternate": 0.30119686333889356, "sft": 0.0, "unknown": 0.022916559801936097, "oneh-in": 0.01600081552669324, "dsfb-alt": 0.04431374662442723, "sfR": 0.11914286586209158, "roll-in": 0.29852042939817897, "dsfb": 0.0, "redirect": 0.03628509410697554, "oneh-out": 0.00476135130695295, "sfT": 4.999646128942822e-05, "roll-out": 0.12159464037934978}, "english-5k": {"bad-redirect": 0.0053096610942879666, "dsfb-red": 0.009416352096901314, "sfb": 0.01725639855643589, "alternate": 0.3387812668519517, "sft": 0.0, "unknown": 0.002157049819554486, "oneh-in": 0.0231468038329116, "dsfb-alt": 0.03608910275023852, "sfR": 0.10644211224955408, "roll-in": 0.2944787820964865, "dsfb": 0.0, "redirect": 0.03040610611025843, "oneh-out": 0.0035259468204256023, "sfT": 0.0, "roll-out": 0.1329904177209939}, "mt-quotes": {"bad-redirect": 0.005080025340361698, "dsfb-red": 0.006988023093197547, "sfb": 0.009906049413705311, "alternate": 0.29949139981592376, "sft": 0.0, "unknown": 0.007977133909467972, "oneh-in": 0.010037532422514673, "dsfb-alt": 0.0311151552097154, "sfR": 0.0964592223377679, "roll-in": 0.3213728619069817, "dsfb": 0.0, "redirect": 0.031067343206511996, "oneh-out": 0.0067429865767801005, "sfT": 1.0458875700744673e-05, "roll-out": 0.17375180789137112}, "wordle": {"bad-redirect": 0.005879053068551554, "dsfb-red": 0.01519129361606642, "sfb": 0.029821608885897005, "alternate": 0.31136542129473804, "sft": 0.0, "unknown": 0.0, "oneh-in": 0.008841018736676764, "dsfb-alt": 0.04867048131942107, "sfR": 0.13138112868843263, "roll-in": 0.22957477841355323, "dsfb": 0.0, "redirect": 0.034623583529675754, "oneh-out": 0.009446875350611466, "sfT": 0.0001795130707954673, "roll-out": 0.17502524402558062}, "english-1k": {"bad-redirect": 0.0045871559633027525, "dsfb-red": 0.008115737473535639, "sfb": 0.01305575158786168, "alternate": 0.3200423429781228, "sft": 0.0, "unknown": 0.0, "oneh-in": 0.014114326040931546, "dsfb-alt": 0.030698659139026113, "sfR": 0.10832745236414962, "roll-in": 0.312985179957657, "dsfb": 0.0, "redirect": 0.033168666196189134, "oneh-out": 0.00529287226534933, "sfT": 0.0, "roll-out": 0.1496118560338744}, "english-10k": {"bad-redirect": 0.005596186874047201, "dsfb-red": 0.008606549468362246, "sfb": 0.01752185407460296, "alternate": 0.3281102255842226, "sft": 0.0, "unknown": 0.0, "oneh-in": 0.021361996101966384, "dsfb-alt": 0.037764612801759904, "sfR": 0.10567144593890508, "roll-in": 0.30169236409949635, "dsfb": 0.0, "redirect": 0.030065031550915652, "oneh-out": 0.004997973794407673, "sfT": 7.718878446961657e-05, "roll-out": 0.13853457092684432}, "reddit": {"bad-redirect": 0.003713715237881731, "dsfb-red": 0.008222014583294706, "sfb": 0.012946892692189774, "alternate": 0.29238874726865227, "sft": 0.0, "unknown": 0.03927615796315576, "oneh-in": 0.011278502048077713, "dsfb-alt": 0.03303844984742659, "sfR": 0.10397777127267367, "roll-in": 0.29944542426794635, "dsfb": 0.0, "redirect": 0.030172395871668655, "oneh-out": 0.006130767200865566, "sfT": 3.9292826512057446e-05, "roll-out": 0.15936986891965516}, "akl": {"bad-redirect": 0.0035372144545501557, "dsfb-red": 0.006891617360381602, "sfb": 0.018836804137871088, "alternate": 0.24889544046650128, "sft": 0.0, "unknown": 0.13268997866819748, "oneh-in": 0.009878939420245503, "dsfb-alt": 0.02868668741792289, "sfR": 0.13064861186637447, "roll-in": 0.25383999994267836, "dsfb": 0.0, "redirect": 0.02499653290572051, "oneh-out": 0.004824208745833959, "sfT": 0.0001002634497500369, "roll-out": 0.13617370116397268}, "french": {"bad-redirect": 0.003015214820909427, "dsfb-red": 0.010735550882120904, "sfb": 0.03930672561840272, "alternate": 0.23812704667829945, "sft": 0.0, "unknown": 0.15804939041671429, "oneh-in": 0.015348878398905318, "dsfb-alt": 0.02741944591378824, "sfR": 0.10898279115633469, "roll-in": 0.21050952587979985, "dsfb": 0.0, "redirect": 0.025762529502423335, "oneh-out": 0.009183057883995416, "sfT": 3.411364590332193e-05, "roll-out": 0.15352572920240304}, "keymash": {"bad-redirect": 0.005151613419645093, "dsfb-red": 0.007101427263733873, "sfb": 0.011419751819484182, "alternate": 0.2986827468156461, "sft": 0.0, "unknown": 0.01232282349464109, "oneh-in": 0.010840964973133617, "dsfb-alt": 0.03180454245052604, "sfR": 0.099723742164827, "roll-in": 0.31481078595969836, "dsfb": 0.0, "redirect": 0.031069770496648372, "oneh-out": 0.006633471941152566, "sfT": 2.462922750427933e-05, "roll-out": 0.17041372997335938}, "movie": {"bad-redirect": 0.002996482784568153, "dsfb-red": 0.008592154479017974, "sfb": 0.011241350567561738, "alternate": 0.27801306740217574, "sft": 0.0, "unknown": 0.030236445784519856, "oneh-in": 0.008464636173429633, "dsfb-alt": 0.0320186753124692, "sfR": 0.11567713207251198, "roll-in": 0.2797995080609598, "dsfb": 0.0, "redirect": 0.033118964840873864, "oneh-out": 0.009310810275527711, "sfT": 2.145044768926697e-05, "roll-out": 0.19050932179869504}, "dutch": {"bad-redirect": 0.002836830955895303, "dsfb-red": 0.00878445747280015, "sfb": 0.02869482932196961, "alternate": 0.22724102562852005, "sft": 0.0, "unknown": 0.07281557471656167, "oneh-in": 0.01084427539132255, "dsfb-alt": 0.024563412953112516,