{"english-450k": {"dsfb-alt": 0.05278719944617936, "unknown": 0.00015377410175167997, "sfR": 0.11369548401129392, "dsfb": 0.0, "sfb": 0.14069833321736935, "redirect": 0.05878351237589173, "oneh-in": 0.011183119228720558, "dsfb-red": 0.04405189495884058, "oneh-out": 0.014249538531521645, "alternate": 0.16162973652006285, "sft": 0.0, "roll-out": 0.17988675677556173, "sfT": 0.002614744422180657, "bad-redirect": 0.0036212923923917488, "roll-in": 0.2166446140182342}, "shai": {"dsfb-alt": 0.05669296635252365, "unknown": 0.023260762136131256, "sfR": 0.09823378925716947, "dsfb": 0.0, "sfb": 0.11484609087162535, "redirect": 0.05887664712987513, "oneh-in": 0.011453054418257431, "dsfb-red": 0.05284118195472984, "oneh-out": 0.015849513706356108, "alternate": 0.1916167680662168, "sft": 0.0, "roll-out": 0.17377713272684545, "sfT": 0.0013954139680886343, "bad-redirect": 0.0034677624361653474, "roll-in": 0.19768891697601554}, "tr-quotes": {"dsfb-alt": 0.05994198007443194, "unknown": 0.013085689188876818, "sfR": 0.09677191928064538, "dsfb": 0.0, "sfb": 0.10256582140958369, "redirect": 0.057749474122188574, "oneh-in": 0.009557106862994384, "dsfb-red": 0.06692055199833569, "oneh-out": 0.013531818497029658, "alternate": 0.19206097871061695, "sft": 0.0, "roll-out": 0.18059799819699035, "sfT": 0.0014354730588751995, "bad-redirect": 0.0030928549964170963, "roll-in": 0.20268833360301428}, "gutenberg": {"dsfb-alt": 0.05987338803509733, "unknown": 0.03293907751108868, "sfR": 0.09863878308844841, "dsfb": 0.0, "sfb": 0.10256410256410256, "redirect": 0.050169678521999106, "oneh-in": 0.010845444973730802, "dsfb-red": 0.057395176106111875, "oneh-out": 0.012769933200803364, "alternate": 0.21172401486245185, "sft": 0.0, "roll-out": 0.17251420112805813, "sfT": 0.0009763571534926648, "bad-redirect": 0.0030294729527851564, "roll-in": 0.1865603699018301}, "english-200": {"dsfb-alt": 0.07349665924276169, "unknown": 0.0, "sfR": 0.10690423162583519, "dsfb": 0.0, "sfb": 0.08908685968819599, "redirect": 0.053452115812917596, "oneh-in": 0.015590200445434299, "dsfb-red": 0.0757238307349666, "oneh-out": 0.017817371937639197, "alternate": 0.15367483296213807, "sft": 0.0, "roll-out": 0.18930957683741648, "sfT": 0.0022271714922048997, "bad-redirect": 0.0022271714922048997, "roll-in": 0.22048997772828507}, "monkeyracer": {"dsfb-alt": 0.05993106495456465, "unknown": 0.012941450177518495, "sfR": 0.09690789370786869, "dsfb": 0.0, "sfb": 0.1023028528082331, "redirect": 0.05757620782958225, "oneh-in": 0.009518158499773215, "dsfb-red": 0.06777765613025322, "oneh-out": 0.013571953641866212, "alternate": 0.19160560395389212, "sft": 0.0, "roll-out": 0.18074139387209284, "sfT": 0.0014418490076168729, "bad-redirect": 0.003084090589173718, "roll-in": 0.20259982482756464}, "chained-bigrams": {"dsfb-alt": 0.058336780059073744, "unknown": 0.022782803035369576, "sfR": 0.11914286586209158, "dsfb": 0.0, "sfb": 0.10949614605200021, "redirect": 0.04948221197330838, "oneh-in": 0.01241470571238789, "dsfb-red": 0.03890503853948, "oneh-out": 0.015428778092979134, "alternate": 0.18626473840487914, "sft": 0.0, "roll-out": 0.17521681906929965, "sfT": 0.002325809406996518, "bad-redirect": 0.0033121032342516015, "roll-in": 0.2068912005578826}, "english-5k": {"dsfb-alt": 0.05770108267308251, "unknown": 0.002157049819554486, "sfR": 0.10644211224955408, "dsfb": 0.0, "sfb": 0.1338200522669764, "redirect": 0.06869374040735056, "oneh-in": 0.0119052557348488, "dsfb-red": 0.04923881030406106, "oneh-out": 0.014560086281992781, "alternate": 0.16376985937694447, "sft": 0.0, "roll-out": 0.17662919483967313, "sfT": 0.0019496411830588626, "bad-redirect": 0.0036918737296221015, "roll-in": 0.2094412411332808}, "mt-quotes": {"dsfb-alt": 0.06022818278528825, "unknown": 0.007917368905463717, "sfR": 0.0964592223377679, "dsfb": 0.0, "sfb": 0.0999240984449146, "redirect": 0.056994896068658034, "oneh-in": 0.009257599120259141, "dsfb-red": 0.07052270472502122, "oneh-out": 0.013665268165572966, "alternate": 0.19274213791372324, "sft": 0.0, "roll-out": 0.18215924982966974, "sfT": 0.001389536343098935, "bad-redirect": 0.0030629564552180823, "roll-in": 0.2056767789053442}, "wordle": {"dsfb-alt": 0.05183439919219118, "unknown": 0.0, "sfR": 0.13138112868843263, "dsfb": 0.0, "sfb": 0.15067878379894536, "redirect": 0.05311342982160889, "oneh-in": 0.015079097946819253, "dsfb-red": 0.04090654100751711, "oneh-out": 0.016604959048580725, "alternate": 0.16571300347806575, "sft": 0.0, "roll-out": 0.18312577134522606, "sfT": 0.0026478177942331426, "bad-redirect": 0.005946370470099854, "roll-in": 0.18296869740828003}, "english-1k": {"dsfb-alt": 0.06316160903316867, "unknown": 0.0, "sfR": 0.10832745236414962, "dsfb": 0.0, "sfb": 0.1277346506704305, "redirect": 0.06104446012702894, "oneh-in": 0.014114326040931546, "dsfb-red": 0.05575158786167961, "oneh-out": 0.020465772759350742, "alternate": 0.16584333098094567, "sft": 0.0, "roll-out": 0.17184191954834158, "sfT": 0.003175723359209598, "bad-redirect": 0.0056457304163726185, "roll-in": 0.20289343683839098}, "english-10k": {"dsfb-alt": 0.05455317342390151, "unknown": 0.0, "sfR": 0.10567144593890508, "dsfb": 0.0, "sfb": 0.14058007371528916, "redirect": 0.06719283688080122, "oneh-in": 0.01248528588796048, "dsfb-red": 0.04623608189730032, "oneh-out": 0.017695528839659597, "alternate": 0.16203855579784257, "sft": 0.0, "roll-out": 0.17548870149167325, "sfT": 0.0017367476505663728, "bad-redirect": 0.003840142027363424, "roll-in": 0.212481426448737}, "reddit": {"dsfb-alt": 0.057438433590909235, "unknown": 0.038515360442387035, "sfR": 0.10397777127267367, "dsfb": 0.0, "sfb": 0.10410336597934186, "redirect": 0.05487065299695827, "oneh-in": 0.010821484148865499, "dsfb-red": 0.061336701503933874, "oneh-out": 0.01329269953142649, "alternate": 0.18119364415120284, "sft": 0.0, "roll-out": 0.17441119287440135, "sfT": 0.001261266019365108, "bad-redirect": 0.0032065793197246805, "roll-in": 0.19557084816881007}, "akl": {"dsfb-alt": 0.04888418862445688, "unknown": 0.13237676039503798, "sfR": 0.13064861186637447, "dsfb": 0.0, "sfb": 0.09564932974575655, "redirect": 0.04509167051631699, "oneh-in": 0.010147436933412987, "dsfb-red": 0.056156574842427885, "oneh-out": 0.010886144824153895, "alternate": 0.14835123823260296, "sft": 0.0, "roll-out": 0.15432845194296013, "sfT": 0.001973470310962222, "bad-redirect": 0.002754699985098845, "roll-in": 0.16275142178043822}, "french": {"dsfb-alt": 0.03858680334058439, "unknown": 0.15797034623762518, "sfR": 0.10898279115633469, "dsfb": 0.0, "sfb": 0.09400008386833103, "redirect": 0.044342930504210926, "oneh-in": 0.012936682571236431, "dsfb-red": 0.030808652365213532, "oneh-out": 0.012371897229443094, "alternate": 0.17165385846834105, "sft": 0.0, "roll-out": 0.16125617800449493, "sfT": 0.0010488485386033208, "bad-redirect": 0.0022921014115243866, "roll-in": 0.16374882630405704}, "keymash": {"dsfb-alt": 0.059307179830304625, "unknown": 0.012306404009638238, "sfR": 0.099723742164827, "dsfb": 0.0, "sfb": 0.1049410335244835, "redirect": 0.05729168804620443, "oneh-in": 0.01014313686051237, "dsfb-red": 0.06700381342539191, "oneh-out": 0.013993506093681371, "alternate": 0.19043318706308776, "sft": 0.0, "roll-out": 0.1792350982911421, "sfT": 0.001428495195248201, "bad-redirect": 0.003099177794288482, "roll-in": 0.20109353770119}, "movie": {"dsfb-alt": 0.05762471954855625, "unknown": 0.030157750277046348, "sfR": 0.11567713207251198, "dsfb": 0.0, "sfb": 0.09289425626757736, "redirect": 0.05609226271824021, "oneh-in": 0.008960102035700124, "dsfb-red": 0.07571836957121081, "oneh-out": 0.009993803057781058, "alternate": 0.1755783626307408, "sft": 0.0, "roll-out": 0.18145828565653307, "sfT": 0.0012463631292334203, "bad-redirect": 0.003170455127176809, "roll-in": 0.19142813790769175}, "dutch": {"dsfb-alt": 0.040812639373822235, "unknown": 0.07288414207371571, "sfR": 0.18880787437283908, "dsfb": 0.0, "sfb": 0.11479862875326936, "redirect": 0.04616743797173454, "oneh-in": 0.012770347515647217,