{"english-450k": {"dsfb": 0.0, "alternate": 0.3620093772967448, "sfR": 0.11369548401129392, "sft": 0.0, "oneh-out": 0.004857039784225116, "roll-in": 0.22933507025956248, "sfb": 0.02932934027402194, "dsfb-red": 0.013872119585967617, "dsfb-alt": 0.05220221469788067, "unknown": 0.00015377410175167997, "redirect": 0.0280254762173442, "sfT": 0.0001607904105768517, "bad-redirect": 0.005190314453420772, "roll-out": 0.15644468429826094, "oneh-in": 0.0047243146089489515}, "shai": {"dsfb": 0.0, "alternate": 0.3315512977790356, "sfR": 0.09823378925716947, "sft": 0.0, "oneh-out": 0.013227594280836244, "roll-in": 0.26065602500346013, "sfb": 0.016446508782886476, "dsfb-red": 0.01002248165658451, "dsfb-alt": 0.047233145375960676, "unknown": 0.023260762136131256, "redirect": 0.025845018613570026, "sfT": 4.6166236225602106e-05, "bad-redirect": 0.006369020876365828, "roll-out": 0.16334852133353853, "oneh-in": 0.003759668668235679}, "tr-quotes": {"dsfb": 0.0, "alternate": 0.3338780888097825, "sfR": 0.09677191928064538, "sft": 0.0, "oneh-out": 0.023420632902614365, "roll-in": 0.2592901227433485, "sfb": 0.014670257275606204, "dsfb-red": 0.0095166547236541, "dsfb-alt": 0.04670141698065232, "unknown": 0.013835787429786644, "redirect": 0.025902082707288318, "sfT": 2.542705901389242e-05, "bad-redirect": 0.005673701486327177, "roll-out": 0.1667148239754051, "oneh-in": 0.0035990846258755}, "gutenberg": {"dsfb": 0.0, "alternate": 0.30833393005918386, "sfR": 0.09863878308844841, "sft": 0.0, "oneh-out": 0.014343016204800859, "roll-in": 0.27026509403831095, "sfb": 0.0162345424325122, "dsfb-red": 0.0073327188004257025, "dsfb-alt": 0.0504699358150309, "unknown": 0.032975828246008664, "redirect": 0.021486677100844395, "sfT": 0.00017466070925887408, "bad-redirect": 0.005832190082378477, "roll-out": 0.169995260291816, "oneh-in": 0.003917363130980756}, "english-200": {"dsfb": 0.0, "alternate": 0.32293986636971045, "sfR": 0.10690423162583519, "sft": 0.0, "oneh-out": 0.017817371937639197, "roll-in": 0.2962138084632517, "sfb": 0.004454342984409799, "dsfb-red": 0.0022271714922048997, "dsfb-alt": 0.0556792873051225, "unknown": 0.0, "redirect": 0.028953229398663696, "sfT": 0.0, "bad-redirect": 0.004454342984409799, "roll-out": 0.155902004454343, "oneh-in": 0.004454342984409799}, "monkeyracer": {"dsfb": 0.0, "alternate": 0.33367514115457403, "sfR": 0.09690789370786869, "sft": 0.0, "oneh-out": 0.023991389961993837, "roll-in": 0.2586579367189577, "sfb": 0.014566096313558659, "dsfb-red": 0.009415518400925912, "dsfb-alt": 0.046802907549619154, "unknown": 0.013436077701487402, "redirect": 0.02592395639457591, "sfT": 2.6393168275020725e-05, "bad-redirect": 0.005688216525642429, "roll-out": 0.16727599042807764, "oneh-in": 0.003632481974443593}, "chained-bigrams": {"dsfb": 0.0, "alternate": 0.3379572484804647, "sfR": 0.11914286586209158, "sft": 0.0, "oneh-out": 0.006291113161471039, "roll-in": 0.2266099347513715, "sfb": 0.01851037816154571, "dsfb-red": 0.015714472157490153, "dsfb-alt": 0.05588890136996797, "unknown": 0.022916559801936097, "redirect": 0.028761600639954706, "sfT": 6.298255513083814e-05, "bad-redirect": 0.004928871917507138, "roll-out": 0.15029520637824986, "oneh-in": 0.012919864762818735}, "english-5k": {"dsfb": 0.0, "alternate": 0.355166549135106, "sfR": 0.10644211224955408, "sft": 0.0, "oneh-out": 0.00543410627618534, "roll-in": 0.25946820425602524, "sfb": 0.01796158792052101, "dsfb-red": 0.013149707553822542, "dsfb-alt": 0.0476210229393952, "unknown": 0.002157049819554486, "redirect": 0.026755714107935456, "sfT": 0.0, "bad-redirect": 0.006097813912971336, "roll-out": 0.155639440826316, "oneh-in": 0.004106691002613349}, "mt-quotes": {"dsfb": 0.0, "alternate": 0.3358105927493097, "sfR": 0.0964592223377679, "sft": 0.0, "oneh-out": 0.02568849284612902, "roll-in": 0.26124329137830055, "sfb": 0.013786292298681583, "dsfb-red": 0.00917093986445297, "dsfb-alt": 0.04717251766055868, "unknown": 0.007977133909467972, "redirect": 0.02582894060553902, "sfT": 1.3447125900957435e-05, "bad-redirect": 0.005744911009909037, "roll-out": 0.16752877684942805, "oneh-in": 0.0035754413645545714}, "wordle": {"dsfb": 0.0, "alternate": 0.3230337708964434, "sfR": 0.13138112868843263, "sft": 0.0, "oneh-out": 0.00841467519353753, "roll-in": 0.19800291708740042, "sfb": 0.03711432738696286, "dsfb-red": 0.01611129810389319, "dsfb-alt": 0.06300908784920901, "unknown": 0.0, "redirect": 0.029148434870414002, "sfT": 0.0001795130707954673, "bad-redirect": 0.005407831257713452, "roll-out": 0.18597554134410413, "oneh-in": 0.0022214742510939076}, "english-1k": {"dsfb": 0.0, "alternate": 0.31227946365561043, "sfR": 0.10832745236414962, "sft": 0.0, "oneh-out": 0.009527170077628794, "roll-in": 0.27805222300635146, "sfb": 0.016584333098094567, "dsfb-red": 0.012702893436838392, "dsfb-alt": 0.0497529992942837, "unknown": 0.0, "redirect": 0.02858151023288638, "sfT": 0.0, "bad-redirect": 0.004940014114326041, "roll-out": 0.17537050105857446, "oneh-in": 0.0038814396612561752}, "english-10k": {"dsfb": 0.0, "alternate": 0.35665077864186334, "sfR": 0.10567144593890508, "sft": 0.0, "oneh-out": 0.005422512108990564, "roll-in": 0.2501495532699099, "sfb": 0.019683140039752224, "dsfb-red": 0.011848478416086142, "dsfb-alt": 0.04803072113621891, "unknown": 0.0, "redirect": 0.026533644661430694, "sfT": 7.718878446961657e-05, "bad-redirect": 0.008548657880010035, "roll-out": 0.16367881746782192, "oneh-in": 0.003705061654541595}, "reddit": {"dsfb": 0.0, "alternate": 0.3242169480935769, "sfR": 0.10397777127267367, "sft": 0.0, "oneh-out": 0.018106876113538662, "roll-in": 0.24849963394742888, "sfb": 0.015220595134619134, "dsfb-red": 0.009424884495384029, "dsfb-alt": 0.04933058920323775, "unknown": 0.039285409944231534, "redirect": 0.025463212418930452, "sfT": 9.607826501756659e-05, "bad-redirect": 0.005057724683143059, "roll-out": 0.1573317736066451, "oneh-in": 0.003988502821573298}, "akl": {"dsfb": 0.0, "alternate": 0.275258476727403, "sfR": 0.13064861186637447, "sft": 0.0, "oneh-out": 0.0155479010854865, "roll-in": 0.20910132693907177, "sfb": 0.022435145200277725, "dsfb-red": 0.010436861785648555, "dsfb-alt": 0.04485304449421599, "unknown": 0.13277008071454782, "redirect": 0.02075915441987007, "sfT": 0.0002263710514070572, "bad-redirect": 0.004680410500997779, "roll-out": 0.1287191705025425, "oneh-in": 0.004563444712156805}, "french": {"dsfb": 0.0, "alternate": 0.2473669906024771, "sfR": 0.10898279115633469, "sft": 0.0, "oneh-out": 0.013554683402818351, "roll-in": 0.1575290412074415, "sfb": 0.040013478860318974, "dsfb-red": 0.012926225248074148, "dsfb-alt": 0.03921430265767475, "unknown": 0.15807953387545715, "redirect": 0.01798649096625861, "sfT": 6.039179035410219e-05, "bad-redirect": 0.00823664017413211, "roll-out": 0.19560331585836727, "oneh-in": 0.0004461142002912679}, "keymash": {"dsfb": 0.0, "alternate": 0.33119743199254553, "sfR": 0.099723742164827, "sft": 0.0, "oneh-out": 0.0226958331451934, "roll-in": 0.2586971959624486, "sfb": 0.015339903863915308, "dsfb-red": 0.009662866924178923, "dsfb-alt": 0.046036131076748775, "unknown": 0.01232282349464109, "redirect": 0.02619728832205178, "sfT": 3.283897000570577e-05, "bad-redirect": 0.005833022047263488, "roll-out": 0.16863632072180057, "oneh-in": 0.0036246013143797747}, "movie": {"dsfb": 0.0, "alternate": 0.32258657130911816, "sfR": 0.11567713207251198, "sft": 0.0, "oneh-out": 0.03493475181766224, "roll-in": 0.2341282149845458, "sfb": 0.014388512877309098, "dsfb-red": 0.008994975462925006, "dsfb-alt": 0.0477332996091939, "unknown": 0.030236445784519856, "redirect": 0.024391790979468236, "sfT": 2.631956771689199e-05, "bad-redirect": 0.0036721060878607704, "roll-out": 0.16076978945267012, "oneh-in": 0.0024600899944978946}, "dutch": {"dsfb": 0.0, "alternate": 0.26585794959431397, "sfR": 0.18880787437283908, "sft": 0.0, "oneh-out": 0.002783146157956168, "roll-in": 0.18554776908823598, "sfb": 0.031113693464250605, "dsfb-red": 0.00788976463286394, "dsfb-alt": 0.048063171192213844,