{"english-450k": {"oneh-in": 0.002938664012942751, "unknown": 0.00015377410175167997, "sfR": 0.11369548401129392, "oneh-out": 0.0008159382471272601, "roll-in": 0.23895589138987816, "sfT": 2.3095349882856877e-05, "dsfb-red": 0.007073023988175181, "roll-out": 0.13550363357093284, "dsfb-alt": 0.073845188653927, "alternate": 0.3717541532163052, "sft": 0.0, "dsfb": 0.0, "bad-redirect": 0.004310060042062772, "sfb": 0.03234898418465522, "redirect": 0.018582109231065173}, "shai": {"oneh-in": 0.0029124245696028, "unknown": 0.024458409825512683, "sfR": 0.09823378925716947, "oneh-out": 0.0010908979441317326, "roll-in": 0.2867594901649816, "sfT": 7.118068833207983e-05, "dsfb-red": 0.010993691078831557, "roll-out": 0.13205902961729707, "dsfb-alt": 0.06679897530152806, "alternate": 0.33053562897084593, "sft": 0.0, "dsfb": 0.0, "bad-redirect": 0.004713550270262906, "sfb": 0.02322885448594314, "redirect": 0.018144077825560986}, "tr-quotes": {"oneh-in": 0.0035216476734241, "unknown": 0.01482859850673817, "sfR": 0.09677191928064538, "oneh-out": 0.0023057719423961536, "roll-in": 0.3012805991539724, "sfT": 2.4271283604170037e-05, "dsfb-red": 0.019423961535794364, "roll-out": 0.13295346848200457, "dsfb-alt": 0.06307759876100875, "alternate": 0.3224786759436906, "sft": 0.0, "dsfb": 0.0, "bad-redirect": 0.006564804327223134, "sfb": 0.01868426527357204, "redirect": 0.018084417835926122}, "gutenberg": {"oneh-in": 0.003964722325465266, "unknown": 0.03803056979172942, "sfR": 0.09863878308844841, "oneh-out": 0.0005107215533209594, "roll-in": 0.32188756321031686, "sfT": 2.026973523937042e-05, "dsfb-red": 0.010515067233006858, "roll-out": 0.12595916576589478, "dsfb-alt": 0.05887543508891973, "alternate": 0.2947712039427098, "sft": 0.0, "dsfb": 0.0, "bad-redirect": 0.006250087614509796, "sfb": 0.020414464937715083, "redirect": 0.020161945712723672}, "english-200": {"oneh-in": 0.004454342984409799, "unknown": 0.0, "sfR": 0.10690423162583519, "oneh-out": 0.0, "roll-in": 0.28507795100222716, "sfT": 0.0, "dsfb-red": 0.0022271714922048997, "roll-out": 0.16258351893095768, "dsfb-alt": 0.060133630289532294, "alternate": 0.34521158129175944, "sft": 0.0, "dsfb": 0.0, "bad-redirect": 0.004454342984409799, "sfb": 0.011135857461024499, "redirect": 0.017817371937639197}, "monkeyracer": {"oneh-in": 0.003501493657819416, "unknown": 0.014407737303908536, "sfR": 0.09690789370786869, "oneh-out": 0.0023108685111907033, "roll-in": 0.3015761609083942, "sfT": 2.6393168275020725e-05, "dsfb-red": 0.01978998858251091, "roll-out": 0.13314180365046843, "dsfb-alt": 0.06279716752428172, "alternate": 0.3221853152321817, "sft": 0.0, "dsfb": 0.0, "bad-redirect": 0.006512269890673632, "sfb": 0.018667790168447065, "redirect": 0.01817511769398001}, "chained-bigrams": {"oneh-in": 0.007230657050897047, "unknown": 0.023895061972886336, "sfR": 0.11914286586209158, "oneh-out": 0.003084846592026928, "roll-in": 0.27699468024665785, "sfT": 9.479848504229246e-05, "dsfb-red": 0.01002136861741604, "roll-out": 0.10718851717638167, "dsfb-alt": 0.070248274635107, "alternate": 0.33749948867255497, "sft": 0.0, "dsfb": 0.0, "bad-redirect": 0.0028413573325004916, "sfb": 0.023501583329491614, "redirect": 0.018256500026946145}, "english-5k": {"oneh-in": 0.0019911229103579875, "unknown": 0.002157049819554486, "sfR": 0.10644211224955408, "oneh-out": 0.00024889036379474843, "roll-in": 0.2579748620732567, "sfT": 0.0, "dsfb-red": 0.007383747459244203, "roll-out": 0.13257560044800265, "dsfb-alt": 0.07524785332061228, "alternate": 0.36914589123491104, "sft": 0.0, "dsfb": 0.0, "bad-redirect": 0.0030281660928361057, "sfb": 0.02708756792632845, "redirect": 0.016717136101547268}, "mt-quotes": {"oneh-in": 0.0034708526075471246, "unknown": 0.008887056095432758, "sfR": 0.0964592223377679, "oneh-out": 0.002474271165776168, "roll-in": 0.30731912121538113, "sfT": 2.2411876501595726e-05, "dsfb-red": 0.020856492272384983, "roll-out": 0.13393636222373628, "dsfb-alt": 0.06179103763999952, "alternate": 0.3217628285581095, "sft": 0.0, "dsfb": 0.0, "bad-redirect": 0.006772869078782228, "sfb": 0.017836865445069985, "redirect": 0.018410609483510837}, "wordle": {"oneh-in": 0.003365870077415012, "unknown": 0.0, "sfR": 0.13138112868843263, "oneh-out": 0.004824413777628184, "roll-in": 0.20787613598115112, "sfT": 8.975653539773365e-05, "dsfb-red": 0.007808818579602827, "roll-out": 0.16557836867496914, "dsfb-alt": 0.0681700886345787, "alternate": 0.3431841130932346, "sft": 0.0, "dsfb": 0.0, "bad-redirect": 0.0050039268484236505, "sfb": 0.03437675305733199, "redirect": 0.0283406260518344}, "english-1k": {"oneh-in": 0.0028228652081863093, "unknown": 0.0, "sfR": 0.10832745236414962, "oneh-out": 0.0, "roll-in": 0.273817925194072, "sfT": 0.0, "dsfb-red": 0.006351446718419196, "roll-out": 0.14184897671136204, "dsfb-alt": 0.07268877911079746, "alternate": 0.3521524347212421, "sft": 0.0, "dsfb": 0.0, "bad-redirect": 0.0024700070571630206, "sfb": 0.02328863796753705, "redirect": 0.016231474947071278}, "english-10k": {"oneh-in": 0.002006908396210031, "unknown": 0.0, "sfR": 0.10567144593890508, "oneh-out": 0.0006368074718743367, "roll-in": 0.25964377375967274, "sfT": 1.929719611740414e-05, "dsfb-red": 0.0060593195808649, "roll-out": 0.13716447000250864, "dsfb-alt": 0.07417842187530152, "alternate": 0.3620539935547365, "sft": 0.0, "dsfb": 0.0, "bad-redirect": 0.0024893382991451342, "sfb": 0.029717682020802376, "redirect": 0.02035854190386137}, "reddit": {"oneh-in": 0.0031944056604144627, "unknown": 0.047116631334961606, "sfR": 0.10397777127267367, "oneh-out": 0.0016640081267603813, "roll-in": 0.27878039411566513, "sfT": 0.00019665141962659828, "dsfb-red": 0.014498978068122673, "roll-out": 0.1310259941337945, "dsfb-alt": 0.06136052441876864, "alternate": 0.3103571433253605, "sft": 0.0, "dsfb": 0.0, "bad-redirect": 0.007261681422078186, "sfb": 0.023299110367706315, "redirect": 0.01726670633406731}, "akl": {"oneh-in": 0.003458248957901285, "unknown": 0.13935922760872932, "sfR": 0.13064861186637447, "oneh-out": 0.001492067389589694, "roll-in": 0.2309663936336613, "sfT": 0.00020549312754338512, "dsfb-red": 0.01595629304234169, "roll-out": 0.1144793145854189, "dsfb-alt": 0.05628290481250475, "alternate": 0.2574619367651913, "sft": 0.0, "dsfb": 0.0, "bad-redirect": 0.007779188554410822, "sfb": 0.024181157325335843, "redirect": 0.017729162330997222}, "french": {"oneh-in": 0.002427132720495243, "unknown": 0.15844154003529992, "sfR": 0.10898279115633469, "oneh-out": 0.00483432461415811, "roll-in": 0.196959471865029, "sfT": 5.003934006020871e-05, "dsfb-red": 0.009457764871822956, "roll-out": 0.1649060085157069, "dsfb-alt": 0.04899612469282175, "alternate": 0.25740395334457783, "sft": 0.0, "dsfb": 0.0, "bad-redirect": 0.0015616019558370464, "sfb": 0.02330454917678319, "redirect": 0.02267469771107324}, "keymash": {"oneh-in": 0.003599972086875495, "unknown": 0.013262839011054418, "sfR": 0.099723742164827, "oneh-out": 0.0022207353466358526, "roll-in": 0.30095684548854124, "sfT": 2.052435625356611e-05, "dsfb-red": 0.018968610049545795, "roll-out": 0.13289931161309126, "dsfb-alt": 0.06404009638237697, "alternate": 0.32033594266315835, "sft": 0.0, "dsfb": 0.0, "bad-redirect": 0.006021846124796296, "sfb": 0.019342153333360698, "redirect": 0.01860738137948303}, "movie": {"oneh-in": 0.0045778940108376085, "unknown": 0.03049740429843284, "sfR": 0.11567713207251198, "oneh-out": 0.0037559339110390714, "roll-in": 0.2736774450121721, "sfT": 4.184811266985826e-05, "dsfb-red": 0.03355863321958455, "roll-out": 0.127055212794363, "dsfb-alt": 0.06277085302640155, "alternate": 0.30757244230717856, "sft": 0.0, "dsfb": 0.0, "bad-redirect": 0.006262872736073033, "sfb": 0.018199586282715056, "redirect": 0.016352742216020746}, "dutch": {"oneh-in": 0.0030865710579982657, "unknown": 0.0737150192169701, "sfR": 0.18880787437283908, "oneh-out": 0.0020315948483967485, "roll-in": 0.2303394130799191, "sfT": 0.0002021159126152067, "dsfb-red": 0.0056179150725144626, "roll-out": 0.1099280871152576,