{"english-450k": {"oneh-in": 0.002811201069285465, "dsfb-red": 0.0066543842282732685, "bad-redirect": 0.0023098273344867365, "sfT": 2.2218311279710412e-05, "roll-out": 0.13269652534846205, "dsfb": 0.0, "roll-in": 0.2355711070741349, "redirect": 0.01723146978221962, "dsfb-alt": 0.07463130758854727, "sft": 0.0, "alternate": 0.38114519023259646, "unknown": 0.00015377410175167997, "sfb": 0.032334366874602775, "oneh-out": 0.0007431440430661036, "sfR": 0.11369548401129392}, "shai": {"oneh-in": 0.0028392390095097492, "dsfb-red": 0.011051778174176448, "bad-redirect": 0.00422232185514577, "sfT": 8.060126336336048e-05, "roll-out": 0.13083378591313627, "dsfb": 0.0, "roll-in": 0.28740550783943564, "redirect": 0.018945368560452536, "dsfb-alt": 0.06704210664183825, "sft": 0.0, "alternate": 0.32894767377593676, "unknown": 0.024458409825512683, "sfb": 0.02510894426704211, "oneh-out": 0.0008304736172809728, "sfR": 0.09823378925716947}, "tr-quotes": {"oneh-in": 0.003418783661958808, "dsfb-red": 0.019381197845634635, "bad-redirect": 0.006149880955132798, "sfT": 2.8894385243059568e-05, "roll-out": 0.13115508194447656, "dsfb": 0.0, "roll-in": 0.3080129909156053, "redirect": 0.02110099165530154, "dsfb-alt": 0.06319548785280045, "sft": 0.0, "alternate": 0.31198770254964053, "unknown": 0.01482859850673817, "sfb": 0.02295369963708652, "oneh-out": 0.0010147708097362521, "sfR": 0.09677191928064538}, "gutenberg": {"oneh-in": 0.0038334426383542035, "dsfb-red": 0.010323925524067374, "bad-redirect": 0.006116155812507601, "sfT": 2.159579268493671e-05, "roll-out": 0.1255543393714412, "dsfb": 0.0, "roll-in": 0.3223119015928981, "redirect": 0.020706387012517605, "dsfb-alt": 0.058932644995857014, "sft": 0.0, "alternate": 0.2927972727165954, "unknown": 0.03803056979172942, "sfb": 0.022253896051493464, "oneh-out": 0.00047908561140530645, "sfR": 0.09863878308844841}, "english-200": {"oneh-in": 0.004454342984409799, "dsfb-red": 0.0022271714922048997, "bad-redirect": 0.004454342984409799, "sfT": 0.0, "roll-out": 0.16258351893095768, "dsfb": 0.0, "roll-in": 0.28507795100222716, "redirect": 0.017817371937639197, "dsfb-alt": 0.060133630289532294, "sft": 0.0, "alternate": 0.34521158129175944, "unknown": 0.0, "sfb": 0.011135857461024499, "oneh-out": 0.0, "sfR": 0.10690423162583519}, "monkeyracer": {"oneh-in": 0.0033910333609646994, "dsfb-red": 0.019772393136994228, "bad-redirect": 0.006091934247775154, "sfT": 3.323584153150758e-05, "roll-out": 0.13135195583152165, "dsfb": 0.0, "roll-in": 0.30829371099676245, "redirect": 0.02120251184759998, "dsfb-alt": 0.06290665029638551, "sft": 0.0, "alternate": 0.31176294633780127, "unknown": 0.014407737303908536, "sfb": 0.02286723649842814, "oneh-out": 0.001010760592458201, "sfR": 0.09690789370786869}, "chained-bigrams": {"oneh-in": 0.0071728689333027725, "dsfb-red": 0.009909038905687844, "bad-redirect": 0.002619295127812382, "sfT": 0.00011168040703612536, "roll-out": 0.10597756392567019, "dsfb": 0.0, "roll-in": 0.27742257203873233, "redirect": 0.01820001051873601, "dsfb-alt": 0.07020152469727792, "sft": 0.0, "alternate": 0.33610283427991133, "unknown": 0.023895061972886336, "sfb": 0.026194249887507962, "oneh-out": 0.003050433443347192, "sfR": 0.11914286586209158}, "english-5k": {"oneh-in": 0.0019911229103579875, "dsfb-red": 0.007342265731945078, "bad-redirect": 0.002074086364956237, "sfT": 0.0, "roll-out": 0.13083336790143943, "dsfb": 0.0, "roll-in": 0.2572281909818725, "redirect": 0.016053428464761273, "dsfb-alt": 0.07537229850250965, "sft": 0.0, "alternate": 0.37321110051022527, "unknown": 0.002157049819554486, "sfb": 0.02708756792632845, "oneh-out": 0.00020740863649562367, "sfR": 0.10644211224955408}, "mt-quotes": {"oneh-in": 0.0033722403509401037, "dsfb-red": 0.02091028077598881, "bad-redirect": 0.006364972926453186, "sfT": 2.9882502002127634e-05, "roll-out": 0.13236304849332425, "dsfb": 0.0, "roll-in": 0.3145760868265978, "redirect": 0.021739520206547853, "dsfb-alt": 0.06186126151970452, "sft": 0.0, "alternate": 0.31040299542200067, "unknown": 0.008887056095432758, "sfb": 0.022018921600267746, "oneh-out": 0.0010145109429722332, "sfR": 0.0964592223377679}, "wordle": {"oneh-in": 0.003231235274318411, "dsfb-red": 0.0067093010209805905, "bad-redirect": 0.004016604959048581, "sfT": 8.975653539773365e-05, "roll-out": 0.16486031639178728, "dsfb": 0.0, "roll-in": 0.20300684393582408, "redirect": 0.025468416919106923, "dsfb-alt": 0.0701896106810277, "sft": 0.0, "alternate": 0.3523617188376529, "unknown": 0.0, "sfb": 0.034197239986536516, "oneh-out": 0.0044878267698866825, "sfR": 0.13138112868843263}, "english-1k": {"oneh-in": 0.0028228652081863093, "dsfb-red": 0.006351446718419196, "bad-redirect": 0.002117148906139732, "sfT": 0.0, "roll-out": 0.14149611856033875, "dsfb": 0.0, "roll-in": 0.273817925194072, "redirect": 0.016231474947071278, "dsfb-alt": 0.07304163726182075, "sft": 0.0, "alternate": 0.35250529287226534, "unknown": 0.0, "sfb": 0.02328863796753705, "oneh-out": 0.0, "sfR": 0.10832745236414962}, "english-10k": {"oneh-in": 0.0019876112000926267, "dsfb-red": 0.005904942011925667, "bad-redirect": 0.0016595588660967562, "sfT": 1.929719611740414e-05, "roll-out": 0.13567858590146853, "dsfb": 0.0, "roll-in": 0.25800351208969335, "redirect": 0.019741031628104436, "dsfb-alt": 0.07446787981706258, "sft": 0.0, "alternate": 0.36651164585785684, "unknown": 0.0, "sfb": 0.029717682020802376, "oneh-out": 0.0006368074718743367, "sfR": 0.10567144593890508}, "reddit": {"oneh-in": 0.003131439748720689, "dsfb-red": 0.01512710143111666, "bad-redirect": 0.006904262784730186, "sfT": 0.0002036559559066314, "roll-out": 0.13081443466368955, "dsfb": 0.0, "roll-in": 0.2820589291262665, "redirect": 0.020532992770531954, "dsfb-alt": 0.06146476839987736, "sft": 0.0, "alternate": 0.30064522267214816, "unknown": 0.047116631334961606, "sfb": 0.026848462476193474, "oneh-out": 0.0011743273631835206, "sfR": 0.10397777127267367}, "akl": {"oneh-in": 0.0034350732270324986, "dsfb-red": 0.016496351811350143, "bad-redirect": 0.007185860195047247, "sfT": 0.00021167002809476738, "roll-out": 0.11457604484805356, "dsfb": 0.0, "roll-in": 0.23347302929261665, "redirect": 0.02029687518260462, "dsfb-alt": 0.056360807882258786, "sft": 0.0, "alternate": 0.2490291580096376, "unknown": 0.13935922760872932, "sfb": 0.02776739166266177, "oneh-out": 0.0011598983855385613, "sfR": 0.13064861186637447}, "french": {"oneh-in": 0.0022599503864437855, "dsfb-red": 0.008306305722419525, "bad-redirect": 0.001047949628302838, "sfT": 5.003934006020871e-05, "roll-out": 0.17797003671284503, "dsfb": 0.0, "roll-in": 0.17595144374208088, "redirect": 0.021279304269795463, "dsfb-alt": 0.05156458109439123, "sft": 0.0, "alternate": 0.2671258180626826, "unknown": 0.15844154003529992, "sfb": 0.023429707454287078, "oneh-out": 0.0035905323950567542, "sfR": 0.10898279115633469}, "keymash": {"oneh-in": 0.003472721078103385, "dsfb-red": 0.01897271492079651, "bad-redirect": 0.00563188335597854, "sfT": 2.052435625356611e-05, "roll-out": 0.13174994766289155, "dsfb": 0.0, "roll-in": 0.3067077701107905, "redirect": 0.02116471616867737, "dsfb-alt": 0.06413450842114338, "sft": 0.0, "alternate": 0.31135448436659785, "unknown": 0.013262839011054418, "sfb": 0.022864132866472642, "oneh-out": 0.0009400155164133277, "sfR": 0.099723742164827}, "movie": {"oneh-in": 0.0044098435709652535, "dsfb-red": 0.03284221458633075, "bad-redirect": 0.0060898215783344685, "sfT": 5.724505978424008e-05, "roll-out": 0.1254173460953408, "dsfb": 0.0, "roll-in": 0.2882574327446216, "redirect": 0.02366629209535211, "dsfb-alt": 0.06272321460883398, "sft": 0.0, "alternate": 0.28164279898601235, "unknown": 0.03049740429843284, "sfb": 0.02698584757364511, "oneh-out": 0.0017334067298345065, "sfR": 0.11567713207251198}, "dutch": {"oneh-in": 0.002116819913394981, "dsfb-red": 0.0048433406231574985, "bad-redirect": 0.0035377457025355112, "sfT": 0.00020686757308744142, "roll-out": 0.11266276633639698, "dsfb": 0.0, "roll-in": 0.21966354370805025, "redirect": 0.017079619432519767,