{"english-450k": {"sfR": 0.11369548401129392, "sfT": 2.3095349882856877e-05, "roll-out": 0.13550363357093284, "sft": 0.0, "bad-redirect": 0.004310060042062772, "oneh-out": 0.0008159382471272601, "roll-in": 0.23895589138987816, "oneh-in": 0.002938664012942751, "dsfb-alt": 0.073845188653927, "dsfb": 0.0, "redirect": 0.018582109231065173, "dsfb-red": 0.007073023988175181, "alternate": 0.3717541532163052, "unknown": 0.00015377410175167997, "sfb": 0.03234898418465522}, "shai": {"sfR": 0.09823378925716947, "sfT": 7.118068833207983e-05, "roll-out": 0.13205902961729707, "sft": 0.0, "bad-redirect": 0.004713550270262906, "oneh-out": 0.0010908979441317326, "roll-in": 0.2867594901649816, "oneh-in": 0.0029124245696028, "dsfb-alt": 0.06679897530152806, "dsfb": 0.0, "redirect": 0.018144077825560986, "dsfb-red": 0.010993691078831557, "alternate": 0.33053562897084593, "unknown": 0.024458409825512683, "sfb": 0.02322885448594314}, "tr-quotes": {"sfR": 0.09677191928064538, "sfT": 2.4271283604170037e-05, "roll-out": 0.13295346848200457, "sft": 0.0, "bad-redirect": 0.006564804327223134, "oneh-out": 0.0023057719423961536, "roll-in": 0.3012805991539724, "oneh-in": 0.0035216476734241, "dsfb-alt": 0.06307759876100875, "dsfb": 0.0, "redirect": 0.018084417835926122, "dsfb-red": 0.019423961535794364, "alternate": 0.3224786759436906, "unknown": 0.01482859850673817, "sfb": 0.01868426527357204}, "gutenberg": {"sfR": 0.09863878308844841, "sfT": 2.026973523937042e-05, "roll-out": 0.12595916576589478, "sft": 0.0, "bad-redirect": 0.006250087614509796, "oneh-out": 0.0005107215533209594, "roll-in": 0.32188756321031686, "oneh-in": 0.003964722325465266, "dsfb-alt": 0.05887543508891973, "dsfb": 0.0, "redirect": 0.020161945712723672, "dsfb-red": 0.010515067233006858, "alternate": 0.2947712039427098, "unknown": 0.03803056979172942, "sfb": 0.020414464937715083}, "english-200": {"sfR": 0.10690423162583519, "sfT": 0.0, "roll-out": 0.16258351893095768, "sft": 0.0, "bad-redirect": 0.004454342984409799, "oneh-out": 0.0, "roll-in": 0.28507795100222716, "oneh-in": 0.004454342984409799, "dsfb-alt": 0.060133630289532294, "dsfb": 0.0, "redirect": 0.017817371937639197, "dsfb-red": 0.0022271714922048997, "alternate": 0.34521158129175944, "unknown": 0.0, "sfb": 0.011135857461024499}, "monkeyracer": {"sfR": 0.09690789370786869, "sfT": 2.6393168275020725e-05, "roll-out": 0.13314180365046843, "sft": 0.0, "bad-redirect": 0.006512269890673632, "oneh-out": 0.0023108685111907033, "roll-in": 0.3015761609083942, "oneh-in": 0.003501493657819416, "dsfb-alt": 0.06279716752428172, "dsfb": 0.0, "redirect": 0.01817511769398001, "dsfb-red": 0.01978998858251091, "alternate": 0.3221853152321817, "unknown": 0.014407737303908536, "sfb": 0.018667790168447065}, "chained-bigrams": {"sfR": 0.11914286586209158, "sfT": 9.479848504229246e-05, "roll-out": 0.10718851717638167, "sft": 0.0, "bad-redirect": 0.0028413573325004916, "oneh-out": 0.003084846592026928, "roll-in": 0.27699468024665785, "oneh-in": 0.007230657050897047, "dsfb-alt": 0.070248274635107, "dsfb": 0.0, "redirect": 0.018256500026946145, "dsfb-red": 0.01002136861741604, "alternate": 0.33749948867255497, "unknown": 0.023895061972886336, "sfb": 0.023501583329491614}, "english-5k": {"sfR": 0.10644211224955408, "sfT": 0.0, "roll-out": 0.13257560044800265, "sft": 0.0, "bad-redirect": 0.0030281660928361057, "oneh-out": 0.00024889036379474843, "roll-in": 0.2579748620732567, "oneh-in": 0.0019911229103579875, "dsfb-alt": 0.07524785332061228, "dsfb": 0.0, "redirect": 0.016717136101547268, "dsfb-red": 0.007383747459244203, "alternate": 0.36914589123491104, "unknown": 0.002157049819554486, "sfb": 0.02708756792632845}, "mt-quotes": {"sfR": 0.0964592223377679, "sfT": 2.2411876501595726e-05, "roll-out": 0.13393636222373628, "sft": 0.0, "bad-redirect": 0.006772869078782228, "oneh-out": 0.002474271165776168, "roll-in": 0.30731912121538113, "oneh-in": 0.0034708526075471246, "dsfb-alt": 0.06179103763999952, "dsfb": 0.0, "redirect": 0.018410609483510837, "dsfb-red": 0.020856492272384983, "alternate": 0.3217628285581095, "unknown": 0.008887056095432758, "sfb": 0.017836865445069985}, "wordle": {"sfR": 0.13138112868843263, "sfT": 8.975653539773365e-05, "roll-out": 0.16557836867496914, "sft": 0.0, "bad-redirect": 0.0050039268484236505, "oneh-out": 0.004824413777628184, "roll-in": 0.20787613598115112, "oneh-in": 0.003365870077415012, "dsfb-alt": 0.0681700886345787, "dsfb": 0.0, "redirect": 0.0283406260518344, "dsfb-red": 0.007808818579602827, "alternate": 0.3431841130932346, "unknown": 0.0, "sfb": 0.03437675305733199}, "english-1k": {"sfR": 0.10832745236414962, "sfT": 0.0, "roll-out": 0.14184897671136204, "sft": 0.0, "bad-redirect": 0.0024700070571630206, "oneh-out": 0.0, "roll-in": 0.273817925194072, "oneh-in": 0.0028228652081863093, "dsfb-alt": 0.07268877911079746, "dsfb": 0.0, "redirect": 0.016231474947071278, "dsfb-red": 0.006351446718419196, "alternate": 0.3521524347212421, "unknown": 0.0, "sfb": 0.02328863796753705}, "english-10k": {"sfR": 0.10567144593890508, "sfT": 1.929719611740414e-05, "roll-out": 0.13716447000250864, "sft": 0.0, "bad-redirect": 0.0024893382991451342, "oneh-out": 0.0006368074718743367, "roll-in": 0.25964377375967274, "oneh-in": 0.002006908396210031, "dsfb-alt": 0.07417842187530152, "dsfb": 0.0, "redirect": 0.02035854190386137, "dsfb-red": 0.0060593195808649, "alternate": 0.3620539935547365, "unknown": 0.0, "sfb": 0.029717682020802376}, "reddit": {"sfR": 0.10397777127267367, "sfT": 0.00019665141962659828, "roll-out": 0.1310259941337945, "sft": 0.0, "bad-redirect": 0.007261681422078186, "oneh-out": 0.0016640081267603813, "roll-in": 0.27878039411566513, "oneh-in": 0.0031944056604144627, "dsfb-alt": 0.06136052441876864, "dsfb": 0.0, "redirect": 0.01726670633406731, "dsfb-red": 0.014498978068122673, "alternate": 0.3103571433253605, "unknown": 0.047116631334961606, "sfb": 0.023299110367706315}, "akl": {"sfR": 0.13064861186637447, "sfT": 0.00020549312754338512, "roll-out": 0.1144793145854189, "sft": 0.0, "bad-redirect": 0.007779188554410822, "oneh-out": 0.001492067389589694, "roll-in": 0.2309663936336613, "oneh-in": 0.003458248957901285, "dsfb-alt": 0.05628290481250475, "dsfb": 0.0, "redirect": 0.017729162330997222, "dsfb-red": 0.01595629304234169, "alternate": 0.2574619367651913, "unknown": 0.13935922760872932, "sfb": 0.024181157325335843}, "french": {"sfR": 0.10898279115633469, "sfT": 5.003934006020871e-05, "roll-out": 0.1649060085157069, "sft": 0.0, "bad-redirect": 0.0015616019558370464, "oneh-out": 0.00483432461415811, "roll-in": 0.196959471865029, "oneh-in": 0.002427132720495243, "dsfb-alt": 0.04899612469282175, "dsfb": 0.0, "redirect": 0.02267469771107324, "dsfb-red": 0.009457764871822956, "alternate": 0.25740395334457783, "unknown": 0.15844154003529992, "sfb": 0.02330454917678319}, "keymash": {"sfR": 0.099723742164827, "sfT": 2.052435625356611e-05, "roll-out": 0.13289931161309126, "sft": 0.0, "bad-redirect": 0.006021846124796296, "oneh-out": 0.0022207353466358526, "roll-in": 0.30095684548854124, "oneh-in": 0.003599972086875495, "dsfb-alt": 0.06404009638237697, "dsfb": 0.0, "redirect": 0.01860738137948303, "dsfb-red": 0.018968610049545795, "alternate": 0.32033594266315835, "unknown": 0.013262839011054418, "sfb": 0.019342153333360698}, "movie": {"sfR": 0.11567713207251198, "sfT": 4.184811266985826e-05, "roll-out": 0.127055212794363, "sft": 0.0, "bad-redirect": 0.006262872736073033, "oneh-out": 0.0037559339110390714, "roll-in": 0.2736774450121721, "oneh-in": 0.0045778940108376085, "dsfb-alt": 0.06277085302640155, "dsfb": 0.0, "redirect": 0.016352742216020746, "dsfb-red": 0.03355863321958455, "alternate": 0.30757244230717856, "unknown": 0.03049740429843284, "sfb": 0.018199586282715056}, "dutch": {"sfR": 0.18880787437283908, "sfT": 0.0002021159126152067, "roll-out": 0.1099280871152576, "sft": 0.0, "bad-redirect": 0.004657990003151875, "oneh-out": 0.0020315948483967485, "roll-in": 0.2303394130799191, "oneh-in": 0.0030865710579982657, "dsfb-alt": 0.05400584880990988,