{"english-450k": {"dsfb-red": 0.011438629808437229, "alternate": 0.3748033240932444, "sfT": 0.0001362333296887507, "bad-redirect": 0.0028562223842469835, "oneh-in": 0.0026243918468152683, "dsfb-alt": 0.04037154863383697, "roll-in": 0.1917358406502715, "redirect": 0.030095287320769853, "dsfb": 0.0, "unknown": 0.00015377410175167997, "oneh-out": 0.008295323454760303, "roll-out": 0.20237022605962343, "sfb": 0.021423714305259717, "sfR": 0.11369548401129392, "sft": 0.0}, "shai": {"dsfb-red": 0.00782210006523961, "alternate": 0.34765460193155073, "sfT": 3.965233820684889e-05, "bad-redirect": 0.0017589034110067614, "oneh-in": 0.00229092593492821, "dsfb-alt": 0.03233748230836135, "roll-in": 0.18030812247088138, "redirect": 0.02865577528468405, "dsfb": 0.0, "unknown": 0.023260762136131256, "oneh-out": 0.016814797532722758, "roll-out": 0.24792480291104282, "sfb": 0.012898284418074748, "sfR": 0.09823378925716947, "sft": 0.0}, "tr-quotes": {"dsfb-red": 0.008076558563140011, "alternate": 0.35067844016550703, "sfT": 2.195973278472527e-05, "bad-redirect": 0.0015995931670557777, "oneh-in": 0.0025808464899100807, "dsfb-alt": 0.0304812648806084, "roll-in": 0.17427590670580892, "redirect": 0.027916599246434432, "dsfb": 0.0, "unknown": 0.013835787429786644, "oneh-out": 0.026060423938420285, "roll-out": 0.2561880215436536, "sfb": 0.011512678856244655, "sfR": 0.09677191928064538, "sft": 0.0}, "gutenberg": {"dsfb-red": 0.006208600960141366, "alternate": 0.32991873541100014, "sfT": 0.0001587480199120786, "bad-redirect": 0.0019837819385671684, "oneh-in": 0.0018504184468987872, "dsfb-alt": 0.029467648555374076, "roll-in": 0.16870481696050205, "redirect": 0.0247260460035849, "dsfb": 0.0, "unknown": 0.032975828246008664, "oneh-out": 0.016942467671666663, "roll-out": 0.27844989946590193, "sfb": 0.00997422523199375, "sfR": 0.09863878308844841, "sft": 0.0}, "english-200": {"dsfb-red": 0.0022271714922048997, "alternate": 0.34966592427616927, "sfT": 0.0, "bad-redirect": 0.0, "oneh-in": 0.004454342984409799, "dsfb-alt": 0.028953229398663696, "roll-in": 0.21603563474387527, "redirect": 0.028953229398663696, "dsfb": 0.0, "unknown": 0.0, "oneh-out": 0.0200445434298441, "roll-out": 0.23385300668151449, "sfb": 0.008908685968819599, "sfR": 0.10690423162583519, "sft": 0.0}, "monkeyracer": {"dsfb-red": 0.008030365828862787, "alternate": 0.3506254203356429, "sfT": 2.1505544520387257e-05, "bad-redirect": 0.0016334438587985048, "oneh-in": 0.0026158562334798316, "dsfb-alt": 0.030401997278571093, "roll-in": 0.1736944179426623, "redirect": 0.02789073619344042, "dsfb": 0.0, "unknown": 0.013436077701487402, "oneh-out": 0.026617021442982936, "roll-out": 0.256654010979558, "sfb": 0.011471252952124748, "sfR": 0.09690789370786869, "sft": 0.0}, "chained-bigrams": {"dsfb-red": 0.013864603089781307, "alternate": 0.35032260703625523, "sfT": 5.1944375365639704e-05, "bad-redirect": 0.0036309118380582154, "oneh-in": 0.0038568698708987483, "dsfb-alt": 0.04578766827542726, "roll-in": 0.14303338270213342, "redirect": 0.0356390359383654, "dsfb": 0.0, "unknown": 0.022916559801936097, "oneh-out": 0.011819942614451314, "roll-out": 0.2357709746517941, "sfb": 0.014162633943441666, "sfR": 0.11914286586209158, "sft": 0.0}, "english-5k": {"dsfb-red": 0.009291906915003941, "alternate": 0.36632513377857057, "sfT": 0.0, "bad-redirect": 0.0022400132741527356, "oneh-in": 0.0016177873646658647, "dsfb-alt": 0.03816318911519476, "roll-in": 0.2086116065872983, "redirect": 0.031318704110839174, "dsfb": 0.0, "unknown": 0.002157049819554486, "oneh-out": 0.008130418550628448, "roll-out": 0.2113079188617414, "sfb": 0.014394159372796284, "sfR": 0.10644211224955408, "sft": 0.0}, "mt-quotes": {"dsfb-red": 0.007874039277560632, "alternate": 0.35310060840774077, "sfT": 1.0458875700744673e-05, "bad-redirect": 0.001585266731212871, "oneh-in": 0.002684942804891168, "dsfb-alt": 0.030378551535362952, "roll-in": 0.17254306068538505, "redirect": 0.027696596980672, "dsfb": 0.0, "unknown": 0.007977133909467972, "oneh-out": 0.028309188271715614, "roll-out": 0.26061277058605564, "sfb": 0.010768159596466693, "sfR": 0.0964592223377679, "sft": 0.0}, "wordle": {"dsfb-red": 0.014383484797486816, "alternate": 0.34156849545607537, "sfT": 0.0001795130707954673, "bad-redirect": 0.0032985526758667117, "oneh-in": 0.001682935038707506, "dsfb-alt": 0.045349489509704924, "roll-in": 0.17834623583529677, "redirect": 0.02997868282284304, "dsfb": 0.0, "unknown": 0.0, "oneh-out": 0.010927858184674072, "roll-out": 0.21427128912823964, "sfb": 0.028632334791877035, "sfR": 0.13138112868843263, "sft": 0.0}, "english-1k": {"dsfb-red": 0.008821453775582216, "alternate": 0.33380381086803107, "sfT": 0.0, "bad-redirect": 0.0, "oneh-in": 0.0024700070571630206, "dsfb-alt": 0.030345800988002825, "roll-in": 0.23429781227946367, "redirect": 0.033168666196189134, "dsfb": 0.0, "unknown": 0.0, "oneh-out": 0.010232886379675371, "roll-out": 0.2268877911079746, "sfb": 0.011644318983768526, "sfR": 0.10832745236414962, "sft": 0.0}, "english-10k": {"dsfb-red": 0.008838115821771096, "alternate": 0.3703903822774551, "sfT": 7.718878446961657e-05, "bad-redirect": 0.002064799984562243, "oneh-in": 0.00191042241562301, "dsfb-alt": 0.03625943150460238, "roll-in": 0.20790799096891222, "redirect": 0.030817622199494413, "dsfb": 0.0, "unknown": 0.0, "oneh-out": 0.009938056000463132, "roll-out": 0.21174813299627565, "sfb": 0.014376411107466085, "sfR": 0.10567144593890508, "sft": 0.0}, "reddit": {"dsfb-red": 0.007888606147847782, "alternate": 0.3421160104783368, "sfT": 4.7795659322578934e-05, "bad-redirect": 0.0016172612750091442, "oneh-in": 0.0028758678180326354, "dsfb-alt": 0.03210392484394774, "roll-in": 0.170284397283064, "redirect": 0.0274823917382431, "dsfb": 0.0, "unknown": 0.039285409944231534, "oneh-out": 0.020790062997750495, "roll-out": 0.2387360220639147, "sfb": 0.012794478477625845, "sfR": 0.10397777127267367, "sft": 0.0}, "akl": {"dsfb-red": 0.009418365007532237, "alternate": 0.292959002947444, "sfT": 0.00018026666569153998, "bad-redirect": 0.0020740796671431362, "oneh-in": 0.0031778670880729413, "dsfb-alt": 0.028013874702264126, "roll-in": 0.15050692710983096, "redirect": 0.02278725323930872, "dsfb": 0.0, "unknown": 0.13277008071454782, "oneh-out": 0.017315902976507543, "roll-out": 0.19156122718015126, "sfb": 0.018586540835131286, "sfR": 0.13064861186637447, "sft": 0.0}, "french": {"dsfb-red": 0.008370937373024238, "alternate": 0.26010020482719926, "sfT": 4.072063661187044e-05, "bad-redirect": 0.0015687482927258846, "oneh-in": 0.000279006775431517, "dsfb-alt": 0.03207786876398021, "roll-in": 0.1194533582637116, "redirect": 0.018770325766441262, "dsfb": 0.0, "unknown": 0.15807953387545715, "oneh-out": 0.01594678858527145, "roll-out": 0.2417262235940792, "sfb": 0.03460349208973168, "sfR": 0.10898279115633469, "sft": 0.0}, "keymash": {"dsfb-red": 0.00828363018393928, "alternate": 0.34763744135165203, "sfT": 2.462922750427933e-05, "bad-redirect": 0.0016542631140374282, "oneh-in": 0.002389035067915095, "dsfb-alt": 0.030191328048995745, "roll-in": 0.17551608493799592, "redirect": 0.02852885519245689, "dsfb": 0.0, "unknown": 0.01232282349464109, "oneh-out": 0.025466621239424826, "roll-out": 0.256702228534602, "sfb": 0.011559317442008431, "sfR": 0.099723742164827, "sft": 0.0}, "movie": {"dsfb-red": 0.008025888979589044, "alternate": 0.33986326194984046, "sfT": 2.3292817429449412e-05, "bad-redirect": 0.001105816637625217, "oneh-in": 0.001969361654416443, "dsfb-alt": 0.030702565328786013, "roll-in": 0.1718642768323716, "redirect": 0.02535140241842612, "dsfb": 0.0, "unknown": 0.030236445784519856, "oneh-out": 0.037025315081414975, "roll-out": 0.22619312851358003, "sfb": 0.011962111929488825, "sfR": 0.11567713207251198, "sft": 0.0}, "dutch": {"dsfb-red": 0.0075728378447630015, "alternate": 0.2880896420651269, "sfT": 0.00023414031111864523, "bad-redirect": 0.001327954621032843, "oneh-in": 0.002113556508844239, "dsfb-alt": 0.02597684367026288, "roll-in": 0.15628187983147493,