{"akl": {"sfT": 0.00030348347789051336, "dsfb-red": 0.021043687166868944, "oneh-out": 0.022780260987884552, "alternate": 0.24255349313238608, "oneh-in": 0.009557147609120693, "roll-out": 0.18401453716249447, "roll-in": 0.15571472137990575, "bad-redirect": 0.009000040594590423, "unknown": 0.13144916288543582, "dsfb-alt": 0.031971563131147976, "sfR": 0.13064861186637447, "sft": 0.0, "sfb": 0.020560307637319974, "redirect": 0.04040298296858035, "dsfb": 0.0}, "monkeyracer": {"sfT": 3.421336628243427e-05, "dsfb-red": 0.024369692040602468, "oneh-out": 0.02525630698969298, "alternate": 0.32015988394826156, "oneh-in": 0.013784076512817305, "roll-out": 0.2175393355959773, "roll-in": 0.17618221843377074, "bad-redirect": 0.008462431768772385, "unknown": 0.01033830176580071, "dsfb-alt": 0.0402935702331983, "sfR": 0.09690789370786869, "sft": 0.0, "sfb": 0.017206390665811658, "redirect": 0.04946568497114347, "dsfb": 0.0}}