{"english-450k": {"oneh-out": 0.026870416377000307, "sfb": 0.016745882742277528, "roll-out": 0.2148744577708836, "unknown": 0.00015377410175167997, "alternate": 0.20776722927718572, "oneh-in": 0.041048914781667084, "dsfb": 0.0, "dsfb-red": 0.022426169428656124, "redirect": 0.053643773815252406, "sft": 0.0, "sfT": 3.508154412585855e-06, "roll-in": 0.2425783531670741, "bad-redirect": 0.031227836503632988, "dsfb-alt": 0.028964199868911963, "sfR": 0.11369548401129392}, "shai": {"oneh-out": 0.024257268550327546, "sfb": 0.011112288145433243, "roll-out": 0.20359012928094306, "unknown": 0.023260762136131256, "alternate": 0.22561852229030357, "oneh-in": 0.03856921978441513, "dsfb": 0.0, "dsfb-red": 0.01600808048468665, "redirect": 0.05687210048324376, "sft": 0.0, "sfT": 2.3497251854932125e-05, "roll-in": 0.2513610679603534, "bad-redirect": 0.025499991020651574, "dsfb-alt": 0.025593283354486407, "sfR": 0.09823378925716947}, "tr-quotes": {"oneh-out": 0.021233905827419616, "sfb": 0.011125494093987656, "roll-out": 0.203567878689813, "unknown": 0.013835787429786644, "alternate": 0.23995862324033193, "oneh-in": 0.040971082499248745, "dsfb": 0.0, "dsfb-red": 0.013725988765863017, "redirect": 0.05979981969903608, "sft": 0.0, "sfT": 1.0401978687501445e-05, "roll-in": 0.25641108619773006, "bad-redirect": 0.022364254178128106, "dsfb-alt": 0.020223758119322255, "sfR": 0.09677191928064538}, "gutenberg": {"oneh-out": 0.025511829758471896, "sfb": 0.01214839113238865, "roll-out": 0.19770152568592217, "unknown": 0.032975828246008664, "alternate": 0.22099429302762783, "oneh-in": 0.0372372085657249, "dsfb": 0.0, "dsfb-red": 0.013878896098852657, "redirect": 0.05579310927508986, "sft": 0.0, "sfT": 9.282402118964024e-06, "roll-in": 0.260477842906142, "bad-redirect": 0.023755750826986253, "dsfb-alt": 0.020877258986217718, "sfR": 0.09863878308844841}, "english-200": {"oneh-out": 0.017817371937639197, "sfb": 0.008908685968819599, "roll-out": 0.21158129175946547, "unknown": 0.0, "alternate": 0.26280623608017817, "oneh-in": 0.0378619153674833, "dsfb": 0.0, "dsfb-red": 0.028953229398663696, "redirect": 0.044543429844097995, "sft": 0.0, "sfT": 0.0, "roll-in": 0.24721603563474387, "bad-redirect": 0.0200445434298441, "dsfb-alt": 0.013363028953229399, "sfR": 0.10690423162583519}, "monkeyracer": {"oneh-out": 0.021124309867525847, "sfb": 0.01120438869512176, "roll-out": 0.2038696294790184, "unknown": 0.013436077701487402, "alternate": 0.2403430329855952, "oneh-in": 0.041178230132786965, "dsfb": 0.0, "dsfb-red": 0.013699031859486682, "redirect": 0.05978834634092935, "sft": 0.0, "sfT": 1.2707821762047014e-05, "roll-in": 0.25603523781222143, "bad-redirect": 0.02224357570733691, "dsfb-alt": 0.020157537888859347, "sfR": 0.09690789370786869}, "chained-bigrams": {"oneh-out": 0.021490686698149287, "sfb": 0.01351462786075531, "roll-out": 0.19976378295302474, "unknown": 0.022916559801936097, "alternate": 0.19250845232382902, "oneh-in": 0.031680225230811584, "dsfb": 0.0, "dsfb-red": 0.026527343194540125, "redirect": 0.05715894134765786, "sft": 0.0, "sfT": 5.7138812902203675e-05, "roll-in": 0.2601387304405078, "bad-redirect": 0.022012727670573967, "dsfb-alt": 0.03308791780322042, "sfR": 0.11914286586209158}, "english-5k": {"oneh-out": 0.02874683701829344, "sfb": 0.009582279006097814, "roll-out": 0.22047538059484798, "unknown": 0.002157049819554486, "alternate": 0.2190235201393786, "oneh-in": 0.03355871738499191, "dsfb": 0.0, "dsfb-red": 0.01970382046708425, "redirect": 0.05753515576388601, "sft": 0.0, "sfT": 0.0, "roll-in": 0.23856141369726636, "bad-redirect": 0.03351723565769279, "dsfb-alt": 0.030696478201352306, "sfR": 0.10644211224955408}, "mt-quotes": {"oneh-out": 0.020657773634070835, "sfb": 0.010787583222768076, "roll-out": 0.20511050549240387, "unknown": 0.007977133909467972, "alternate": 0.24369030970225075, "oneh-in": 0.0422374224549073, "dsfb": 0.0, "dsfb-red": 0.013287254515246052, "redirect": 0.06117545809875569, "sft": 0.0, "sfT": 5.9765004004255265e-06, "roll-in": 0.25716582398011023, "bad-redirect": 0.02196812134686413, "dsfb-alt": 0.01947741480498679, "sfR": 0.0964592223377679}, "wordle": {"oneh-out": 0.026074273533041623, "sfb": 0.023628407943453382, "roll-out": 0.2191405811735667, "unknown": 0.0, "alternate": 0.20098732188937507, "oneh-in": 0.032267474475485246, "dsfb": 0.0, "dsfb-red": 0.026074273533041623, "redirect": 0.046785594076068665, "sft": 0.0, "sfT": 6.731740154830023e-05, "roll-in": 0.23318747896331202, "bad-redirect": 0.0283406260518344, "dsfb-alt": 0.03206552227084034, "sfR": 0.13138112868843263}, "english-1k": {"oneh-out": 0.030698659139026113, "sfb": 0.009527170077628794, "roll-out": 0.2332392378263938, "unknown": 0.0, "alternate": 0.2081863091037403, "oneh-in": 0.03387438249823571, "dsfb": 0.0, "dsfb-red": 0.01305575158786168, "redirect": 0.05716302046577276, "sft": 0.0, "sfT": 0.0, "roll-in": 0.2508821453775582, "bad-redirect": 0.03140437544107269, "dsfb-alt": 0.02364149611856034, "sfR": 0.10832745236414962}, "english-10k": {"oneh-out": 0.028019528762470814, "sfb": 0.011095887767507381, "roll-out": 0.21217267131085854, "unknown": 0.0, "alternate": 0.21651454043727447, "oneh-in": 0.0433415024796897, "dsfb": 0.0, "dsfb-red": 0.01883406341058644, "redirect": 0.054437390247197084, "sft": 0.0, "sfT": 0.0, "roll-in": 0.24806545608923022, "bad-redirect": 0.03070183902278999, "dsfb-alt": 0.031145674533490285, "sfR": 0.10567144593890508}, "reddit": {"oneh-out": 0.02159079012105674, "sfb": 0.012658882641616647, "roll-out": 0.19846787942533586, "unknown": 0.039285409944231534, "alternate": 0.22476373268367195, "oneh-in": 0.03986386477723983, "dsfb": 0.0, "dsfb-red": 0.015862165708974252, "redirect": 0.05549885127477878, "sft": 0.0, "sfT": 3.457319244101909e-05, "roll-in": 0.2410772976798691, "bad-redirect": 0.023086427175203494, "dsfb-alt": 0.023832354102907127, "sfR": 0.10397777127267367}, "akl": {"oneh-out": 0.017451498297411487, "sfb": 0.016523480758571813, "roll-out": 0.16512517995473222, "unknown": 0.13277008071454782, "alternate": 0.18773251243478026, "oneh-in": 0.03385324469991666, "dsfb": 0.0, "dsfb-red": 0.016544408097639896, "redirect": 0.053530626172422054, "sft": 0.0, "sfT": 9.030628606120868e-05, "roll-in": 0.20698689975752702, "bad-redirect": 0.019531631327094977, "dsfb-alt": 0.019211519632920143, "sfR": 0.13064861186637447}, "french": {"oneh-out": 0.019867625570240605, "sfb": 0.03321964964581511, "roll-out": 0.16806169305290508, "unknown": 0.15807953387545715, "alternate": 0.1943085704070669, "oneh-in": 0.015157785050861019, "dsfb": 0.0, "dsfb-red": 0.018515949133242973, "redirect": 0.040059892595500565, "sft": 0.0, "sfT": 2.061500955773868e-05, "roll-in": 0.19456826559287638, "bad-redirect": 0.02891939760485051, "dsfb-alt": 0.020238231305291315, "sfR": 0.10898279115633469}, "keymash": {"oneh-out": 0.021222184366187353, "sfb": 0.011501849244498446, "roll-out": 0.202210062681384, "unknown": 0.01232282349464109, "alternate": 0.23641595481357727, "oneh-in": 0.04167265293724062, "dsfb": 0.0, "dsfb-red": 0.01407970838994635, "redirect": 0.05940980161157245, "sft": 0.0, "sfT": 4.104871250713221e-06, "roll-in": 0.2587792933874629, "bad-redirect": 0.02227303140636994, "dsfb-alt": 0.020384790631041858, "sfR": 0.099723742164827}, "movie": {"oneh-out": 0.018414222357446313, "sfb": 0.012358747814982387, "roll-out": 0.197882222303228, "unknown": 0.030236445784519856, "alternate": 0.24313411306807334, "oneh-in": 0.039773472744574254, "dsfb": 0.0, "dsfb-red": 0.013849619728305734, "redirect": 0.052554649621412756, "sft": 0.0, "sfT": 1.4212566567121674e-05, "roll-in": 0.2378313781623125, "bad-redirect": 0.018805462731557913, "dsfb-alt": 0.019468321044507835, "sfR": 0.11567713207251198}, "dutch": {"oneh-out": 0.025736517235133212, "sfb": 0.04974864791949533, "roll-out": 0.19588071202036336, "unknown": 0.07290361491625476, "alternate": 0.16821934195491345, "oneh-in": 0.02390766587714989, "dsfb": 0.0, "dsfb-red": 0.020785179438299224, "redirect": 0.034126443442384004, "sft": 0.0,