{"english-450k": {"dsfb-red": 0.022426169428656124, "oneh-in": 0.041048914781667084, "dsfb": 0.0, "alternate": 0.20776722927718572, "sfR": 0.11369548401129392, "sfT": 3.508154412585855e-06, "oneh-out": 0.026870416377000307, "dsfb-alt": 0.028964199868911963, "redirect": 0.053643773815252406, "unknown": 0.00015377410175167997, "roll-out": 0.2148744577708836, "roll-in": 0.2425783531670741, "bad-redirect": 0.031227836503632988, "sfb": 0.016745882742277528, "sft": 0.0}, "shai": {"dsfb-red": 0.01600808048468665, "oneh-in": 0.03856921978441513, "dsfb": 0.0, "alternate": 0.22561852229030357, "sfR": 0.09823378925716947, "sfT": 2.3497251854932125e-05, "oneh-out": 0.024257268550327546, "dsfb-alt": 0.025593283354486407, "redirect": 0.05687210048324376, "unknown": 0.023260762136131256, "roll-out": 0.20359012928094306, "roll-in": 0.2513610679603534, "bad-redirect": 0.025499991020651574, "sfb": 0.011112288145433243, "sft": 0.0}, "tr-quotes": {"dsfb-red": 0.013725988765863017, "oneh-in": 0.040971082499248745, "dsfb": 0.0, "alternate": 0.23995862324033193, "sfR": 0.09677191928064538, "sfT": 1.0401978687501445e-05, "oneh-out": 0.021233905827419616, "dsfb-alt": 0.020223758119322255, "redirect": 0.05979981969903608, "unknown": 0.013835787429786644, "roll-out": 0.203567878689813, "roll-in": 0.25641108619773006, "bad-redirect": 0.022364254178128106, "sfb": 0.011125494093987656, "sft": 0.0}, "gutenberg": {"dsfb-red": 0.013878896098852657, "oneh-in": 0.0372372085657249, "dsfb": 0.0, "alternate": 0.22099429302762783, "sfR": 0.09863878308844841, "sfT": 9.282402118964024e-06, "oneh-out": 0.025511829758471896, "dsfb-alt": 0.020877258986217718, "redirect": 0.05579310927508986, "unknown": 0.032975828246008664, "roll-out": 0.19770152568592217, "roll-in": 0.260477842906142, "bad-redirect": 0.023755750826986253, "sfb": 0.01214839113238865, "sft": 0.0}, "english-200": {"dsfb-red": 0.028953229398663696, "oneh-in": 0.0378619153674833, "dsfb": 0.0, "alternate": 0.26280623608017817, "sfR": 0.10690423162583519, "sfT": 0.0, "oneh-out": 0.017817371937639197, "dsfb-alt": 0.013363028953229399, "redirect": 0.044543429844097995, "unknown": 0.0, "roll-out": 0.21158129175946547, "roll-in": 0.24721603563474387, "bad-redirect": 0.0200445434298441, "sfb": 0.008908685968819599, "sft": 0.0}, "monkeyracer": {"dsfb-red": 0.013699031859486682, "oneh-in": 0.041178230132786965, "dsfb": 0.0, "alternate": 0.2403430329855952, "sfR": 0.09690789370786869, "sfT": 1.2707821762047014e-05, "oneh-out": 0.021124309867525847, "dsfb-alt": 0.020157537888859347, "redirect": 0.05978834634092935, "unknown": 0.013436077701487402, "roll-out": 0.2038696294790184, "roll-in": 0.25603523781222143, "bad-redirect": 0.02224357570733691, "sfb": 0.01120438869512176, "sft": 0.0}, "chained-bigrams": {"dsfb-red": 0.026527343194540125, "oneh-in": 0.031680225230811584, "dsfb": 0.0, "alternate": 0.19250845232382902, "sfR": 0.11914286586209158, "sfT": 5.7138812902203675e-05, "oneh-out": 0.021490686698149287, "dsfb-alt": 0.03308791780322042, "redirect": 0.05715894134765786, "unknown": 0.022916559801936097, "roll-out": 0.19976378295302474, "roll-in": 0.2601387304405078, "bad-redirect": 0.022012727670573967, "sfb": 0.01351462786075531, "sft": 0.0}, "english-5k": {"dsfb-red": 0.01970382046708425, "oneh-in": 0.03355871738499191, "dsfb": 0.0, "alternate": 0.2190235201393786, "sfR": 0.10644211224955408, "sfT": 0.0, "oneh-out": 0.02874683701829344, "dsfb-alt": 0.030696478201352306, "redirect": 0.05753515576388601, "unknown": 0.002157049819554486, "roll-out": 0.22047538059484798, "roll-in": 0.23856141369726636, "bad-redirect": 0.03351723565769279, "sfb": 0.009582279006097814, "sft": 0.0}, "mt-quotes": {"dsfb-red": 0.013287254515246052, "oneh-in": 0.0422374224549073, "dsfb": 0.0, "alternate": 0.24369030970225075, "sfR": 0.0964592223377679, "sfT": 5.9765004004255265e-06, "oneh-out": 0.020657773634070835, "dsfb-alt": 0.01947741480498679, "redirect": 0.06117545809875569, "unknown": 0.007977133909467972, "roll-out": 0.20511050549240387, "roll-in": 0.25716582398011023, "bad-redirect": 0.02196812134686413, "sfb": 0.010787583222768076, "sft": 0.0}, "wordle": {"dsfb-red": 0.026074273533041623, "oneh-in": 0.032267474475485246, "dsfb": 0.0, "alternate": 0.20098732188937507, "sfR": 0.13138112868843263, "sfT": 6.731740154830023e-05, "oneh-out": 0.026074273533041623, "dsfb-alt": 0.03206552227084034, "redirect": 0.046785594076068665, "unknown": 0.0, "roll-out": 0.2191405811735667, "roll-in": 0.23318747896331202, "bad-redirect": 0.0283406260518344, "sfb": 0.023628407943453382, "sft": 0.0}, "english-1k": {"dsfb-red": 0.01305575158786168, "oneh-in": 0.03387438249823571, "dsfb": 0.0, "alternate": 0.2081863091037403, "sfR": 0.10832745236414962, "sfT": 0.0, "oneh-out": 0.030698659139026113, "dsfb-alt": 0.02364149611856034, "redirect": 0.05716302046577276, "unknown": 0.0, "roll-out": 0.2332392378263938, "roll-in": 0.2508821453775582, "bad-redirect": 0.03140437544107269, "sfb": 0.009527170077628794, "sft": 0.0}, "english-10k": {"dsfb-red": 0.01883406341058644, "oneh-in": 0.0433415024796897, "dsfb": 0.0, "alternate": 0.21651454043727447, "sfR": 0.10567144593890508, "sfT": 0.0, "oneh-out": 0.028019528762470814, "dsfb-alt": 0.031145674533490285, "redirect": 0.054437390247197084, "unknown": 0.0, "roll-out": 0.21217267131085854, "roll-in": 0.24806545608923022, "bad-redirect": 0.03070183902278999, "sfb": 0.011095887767507381, "sft": 0.0}, "reddit": {"dsfb-red": 0.015862165708974252, "oneh-in": 0.03986386477723983, "dsfb": 0.0, "alternate": 0.22476373268367195, "sfR": 0.10397777127267367, "sfT": 3.457319244101909e-05, "oneh-out": 0.02159079012105674, "dsfb-alt": 0.023832354102907127, "redirect": 0.05549885127477878, "unknown": 0.039285409944231534, "roll-out": 0.19846787942533586, "roll-in": 0.2410772976798691, "bad-redirect": 0.023086427175203494, "sfb": 0.012658882641616647, "sft": 0.0}, "akl": {"dsfb-red": 0.016544408097639896, "oneh-in": 0.03385324469991666, "dsfb": 0.0, "alternate": 0.18773251243478026, "sfR": 0.13064861186637447, "sfT": 9.030628606120868e-05, "oneh-out": 0.017451498297411487, "dsfb-alt": 0.019211519632920143, "redirect": 0.053530626172422054, "unknown": 0.13277008071454782, "roll-out": 0.16512517995473222, "roll-in": 0.20698689975752702, "bad-redirect": 0.019531631327094977, "sfb": 0.016523480758571813, "sft": 0.0}, "french": {"dsfb-red": 0.018515949133242973, "oneh-in": 0.015157785050861019, "dsfb": 0.0, "alternate": 0.1943085704070669, "sfR": 0.10898279115633469, "sfT": 2.061500955773868e-05, "oneh-out": 0.019867625570240605, "dsfb-alt": 0.020238231305291315, "redirect": 0.040059892595500565, "unknown": 0.15807953387545715, "roll-out": 0.16806169305290508, "roll-in": 0.19456826559287638, "bad-redirect": 0.02891939760485051, "sfb": 0.03321964964581511, "sft": 0.0}, "keymash": {"dsfb-red": 0.01407970838994635, "oneh-in": 0.04167265293724062, "dsfb": 0.0, "alternate": 0.23641595481357727, "sfR": 0.099723742164827, "sfT": 4.104871250713221e-06, "oneh-out": 0.021222184366187353, "dsfb-alt": 0.020384790631041858, "redirect": 0.05940980161157245, "unknown": 0.01232282349464109, "roll-out": 0.202210062681384, "roll-in": 0.2587792933874629, "bad-redirect": 0.02227303140636994, "sfb": 0.011501849244498446, "sft": 0.0}, "movie": {"dsfb-red": 0.013849619728305734, "oneh-in": 0.039773472744574254, "dsfb": 0.0, "alternate": 0.24313411306807334, "sfR": 0.11567713207251198, "sfT": 1.4212566567121674e-05, "oneh-out": 0.018414222357446313, "dsfb-alt": 0.019468321044507835, "redirect": 0.052554649621412756, "unknown": 0.030236445784519856, "roll-out": 0.197882222303228, "roll-in": 0.2378313781623125, "bad-redirect": 0.018805462731557913, "sfb": 0.012358747814982387, "sft": 0.0}, "dutch": {"dsfb-red": 0.020785179438299224, "oneh-in": 0.02390766587714989, "dsfb": 0.0, "alternate": 0.16821934195491345, "sfR": 0.18880787437283908, "sfT": 2.8079623771771974e-05, "oneh-out": 0.025736517235133212, "dsfb-alt": 0.014290484389289163, "redirect": 0.034126443442384004,