{"english-450k": {"oneh-in": 0.01445154975644638, "unknown": 0.00015377410175167997, "roll-in": 0.1795099225224098, "dsfb-red": 0.04753753871394567, "roll-out": 0.2287363452398145, "sfR": 0.11369548401129392, "dsfb-alt": 0.05374931079383103, "redirect": 0.06519407987249028, "sft": 0.0, "alternate": 0.19369660662070595, "oneh-out": 0.012148738730784816, "sfT": 0.001038413706125413, "sfb": 0.08061183382340302, "dsfb": 0.0, "bad-redirect": 0.00947640210699754}, "shai": {"oneh-in": 0.015400232781867166, "unknown": 0.024097749651430984, "roll-in": 0.1763559241870516, "dsfb-red": 0.04563723262054853, "roll-out": 0.250765323025867, "sfR": 0.09823378925716947, "dsfb-alt": 0.05147304275748978, "redirect": 0.061382206585082574, "sft": 0.0, "alternate": 0.1750212988596537, "oneh-out": 0.012049275413026805, "sfT": 0.0005994218228510793, "sfb": 0.07264497235444399, "dsfb": 0.0, "bad-redirect": 0.016339530683517293}, "tr-quotes": {"oneh-in": 0.015325581932918796, "unknown": 0.013894731975682485, "roll-in": 0.16900672661288457, "dsfb-red": 0.04736020896419408, "roll-out": 0.2635410647003074, "sfR": 0.09677191928064538, "dsfb-alt": 0.0550761655995007, "redirect": 0.06001710547606389, "sft": 0.0, "alternate": 0.16623633295578003, "oneh-out": 0.012910011326599016, "sfT": 0.0007870830540209426, "sfb": 0.07456485055823953, "dsfb": 0.0, "bad-redirect": 0.024508217563163126}, "gutenberg": {"oneh-in": 0.013978918717603943, "unknown": 0.03298207965968062, "roll-in": 0.15856142468580964, "dsfb-red": 0.05155578742617175, "roll-out": 0.26485364303973286, "sfR": 0.09863878308844841, "dsfb-alt": 0.04856780112775503, "redirect": 0.05789813075153737, "sft": 0.0, "alternate": 0.1681063861789958, "oneh-out": 0.013953723626138184, "sfT": 0.0007300893421732112, "sfb": 0.07603026138865493, "dsfb": 0.0, "bad-redirect": 0.014142970967298286}, "english-200": {"oneh-in": 0.017817371937639197, "unknown": 0.0, "roll-in": 0.1759465478841871, "dsfb-red": 0.0556792873051225, "roll-out": 0.29175946547884185, "sfR": 0.10690423162583519, "dsfb-alt": 0.051224944320712694, "redirect": 0.060133630289532294, "sft": 0.0, "alternate": 0.12249443207126949, "oneh-out": 0.024498886414253896, "sfT": 0.0, "sfb": 0.07126948775055679, "dsfb": 0.0, "bad-redirect": 0.022271714922048998}, "monkeyracer": {"oneh-in": 0.01529337472824812, "unknown": 0.013491796612290222, "roll-in": 0.1690365125044966, "dsfb-red": 0.04715774903420555, "roll-out": 0.26329531413735396, "sfR": 0.09690789370786869, "dsfb-alt": 0.05525360902138042, "redirect": 0.06012656990474999, "sft": 0.0, "alternate": 0.16612055617248228, "oneh-out": 0.013033337504105603, "sfT": 0.0007800647512395014, "sfb": 0.07457438572344652, "dsfb": 0.0, "bad-redirect": 0.024928836198132538}, "chained-bigrams": {"oneh-in": 0.014289897663087484, "unknown": 0.023159399756770463, "roll-in": 0.1720462642579194, "dsfb-red": 0.045256537037313596, "roll-out": 0.2557273543625808, "sfR": 0.11914286586209158, "dsfb-alt": 0.05174828534863442, "redirect": 0.053215064648021664, "sft": 0.0, "alternate": 0.1721767745010256, "oneh-out": 0.00997007354674247, "sfT": 0.000605801277701773, "sfb": 0.07222021298492509, "dsfb": 0.0, "bad-redirect": 0.010441468753185652}, "english-5k": {"oneh-in": 0.017214916829136766, "unknown": 0.002157049819554486, "roll-in": 0.19081594557597378, "dsfb-red": 0.04567138175633633, "roll-out": 0.23283693532998714, "sfR": 0.10644211224955408, "dsfb-alt": 0.05716182021819389, "redirect": 0.06649520886049695, "sft": 0.0, "alternate": 0.1913552080308624, "oneh-out": 0.011448956734558428, "sfT": 0.0003318538183929979, "sfb": 0.06761521549757332, "dsfb": 0.0, "bad-redirect": 0.010453395279379434}, "mt-quotes": {"oneh-in": 0.015023427881569669, "unknown": 0.007995063410669249, "roll-in": 0.16910209057984008, "dsfb-red": 0.04707539952905177, "roll-out": 0.2679578895781786, "sfR": 0.0964592223377679, "dsfb-alt": 0.05553812409605431, "redirect": 0.059911428264065696, "sft": 0.0, "alternate": 0.16612429925532804, "oneh-out": 0.013311160516847755, "sfT": 0.0007605096759541483, "sfb": 0.07411906384097727, "dsfb": 0.0, "bad-redirect": 0.02662232103369551}, "wordle": {"oneh-in": 0.01144395826321104, "unknown": 0.0, "roll-in": 0.18799506339055314, "dsfb-red": 0.04611242006058566, "roll-out": 0.21534836755301245, "sfR": 0.13138112868843263, "dsfb-alt": 0.05033097722427914, "redirect": 0.06567934477729159, "sft": 0.0, "alternate": 0.1768203747335353, "oneh-out": 0.010950297318523506, "sfT": 0.000762930550880736, "sfb": 0.09013800067317401, "dsfb": 0.0, "bad-redirect": 0.013037136766520812}, "english-1k": {"oneh-in": 0.01834862385321101, "unknown": 0.0, "roll-in": 0.17819336626676077, "dsfb-red": 0.0497529992942837, "roll-out": 0.24805928016937193, "sfR": 0.10832745236414962, "dsfb-alt": 0.06033874382498236, "redirect": 0.068454481298518, "sft": 0.0, "alternate": 0.16125617501764292, "oneh-out": 0.014467184191954835, "sfT": 0.00035285815102328866, "sfb": 0.07974594213126324, "dsfb": 0.0, "bad-redirect": 0.012702893436838392}, "english-10k": {"oneh-in": 0.016248239130854287, "unknown": 0.0, "roll-in": 0.19081067520889214, "dsfb-red": 0.0484359622546844, "roll-out": 0.22668416279114645, "sfR": 0.10567144593890508, "dsfb-alt": 0.05420582389378823, "redirect": 0.0670963509002142, "sft": 0.0, "alternate": 0.1974682078693966, "oneh-out": 0.010960807394685553, "sfT": 0.00044383551070029527, "sfb": 0.07238378263638294, "dsfb": 0.0, "bad-redirect": 0.009590706470349859}, "reddit": {"oneh-in": 0.014509503601249354, "unknown": 0.04519937363713543, "roll-in": 0.1669225195279542, "dsfb-red": 0.04204497249408501, "roll-out": 0.2498570531466381, "sfR": 0.10397777127267367, "dsfb-alt": 0.050540538566433625, "redirect": 0.05726376967286755, "sft": 0.0, "alternate": 0.1658498515843643, "oneh-out": 0.013150211531377045, "sfT": 0.0007375364671328991, "sfb": 0.06879645772734262, "dsfb": 0.0, "bad-redirect": 0.02115044077074621}, "akl": {"oneh-in": 0.012791817474664145, "unknown": 0.13920166722946467, "roll-in": 0.14459027173247951, "dsfb-red": 0.03398762934831253, "roll-out": 0.21230135674632308, "sfR": 0.13064861186637447, "dsfb-alt": 0.041018597585133314, "redirect": 0.047462513193550736, "sft": 0.0, "alternate": 0.14349903577347012, "oneh-out": 0.011165390144280784, "sfT": 0.0014787746996031193, "sfb": 0.060230759615710804, "dsfb": 0.0, "bad-redirect": 0.02162357459063271}, "french": {"oneh-in": 0.009239719196602514, "unknown": 0.15842537463172957, "roll-in": 0.14159157132561837, "dsfb-red": 0.03210079097664252, "roll-out": 0.2019879311404147, "sfR": 0.10898279115633469, "dsfb-alt": 0.041339086898602606, "redirect": 0.05675563826129593, "sft": 0.0, "alternate": 0.13418805619981206, "oneh-out": 0.011355499352687202, "sfT": 0.00023717748278238447, "sfb": 0.0917369273684822, "dsfb": 0.0, "bad-redirect": 0.012059436008995275}, "keymash": {"oneh-in": 0.01568881792022593, "unknown": 0.012376186820900362, "roll-in": 0.17045477868586653, "dsfb-red": 0.04748104575699983, "roll-out": 0.2617430104304779, "sfR": 0.099723742164827, "dsfb-alt": 0.05403652514438884, "redirect": 0.059602730560355976, "sft": 0.0, "alternate": 0.16782355621415934, "oneh-out": 0.012737415490963126, "sfT": 0.0009851691001711732, "sfb": 0.07341151744775525, "dsfb": 0.0, "bad-redirect": 0.023935504262908795}, "movie": {"oneh-in": 0.015272192363403747, "unknown": 0.030282373430185833, "roll-in": 0.15897268936896072, "dsfb-red": 0.04363639569838249, "roll-out": 0.24906088492440165, "sfR": 0.11567713207251198, "dsfb-alt": 0.05430476927674749, "redirect": 0.05244094908887578, "sft": 0.0, "alternate": 0.157923722997604, "oneh-out": 0.012178985167476016, "sfT": 0.0006067976337129448, "sfb": 0.07398338366731329, "dsfb": 0.0, "bad-redirect": 0.03565972431042404}, "dutch": {"oneh-in": 0.012007679113662193, "unknown": 0.07360268279108878, "roll-in": 0.12899522750394488, "dsfb-red": 0.03393137433190309, "roll-out": 0.2085557215030639, "sfR": 0.18880787437283908, "dsfb-alt": 0.05082944447279502, "redirect": 0.05233620497393777,