{"english-450k": {"redirect": 0.01546862218989523, "alternate": 0.38916073837295306, "sfR": 0.11369548401129392, "sfT": 0.0017225038165796546, "bad-redirect": 0.004794477697200668, "sft": 0.0, "dsfb-red": 0.006541830940869473, "dsfb-alt": 0.04265915765704399, "unknown": 0.00015377410175167997, "oneh-in": 0.00420393837108205, "dsfb": 0.0, "roll-in": 0.19949646290331352, "roll-out": 0.1859693118345835, "sfb": 0.030370092749755745, "oneh-out": 0.005763605353677511}, "shai": {"redirect": 0.016396402470497423, "alternate": 0.34829415215289167, "sfR": 0.09823378925716947, "sfT": 0.00017508955351892925, "bad-redirect": 0.004209952028605108, "sft": 0.0, "dsfb-red": 0.005277755243397624, "dsfb-alt": 0.03682382022972889, "unknown": 0.023260762136131256, "oneh-in": 0.0050335324478044405, "dsfb": 0.0, "roll-in": 0.20722603001641363, "roll-out": 0.22895921146458437, "sfb": 0.013286486421212565, "oneh-out": 0.012823016578044626}, "tr-quotes": {"redirect": 0.019215921962044337, "alternate": 0.33682878343080375, "sfR": 0.09677191928064538, "sfT": 0.00017567786227780217, "bad-redirect": 0.003882249601257484, "sft": 0.0, "dsfb-red": 0.007497515082869097, "dsfb-alt": 0.03521185363260211, "unknown": 0.013835787429786644, "oneh-in": 0.005562747046993828, "dsfb": 0.0, "roll-in": 0.19661588960033285, "roll-out": 0.25081828899008346, "sfb": 0.011787753403758582, "oneh-out": 0.021795612676544694}, "gutenberg": {"redirect": 0.018671267707129225, "alternate": 0.3089672172078307, "sfR": 0.09863878308844841, "sfT": 8.543598685005663e-05, "bad-redirect": 0.004501586154141675, "sft": 0.0, "dsfb-red": 0.00692865015308386, "dsfb-alt": 0.030868912401781766, "unknown": 0.032975828246008664, "oneh-in": 0.005203638853180056, "dsfb": 0.0, "roll-in": 0.19232417330737292, "roll-out": 0.2715413296112795, "sfb": 0.01349282394541493, "oneh-out": 0.01580035333747821}, "english-200": {"redirect": 0.024498886414253896, "alternate": 0.3585746102449889, "sfR": 0.10690423162583519, "sfT": 0.0, "bad-redirect": 0.004454342984409799, "sft": 0.0, "dsfb-red": 0.0022271714922048997, "dsfb-alt": 0.024498886414253896, "unknown": 0.0, "oneh-in": 0.0022271714922048997, "dsfb": 0.0, "roll-in": 0.19376391982182628, "roll-out": 0.26280623608017817, "sfb": 0.008908685968819599, "oneh-out": 0.011135857461024499}, "monkeyracer": {"redirect": 0.019140912147895584, "alternate": 0.3359742793687536, "sfR": 0.09690789370786869, "sfT": 0.00016226910865383112, "bad-redirect": 0.003911076528457701, "sft": 0.0, "dsfb-red": 0.007528895631637393, "dsfb-alt": 0.035181115785851695, "unknown": 0.013436077701487402, "oneh-in": 0.005623699892081268, "dsfb": 0.0, "roll-in": 0.19680408057932028, "roll-out": 0.2513939502948215, "sfb": 0.011687285922079547, "oneh-out": 0.022248463331091543}, "chained-bigrams": {"redirect": 0.022522431853849306, "alternate": 0.3364482643760929, "sfR": 0.11914286586209158, "sfT": 4.415271906079375e-05, "bad-redirect": 0.006783935422752545, "sft": 0.0, "dsfb-red": 0.010814818951126187, "dsfb-alt": 0.050141256235759935, "unknown": 0.022916559801936097, "oneh-in": 0.005513246140370584, "dsfb": 0.0, "roll-in": 0.18589723194916724, "roll-out": 0.21786769637733433, "sfb": 0.014725581111466785, "oneh-out": 0.00718195919899176}, "english-5k": {"redirect": 0.012983780644626042, "alternate": 0.3915875057037375, "sfR": 0.10644211224955408, "sfT": 0.0003733355456921226, "bad-redirect": 0.005807441821877463, "sft": 0.0, "dsfb-red": 0.004231136184510723, "dsfb-alt": 0.04139876384452649, "unknown": 0.002157049819554486, "oneh-in": 0.0019081594557597379, "dsfb": 0.0, "roll-in": 0.22379391877877794, "roll-out": 0.18604554693657444, "sfb": 0.01489194010038578, "oneh-out": 0.008379308914423197}, "mt-quotes": {"redirect": 0.01939075554918062, "alternate": 0.3342432555192981, "sfR": 0.0964592223377679, "sfT": 0.00012700063350904245, "bad-redirect": 0.0037278421247654223, "sft": 0.0, "dsfb-red": 0.007820250773956802, "dsfb-alt": 0.03509849272659901, "unknown": 0.007977133909467972, "oneh-in": 0.005919723646621485, "dsfb": 0.0, "roll-in": 0.19729921946904772, "roll-out": 0.2573481072423232, "sfb": 0.010817465724770204, "oneh-out": 0.023771530342692533}, "wordle": {"redirect": 0.023359138337260183, "alternate": 0.35664759340289465, "sfR": 0.13138112868843263, "sfT": 0.0005161000785369685, "bad-redirect": 0.0028048917311791766, "sft": 0.0, "dsfb-red": 0.01196005834174801, "dsfb-alt": 0.045618759115898126, "unknown": 0.0, "oneh-in": 0.008953214405923931, "dsfb": 0.0, "roll-in": 0.17987209693705822, "roll-out": 0.2002692696061932, "sfb": 0.03204308313699091, "oneh-out": 0.006574666217883989}, "english-1k": {"redirect": 0.015525758645024701, "alternate": 0.37191249117854625, "sfR": 0.10832745236414962, "sfT": 0.0, "bad-redirect": 0.0035285815102328866, "sft": 0.0, "dsfb-red": 0.0056457304163726185, "dsfb-alt": 0.03175723359209598, "unknown": 0.0, "oneh-in": 0.0014114326040931546, "dsfb": 0.0, "roll-in": 0.20465772759350742, "roll-out": 0.2335920959774171, "sfb": 0.011644318983768526, "oneh-out": 0.011997177134791814}, "english-10k": {"redirect": 0.014125547557939832, "alternate": 0.38357036722564214, "sfR": 0.10567144593890508, "sfT": 0.00036664672623067866, "bad-redirect": 0.00438046351865074, "sft": 0.0, "dsfb-red": 0.00405241118465487, "dsfb-alt": 0.04282047818451979, "unknown": 0.0, "oneh-in": 0.006561046679917408, "dsfb": 0.0, "roll-in": 0.23849404681499778, "roll-out": 0.1774377182995311, "sfb": 0.015495648482275526, "oneh-out": 0.007024179386735108}, "reddit": {"redirect": 0.018904793930850244, "alternate": 0.3269188262270065, "sfR": 0.10397777127267367, "sfT": 0.00024223709156670687, "bad-redirect": 0.004178411906812698, "sft": 0.0, "dsfb-red": 0.007749002368619528, "dsfb-alt": 0.0374884280003903, "unknown": 0.039285409944231534, "oneh-in": 0.0056516868852419105, "dsfb": 0.0, "roll-in": 0.18889709830529552, "roll-out": 0.23808254003214221, "sfb": 0.012484668212534113, "oneh-out": 0.016139125822635027}, "akl": {"redirect": 0.016691517161171617, "alternate": 0.27548847979633423, "sfR": 0.13064861186637447, "sfT": 0.0002533517530154949, "bad-redirect": 0.003855349540548548, "sft": 0.0, "dsfb-red": 0.00849689498327703, "dsfb-alt": 0.031747218103121776, "unknown": 0.13277008071454782, "oneh-in": 0.0053895186842964635, "dsfb": 0.0, "roll-in": 0.1659621499794445, "roll-out": 0.19799241837343282, "sfb": 0.016355963215618326, "oneh-out": 0.014348445828816886}, "french": {"redirect": 0.007354090041118105, "alternate": 0.2685791762365032, "sfR": 0.10898279115633469, "sfT": 0.00013210985049428756, "bad-redirect": 0.006593581963232981, "sft": 0.0, "dsfb-red": 0.00486027315816538, "dsfb-alt": 0.03300913983528038, "unknown": 0.15807953387545715, "oneh-in": 0.002505023298032077, "dsfb": 0.0, "roll-in": 0.169564701038989, "roll-out": 0.18290363098785312, "sfb": 0.046658029037589324, "oneh-out": 0.010777919520950325}, "keymash": {"redirect": 0.01864022034948874, "alternate": 0.33476046023816464, "sfR": 0.099723742164827, "sfT": 0.0001518802362763892, "bad-redirect": 0.003895522816926847, "sft": 0.0, "dsfb-red": 0.007725367693842283, "dsfb-alt": 0.0340581167671676, "unknown": 0.01232282349464109, "oneh-in": 0.005241920587160783, "dsfb": 0.0, "roll-in": 0.19499369902263017, "roll-out": 0.2547811487892682, "sfb": 0.012585535254686737, "oneh-out": 0.021119562584919524}, "movie": {"redirect": 0.022378212451287415, "alternate": 0.3188089237547127, "sfR": 0.11567713207251198, "sfT": 8.553859507989897e-05, "bad-redirect": 0.0033075800749818164, "sft": 0.0, "dsfb-red": 0.0102847658788913, "dsfb-alt": 0.0387179264812883, "unknown": 0.030236445784519856, "oneh-in": 0.004306012876322114, "dsfb": 0.0, "roll-in": 0.1645078260576617, "roll-out": 0.2489207332263092, "sfb": 0.011635749289799364, "oneh-out": 0.031133153456634366}, "dutch": {"redirect": 0.013565434793608848, "alternate": 0.3060178184040166, "sfR": 0.18880787437283908, "sfT": 6.806529491548302e-05, "bad-redirect": 0.0048033370212195526, "sft": 0.0, "dsfb-red": 0.005209290202696512,