{"english-450k": {"dsfb": 0.0, "alternate": 0.21130988054149533, "sfR": 0.11369548401129392, "sft": 0.0, "oneh-out": 0.009833941510880248, "roll-in": 0.24091051809009056, "sfb": 0.03922993671874132, "dsfb-red": 0.024070032117153646, "dsfb-alt": 0.04956729838782764, "unknown": 0.00015377410175167997, "redirect": 0.04558875893775423, "sfT": 0.00012249305823945609, "bad-redirect": 0.012874049655586941, "roll-out": 0.2353272903424602, "oneh-in": 0.017316542526724828}, "shai": {"dsfb": 0.0, "alternate": 0.1914819307642695, "sfR": 0.09823378925716947, "sft": 0.0, "oneh-out": 0.01474564215191014, "roll-in": 0.24115073601242, "sfb": 0.031560296479507116, "dsfb-red": 0.02316728015226498, "dsfb-alt": 0.04778720213720878, "unknown": 0.023260762136131256, "redirect": 0.048063328712581274, "sfT": 0.0003074923683279184, "bad-redirect": 0.016875597784639925, "roll-out": 0.23606997296596857, "oneh-in": 0.027295969077601078}, "tr-quotes": {"dsfb": 0.0, "alternate": 0.20171632648343774, "sfR": 0.09677191928064538, "sft": 0.0, "oneh-out": 0.017885624465453873, "roll-in": 0.2189917015325582, "sfb": 0.03876586301749844, "dsfb-red": 0.024100228843531125, "dsfb-alt": 0.04576177157254802, "unknown": 0.013835787429786644, "redirect": 0.04844894940015256, "sfT": 0.00033864219504865816, "bad-redirect": 0.024560227456600633, "roll-out": 0.24041399875176256, "oneh-in": 0.028408959570976167}, "gutenberg": {"dsfb": 0.0, "alternate": 0.19155941703483703, "sfR": 0.09863878308844841, "sft": 0.0, "oneh-out": 0.018849527715168922, "roll-in": 0.2137604602252858, "sfb": 0.030697093244191963, "dsfb-red": 0.02796124729721077, "dsfb-alt": 0.044800850798457074, "unknown": 0.032975828246008664, "redirect": 0.04581168544553446, "sfT": 0.00014832899712548633, "bad-redirect": 0.015332065622415372, "roll-out": 0.24602855266891793, "oneh-in": 0.0334361596163981}, "english-200": {"dsfb": 0.0, "alternate": 0.19821826280623608, "sfR": 0.10690423162583519, "sft": 0.0, "oneh-out": 0.022271714922048998, "roll-in": 0.22048997772828507, "sfb": 0.028953229398663696, "dsfb-red": 0.0378619153674833, "dsfb-alt": 0.0467706013363029, "unknown": 0.0, "redirect": 0.0334075723830735, "sfT": 0.0, "bad-redirect": 0.015590200445434299, "roll-out": 0.2650334075723831, "oneh-in": 0.024498886414253896}, "monkeyracer": {"dsfb": 0.0, "alternate": 0.20131437978009603, "sfR": 0.09690789370786869, "sft": 0.0, "oneh-out": 0.01784178175391401, "roll-in": 0.21908773480144517, "sfb": 0.038803822512786024, "dsfb-red": 0.024190805011182884, "dsfb-alt": 0.045632810422759906, "unknown": 0.013436077701487402, "redirect": 0.04859568794281871, "sfT": 0.0003323584153150758, "bad-redirect": 0.024940566495143656, "roll-out": 0.24042123496566933, "oneh-in": 0.028494846489513115}, "chained-bigrams": {"dsfb": 0.0, "alternate": 0.19758276849235995, "sfR": 0.11914286586209158, "sft": 0.0, "oneh-out": 0.011414127181907254, "roll-in": 0.22137978545674364, "sfb": 0.029954373359288206, "dsfb-red": 0.034094340075929694, "dsfb-alt": 0.04849072370851674, "unknown": 0.022916559801936097, "redirect": 0.04912119856451719, "sfT": 0.00020388167331013583, "bad-redirect": 0.013358794734658392, "roll-out": 0.23241212147971346, "oneh-in": 0.01992845960902767}, "english-5k": {"dsfb": 0.0, "alternate": 0.19496411830588625, "sfR": 0.10644211224955408, "sft": 0.0, "oneh-out": 0.01165636537105405, "roll-in": 0.27668312108516196, "sfb": 0.021694943377442235, "dsfb-red": 0.021860870286638735, "dsfb-alt": 0.04948770066785581, "unknown": 0.002157049819554486, "redirect": 0.04799435848508732, "sfT": 0.00012444518189737422, "bad-redirect": 0.016509727465051645, "roll-out": 0.23300286223918365, "oneh-in": 0.01742232546563239}, "mt-quotes": {"dsfb": 0.0, "alternate": 0.20290069446934653, "sfR": 0.0964592223377679, "sft": 0.0, "oneh-out": 0.018300044226102964, "roll-in": 0.21803468760832406, "sfb": 0.0392865253821972, "dsfb-red": 0.024493192766043916, "dsfb-alt": 0.04588009944896666, "unknown": 0.007977133909467972, "redirect": 0.04836184124024336, "sfT": 0.0003316957722236167, "bad-redirect": 0.02621741313156668, "roll-out": 0.2426010925042732, "oneh-in": 0.02915635720347593}, "wordle": {"dsfb": 0.0, "alternate": 0.19842926063053967, "sfR": 0.13138112868843263, "sft": 0.0, "oneh-out": 0.013059575900370246, "roll-in": 0.21992595085829686, "sfb": 0.05358465163244699, "dsfb-red": 0.027443060697857062, "dsfb-alt": 0.05190171659373948, "unknown": 0.0, "redirect": 0.05122854257825648, "sfT": 0.0001570739369460339, "bad-redirect": 0.012745428026478179, "roll-out": 0.21864692022887916, "oneh-in": 0.021496690227757208}, "english-1k": {"dsfb": 0.0, "alternate": 0.2057163020465773, "sfR": 0.10832745236414962, "sft": 0.0, "oneh-out": 0.014820042342978124, "roll-in": 0.239590684544813, "sfb": 0.02081863091037403, "dsfb-red": 0.02646436132674665, "dsfb-alt": 0.05081157374735357, "unknown": 0.0, "redirect": 0.04904728299223712, "sfT": 0.0, "bad-redirect": 0.012702893436838392, "roll-out": 0.2519407198306281, "oneh-in": 0.019760056457304165}, "english-10k": {"dsfb": 0.0, "alternate": 0.19849095926361898, "sfR": 0.10567144593890508, "sft": 0.0, "oneh-out": 0.010304702726693812, "roll-in": 0.2843634819860674, "sfb": 0.027691476428474943, "dsfb-red": 0.02111113255244013, "dsfb-alt": 0.048628934215858434, "unknown": 0.0, "redirect": 0.04561857162154339, "sfT": 0.00017367476505663728, "bad-redirect": 0.014878138206518593, "roll-out": 0.22199494413461723, "oneh-in": 0.021072538160205323}, "reddit": {"dsfb": 0.0, "alternate": 0.1997547663153723, "sfR": 0.10397777127267367, "sft": 0.0, "oneh-out": 0.015218085487930567, "roll-in": 0.21542383905897988, "sfb": 0.03928728281489464, "dsfb-red": 0.02235630727589651, "dsfb-alt": 0.04501500824905884, "unknown": 0.039285409944231534, "redirect": 0.04776026206704615, "sfT": 0.00023223596222569703, "bad-redirect": 0.018708142511223647, "roll-out": 0.22909886640757374, "oneh-in": 0.023882022632892814}, "akl": {"dsfb": 0.0, "alternate": 0.17534429364214343, "sfR": 0.13064861186637447, "sft": 0.0, "oneh-out": 0.010342009300781529, "roll-in": 0.17964665312179443, "sfb": 0.03806253064205941, "dsfb-red": 0.01997078424869605, "dsfb-alt": 0.04032814364149981, "unknown": 0.13277008071454782, "redirect": 0.03839403254085099, "sfT": 0.00041899151820136166, "bad-redirect": 0.017043180463362912, "roll-out": 0.1984127935173577, "oneh-in": 0.018617894782330103}, "french": {"dsfb": 0.0, "alternate": 0.1536538838475752, "sfR": 0.10898279115633469, "sft": 0.0, "oneh-out": 0.010545970699749083, "roll-in": 0.2090869254200941, "sfb": 0.024139307245488194, "dsfb-red": 0.01582477649381925, "dsfb-alt": 0.031150927443960696, "unknown": 0.15807953387545715, "redirect": 0.06581786761906812, "sfT": 0.000304326082228449, "bad-redirect": 0.011339903258973825, "roll-out": 0.18462437003055232, "oneh-in": 0.026449416826698918}, "keymash": {"dsfb": 0.0, "alternate": 0.20062147750735798, "sfR": 0.099723742164827, "sft": 0.0, "oneh-out": 0.01758526843805544, "roll-in": 0.21971733856567588, "sfb": 0.037231182243968916, "dsfb-red": 0.02519159486562704, "dsfb-alt": 0.045990977492990935, "unknown": 0.01232282349464109, "redirect": 0.048109091058358956, "sfT": 0.0003448091850599106, "bad-redirect": 0.023426500227820356, "roll-out": 0.24208888688206295, "oneh-in": 0.027646307873553547}, "movie": {"dsfb": 0.0, "alternate": 0.20640844626511518, "sfR": 0.11567713207251198, "sft": 0.0, "oneh-out": 0.01715180429190559, "roll-in": 0.19584666693600358, "sfb": 0.044175288847385856, "dsfb-red": 0.024933842476597627, "dsfb-alt": 0.041753757019593205, "unknown": 0.030236445784519856, "redirect": 0.04743299334154416, "sfT": 0.0005806096638346373, "bad-redirect": 0.033369921919054434, "roll-out": 0.2215698332484308, "oneh-in": 0.02086325813350311}, "dutch": {"dsfb": 0.0, "alternate": 0.15166609891795188, "sfR": 0.18880787437283908, "sft": 0.0, "oneh-out": 0.011595575669762681, "roll-in": 0.23400330191989677, "sfb": 0.057040940557659896, "dsfb-red": 0.022709763306702397, "dsfb-alt": 0.03438036141954368,