{"monkeyracer": {"sfR": 0.09690789370786869, "sfb": 0.42945203872562054, "roll-out": 0.0, "sft": 0.0, "sfT": 0.045460766066596804, "redirect": 0.0, "bad-redirect": 0.0, "roll-in": 0.0, "dsfb-red": 0.0, "alternate": 0.0, "unknown": 0.014352018393105714, "dsfb-alt": 0.4138272831068083, "dsfb": 0.0, "oneh-out": 0.0, "oneh-in": 0.0}, "english-450k": {"sfR": 0.11369548401129392, "sfb": 0.39525411024141366, "roll-out": 0.0, "sft": 0.0, "sfT": 0.06493184533014949, "redirect": 0.0, "bad-redirect": 0.0, "roll-in": 0.0, "dsfb-red": 0.0, "alternate": 0.0, "unknown": 0.00015377410175167997, "dsfb-alt": 0.42596478631539125, "dsfb": 0.0, "oneh-out": 0.0, "oneh-in": 0.0}, "shai": {"sfR": 0.09823378925716947, "sfb": 0.4194484984826449, "roll-out": 0.0, "sft": 0.0, "sfT": 0.046448930884716626, "redirect": 0.0, "bad-redirect": 0.0, "roll-in": 0.0, "dsfb-red": 0.0, "alternate": 0.0, "unknown": 0.023621906111313578, "dsfb-alt": 0.4122468752641554, "dsfb": 0.0, "oneh-out": 0.0, "oneh-in": 0.0}, "tr-quotes": {"sfR": 0.09677191928064538, "sfb": 0.42894639513649707, "roll-out": 0.0, "sft": 0.0, "sfT": 0.04538730033979797, "redirect": 0.0, "bad-redirect": 0.0, "roll-in": 0.0, "dsfb-red": 0.0, "alternate": 0.0, "unknown": 0.01476965396084233, "dsfb-alt": 0.4141247312822172, "dsfb": 0.0, "oneh-out": 0.0, "oneh-in": 0.0}, "gutenberg": {"sfR": 0.09863878308844841, "sfb": 0.4332189892941699, "roll-out": 0.0, "sft": 0.0, "sfT": 0.04206254217336269, "redirect": 0.0, "bad-redirect": 0.0, "roll-in": 0.0, "dsfb-red": 0.0, "alternate": 0.0, "unknown": 0.03802431837805746, "dsfb-alt": 0.3880553670659615, "dsfb": 0.0, "oneh-out": 0.0, "oneh-in": 0.0}, "english-200": {"sfR": 0.10690423162583519, "sfb": 0.4298440979955457, "roll-out": 0.0, "sft": 0.0, "sfT": 0.035634743875278395, "redirect": 0.0, "bad-redirect": 0.0, "roll-in": 0.0, "dsfb-red": 0.0, "alternate": 0.0, "unknown": 0.0, "dsfb-alt": 0.42761692650334077, "dsfb": 0.0, "oneh-out": 0.0, "oneh-in": 0.0}, "chained-bigrams": {"sfR": 0.11914286586209158, "sfb": 0.37165551269423136, "roll-out": 0.0, "sft": 0.0, "sfT": 0.06132617886136631, "redirect": 0.0, "bad-redirect": 0.0, "roll-in": 0.0, "dsfb-red": 0.0, "alternate": 0.0, "unknown": 0.02365222201805197, "dsfb-alt": 0.42422322056425876, "dsfb": 0.0, "oneh-out": 0.0, "oneh-in": 0.0}, "english-5k": {"sfR": 0.10644211224955408, "sfb": 0.41046169162483925, "roll-out": 0.0, "sft": 0.0, "sfT": 0.05255734848799104, "redirect": 0.0, "bad-redirect": 0.0, "roll-in": 0.0, "dsfb-red": 0.0, "alternate": 0.0, "unknown": 0.002157049819554486, "dsfb-alt": 0.4283817978180611, "dsfb": 0.0, "oneh-out": 0.0, "oneh-in": 0.0}, "mt-quotes": {"sfR": 0.0964592223377679, "sfb": 0.4327927588721148, "roll-out": 0.0, "sft": 0.0, "sfT": 0.044798352876489644, "redirect": 0.0, "bad-redirect": 0.0, "roll-in": 0.0, "dsfb-red": 0.0, "alternate": 0.0, "unknown": 0.008869126594231481, "dsfb-alt": 0.41708053931939615, "dsfb": 0.0, "oneh-out": 0.0, "oneh-in": 0.0}, "wordle": {"sfR": 0.13138112868843263, "sfb": 0.3878379894536071, "roll-out": 0.0, "sft": 0.0, "sfT": 0.07651744642656794, "redirect": 0.0, "bad-redirect": 0.0, "roll-in": 0.0, "dsfb-red": 0.0, "alternate": 0.0, "unknown": 0.0, "dsfb-alt": 0.40426343543139237, "dsfb": 0.0, "oneh-out": 0.0, "oneh-in": 0.0}, "english-1k": {"sfR": 0.10832745236414962, "sfb": 0.42836979534227243, "roll-out": 0.0, "sft": 0.0, "sfT": 0.04551870148200424, "redirect": 0.0, "bad-redirect": 0.0, "roll-in": 0.0, "dsfb-red": 0.0, "alternate": 0.0, "unknown": 0.0, "dsfb-alt": 0.41778405081157377, "dsfb": 0.0, "oneh-out": 0.0, "oneh-in": 0.0}, "english-10k": {"sfR": 0.10567144593890508, "sfb": 0.4087146137666197, "roll-out": 0.0, "sft": 0.0, "sfT": 0.052874317361687344, "redirect": 0.0, "bad-redirect": 0.0, "roll-in": 0.0, "dsfb-red": 0.0, "alternate": 0.0, "unknown": 0.0, "dsfb-alt": 0.4327396229327879, "dsfb": 0.0, "oneh-out": 0.0, "oneh-in": 0.0}, "reddit": {"sfR": 0.10397777127267367, "sfb": 0.4076763349868908, "roll-out": 0.0, "sft": 0.0, "sfT": 0.046845664407422785, "redirect": 0.0, "bad-redirect": 0.0, "roll-in": 0.0, "dsfb-red": 0.0, "alternate": 0.0, "unknown": 0.041217688064775854, "dsfb-alt": 0.40028254126823687, "dsfb": 0.0, "oneh-out": 0.0, "oneh-in": 0.0}, "akl": {"sfR": 0.13064861186637447, "sfb": 0.3472364411041304, "roll-out": 0.0, "sft": 0.0, "sfT": 0.04778255076491895, "redirect": 0.0, "bad-redirect": 0.0, "roll-in": 0.0, "dsfb-red": 0.0, "alternate": 0.0, "unknown": 0.13295000147380848, "dsfb-alt": 0.34138239479076776, "dsfb": 0.0, "oneh-out": 0.0, "oneh-in": 0.0}, "french": {"sfR": 0.10898279115633469, "sfb": 0.3735179197693492, "roll-out": 0.0, "sft": 0.0, "sfT": 0.05718509265735159, "redirect": 0.0, "bad-redirect": 0.0, "roll-in": 0.0, "dsfb-red": 0.0, "alternate": 0.0, "unknown": 0.15822382396052298, "dsfb-alt": 0.30209037245644155, "dsfb": 0.0, "oneh-out": 0.0, "oneh-in": 0.0}, "keymash": {"sfR": 0.099723742164827, "sfb": 0.4290780869658023, "roll-out": 0.0, "sft": 0.0, "sfT": 0.04701719530566924, "redirect": 0.0, "bad-redirect": 0.0, "roll-in": 0.0, "dsfb-red": 0.0, "alternate": 0.0, "unknown": 0.013394194891077241, "dsfb-alt": 0.4107867806726242, "dsfb": 0.0, "oneh-out": 0.0, "oneh-in": 0.0}, "movie": {"sfR": 0.11567713207251198, "sfb": 0.4050620950981253, "roll-out": 0.0, "sft": 0.0, "sfT": 0.04405013930289203, "redirect": 0.0, "bad-redirect": 0.0, "roll-in": 0.0, "dsfb-red": 0.0, "alternate": 0.0, "unknown": 0.030451476652766863, "dsfb-alt": 0.40475915687370384, "dsfb": 0.0, "oneh-out": 0.0, "oneh-in": 0.0}, "dutch": {"sfR": 0.18880787437283908, "sfb": 0.37432939277831523, "roll-out": 0.0, "sft": 0.0, "sfT": 0.06539140108679978, "redirect": 0.0, "bad-redirect": 0.0, "roll-in": 0.0, "dsfb-red": 0.0, "alternate": 0.0, "unknown": 0.07325981014373002, "dsfb-alt": 0.2982115216183159, "dsfb": 0.0, "oneh-out": 0.0, "oneh-in": 0.0}}