{"monkeyracer": {"oneh-in": 0.01303724760310931, "unknown": 0.013391111562944773, "roll-in": 0.2200447315326024, "dsfb-red": 0.008015702957598887, "roll-out": 0.28780967984109357, "sfR": 0.09690789370786869, "dsfb-alt": 0.033523233808280026, "redirect": 0.022594507092919592, "sft": 0.0, "alternate": 0.25109971534479253, "oneh-out": 0.019082260662839984, "sfT": 2.248306927131395e-05, "sfb": 0.007482951968343838, "dsfb": 0.0, "bad-redirect": 0.02698848084833508}, "english-450k": {"oneh-in": 0.010680868455318683, "unknown": 0.00015377410175167997, "roll-in": 0.23538926773708255, "dsfb-red": 0.010881710295439224, "roll-out": 0.23413042499536632, "sfR": 0.11369548401129392, "dsfb-alt": 0.03728992732858134, "redirect": 0.0308021804349059, "sft": 0.0, "alternate": 0.2662192210610881, "oneh-out": 0.01675553016691214, "sfT": 0.00023475399944220346, "sfb": 0.022269471864893958, "dsfb": 0.0, "bad-redirect": 0.02149738554792402}, "shai": {"oneh-in": 0.012424751512013903, "unknown": 0.023260762136131256, "roll-in": 0.2300653936530869, "dsfb-red": 0.007517235704490263, "roll-out": 0.27164172368810946, "sfR": 0.09823378925716947, "dsfb-alt": 0.03483857918221668, "redirect": 0.022986930713180104, "sft": 0.0, "alternate": 0.2472704522464317, "oneh-out": 0.017026957861775625, "sfT": 4.491609418159896e-05, "sfb": 0.010365442451201112, "dsfb": 0.0, "bad-redirect": 0.024323065500011922}, "tr-quotes": {"oneh-in": 0.012931971059383741, "unknown": 0.013782621760939414, "roll-in": 0.21980190009477357, "dsfb-red": 0.007966759899216384, "roll-out": 0.2874575252536927, "sfR": 0.09677191928064538, "dsfb-alt": 0.033583366080303274, "redirect": 0.02253184161253785, "sft": 0.0, "alternate": 0.2515718545572224, "oneh-out": 0.01901828436698181, "sfT": 2.3115508194447656e-05, "sfb": 0.0076234946025288365, "dsfb": 0.0, "bad-redirect": 0.02693534592358013}, "gutenberg": {"oneh-in": 0.010344195259306745, "unknown": 0.03276706891672094, "roll-in": 0.2241876287933294, "dsfb-red": 0.010413529120032067, "roll-out": 0.2776300170909861, "sfR": 0.09863878308844841, "dsfb-alt": 0.030256652735486018, "redirect": 0.024494743697722553, "sft": 0.0, "alternate": 0.2336551106443389, "oneh-out": 0.024237109679726816, "sfT": 1.2881700899786807e-05, "sfb": 0.00870045233713836, "dsfb": 0.0, "bad-redirect": 0.024661826935863905}, "english-200": {"oneh-in": 0.013363028953229399, "unknown": 0.0, "roll-in": 0.22494432071269488, "dsfb-red": 0.011135857461024499, "roll-out": 0.2873051224944321, "sfR": 0.10690423162583519, "dsfb-alt": 0.031180400890868598, "redirect": 0.0066815144766146995, "sft": 0.0, "alternate": 0.2561247216035635, "oneh-out": 0.022271714922048998, "sfT": 0.0, "sfb": 0.0, "dsfb": 0.0, "bad-redirect": 0.0400890868596882}, "chained-bigrams": {"oneh-in": 0.009659056599240703, "unknown": 0.02260814007320261, "roll-in": 0.2043602108681918, "dsfb-red": 0.014270418522325369, "roll-out": 0.22954154543606978, "sfR": 0.11914286586209158, "dsfb-alt": 0.04449230541474662, "redirect": 0.027618824381910632, "sft": 0.0, "alternate": 0.2670421379266013, "oneh-out": 0.02147120755738717, "sfT": 4.6100633137005235e-05, "sfb": 0.01240236892323855, "dsfb": 0.0, "bad-redirect": 0.02734481780185688}, "english-5k": {"oneh-in": 0.015223793918778778, "unknown": 0.002157049819554486, "roll-in": 0.2597585763471191, "dsfb-red": 0.008462272369021445, "roll-out": 0.24407848342804994, "sfR": 0.10644211224955408, "dsfb-alt": 0.03625502965943502, "redirect": 0.02181938855933961, "sft": 0.0, "alternate": 0.26108599162069107, "oneh-out": 0.013771933463309412, "sfT": 4.148172729912474e-05, "sfb": 0.012237109553241797, "dsfb": 0.0, "bad-redirect": 0.01866677728460613}, "mt-quotes": {"oneh-in": 0.013137842005235415, "unknown": 0.007977133909467972, "roll-in": 0.21935848244701833, "dsfb-red": 0.008032416538171909, "roll-out": 0.29302632050776345, "sfR": 0.0964592223377679, "dsfb-alt": 0.03369999163289944, "redirect": 0.021797791085452004, "sft": 0.0, "alternate": 0.2526192013004865, "oneh-out": 0.019547638684691792, "sfT": 1.0458875700744673e-05, "sfb": 0.0065382914380655265, "dsfb": 0.0, "bad-redirect": 0.02779520923727902}, "wordle": {"oneh-in": 0.013889823852799282, "unknown": 0.0, "roll-in": 0.22562549085605296, "dsfb-red": 0.016201054639290922, "roll-out": 0.23329967463255918, "sfR": 0.13138112868843263, "dsfb-alt": 0.04380118927409402, "redirect": 0.027039156288567262, "sft": 0.0, "alternate": 0.23516212274206216, "oneh-out": 0.017682037473353528, "sfT": 0.00022439133849433412, "sfb": 0.02802647817794233, "dsfb": 0.0, "bad-redirect": 0.027667452036351396}, "english-1k": {"oneh-in": 0.016231474947071278, "unknown": 0.0, "roll-in": 0.2720536344389555, "dsfb-red": 0.008821453775582216, "roll-out": 0.25229357798165136, "sfR": 0.10832745236414962, "dsfb-alt": 0.02858151023288638, "redirect": 0.01587861679604799, "sft": 0.0, "alternate": 0.2392378263937897, "oneh-out": 0.019407198306280876, "sfT": 0.0, "sfb": 0.009880028228652082, "dsfb": 0.0, "bad-redirect": 0.02928722653493296}, "english-10k": {"oneh-in": 0.012446691495725672, "unknown": 0.0, "roll-in": 0.25590011771289634, "dsfb-red": 0.007931147604253102, "roll-out": 0.2516547345670674, "sfR": 0.10567144593890508, "dsfb-alt": 0.03757164084058586, "redirect": 0.023851334401111517, "sft": 0.0, "alternate": 0.2568456803226491, "oneh-out": 0.014183439146292044, "sfT": 3.859439223480828e-05, "sfb": 0.013257173732656644, "dsfb": 0.0, "bad-redirect": 0.02064799984562243}, "reddit": {"oneh-in": 0.013816241796592387, "unknown": 0.03771545738217256, "roll-in": 0.20936461551744515, "dsfb-red": 0.007135899428343687, "roll-out": 0.2723987746181825, "sfR": 0.10397777127267367, "dsfb-alt": 0.03784408613931498, "redirect": 0.0200678840700551, "sft": 0.0, "alternate": 0.24673220590265155, "oneh-out": 0.015855573204240105, "sfT": 6.648690854042132e-05, "sfb": 0.009997346142270373, "dsfb": 0.0, "bad-redirect": 0.025027657617517483}, "akl": {"oneh-in": 0.012692616451808946, "unknown": 0.13060016025844942, "roll-in": 0.17398898283076136, "dsfb-red": 0.006441518971003479, "roll-out": 0.2372412845353907, "sfR": 0.13064861186637447, "dsfb-alt": 0.033259817510144264, "redirect": 0.014114860157565814, "sft": 0.0, "alternate": 0.20966194243311523, "oneh-out": 0.012157943940081297, "sfT": 0.00013559532090394344, "sfb": 0.017983848294531816, "dsfb": 0.0, "bad-redirect": 0.021072817429869262}, "french": {"oneh-in": 0.01073517633616237, "unknown": 0.15805331565835973, "roll-in": 0.20759410508408235, "dsfb-red": 0.008799687622677847, "roll-out": 0.1859586525532356, "sfR": 0.10898279115633469, "dsfb-alt": 0.027421798062407837, "redirect": 0.028523802163446372, "sft": 0.0, "alternate": 0.18626161528817498, "oneh-out": 0.019804686867368467, "sfT": 4.076558212689458e-05, "sfb": 0.044521004634736565, "dsfb": 0.0, "bad-redirect": 0.013302598990886294}, "keymash": {"oneh-in": 0.012610164482191016, "unknown": 0.01232282349464109, "roll-in": 0.22148653807473329, "dsfb-red": 0.008025023295144347, "roll-out": 0.2841720269443749, "sfR": 0.099723742164827, "dsfb-alt": 0.03383234884837837, "redirect": 0.02270814775894554, "sft": 0.0, "alternate": 0.2504135657785094, "oneh-out": 0.019719801488426315, "sfT": 8.209742501426442e-06, "sfb": 0.0073477195387766665, "dsfb": 0.0, "bad-redirect": 0.027629888388550693}, "movie": {"oneh-in": 0.012940147065848532, "unknown": 0.03021933806550388, "roll-in": 0.19210836713533483, "dsfb-red": 0.010057233215978767, "roll-out": 0.2770459548864186, "sfR": 0.11567713207251198, "dsfb-alt": 0.039210891984625684, "redirect": 0.02276313612914696, "sft": 0.0, "alternate": 0.24444798588850059, "oneh-out": 0.020525709677533973, "sfT": 2.4345600138125093e-05, "sfb": 0.007690709284714424, "dsfb": 0.0, "bad-redirect": 0.02728904899374371}, "dutch": {"oneh-in": 0.00915967727295858, "unknown": 0.07289364539466019, "roll-in": 0.1958439359613877, "dsfb-red": 0.007615351757893826, "roll-out": 0.18920369665557335, "sfR": 0.18880787437283908, "dsfb-alt": 0.025530976540819147,