{"english-450k": {"sft": 0.0, "roll-out": 0.16167124968061178, "bad-redirect": 0.0028953967751875254, "dsfb-alt": 0.04446205667891207, "roll-in": 0.27571140986294224, "unknown": 0.00015377410175167997, "oneh-out": 0.004058057616758688, "oneh-in": 0.014917257254717152, "sfT": 2.368004228495452e-05, "dsfb-red": 0.02451790649716044, "alternate": 0.2656783805891478, "sfb": 0.03667366153677043, "sfR": 0.11369548401129392, "dsfb": 0.0, "redirect": 0.05554168535246135}, "shai": {"sft": 0.0, "roll-out": 0.14691963839234984, "bad-redirect": 0.003940203886943191, "dsfb-alt": 0.04432032215425096, "roll-in": 0.31952188143358706, "unknown": 0.023260762136131256, "oneh-out": 0.0052549391834923655, "oneh-in": 0.02178230467672333, "sfT": 8.66932868223727e-05, "dsfb-red": 0.02043886642847655, "alternate": 0.24915551550284507, "sfb": 0.022216912881432658, "sfR": 0.09823378925716947, "dsfb": 0.0, "redirect": 0.04486817077977591}, "tr-quotes": {"sft": 0.0, "roll-out": 0.15534661704537575, "bad-redirect": 0.003535516978340769, "dsfb-alt": 0.04465800605626315, "roll-in": 0.32577841473844804, "unknown": 0.013835787429786644, "oneh-out": 0.005128175492938212, "oneh-in": 0.026555095813781467, "sfT": 7.512540163195488e-05, "dsfb-red": 0.022060285245371118, "alternate": 0.2380042070224914, "sfb": 0.02186611497653776, "sfR": 0.09677191928064538, "dsfb": 0.0, "redirect": 0.046384734518388385}, "gutenberg": {"sft": 0.0, "roll-out": 0.14792113974258572, "bad-redirect": 0.0038016172596606126, "dsfb-alt": 0.041592738964076344, "roll-in": 0.3349694987843842, "unknown": 0.032975828246008664, "oneh-out": 0.005276950886242078, "oneh-in": 0.017581627360429612, "sfT": 0.00020629665117452697, "dsfb-red": 0.019171570237663593, "alternate": 0.23279393105183255, "sfb": 0.023633942978772093, "sfR": 0.09863878308844841, "dsfb": 0.0, "redirect": 0.04143607474872159}, "english-200": {"sft": 0.0, "roll-out": 0.155902004454343, "bad-redirect": 0.0022271714922048997, "dsfb-alt": 0.035634743875278395, "roll-in": 0.35634743875278396, "unknown": 0.0, "oneh-out": 0.0066815144766146995, "oneh-in": 0.015590200445434299, "sfT": 0.0, "dsfb-red": 0.0200445434298441, "alternate": 0.24944320712694878, "sfb": 0.008908685968819599, "sfR": 0.10690423162583519, "dsfb": 0.0, "redirect": 0.042316258351893093}, "monkeyracer": {"sft": 0.0, "roll-out": 0.15549290708040728, "bad-redirect": 0.0035190891033360966, "dsfb-alt": 0.04445684814739509, "roll-in": 0.3258725385926772, "unknown": 0.013436077701487402, "oneh-out": 0.005135915041368847, "oneh-in": 0.026928851838528552, "sfT": 7.820198007413547e-05, "dsfb-red": 0.022229890360823935, "alternate": 0.23765288487104494, "sfb": 0.02173819541110781, "sfR": 0.09690789370786869, "dsfb": 0.0, "redirect": 0.046550706163880066}, "chained-bigrams": {"sft": 0.0, "roll-out": 0.11810657557354706, "bad-redirect": 0.004090619560044127, "dsfb-alt": 0.048397223832858584, "roll-in": 0.3090216341830351, "unknown": 0.022916559801936097, "oneh-out": 0.00510158696559789, "oneh-in": 0.01754421277974481, "sfT": 8.440960996916452e-05, "dsfb-red": 0.024975504980491642, "alternate": 0.2503433198559323, "sfb": 0.023488597235650204, "sfR": 0.11914286586209158, "dsfb": 0.0, "redirect": 0.05678688975910147}, "english-5k": {"sft": 0.0, "roll-out": 0.15240386609698428, "bad-redirect": 0.0038163189115194758, "dsfb-alt": 0.04782843157589082, "roll-in": 0.2953498983697681, "unknown": 0.002157049819554486, "oneh-out": 0.004770398639399345, "oneh-in": 0.024764591197577467, "sfT": 0.0, "dsfb-red": 0.020989754013357117, "alternate": 0.26958974571701166, "sfb": 0.02372754801509935, "sfR": 0.10644211224955408, "dsfb": 0.0, "redirect": 0.04816028539428382}, "mt-quotes": {"sft": 0.0, "roll-out": 0.1563228385986302, "bad-redirect": 0.0035395823621520183, "dsfb-alt": 0.044471139479566345, "roll-in": 0.33055127239693527, "unknown": 0.007977133909467972, "oneh-out": 0.005195072973069889, "oneh-in": 0.027970021873991467, "sfT": 7.32121299052127e-05, "dsfb-red": 0.02238946462509413, "alternate": 0.23738211352960162, "sfb": 0.020983492905894026, "sfR": 0.0964592223377679, "dsfb": 0.0, "redirect": 0.046685432877924}, "wordle": {"sft": 0.0, "roll-out": 0.1853696847301694, "bad-redirect": 0.0038370918882531134, "dsfb-alt": 0.047256815886906764, "roll-in": 0.2519690339952878, "unknown": 0.0, "oneh-out": 0.007158083697969259, "oneh-in": 0.008347357791989229, "sfT": 0.0, "dsfb-red": 0.026545495343879726, "alternate": 0.24891731179176485, "sfb": 0.03276113542017278, "sfR": 0.13138112868843263, "dsfb": 0.0, "redirect": 0.05645686076517446}, "english-1k": {"sft": 0.0, "roll-out": 0.17854622441778406, "bad-redirect": 0.0038814396612561752, "dsfb-alt": 0.04269583627381793, "roll-in": 0.3175723359209598, "unknown": 0.0, "oneh-out": 0.007057163020465773, "oneh-in": 0.016231474947071278, "sfT": 0.0, "dsfb-red": 0.019407198306280876, "alternate": 0.24453069865913904, "sfb": 0.017642907551164433, "sfR": 0.10832745236414962, "dsfb": 0.0, "redirect": 0.04410726887791108}, "english-10k": {"sft": 0.0, "roll-out": 0.15731074274907855, "bad-redirect": 0.004245383145828911, "dsfb-alt": 0.044422145462264334, "roll-in": 0.302773007082071, "unknown": 0.0, "oneh-out": 0.004920785009938056, "oneh-in": 0.021998803573840722, "sfT": 1.929719611740414e-05, "dsfb-red": 0.022616313849597655, "alternate": 0.26392775129773643, "sfb": 0.025819648405086743, "sfR": 0.10567144593890508, "dsfb": 0.0, "redirect": 0.04627467628953513}, "reddit": {"sft": 0.0, "roll-out": 0.1471414843286611, "bad-redirect": 0.003439264770909524, "dsfb-alt": 0.04507119436895215, "roll-in": 0.30874999555193217, "unknown": 0.039285409944231534, "oneh-out": 0.005512195478253443, "oneh-in": 0.02257198706146031, "sfT": 0.0001816309969084524, "dsfb-red": 0.017967984025162392, "alternate": 0.23598597369702984, "sfb": 0.023617798039741192, "sfR": 0.10397777127267367, "dsfb": 0.0, "redirect": 0.04649731046408424}, "akl": {"sft": 0.0, "roll-out": 0.12711248454632135, "bad-redirect": 0.0038483819967265885, "dsfb-alt": 0.03636314176236312, "roll-in": 0.26458936348102247, "unknown": 0.13277008071454782, "oneh-out": 0.005874948944828493, "oneh-in": 0.018640156331917283, "sfT": 0.0002500656419221595, "dsfb-red": 0.015634303570399233, "alternate": 0.2017415993473042, "sfb": 0.023078704114925137, "sfR": 0.13064861186637447, "dsfb": 0.0, "redirect": 0.039448157681347684}, "french": {"sft": 0.0, "roll-out": 0.1332287990544902, "bad-redirect": 0.0034384217903767247, "dsfb-alt": 0.02855219274710329, "roll-in": 0.24030606517402311, "unknown": 0.15807953387545715, "oneh-out": 0.0077625998271725095, "oneh-in": 0.0196880083103658, "sfT": 0.0006705571204834795, "dsfb-red": 0.023273986226566776, "alternate": 0.19083633460755367, "sfb": 0.04578911237746598, "sfR": 0.10898279115633469, "dsfb": 0.0, "redirect": 0.039391597732606635}, "keymash": {"sft": 0.0, "roll-out": 0.15421590801804502, "bad-redirect": 0.00365744028438548, "dsfb-alt": 0.04442702154646919, "roll-in": 0.32821729546452777, "unknown": 0.01232282349464109, "oneh-out": 0.005471793377200724, "oneh-in": 0.025975625274513265, "sfT": 7.79925537635512e-05, "dsfb-red": 0.021883068637552183, "alternate": 0.23752427005126983, "sfb": 0.021538259452492273, "sfR": 0.099723742164827, "dsfb": 0.0, "redirect": 0.044964759680312626}, "movie": {"sft": 0.0, "roll-out": 0.15357665159564354, "bad-redirect": 0.004044133177539039, "dsfb-alt": 0.04642653307205021, "roll-in": 0.3039404735600861, "unknown": 0.030236445784519856, "oneh-out": 0.0056651553532224164, "oneh-in": 0.03350073017060739, "sfT": 5.316552678812182e-05, "dsfb-red": 0.02121909868903549, "alternate": 0.2182265901591926, "sfb": 0.02069178614982756, "sfR": 0.11567713207251198, "dsfb": 0.0, "redirect": 0.046742104688975744}, "dutch": {"sft": 0.0, "roll-out": 0.11345494882569256, "bad-redirect": 0.002547894137594962, "dsfb-alt": 0.03206736068642523, "roll-in": 0.28051719869783703, "unknown": 0.07290361491625476, "oneh-out": 0.0034113515339740676, "oneh-in": 0.007666436590668908,