{"english-450k": {"roll-in": 0.27571140986294224, "dsfb": 0.0, "unknown": 0.00015377410175167997, "sfb": 0.03667366153677043, "roll-out": 0.16167124968061178, "oneh-out": 0.004058057616758688, "redirect": 0.05554168535246135, "dsfb-red": 0.02451790649716044, "dsfb-alt": 0.04446205667891207, "alternate": 0.2656783805891478, "oneh-in": 0.014917257254717152, "sfT": 2.368004228495452e-05, "bad-redirect": 0.0028953967751875254, "sfR": 0.11369548401129392, "sft": 0.0}, "shai": {"roll-in": 0.31952188143358706, "dsfb": 0.0, "unknown": 0.023260762136131256, "sfb": 0.022216912881432658, "roll-out": 0.14691963839234984, "oneh-out": 0.0052549391834923655, "redirect": 0.04486817077977591, "dsfb-red": 0.02043886642847655, "dsfb-alt": 0.04432032215425096, "alternate": 0.24915551550284507, "oneh-in": 0.02178230467672333, "sfT": 8.66932868223727e-05, "bad-redirect": 0.003940203886943191, "sfR": 0.09823378925716947, "sft": 0.0}, "tr-quotes": {"roll-in": 0.32577841473844804, "dsfb": 0.0, "unknown": 0.013835787429786644, "sfb": 0.02186611497653776, "roll-out": 0.15534661704537575, "oneh-out": 0.005128175492938212, "redirect": 0.046384734518388385, "dsfb-red": 0.022060285245371118, "dsfb-alt": 0.04465800605626315, "alternate": 0.2380042070224914, "oneh-in": 0.026555095813781467, "sfT": 7.512540163195488e-05, "bad-redirect": 0.003535516978340769, "sfR": 0.09677191928064538, "sft": 0.0}, "gutenberg": {"roll-in": 0.3349694987843842, "dsfb": 0.0, "unknown": 0.032975828246008664, "sfb": 0.023633942978772093, "roll-out": 0.14792113974258572, "oneh-out": 0.005276950886242078, "redirect": 0.04143607474872159, "dsfb-red": 0.019171570237663593, "dsfb-alt": 0.041592738964076344, "alternate": 0.23279393105183255, "oneh-in": 0.017581627360429612, "sfT": 0.00020629665117452697, "bad-redirect": 0.0038016172596606126, "sfR": 0.09863878308844841, "sft": 0.0}, "english-200": {"roll-in": 0.35634743875278396, "dsfb": 0.0, "unknown": 0.0, "sfb": 0.008908685968819599, "roll-out": 0.155902004454343, "oneh-out": 0.0066815144766146995, "redirect": 0.042316258351893093, "dsfb-red": 0.0200445434298441, "dsfb-alt": 0.035634743875278395, "alternate": 0.24944320712694878, "oneh-in": 0.015590200445434299, "sfT": 0.0, "bad-redirect": 0.0022271714922048997, "sfR": 0.10690423162583519, "sft": 0.0}, "monkeyracer": {"roll-in": 0.3258725385926772, "dsfb": 0.0, "unknown": 0.013436077701487402, "sfb": 0.02173819541110781, "roll-out": 0.15549290708040728, "oneh-out": 0.005135915041368847, "redirect": 0.046550706163880066, "dsfb-red": 0.022229890360823935, "dsfb-alt": 0.04445684814739509, "alternate": 0.23765288487104494, "oneh-in": 0.026928851838528552, "sfT": 7.820198007413547e-05, "bad-redirect": 0.0035190891033360966, "sfR": 0.09690789370786869, "sft": 0.0}, "chained-bigrams": {"roll-in": 0.3090216341830351, "dsfb": 0.0, "unknown": 0.022916559801936097, "sfb": 0.023488597235650204, "roll-out": 0.11810657557354706, "oneh-out": 0.00510158696559789, "redirect": 0.05678688975910147, "dsfb-red": 0.024975504980491642, "dsfb-alt": 0.048397223832858584, "alternate": 0.2503433198559323, "oneh-in": 0.01754421277974481, "sfT": 8.440960996916452e-05, "bad-redirect": 0.004090619560044127, "sfR": 0.11914286586209158, "sft": 0.0}, "english-5k": {"roll-in": 0.2953498983697681, "dsfb": 0.0, "unknown": 0.002157049819554486, "sfb": 0.02372754801509935, "roll-out": 0.15240386609698428, "oneh-out": 0.004770398639399345, "redirect": 0.04816028539428382, "dsfb-red": 0.020989754013357117, "dsfb-alt": 0.04782843157589082, "alternate": 0.26958974571701166, "oneh-in": 0.024764591197577467, "sfT": 0.0, "bad-redirect": 0.0038163189115194758, "sfR": 0.10644211224955408, "sft": 0.0}, "mt-quotes": {"roll-in": 0.33055127239693527, "dsfb": 0.0, "unknown": 0.007977133909467972, "sfb": 0.020983492905894026, "roll-out": 0.1563228385986302, "oneh-out": 0.005195072973069889, "redirect": 0.046685432877924, "dsfb-red": 0.02238946462509413, "dsfb-alt": 0.044471139479566345, "alternate": 0.23738211352960162, "oneh-in": 0.027970021873991467, "sfT": 7.32121299052127e-05, "bad-redirect": 0.0035395823621520183, "sfR": 0.0964592223377679, "sft": 0.0}, "wordle": {"roll-in": 0.2519690339952878, "dsfb": 0.0, "unknown": 0.0, "sfb": 0.03276113542017278, "roll-out": 0.1853696847301694, "oneh-out": 0.007158083697969259, "redirect": 0.05645686076517446, "dsfb-red": 0.026545495343879726, "dsfb-alt": 0.047256815886906764, "alternate": 0.24891731179176485, "oneh-in": 0.008347357791989229, "sfT": 0.0, "bad-redirect": 0.0038370918882531134, "sfR": 0.13138112868843263, "sft": 0.0}, "english-1k": {"roll-in": 0.3175723359209598, "dsfb": 0.0, "unknown": 0.0, "sfb": 0.017642907551164433, "roll-out": 0.17854622441778406, "oneh-out": 0.007057163020465773, "redirect": 0.04410726887791108, "dsfb-red": 0.019407198306280876, "dsfb-alt": 0.04269583627381793, "alternate": 0.24453069865913904, "oneh-in": 0.016231474947071278, "sfT": 0.0, "bad-redirect": 0.0038814396612561752, "sfR": 0.10832745236414962, "sft": 0.0}, "english-10k": {"roll-in": 0.302773007082071, "dsfb": 0.0, "unknown": 0.0, "sfb": 0.025819648405086743, "roll-out": 0.15731074274907855, "oneh-out": 0.004920785009938056, "redirect": 0.04627467628953513, "dsfb-red": 0.022616313849597655, "dsfb-alt": 0.044422145462264334, "alternate": 0.26392775129773643, "oneh-in": 0.021998803573840722, "sfT": 1.929719611740414e-05, "bad-redirect": 0.004245383145828911, "sfR": 0.10567144593890508, "sft": 0.0}, "reddit": {"roll-in": 0.30874999555193217, "dsfb": 0.0, "unknown": 0.039285409944231534, "sfb": 0.023617798039741192, "roll-out": 0.1471414843286611, "oneh-out": 0.005512195478253443, "redirect": 0.04649731046408424, "dsfb-red": 0.017967984025162392, "dsfb-alt": 0.04507119436895215, "alternate": 0.23598597369702984, "oneh-in": 0.02257198706146031, "sfT": 0.0001816309969084524, "bad-redirect": 0.003439264770909524, "sfR": 0.10397777127267367, "sft": 0.0}, "akl": {"roll-in": 0.26458936348102247, "dsfb": 0.0, "unknown": 0.13277008071454782, "sfb": 0.023078704114925137, "roll-out": 0.12711248454632135, "oneh-out": 0.005874948944828493, "redirect": 0.039448157681347684, "dsfb-red": 0.015634303570399233, "dsfb-alt": 0.03636314176236312, "alternate": 0.2017415993473042, "oneh-in": 0.018640156331917283, "sfT": 0.0002500656419221595, "bad-redirect": 0.0038483819967265885, "sfR": 0.13064861186637447, "sft": 0.0}, "french": {"roll-in": 0.24030606517402311, "dsfb": 0.0, "unknown": 0.15807953387545715, "sfb": 0.04578911237746598, "roll-out": 0.1332287990544902, "oneh-out": 0.0077625998271725095, "redirect": 0.039391597732606635, "dsfb-red": 0.023273986226566776, "dsfb-alt": 0.02855219274710329, "alternate": 0.19083633460755367, "oneh-in": 0.0196880083103658, "sfT": 0.0006705571204834795, "bad-redirect": 0.0034384217903767247, "sfR": 0.10898279115633469, "sft": 0.0}, "keymash": {"roll-in": 0.32821729546452777, "dsfb": 0.0, "unknown": 0.01232282349464109, "sfb": 0.021538259452492273, "roll-out": 0.15421590801804502, "oneh-out": 0.005471793377200724, "redirect": 0.044964759680312626, "dsfb-red": 0.021883068637552183, "dsfb-alt": 0.04442702154646919, "alternate": 0.23752427005126983, "oneh-in": 0.025975625274513265, "sfT": 7.79925537635512e-05, "bad-redirect": 0.00365744028438548, "sfR": 0.099723742164827, "sft": 0.0}, "movie": {"roll-in": 0.3039404735600861, "dsfb": 0.0, "unknown": 0.030236445784519856, "sfb": 0.02069178614982756, "roll-out": 0.15357665159564354, "oneh-out": 0.0056651553532224164, "redirect": 0.046742104688975744, "dsfb-red": 0.02121909868903549, "dsfb-alt": 0.04642653307205021, "alternate": 0.2182265901591926, "oneh-in": 0.03350073017060739, "sfT": 5.316552678812182e-05, "bad-redirect": 0.004044133177539039, "sfR": 0.11567713207251198, "sft": 0.0}, "dutch": {"roll-in": 0.28051719869783703, "dsfb": 0.0, "unknown": 0.07290361491625476, "sfb": 0.038726212156655324, "roll-out": 0.11345494882569256, "oneh-out": 0.0034113515339740676, "redirect": 0.04564617185253327, "dsfb-red": 0.041619883730275094,