{"english-450k": {"oneh-in": 0.01160935998984974, "dsfb-red": 0.0377214303213294, "roll-out": 0.18206152016516391, "sfb": 0.044692133139137495, "sft": 0.0, "bad-redirect": 0.0029658522096402914, "redirect": 0.05357799592001642, "oneh-out": 0.007552764104096297, "dsfb-alt": 0.03685286975801336, "alternate": 0.2506251823509429, "unknown": 0.00015377410175167997, "sfR": 0.11369548401129392, "dsfb": 0.0, "roll-in": 0.2584325799961527, "sfT": 5.905393261186189e-05}, "shai": {"oneh-in": 0.013404208775424328, "dsfb-red": 0.037908660984080855, "roll-out": 0.17210313447379316, "sfb": 0.025576509002725695, "sft": 0.0, "bad-redirect": 0.002361657655838914, "redirect": 0.038160814247315406, "oneh-out": 0.006850615843967411, "dsfb-alt": 0.037829840108767776, "alternate": 0.2427796827069825, "unknown": 0.023621906111313578, "sfR": 0.09823378925716947, "dsfb": 0.0, "roll-in": 0.3010624078649184, "sfT": 0.00010677296770252224}, "tr-quotes": {"oneh-in": 0.010018261251473613, "dsfb-red": 0.04476087006772844, "roll-out": 0.18606134855874806, "sfb": 0.028702526525045652, "sft": 0.0, "bad-redirect": 0.002140496058805853, "redirect": 0.039724000832158296, "oneh-out": 0.009700423013799959, "dsfb-alt": 0.037366218996324634, "alternate": 0.23059684242158063, "unknown": 0.01476965396084233, "sfR": 0.09677191928064538, "dsfb": 0.0, "roll-in": 0.2993654793000624, "sfT": 2.195973278472527e-05}, "gutenberg": {"oneh-in": 0.010641232127113593, "dsfb-red": 0.0403998555734005, "roll-out": 0.17022144780467402, "sfb": 0.027013305660408812, "sft": 0.0, "bad-redirect": 0.0020758482126450564, "redirect": 0.033593392142086675, "oneh-out": 0.007121307356246848, "dsfb-alt": 0.0378905760128332, "alternate": 0.2162788327511941, "unknown": 0.03802431837805746, "sfR": 0.09863878308844841, "dsfb": 0.0, "roll-in": 0.3180692755141977, "sfT": 3.182537869359094e-05}, "english-200": {"oneh-in": 0.008908685968819599, "dsfb-red": 0.0556792873051225, "roll-out": 0.1915367483296214, "sfb": 0.015590200445434299, "sft": 0.0, "bad-redirect": 0.0, "redirect": 0.028953229398663696, "oneh-out": 0.008908685968819599, "dsfb-alt": 0.031180400890868598, "alternate": 0.24053452115812918, "unknown": 0.0, "sfR": 0.10690423162583519, "dsfb": 0.0, "roll-in": 0.311804008908686, "sfT": 0.0}, "monkeyracer": {"oneh-in": 0.00995999968719208, "dsfb-red": 0.04453993775122386, "roll-out": 0.1866319580211771, "sfb": 0.028828182429579116, "sft": 0.0, "bad-redirect": 0.0021603296995479923, "redirect": 0.03988300983780909, "oneh-out": 0.009775247509266935, "dsfb-alt": 0.03738152400018768, "alternate": 0.22999495597228523, "unknown": 0.014352018393105714, "sfR": 0.09690789370786869, "dsfb": 0.0, "roll-in": 0.29955952734723246, "sfT": 2.541564352409403e-05}, "chained-bigrams": {"oneh-in": 0.014310026108541669, "dsfb-red": 0.03595135149525131, "roll-out": 0.14003099780599945, "sfb": 0.025152115856734814, "sft": 0.0, "bad-redirect": 0.00268227768294322, "redirect": 0.056146675332719956, "oneh-out": 0.006909251228322151, "dsfb-alt": 0.0467265628601612, "alternate": 0.24193871992177177, "unknown": 0.02365222201805197, "sfR": 0.11914286586209158, "dsfb": 0.0, "roll-in": 0.28725629160014, "sfT": 0.00010064222727092693}, "english-5k": {"oneh-in": 0.022814950014518606, "dsfb-red": 0.035259468204256024, "roll-out": 0.1624839258306716, "sfb": 0.025718670925457335, "sft": 0.0, "bad-redirect": 0.003442983365827353, "redirect": 0.04073505620774049, "oneh-out": 0.005682996639980089, "dsfb-alt": 0.03845356120628863, "alternate": 0.2675986228066537, "unknown": 0.002157049819554486, "sfR": 0.10644211224955408, "dsfb": 0.0, "roll-in": 0.28916912100219855, "sfT": 4.148172729912474e-05}, "mt-quotes": {"oneh-in": 0.009779048780196269, "dsfb-red": 0.04546323854603698, "roll-out": 0.1892234733029727, "sfb": 0.028237470266910508, "sft": 0.0, "bad-redirect": 0.0021380930182522324, "redirect": 0.03941053776550603, "oneh-out": 0.010116721052820311, "dsfb-alt": 0.03746817513536774, "alternate": 0.22933923811572896, "unknown": 0.008869126594231481, "sfR": 0.0964592223377679, "dsfb": 0.0, "roll-in": 0.3034777255830076, "sfT": 1.792950120127658e-05}, "wordle": {"oneh-in": 0.007853696847301694, "dsfb-red": 0.0392909233703579, "roll-out": 0.2054527095254123, "sfb": 0.03682261864692023, "sft": 0.0, "bad-redirect": 0.002019522046449007, "redirect": 0.053651969033995286, "oneh-out": 0.008706383933580164, "dsfb-alt": 0.04272411084932121, "alternate": 0.2296869740828004, "unknown": 0.0, "sfR": 0.13138112868843263, "dsfb": 0.0, "roll-in": 0.24238752384157972, "sfT": 2.2439133849433412e-05}, "english-1k": {"oneh-in": 0.013408609738884969, "dsfb-red": 0.04693013408609739, "roll-out": 0.18807339449541285, "sfb": 0.020112914608327453, "sft": 0.0, "bad-redirect": 0.004234297812279464, "redirect": 0.03881439661256175, "oneh-out": 0.009880028228652082, "dsfb-alt": 0.035285815102328866, "alternate": 0.23782639378969656, "unknown": 0.0, "sfR": 0.10832745236414962, "dsfb": 0.0, "roll-in": 0.29710656316160905, "sfT": 0.0}, "english-10k": {"oneh-in": 0.020204164334922135, "dsfb-red": 0.035448949267671406, "roll-out": 0.1682329557515293, "sfb": 0.02572316242449972, "sft": 0.0, "bad-redirect": 0.0036664672623067866, "redirect": 0.041083730533953415, "oneh-out": 0.006020725188630092, "dsfb-alt": 0.03761023523282067, "alternate": 0.25979815132861195, "unknown": 0.0, "sfR": 0.10567144593890508, "dsfb": 0.0, "roll-in": 0.29642422955944503, "sfT": 0.00011578317670442484}, "reddit": {"oneh-in": 0.009500848129479789, "dsfb-red": 0.03672549540706563, "roll-out": 0.17278969891169357, "sfb": 0.028148983864657376, "sft": 0.0, "bad-redirect": 0.0015026415904267842, "redirect": 0.04083730803309812, "oneh-out": 0.008533210772677139, "dsfb-alt": 0.036506669198787804, "alternate": 0.23172687852205034, "unknown": 0.041217688064775854, "sfR": 0.10397777127267367, "dsfb": 0.0, "roll-in": 0.28837020360164267, "sfT": 0.00016260263097125013}, "akl": {"oneh-in": 0.0077853901625644095, "dsfb-red": 0.03354785873665632, "roll-out": 0.15824900484572907, "sfb": 0.026833444299292773, "sft": 0.0, "bad-redirect": 0.0015706869798076874, "redirect": 0.03414316370419634, "oneh-out": 0.006715971016302496, "dsfb-alt": 0.030039922790719716, "alternate": 0.19592668987583517, "unknown": 0.13295000147380848, "sfR": 0.13064861186637447, "dsfb": 0.0, "roll-in": 0.24136510688150453, "sfT": 0.00022414736720855957}, "french": {"oneh-in": 0.0233228719650747, "dsfb-red": 0.02814483656260117, "roll-out": 0.1527103276688351, "sfb": 0.02902605331200279, "sft": 0.0, "bad-redirect": 0.0035478641194605044, "redirect": 0.04167231294699157, "oneh-out": 0.008753004214406107, "dsfb-alt": 0.02781217982406917, "alternate": 0.17704863867301182, "unknown": 0.15822382396052298, "sfR": 0.10898279115633469, "dsfb": 0.0, "roll-in": 0.24069667166325956, "sfT": 5.862393342981937e-05}, "keymash": {"oneh-in": 0.010093878405503812, "dsfb-red": 0.04494423532405906, "roll-out": 0.18484235241961636, "sfb": 0.02763809813105212, "sft": 0.0, "bad-redirect": 0.002372615582912242, "redirect": 0.03930003735432838, "oneh-out": 0.00972443999293962, "dsfb-alt": 0.038089100335367984, "alternate": 0.2282636805096608, "unknown": 0.013394194891077241, "sfR": 0.099723742164827, "dsfb": 0.0, "roll-in": 0.30157668104739893, "sfT": 3.694384125641899e-05}, "movie": {"oneh-in": 0.007059960844379108, "dsfb-red": 0.04460798254065156, "roll-out": 0.19302507767891416, "sfb": 0.024712494912098565, "sft": 0.0, "bad-redirect": 0.0013234794626439136, "redirect": 0.04440426908652281, "oneh-out": 0.013448904309816054, "dsfb-alt": 0.038655154312283516, "alternate": 0.22359565037559997, "unknown": 0.030451476652766863, "sfR": 0.11567713207251198, "dsfb": 0.0, "roll-in": 0.26300670267271264, "sfT": 3.171507909885485e-05}, "dutch": {"oneh-in": 0.005815386909422844, "dsfb-red": 0.04424294375730254, "roll-out": 0.12490038995532686, "sfb": 0.05519345910446657, "sft": 0.0, "bad-redirect": 0.0018999648879187293, "redirect": 0.043823058348705105, "oneh-out": 0.004222845488660584,