{"english-450k": {"oneh-out": 0.004385193015732318, "roll-in": 0.2693701284159923, "dsfb-alt": 0.035253736038276307, "bad-redirect": 0.0030488785307381566, "dsfb-red": 0.034200120329696354, "unknown": 0.00015377410175167997, "dsfb": 0.0, "sfR": 0.11369548401129392, "oneh-in": 0.015983443849942203, "sft": 0.0, "alternate": 0.26105901826637534, "redirect": 0.058608104655262436, "sfT": 1.9587195470271023e-05, "sfb": 0.03705926617595382, "roll-out": 0.16716326541351492}, "shai": {"oneh-out": 0.006600800307651055, "roll-in": 0.31801811924141227, "dsfb-alt": 0.04053965651824836, "bad-redirect": 0.00401521240958338, "dsfb-red": 0.025828921583350182, "unknown": 0.023621906111313578, "dsfb": 0.0, "sfR": 0.09823378925716947, "oneh-in": 0.021809656855748007, "sft": 0.0, "alternate": 0.24685321056603027, "redirect": 0.043596083517848626, "sfT": 7.287979779745872e-05, "sfb": 0.021127419895697126, "roll-out": 0.14968234393815025}, "tr-quotes": {"oneh-out": 0.007249023369778784, "roll-in": 0.3272370033055177, "dsfb-alt": 0.038258477612630314, "bad-redirect": 0.0037909433438894154, "dsfb-red": 0.025171632648343774, "unknown": 0.01476965396084233, "dsfb": 0.0, "sfR": 0.09677191928064538, "oneh-in": 0.026293890571184208, "sft": 0.0, "alternate": 0.232893368160699, "redirect": 0.047450359446152425, "sfT": 7.39696262222325e-05, "sfb": 0.02196897898800305, "roll-out": 0.1580707796860914}, "gutenberg": {"oneh-out": 0.005993779653959626, "roll-in": 0.3381726852625385, "dsfb-alt": 0.03711540071751074, "bad-redirect": 0.0038050271216634973, "dsfb-red": 0.024543997259986444, "unknown": 0.03802431837805746, "dsfb": 0.0, "sfR": 0.09863878308844841, "oneh-in": 0.017388780720488686, "sft": 0.0, "alternate": 0.22274563603966502, "redirect": 0.04048491268669468, "sfT": 0.00012161841143622251, "sfb": 0.022907642372157644, "roll-out": 0.15005741828739302}, "english-200": {"oneh-out": 0.011135857461024499, "roll-in": 0.34966592427616927, "dsfb-alt": 0.028953229398663696, "bad-redirect": 0.0022271714922048997, "dsfb-red": 0.024498886414253896, "unknown": 0.0, "dsfb": 0.0, "sfR": 0.10690423162583519, "oneh-in": 0.015590200445434299, "sft": 0.0, "alternate": 0.24944320712694878, "redirect": 0.0400890868596882, "sfT": 0.0, "sfb": 0.008908685968819599, "roll-out": 0.16258351893095768}, "monkeyracer": {"oneh-out": 0.007246390978619579, "roll-in": 0.3276164427483304, "dsfb-alt": 0.03816745389993274, "bad-redirect": 0.003788885934591864, "dsfb-red": 0.02492199352487605, "unknown": 0.014352018393105714, "dsfb": 0.0, "sfR": 0.09690789370786869, "oneh-in": 0.026643414611257958, "sft": 0.0, "alternate": 0.23273886794813645, "redirect": 0.04752725339005583, "sfT": 7.722445532320879e-05, "sfb": 0.02185354333171716, "roll-out": 0.15815861707618437}, "chained-bigrams": {"oneh-out": 0.005352218576737101, "roll-in": 0.3047738828875099, "dsfb-alt": 0.04284566871565584, "bad-redirect": 0.0038705052694322285, "dsfb-red": 0.03011864744638204, "unknown": 0.02365222201805197, "dsfb": 0.0, "sfR": 0.11914286586209158, "oneh-in": 0.01754680999851309, "sft": 0.0, "alternate": 0.24981543514127896, "redirect": 0.0575212533658332, "sfT": 8.116308650881204e-05, "sfb": 0.022465942345639173, "roll-out": 0.1228133852863661}, "english-5k": {"oneh-out": 0.005558551458082714, "roll-in": 0.29120172563985564, "dsfb-alt": 0.03978097647986062, "bad-redirect": 0.0038163189115194758, "dsfb-red": 0.02978388020077156, "unknown": 0.002157049819554486, "dsfb": 0.0, "sfR": 0.10644211224955408, "oneh-in": 0.024764591197577467, "sft": 0.0, "alternate": 0.2762683038121707, "redirect": 0.045754345210934584, "sfT": 0.0, "sfb": 0.020450491558468495, "roll-out": 0.15402165346165014}, "mt-quotes": {"oneh-out": 0.007457178374630951, "roll-in": 0.3332511564528275, "dsfb-alt": 0.03772217640238582, "bad-redirect": 0.0038055366299709543, "dsfb-red": 0.024331827255232426, "unknown": 0.008869126594231481, "dsfb": 0.0, "sfR": 0.0964592223377679, "oneh-in": 0.02760545534956551, "sft": 0.0, "alternate": 0.2317358147762996, "redirect": 0.04787176820740847, "sfT": 7.620038010542547e-05, "sfb": 0.02130771805261711, "roll-out": 0.1595068191869569}, "wordle": {"oneh-out": 0.008526870862784697, "roll-in": 0.24792998990238976, "dsfb-alt": 0.038303601480982837, "bad-redirect": 0.0041736788959946146, "dsfb-red": 0.03433187478963312, "unknown": 0.0, "dsfb": 0.0, "sfR": 0.13138112868843263, "oneh-in": 0.009042970941321666, "sft": 0.0, "alternate": 0.24261191518007405, "redirect": 0.0570851565129586, "sfT": 0.0, "sfb": 0.033456748569505215, "roll-out": 0.19315606417592282}, "english-1k": {"oneh-out": 0.008821453775582216, "roll-in": 0.30522230063514466, "dsfb-alt": 0.03458009880028229, "bad-redirect": 0.0038814396612561752, "dsfb-red": 0.03140437544107269, "unknown": 0.0, "dsfb": 0.0, "sfR": 0.10832745236414962, "oneh-in": 0.016231474947071278, "sft": 0.0, "alternate": 0.25052928722653495, "redirect": 0.04410726887791108, "sfT": 0.0, "sfb": 0.016231474947071278, "roll-out": 0.1806633733239238}, "english-10k": {"oneh-out": 0.005596186874047201, "roll-in": 0.3010169622353872, "dsfb-alt": 0.03926979409891743, "bad-redirect": 0.004399760714768144, "dsfb-red": 0.030180814727620076, "unknown": 0.0, "dsfb": 0.0, "sfR": 0.10567144593890508, "oneh-in": 0.02213388394666255, "sft": 0.0, "alternate": 0.2666486559502904, "redirect": 0.044460739854499144, "sfT": 0.0, "sfb": 0.023098743752532756, "roll-out": 0.15752301190637}, "reddit": {"oneh-out": 0.0076109718007482865, "roll-in": 0.3105884053948414, "dsfb-alt": 0.03961795685917342, "bad-redirect": 0.0035108084302403436, "dsfb-red": 0.02230525282162012, "unknown": 0.041217688064775854, "dsfb": 0.0, "sfR": 0.10397777127267367, "oneh-in": 0.02245650585637292, "sft": 0.0, "alternate": 0.22808766607914713, "redirect": 0.04805853544885312, "sfT": 0.0001352212618765752, "sfb": 0.022314654632348933, "roll-out": 0.1501185620773282}, "akl": {"oneh-out": 0.007755395133486898, "roll-in": 0.26090716481673026, "dsfb-alt": 0.032889870582320874, "bad-redirect": 0.004043942668183351, "dsfb-red": 0.022702703824561396, "unknown": 0.13295000147380848, "dsfb": 0.0, "sfR": 0.13064861186637447, "oneh-in": 0.018920389956132395, "sft": 0.0, "alternate": 0.19115730729929525, "redirect": 0.04107216366671491, "sfT": 0.00015466958980661185, "sfb": 0.023660024579616825, "roll-out": 0.13313775454296828}, "french": {"oneh-out": 0.007838437892856574, "roll-in": 0.24131549649595027, "dsfb-alt": 0.024649723495940662, "bad-redirect": 0.0035823373294840196, "dsfb-red": 0.03057006658962706, "unknown": 0.15822382396052298, "dsfb": 0.0, "sfR": 0.10898279115633469, "oneh-in": 0.01795276684815216, "sft": 0.0, "alternate": 0.1903460839115087, "redirect": 0.037174974822646124, "sfT": 0.0004137833931505702, "sfb": 0.041577567801320686, "roll-out": 0.13737214630250552}, "keymash": {"oneh-out": 0.007351824410027379, "roll-in": 0.32845537799706914, "dsfb-alt": 0.03765398398279238, "bad-redirect": 0.0039037325594282737, "dsfb-red": 0.026451790339596, "unknown": 0.013394194891077241, "dsfb": 0.0, "sfR": 0.099723742164827, "oneh-in": 0.02562671121820264, "sft": 0.0, "alternate": 0.2335343351955766, "redirect": 0.046130543115515184, "sfT": 8.209742501426443e-05, "sfb": 0.021620356877506536, "roll-out": 0.1560713098233674}, "movie": {"oneh-out": 0.008784813714705623, "roll-in": 0.3053881813823537, "dsfb-alt": 0.04055832225389197, "bad-redirect": 0.004067952386322826, "dsfb-red": 0.025248361310814486, "unknown": 0.030451476652766863, "dsfb": 0.0, "sfR": 0.11567713207251198, "oneh-in": 0.033187000923422035, "sft": 0.0, "alternate": 0.21406928284047091, "redirect": 0.04742944019990238, "sfT": 5.184954840227722e-05, "sfb": 0.021837871726059624, "roll-out": 0.1532483149883753}, "dutch": {"oneh-out": 0.0037052193206889915, "roll-in": 0.28906837653764184, "dsfb-alt": 0.031215934852977707, "bad-redirect": 0.0025106698087634174, "dsfb-red": 0.034846831031563254, "unknown": 0.07325981014373002, "dsfb": 0.0, "sfR": 0.18880787437283908, "oneh-in": 0.007697707895814483, "sft": 0.0,