{"english-450k": {"bad-redirect": 0.018276899797170204, "dsfb-red": 0.018403485702224345, "sfb": 0.031208249308162715, "alternate": 0.2600612406821957, "sft": 0.0, "unknown": 0.0, "oneh-in": 0.016077286980478875, "dsfb-alt": 0.037468258511221125, "sfR": 0.11369548401129392, "roll-in": 0.26688196989886576, "dsfb": 0.0, "redirect": 0.059317044192805826, "oneh-out": 0.008245624600582003, "sfT": 0.00045225957302252645, "roll-out": 0.169912196741977}, "shai": {"bad-redirect": 0.01509614250287881, "dsfb-red": 0.01977712328304795, "sfb": 0.018791457883914363, "alternate": 0.25282449662237166, "sft": 0.0, "unknown": 0.015933861525442673, "oneh-in": 0.01767348255978311, "dsfb-alt": 0.042526883085477515, "sfR": 0.09823378925716947, "roll-in": 0.30062796221737886, "dsfb": 0.0, "redirect": 0.04425526445264834, "oneh-out": 0.009465893647977959, "sfT": 0.00012057484550102133, "roll-out": 0.16467306811640828}, "tr-quotes": {"bad-redirect": 0.014589352996925637, "dsfb-red": 0.02477751323362844, "sfb": 0.018678486396523426, "alternate": 0.23951942858463743, "sft": 0.0, "unknown": 0.010677053235015372, "oneh-in": 0.014509604493654793, "dsfb-alt": 0.04487991493492984, "sfR": 0.09677191928064538, "roll-in": 0.29559649568895774, "dsfb": 0.0, "redirect": 0.04297172973347819, "oneh-out": 0.013170060793786551, "sfT": 5.200989343750722e-05, "roll-out": 0.1838064307343797}, "gutenberg": {"bad-redirect": 0.01307208486161454, "dsfb-red": 0.020509751637017917, "sfb": 0.018499448549539423, "alternate": 0.23122482622017176, "sft": 0.0, "unknown": 0.03071490030131814, "oneh-in": 0.014106030795600369, "dsfb-alt": 0.04036121047070114, "sfR": 0.09863878308844841, "roll-in": 0.3150845096410059, "dsfb": 0.0, "redirect": 0.039242775733754946, "oneh-out": 0.01061243773686701, "sfT": 5.22845507108994e-05, "roll-out": 0.16788095641324952}, "english-200": {"bad-redirect": 0.011135857461024499, "dsfb-red": 0.026726057906458798, "sfb": 0.011135857461024499, "alternate": 0.22717149220489977, "sft": 0.0, "unknown": 0.0, "oneh-in": 0.0200445434298441, "dsfb-alt": 0.053452115812917596, "sfR": 0.10690423162583519, "roll-in": 0.30734966592427615, "dsfb": 0.0, "redirect": 0.053452115812917596, "oneh-out": 0.011135857461024499, "sfT": 0.0, "roll-out": 0.1714922048997773}, "monkeyracer": {"bad-redirect": 0.01475769116474029, "dsfb-red": 0.024787095109248165, "sfb": 0.0185152963073025, "alternate": 0.2388308021959116, "sft": 0.0, "unknown": 0.010282582854997889, "oneh-in": 0.01446541126421321, "dsfb-alt": 0.04483515022600372, "sfR": 0.09690789370786869, "roll-in": 0.2956220576504997, "dsfb": 0.0, "redirect": 0.042910403991429064, "oneh-out": 0.013269898493829865, "sfT": 5.083128704818806e-05, "roll-out": 0.1847648857469071}, "chained-bigrams": {"bad-redirect": 0.01787146234454834, "dsfb-red": 0.023610666517759456, "sfb": 0.019956379710786704, "alternate": 0.25159128347409176, "sft": 0.0, "unknown": 0.016831276227851404, "oneh-in": 0.017375393559806482, "dsfb-alt": 0.04600128951911845, "sfR": 0.11914286586209158, "roll-in": 0.2908865541335061, "dsfb": 0.0, "redirect": 0.05264237790961549, "oneh-out": 0.008449401957913369, "sfT": 0.00011038179765198437, "roll-out": 0.13553066698525884}, "english-5k": {"bad-redirect": 0.01787862446592276, "dsfb-red": 0.01717343510183764, "sfb": 0.01953789355788775, "alternate": 0.27581200481188034, "sft": 0.0, "unknown": 0.0, "oneh-in": 0.02775127556311445, "dsfb-alt": 0.03878541502468163, "sfR": 0.10644211224955408, "roll-in": 0.29389803791429875, "dsfb": 0.0, "redirect": 0.04521508275604596, "oneh-out": 0.007342265731945078, "sfT": 8.296345459824948e-05, "roll-out": 0.1500808893682333}, "mt-quotes": {"bad-redirect": 0.014744026487849775, "dsfb-red": 0.025090842806086467, "sfb": 0.017499193172445943, "alternate": 0.23751658478861118, "sft": 0.0, "unknown": 0.006119936410035739, "oneh-in": 0.014455660343529244, "dsfb-alt": 0.04621179522119028, "sfR": 0.0964592223377679, "roll-in": 0.298721925389369, "dsfb": 0.0, "redirect": 0.042262822581609114, "oneh-out": 0.013683197666774243, "sfT": 3.137662710223402e-05, "roll-out": 0.1872034161676289}, "wordle": {"bad-redirect": 0.01682935038707506, "dsfb-red": 0.025894760462246157, "sfb": 0.03406260518343992, "alternate": 0.2375406709301021, "sft": 0.0, "unknown": 0.0, "oneh-in": 0.01079322338157747, "dsfb-alt": 0.039627510378099404, "sfR": 0.13138112868843263, "roll-in": 0.2403680017951307, "dsfb": 0.0, "redirect": 0.059082239425558174, "oneh-out": 0.009873218893750701, "sfT": 0.00029170874004263433, "roll-out": 0.19425558173454505}, "english-1k": {"bad-redirect": 0.016231474947071278, "dsfb-red": 0.022935779816513763, "sfb": 0.0187014820042343, "alternate": 0.2268877911079746, "sft": 0.0, "unknown": 0.0, "oneh-in": 0.01834862385321101, "dsfb-alt": 0.03634438955539873, "sfR": 0.10832745236414962, "roll-in": 0.30875088214537755, "dsfb": 0.0, "redirect": 0.0497529992942837, "oneh-out": 0.011291460832745237, "sfT": 0.0, "roll-out": 0.18242766407904024}, "english-10k": {"bad-redirect": 0.017020126975550453, "dsfb-red": 0.017734123231894407, "sfb": 0.020319947511626562, "alternate": 0.2681345400513305, "sft": 0.0, "unknown": 0.0, "oneh-in": 0.0242372783234596, "dsfb-alt": 0.03747515485999884, "sfR": 0.10567144593890508, "roll-in": 0.29818027440612876, "dsfb": 0.0, "redirect": 0.04837807066633218, "oneh-out": 0.00764168966249204, "sfT": 3.859439223480828e-05, "roll-out": 0.1551687539800467}, "reddit": {"bad-redirect": 0.014702109620243634, "dsfb-red": 0.0213754474522123, "sfb": 0.020674244675943743, "alternate": 0.2376382951108524, "sft": 0.0, "unknown": 0.035133705173074785, "oneh-in": 0.014864674793801623, "dsfb-alt": 0.04571546187706215, "sfR": 0.10397777127267367, "roll-in": 0.2841603274676897, "dsfb": 0.0, "redirect": 0.041990734159681325, "oneh-out": 0.011533886691699457, "sfT": 0.00012139947638282001, "roll-out": 0.16811194222868237}, "akl": {"bad-redirect": 0.01133241353519016, "dsfb-red": 0.018902155745704714, "sfb": 0.021876086285173218, "alternate": 0.20839592489610392, "sft": 0.0, "unknown": 0.1250039130664993, "oneh-in": 0.012300111483171911, "dsfb-alt": 0.03742341909580899, "sfR": 0.13064861186637447, "roll-in": 0.2418515748613292, "dsfb": 0.0, "redirect": 0.03223437789580819, "oneh-out": 0.008957049366752803, "sfT": 0.00024702660685087946, "roll-out": 0.15082733529523226}, "french": {"bad-redirect": 0.01979416961685282, "dsfb-red": 0.011874664996731038, "sfb": 0.02568788998380658, "alternate": 0.1880089770576068, "sft": 0.0, "unknown": 0.15002475823695105, "oneh-in": 0.025436389863569837, "dsfb-alt": 0.02771713504163146, "sfR": 0.10898279115633469, "roll-in": 0.24453894388796654, "dsfb": 0.0, "redirect": 0.03984189186579515, "oneh-out": 0.01425933918736681, "sfT": 0.0002526687036273712, "roll-out": 0.14358038040175986}, "keymash": {"bad-redirect": 0.014440937060009113, "dsfb-red": 0.024834471066814988, "sfb": 0.01745801742928333, "alternate": 0.23756531876377698, "sft": 0.0, "unknown": 0.009638237696674644, "oneh-in": 0.014338315278741283, "dsfb-alt": 0.044591216396497727, "sfR": 0.099723742164827, "roll-in": 0.29726656623415004, "dsfb": 0.0, "redirect": 0.043281762467520205, "oneh-out": 0.013094539289775177, "sfT": 4.5153583757845434e-05, "roll-out": 0.18372172256817165}, "movie": {"bad-redirect": 0.013540759601148008, "dsfb-red": 0.027213775030073398, "sfb": 0.0178596690656514, "alternate": 0.22993445506453625, "sft": 0.0, "unknown": 0.024698413943370027, "oneh-in": 0.010122768939593829, "dsfb-alt": 0.04676316034314926, "sfR": 0.11567713207251198, "roll-in": 0.2580098011438221, "dsfb": 0.0, "redirect": 0.044993169414188273, "oneh-out": 0.017344068734077484, "sfT": 4.342728673287178e-05, "roll-out": 0.19379939936114512}, "dutch": {"bad-redirect": 0.011859337652957295, "dsfb-red": 0.020078742007034682, "sfb": 0.053223348949501106, "alternate": 0.17809741649889121, "sft": 0.0, "unknown": 0.06793857799262536, "oneh-in": 0.007423528121169422, "dsfb-alt": 0.027387208221599083, "sfR": 0.18880787437283908,