{"english-450k": {"dsfb": 0.0, "sfR": 0.11369548401129392, "redirect": 0.048939046401773725, "roll-out": 0.15443334243504506, "unknown": 0.00015377410175167997, "sft": 0.0, "sfb": 0.035127150133222165, "roll-in": 0.27913361449241975, "oneh-in": 0.014853525782888509, "alternate": 0.28241841640740434, "dsfb-alt": 0.044908469327913626, "sfT": 1.7248425861880453e-05, "oneh-out": 0.00383675154256473, "dsfb-red": 0.019366474088479163, "bad-redirect": 0.003116702849381483}, "shai": {"dsfb": 0.0, "sfR": 0.09823378925716947, "redirect": 0.03517049383010391, "roll-out": 0.13819319021696894, "unknown": 0.023621906111313578, "sft": 0.0, "sfb": 0.02187470294612422, "roll-in": 0.31968118745999935, "oneh-in": 0.02186260791860871, "alternate": 0.2721770321891063, "dsfb-alt": 0.04685495224999249, "sfT": 8.165788496711545e-05, "oneh-out": 0.00429308066891811, "dsfb-red": 0.013711341195733385, "bad-redirect": 0.004244058070994444}, "tr-quotes": {"dsfb": 0.0, "sfR": 0.09677191928064538, "redirect": 0.036765215783268995, "roll-out": 0.1443355447169506, "unknown": 0.01476965396084233, "sft": 0.0, "sfb": 0.02336515568294769, "roll-in": 0.32425625852384365, "oneh-in": 0.027209264695684333, "alternate": 0.2658479924181133, "dsfb-alt": 0.04410207808418668, "sfT": 8.552738031945632e-05, "oneh-out": 0.0036164212570213355, "dsfb-red": 0.014661011072328424, "bad-redirect": 0.004213957143847808}, "gutenberg": {"dsfb": 0.0, "sfR": 0.09863878308844841, "redirect": 0.03203963168943886, "roll-out": 0.13981873931339778, "unknown": 0.03802431837805746, "sft": 0.0, "sfb": 0.022168838938199282, "roll-in": 0.33740414025444393, "oneh-in": 0.018023772800137002, "alternate": 0.2553374759367933, "dsfb-alt": 0.03982661988335999, "sfT": 3.788735558760826e-05, "oneh-out": 0.003999957566161742, "dsfb-red": 0.010946793649927655, "bad-redirect": 0.0037330411460470415}, "english-200": {"dsfb": 0.0, "sfR": 0.10690423162583519, "redirect": 0.031180400890868598, "roll-out": 0.15367483296213807, "unknown": 0.0, "sft": 0.0, "sfb": 0.008908685968819599, "roll-in": 0.3429844097995546, "oneh-in": 0.015590200445434299, "alternate": 0.29175946547884185, "dsfb-alt": 0.031180400890868598, "sfT": 0.0, "oneh-out": 0.0066815144766146995, "dsfb-red": 0.008908685968819599, "bad-redirect": 0.0022271714922048997}, "monkeyracer": {"dsfb": 0.0, "sfR": 0.09690789370786869, "redirect": 0.036753953110092746, "roll-out": 0.14432077670206608, "unknown": 0.014352018393105714, "sft": 0.0, "sfb": 0.023448863725229523, "roll-in": 0.32442580196130566, "oneh-in": 0.027587703520653144, "alternate": 0.26550060997544456, "dsfb-alt": 0.044136220029091136, "sfT": 9.677495034174266e-05, "oneh-out": 0.0035982686081611585, "dsfb-red": 0.014671668986658741, "bad-redirect": 0.004199446329981075}, "chained-bigrams": {"dsfb": 0.0, "sfR": 0.11914286586209158, "redirect": 0.046995375002678384, "roll-out": 0.10927603176138832, "unknown": 0.02365222201805197, "sft": 0.0, "sfb": 0.023244458671431698, "roll-in": 0.3100871431827228, "oneh-in": 0.01681049847770515, "alternate": 0.27283328647517807, "dsfb-alt": 0.049458837004393845, "sfT": 7.596864897224807e-05, "oneh-out": 0.004070491114589942, "dsfb-red": 0.02039466037793429, "bad-redirect": 0.003958161402861746}, "english-5k": {"dsfb": 0.0, "sfR": 0.10644211224955408, "redirect": 0.039573567843365, "roll-out": 0.1436927033641681, "unknown": 0.002157049819554486, "sft": 0.0, "sfb": 0.0194549301032895, "roll-in": 0.2995395528269797, "oneh-in": 0.024598664288380968, "alternate": 0.2964699050068445, "dsfb-alt": 0.0466254614842162, "sfT": 0.0, "oneh-out": 0.004397063093707222, "dsfb-red": 0.013108225826523417, "bad-redirect": 0.00394076409341685}, "mt-quotes": {"dsfb": 0.0, "sfR": 0.0964592223377679, "redirect": 0.03648653494459784, "roll-out": 0.14511988859803254, "unknown": 0.008869126594231481, "sft": 0.0, "sfb": 0.023184339178350725, "roll-in": 0.32851776813569045, "oneh-in": 0.028660307670240612, "alternate": 0.2661753983337517, "dsfb-alt": 0.04391980731762709, "sfT": 8.068275540574461e-05, "oneh-out": 0.003561994238653614, "dsfb-red": 0.014682767358745413, "bad-redirect": 0.00428216253690489}, "wordle": {"dsfb": 0.0, "sfR": 0.13138112868843263, "redirect": 0.04873779872096937, "roll-out": 0.1812633232357231, "unknown": 0.0, "sft": 0.0, "sfb": 0.03163917872770111, "roll-in": 0.2523729384045776, "oneh-in": 0.007943453382699427, "alternate": 0.26801301469763267, "dsfb-alt": 0.04745876809155167, "sfT": 0.0, "oneh-out": 0.00677661842252889, "dsfb-red": 0.019791316055200268, "bad-redirect": 0.004622461572983283}, "english-1k": {"dsfb": 0.0, "sfR": 0.10832745236414962, "redirect": 0.03987297106563162, "roll-out": 0.17678193366266762, "unknown": 0.0, "sft": 0.0, "sfb": 0.014114326040931546, "roll-in": 0.31545518701482006, "oneh-in": 0.016231474947071278, "alternate": 0.26887791107974596, "dsfb-alt": 0.040931545518701484, "sfT": 0.0, "oneh-out": 0.0067043048694424845, "dsfb-red": 0.008821453775582216, "bad-redirect": 0.0038814396612561752}, "english-10k": {"dsfb": 0.0, "sfR": 0.10567144593890508, "redirect": 0.03816985392022539, "roll-out": 0.1477586306709635, "unknown": 0.0, "sft": 0.0, "sfb": 0.022577719457362845, "roll-in": 0.30780957526871344, "oneh-in": 0.021747940024314467, "alternate": 0.2856563941259335, "dsfb-alt": 0.04652553983906139, "sfT": 0.0, "oneh-out": 0.0045927326759421854, "dsfb-red": 0.014800949422048976, "bad-redirect": 0.004689218656529206}, "reddit": {"dsfb": 0.0, "sfR": 0.10397777127267367, "redirect": 0.036765200265123574, "roll-out": 0.1385376288745714, "unknown": 0.041217688064775854, "sft": 0.0, "sfb": 0.023403841295187452, "roll-in": 0.30502976272414284, "oneh-in": 0.022728072102523936, "alternate": 0.26256541703117414, "dsfb-alt": 0.04444314592078469, "sfT": 0.00016140399374685942, "oneh-out": 0.004383865818555916, "dsfb-red": 0.012704955259929164, "bad-redirect": 0.004081247376810528}, "akl": {"dsfb": 0.0, "sfR": 0.13064861186637447, "redirect": 0.030787574833459026, "roll-out": 0.12165170913726414, "unknown": 0.13295000147380848, "sft": 0.0, "sfb": 0.02201207692771245, "roll-in": 0.2604560287080595, "oneh-in": 0.018901636886058396, "alternate": 0.2240537253962006, "dsfb-alt": 0.0361253063835327, "sfT": 0.00011671871281891925, "oneh-out": 0.005706393682582373, "dsfb-red": 0.012167728150554688, "bad-redirect": 0.004422487841574262}, "french": {"dsfb": 0.0, "sfR": 0.10898279115633469, "redirect": 0.035119766238975635, "roll-out": 0.13197288652817066, "unknown": 0.15822382396052298, "sft": 0.0, "sfb": 0.050546430342549395, "roll-in": 0.24665700128347912, "oneh-in": 0.020681813574902893, "alternate": 0.19279925506704126, "dsfb-alt": 0.030135743096110456, "sfT": 0.00038666626575267266, "oneh-out": 0.00544007030197678, "dsfb-red": 0.015750241848070886, "bad-redirect": 0.003303510336112599}, "keymash": {"dsfb": 0.0, "sfR": 0.099723742164827, "redirect": 0.036566193101353374, "roll-out": 0.1430958117998629, "unknown": 0.013394194891077241, "sft": 0.0, "sfb": 0.02331977357530181, "roll-in": 0.3263824180154589, "oneh-in": 0.02662829980337667, "alternate": 0.2648011395122592, "dsfb-alt": 0.04338027937753732, "sfT": 8.209742501426443e-05, "oneh-out": 0.00403919331070181, "dsfb-red": 0.014543558841276944, "bad-redirect": 0.004043298181952523}, "movie": {"dsfb": 0.0, "sfR": 0.11567713207251198, "redirect": 0.038878344246522756, "roll-out": 0.1405143817355886, "unknown": 0.030451476652766863, "sft": 0.0, "sfb": 0.025033725236083233, "roll-in": 0.2955109740095585, "oneh-in": 0.034961334581056304, "alternate": 0.24980204395130934, "dsfb-alt": 0.04290194816124262, "sfT": 0.00011330573902122002, "oneh-out": 0.0037547495304918114, "dsfb-red": 0.017481062084043906, "bad-redirect": 0.004919521999802867}, "dutch": {"dsfb": 0.0, "sfR": 0.18880787437283908, "redirect": 0.033699977432302373, "roll-out": 0.10716563309384845, "unknown": 0.07325981014373002, "sft": 0.0, "sfb": 0.039237723923792836, "roll-in": 0.2968863104088009, "oneh-in": 0.007530628755134169, "alternate": 0.1851292643507946,