{"english-450k": {"dsfb": 0.0, "alternate": 0.25280199216395244, "sfR": 0.11369548401129392, "sfT": 0.00018008525984607388, "redirect": 0.061729192697659654, "oneh-in": 0.009568783506528967, "oneh-out": 0.008349407501954334, "roll-in": 0.22872582077657674, "bad-redirect": 0.0066391822258187305, "unknown": 0.0001543587941537776, "dsfb-red": 0.028125166271901845, "sfb": 0.05335171996040463, "dsfb-alt": 0.04894693974920204, "sft": 0.0, "roll-out": 0.18773186708070685}, "shai": {"dsfb": 0.0, "alternate": 0.2408869444299089, "sfR": 0.09823378925716947, "sfT": 9.249890002981762e-05, "redirect": 0.04933308985881678, "oneh-in": 0.01162546951929213, "oneh-out": 0.00810888187605217, "roll-in": 0.2223138124362737, "bad-redirect": 0.011435904636842638, "unknown": 0.06456276146546681, "dsfb-red": 0.023577961489742023, "sfb": 0.02994082067529035, "dsfb-alt": 0.04686954756159601, "sft": 0.0, "roll-out": 0.19301851789351918}, "tr-quotes": {"dsfb": 0.0, "alternate": 0.2299241811331222, "sfR": 0.09677191928064538, "sfT": 5.663299507639675e-05, "redirect": 0.04450197637595062, "oneh-in": 0.010670118582557038, "oneh-out": 0.008825501028640114, "roll-in": 0.21088624858417512, "bad-redirect": 0.018610295647349808, "unknown": 0.09006264302720696, "dsfb-red": 0.02562585238436467, "sfb": 0.02696886341046208, "dsfb-alt": 0.041620628279512725, "sft": 0.0, "roll-out": 0.19547513927093688}, "gutenberg": {"dsfb": 0.0, "alternate": 0.2289010052652058, "sfR": 0.09863878308844841, "sfT": 0.00014226702023146902, "redirect": 0.04157568965406192, "oneh-in": 0.011061213463802231, "oneh-out": 0.008891783482855782, "roll-in": 0.20378036245317596, "bad-redirect": 0.010818923824819476, "unknown": 0.09436925698728084, "dsfb-red": 0.024493796513832863, "sfb": 0.024663910740421225, "dsfb-alt": 0.04040951684907534, "sft": 0.0, "roll-out": 0.21225349065678867}, "english-200": {"dsfb": 0.0, "alternate": 0.267260579064588, "sfR": 0.10690423162583519, "sfT": 0.0, "redirect": 0.0467706013363029, "oneh-in": 0.015590200445434299, "oneh-out": 0.0066815144766146995, "roll-in": 0.22717149220489977, "bad-redirect": 0.0066815144766146995, "unknown": 0.0, "dsfb-red": 0.022271714922048998, "sfb": 0.022271714922048998, "dsfb-alt": 0.0467706013363029, "sft": 0.0, "roll-out": 0.23162583518930957}, "monkeyracer": {"dsfb": 0.0, "alternate": 0.23039085349641053, "sfR": 0.09690789370786869, "sfT": 6.158405930838169e-05, "redirect": 0.04416945587062265, "oneh-in": 0.010569975131770337, "oneh-out": 0.0087449364217902, "roll-in": 0.21114730124966763, "bad-redirect": 0.018983530662996385, "unknown": 0.0900202543128392, "dsfb-red": 0.025668822434584043, "sfb": 0.02680275114565901, "dsfb-alt": 0.04138351033048157, "sft": 0.0, "roll-out": 0.19514913117600138}, "chained-bigrams": {"dsfb": 0.0, "alternate": 0.22480421840272344, "sfR": 0.11914286586209158, "sfT": 0.00020582958738634734, "redirect": 0.04609024426193211, "oneh-in": 0.008848075038844654, "oneh-out": 0.007092355151486031, "roll-in": 0.22429776074290847, "bad-redirect": 0.00766698980396842, "unknown": 0.05987563217928082, "dsfb-red": 0.029388828972494802, "sfb": 0.029986838593891733, "dsfb-alt": 0.05096847041345775, "sft": 0.0, "roll-out": 0.19163189098953387}, "english-5k": {"dsfb": 0.0, "alternate": 0.2616252540755797, "sfR": 0.10644211224955408, "sfT": 8.296345459824948e-05, "redirect": 0.06500186667772846, "oneh-in": 0.013066744099224292, "oneh-out": 0.008337827187124072, "roll-in": 0.2464844236113992, "bad-redirect": 0.006761521549757332, "unknown": 0.0022400132741527356, "dsfb-red": 0.025967561289252084, "sfb": 0.038992823661177255, "dsfb-alt": 0.05438254448915253, "sft": 0.0, "roll-out": 0.17061434438130005}, "mt-quotes": {"dsfb": 0.0, "alternate": 0.23133389512437097, "sfR": 0.0964592223377679, "sfT": 4.482375300319145e-05, "redirect": 0.04355075841790081, "oneh-in": 0.010585876334253714, "oneh-out": 0.008899009096233609, "roll-in": 0.21211048158640228, "bad-redirect": 0.02022447735503998, "unknown": 0.0857358864943044, "dsfb-red": 0.025909623360944767, "sfb": 0.026123283250259977, "dsfb-alt": 0.04098385149591805, "sft": 0.0, "roll-out": 0.19803881139360036}, "wordle": {"dsfb": 0.0, "alternate": 0.24353191966790083, "sfR": 0.13138112868843263, "sfT": 4.4878267698866824e-05, "redirect": 0.06415348367553013, "oneh-in": 0.012745428026478179, "oneh-out": 0.008953214405923931, "roll-in": 0.2018175698418041, "bad-redirect": 0.011982497475597442, "unknown": 0.0, "dsfb-red": 0.026410860540783124, "sfb": 0.05270952541231908, "dsfb-alt": 0.04994951194883877, "sft": 0.0, "roll-out": 0.19631998204869291}, "english-1k": {"dsfb": 0.0, "alternate": 0.2635850388143966, "sfR": 0.10832745236414962, "sfT": 0.00035285815102328866, "redirect": 0.05716302046577276, "oneh-in": 0.019760056457304165, "oneh-out": 0.008468595624558928, "roll-in": 0.2515878616796048, "bad-redirect": 0.008468595624558928, "unknown": 0.0, "dsfb-red": 0.025405786873676783, "sfb": 0.02328863796753705, "dsfb-alt": 0.05081157374735357, "sft": 0.0, "roll-out": 0.18278052223006352}, "english-10k": {"dsfb": 0.0, "alternate": 0.2555334709866656, "sfR": 0.10567144593890508, "sfT": 7.718878446961657e-05, "redirect": 0.06231064626309797, "oneh-in": 0.012292313926786438, "oneh-out": 0.008374983114953397, "roll-in": 0.252445919607881, "bad-redirect": 0.006561046679917408, "unknown": 0.0, "dsfb-red": 0.024661816638042493, "sfb": 0.040273248297022446, "dsfb-alt": 0.05601976032882422, "sft": 0.0, "roll-out": 0.17577815943343433}, "reddit": {"dsfb": 0.0, "alternate": 0.21837698152057244, "sfR": 0.10397777127267367, "sfT": 0.00016151636598664605, "redirect": 0.0458525934670151, "oneh-in": 0.011282135417164147, "oneh-out": 0.009390910621555205, "roll-in": 0.21054175218662333, "bad-redirect": 0.014429644396174324, "unknown": 0.10396709590989395, "dsfb-red": 0.02736724764987507, "sfb": 0.02788775586456673, "dsfb-alt": 0.04304662118212974, "sft": 0.0, "roll-out": 0.18371797414576965}, "akl": {"dsfb": 0.0, "alternate": 0.18725486506894298, "sfR": 0.13064861186637447, "sfT": 0.00025211637290521846, "redirect": 0.040845669077296816, "oneh-in": 0.009361982259299219, "oneh-out": 0.007690018818051068, "roll-in": 0.19087420759322432, "bad-redirect": 0.012592550662876553, "unknown": 0.17107002670620014, "dsfb-red": 0.023788800602312043, "sfb": 0.02802469663203015, "dsfb-alt": 0.03936350943619154, "sft": 0.0, "roll-out": 0.15823294490429549}, "french": {"dsfb": 0.0, "alternate": 0.1944279157312943, "sfR": 0.10898279115633469, "sfT": 6.485637817983339e-05, "redirect": 0.044882051956925476, "oneh-in": 0.011235120281614214, "oneh-out": 0.006113039498433222, "roll-in": 0.19379139734752246, "bad-redirect": 0.002514057346551929, "unknown": 0.21023212216107084, "dsfb-red": 0.01726316781113679, "sfb": 0.04783651542336061, "dsfb-alt": 0.03220025540139094, "sft": 0.0, "roll-out": 0.13045670950618468}, "keymash": {"dsfb": 0.0, "alternate": 0.22876857967349853, "sfR": 0.099723742164827, "sfT": 5.74681975099851e-05, "redirect": 0.04575289496044956, "oneh-in": 0.010771182161871493, "oneh-out": 0.008587390656492059, "roll-in": 0.21101090664291314, "bad-redirect": 0.017946497108118204, "unknown": 0.0849421007910087, "dsfb-red": 0.026037198343273962, "sfb": 0.02655441212086383, "dsfb-alt": 0.04148793373095853, "sft": 0.0, "roll-out": 0.198359693448215}, "movie": {"dsfb": 0.0, "alternate": 0.1924023567067325, "sfR": 0.11567713207251198, "sfT": 2.960951368150349e-05, "redirect": 0.03648286879076983, "oneh-in": 0.009785483679301857, "oneh-out": 0.007423960465903724, "roll-in": 0.1905545914551681, "bad-redirect": 0.027296286874865853, "unknown": 0.15450046842250645, "dsfb-red": 0.025221778547420425, "sfb": 0.0251195270268403, "dsfb-alt": 0.03838024642748058, "sft": 0.0, "roll-out": 0.17712569001681688}, "dutch": {"dsfb": 0.0, "alternate": 0.1764022033503402, "sfR": 0.18880787437283908, "sfT": 0.0003899768438137092, "redirect": 0.038157268055583594, "oneh-in": 0.012261883983529634, "oneh-out": 0.006731453256086994, "roll-in": 0.23244798482796605,