{"english-450k": {"dsfb-alt": 0.03392765367031885, "sfb": 0.023872113739043594, "dsfb": 0.0, "roll-out": 0.212787105895395, "sft": 0.0, "oneh-in": 0.018663966167358846, "alternate": 0.1758775209743782, "unknown": 0.00015377410175167997, "dsfb-red": 0.03512130320920119, "oneh-out": 0.015262225771954761, "roll-in": 0.2922652211511307, "bad-redirect": 0.01817136281859158, "sfT": 2.7772889099638017e-05, "sfR": 0.11369548401129392, "redirect": 0.06017449560048202}, "shai": {"dsfb-alt": 0.025944298469826137, "sfb": 0.01776988283188833, "dsfb": 0.0, "roll-out": 0.16959192422173044, "sft": 0.0, "oneh-in": 0.04701803192498962, "alternate": 0.1715156683437406, "unknown": 0.023260762136131256, "dsfb-red": 0.026816557020565495, "oneh-out": 0.0123232964860094, "roll-in": 0.34387866206469897, "bad-redirect": 0.01662887857536754, "sfT": 2.268059559708487e-05, "sfR": 0.09823378925716947, "redirect": 0.04699556807228561}, "tr-quotes": {"dsfb-alt": 0.021403804812648804, "sfb": 0.017865976283488592, "dsfb": 0.0, "roll-out": 0.1614421765562516, "sft": 0.0, "oneh-in": 0.051839994452278035, "alternate": 0.17238852546173228, "unknown": 0.013835787429786644, "dsfb-red": 0.023008021081343474, "oneh-out": 0.012661519613508703, "roll-in": 0.36925752987679433, "bad-redirect": 0.01737939483599547, "sfT": 1.1557754097223828e-06, "sfR": 0.09677191928064538, "redirect": 0.04214419454011697}, "gutenberg": {"dsfb-alt": 0.02346496537285136, "sfb": 0.01732456165276769, "dsfb": 0.0, "roll-out": 0.15154108713220377, "sft": 0.0, "oneh-in": 0.060621473871174655, "alternate": 0.16683772807714473, "unknown": 0.032975828246008664, "dsfb-red": 0.024013574281759927, "oneh-out": 0.010794675917243406, "roll-in": 0.35832534857314324, "bad-redirect": 0.019934432142420085, "sfT": 8.335218229273816e-06, "sfR": 0.09863878308844841, "redirect": 0.035519206426604805}, "english-200": {"dsfb-alt": 0.015590200445434299, "sfb": 0.0200445434298441, "dsfb": 0.0, "roll-out": 0.155902004454343, "sft": 0.0, "oneh-in": 0.042316258351893093, "alternate": 0.14699331848552338, "unknown": 0.0, "dsfb-red": 0.028953229398663696, "oneh-out": 0.0066815144766146995, "roll-in": 0.43207126948775054, "bad-redirect": 0.011135857461024499, "sfT": 0.0, "sfR": 0.10690423162583519, "redirect": 0.0334075723830735}, "monkeyracer": {"dsfb-alt": 0.021337410263227864, "sfb": 0.017936601654753897, "dsfb": 0.0, "roll-out": 0.16101396687364125, "sft": 0.0, "oneh-in": 0.051760913086319346, "alternate": 0.17255657913258363, "unknown": 0.013436077701487402, "dsfb-red": 0.022930775607238375, "oneh-out": 0.012433137307036614, "roll-in": 0.37060309367033173, "bad-redirect": 0.017305120665655253, "sfT": 9.775247509266934e-07, "sfR": 0.09690789370786869, "redirect": 0.041777452805105024}, "chained-bigrams": {"dsfb-alt": 0.038871274695492335, "sfb": 0.019186953650683167, "dsfb": 0.0, "roll-out": 0.14223019279804222, "sft": 0.0, "oneh-in": 0.040888664373755365, "alternate": 0.17167291405997886, "unknown": 0.022916559801936097, "dsfb-red": 0.034333284202611634, "oneh-out": 0.008291620917740238, "roll-in": 0.321104545197775, "bad-redirect": 0.024051544403675323, "sfT": 4.350341436872325e-05, "sfR": 0.11914286586209158, "redirect": 0.057266076621849495}, "english-5k": {"dsfb-alt": 0.03301945493010329, "sfb": 0.018542332102708756, "dsfb": 0.0, "roll-out": 0.19139668975816154, "sft": 0.0, "oneh-in": 0.02293939519641598, "alternate": 0.17969884265980834, "unknown": 0.002157049819554486, "dsfb-red": 0.028954245654789067, "oneh-out": 0.014643049736591031, "roll-in": 0.3305264031194259, "bad-redirect": 0.013606006554112914, "sfT": 0.0, "sfR": 0.10644211224955408, "redirect": 0.05807441821877463}, "mt-quotes": {"dsfb-alt": 0.020592032129666153, "sfb": 0.017721817812361793, "dsfb": 0.0, "roll-out": 0.15814417709565987, "sft": 0.0, "oneh-in": 0.05362116159261782, "alternate": 0.1736546897598642, "unknown": 0.007977133909467972, "dsfb-red": 0.022237063864883277, "oneh-out": 0.01200380105425467, "roll-in": 0.37960190530832766, "bad-redirect": 0.01766952343385807, "sfT": 0.0, "sfR": 0.0964592223377679, "redirect": 0.040317471701270605}, "wordle": {"dsfb-alt": 0.03092112644451924, "sfb": 0.030562100302928306, "dsfb": 0.0, "roll-out": 0.21126444519241558, "sft": 0.0, "oneh-in": 0.023964994951194883, "alternate": 0.15891394592168742, "unknown": 0.0, "dsfb-red": 0.034242118254235385, "oneh-out": 0.017928867945697296, "roll-in": 0.29467070571075954, "bad-redirect": 0.019544485582856503, "sfT": 2.2439133849433412e-05, "sfR": 0.13138112868843263, "redirect": 0.04658364187142376}, "english-1k": {"dsfb-alt": 0.02328863796753705, "sfb": 0.019407198306280876, "dsfb": 0.0, "roll-out": 0.17007762879322513, "sft": 0.0, "oneh-in": 0.035285815102328866, "alternate": 0.16231474947071278, "unknown": 0.0, "dsfb-red": 0.024700070571630206, "oneh-out": 0.016231474947071278, "roll-in": 0.3856739590684545, "bad-redirect": 0.011997177134791814, "sfT": 0.0, "sfR": 0.10832745236414962, "redirect": 0.04269583627381793}, "english-10k": {"dsfb-alt": 0.030528164257733352, "sfb": 0.01989540919704367, "dsfb": 0.0, "roll-out": 0.203218772312383, "sft": 0.0, "oneh-in": 0.021554968063140424, "alternate": 0.1715520734837228, "unknown": 0.0, "dsfb-red": 0.032033345554890874, "oneh-out": 0.015958781189093225, "roll-in": 0.3216456648848922, "bad-redirect": 0.01854460546882538, "sfT": 0.0, "sfR": 0.10567144593890508, "redirect": 0.05939676964936995}, "reddit": {"dsfb-alt": 0.02305874614680272, "sfb": 0.01661490988589161, "dsfb": 0.0, "roll-out": 0.15720149672331912, "sft": 0.0, "oneh-in": 0.04379513267134847, "alternate": 0.17173074038135766, "unknown": 0.039285409944231534, "dsfb-red": 0.022634803143501036, "oneh-out": 0.011722559682301204, "roll-in": 0.35041200345282436, "bad-redirect": 0.016593971191878033, "sfT": 3.2288290232024327e-05, "sfR": 0.10397777127267367, "redirect": 0.042940167213638546}, "akl": {"dsfb-alt": 0.02215624578658171, "sfb": 0.019325668755109687, "dsfb": 0.0, "roll-out": 0.1373195409238563, "sft": 0.0, "oneh-in": 0.031667313717589095, "alternate": 0.1434944648670621, "unknown": 0.13277008071454782, "dsfb-red": 0.019156718171228278, "oneh-out": 0.009926452139286735, "roll-in": 0.3042086460152456, "bad-redirect": 0.014573507377307051, "sfT": 8.840380069138295e-05, "sfR": 0.13064861186637447, "redirect": 0.03466434586511977}, "french": {"dsfb-alt": 0.0300606691041818, "sfb": 0.01971319278061766, "dsfb": 0.0, "roll-out": 0.1304934299919594, "sft": 0.0, "oneh-in": 0.023139868809734742, "alternate": 0.1552257183989994, "unknown": 0.15807953387545715, "dsfb-red": 0.019938219992505186, "oneh-out": 0.006334276305220378, "roll-in": 0.27653586577938827, "bad-redirect": 0.018808394617666705, "sfT": 0.00016068021621129893, "sfR": 0.10898279115633469, "redirect": 0.05252735897172332}, "keymash": {"dsfb-alt": 0.021936431963811454, "sfb": 0.018229733224417417, "dsfb": 0.0, "roll-out": 0.16117776965925465, "sft": 0.0, "oneh-in": 0.05273528095791276, "alternate": 0.17055329559588364, "unknown": 0.01232282349464109, "dsfb-red": 0.02258089675017343, "oneh-out": 0.012482913473418907, "roll-in": 0.36841629962276234, "bad-redirect": 0.018229733224417417, "sfT": 1.6419485002852885e-05, "sfR": 0.099723742164827, "redirect": 0.041594660383477075}, "movie": {"dsfb-alt": 0.0209378741079805, "sfb": 0.014838445887429367, "dsfb": 0.0, "roll-out": 0.15587921897735582, "sft": 0.0, "oneh-in": 0.04524517927507751, "alternate": 0.17165622064956956, "unknown": 0.030236445784519856, "dsfb-red": 0.020708235879650618, "oneh-out": 0.014661973185887606, "roll-in": 0.3533898089844213, "bad-redirect": 0.014951883224289171, "sfT": 4.211130834702719e-06, "sfR": 0.11567713207251198, "redirect": 0.041813370840471965}, "dutch": {"dsfb-alt": 0.027307326533282834, "sfb": 0.03571878762440968, "dsfb": 0.0, "roll-out": 0.14852015900024204, "sft": 0.0, "oneh-in": 0.01565343992066843, "alternate": 0.13377851789720985, "unknown": 0.07290361491625476, "dsfb-red": 0.028277687324890104, "oneh-out": 0.012493603637426574,