{"monkeyracer": {"sft": 0.0, "redirect": 0.039391314888092964, "sfb": 0.04292017923893833, "roll-out": 0.1544313152009009, "roll-in": 0.29997106526737255, "bad-redirect": 0.0018670722742699845, "dsfb": 0.0, "sfR": 0.09690789370786869, "dsfb-red": 0.01531683532227036, "oneh-out": 0.025449856890376463, "oneh-in": 0.0021388241550276054, "dsfb-alt": 0.05904347248072321, "unknown": 0.01033830176580071, "alternate": 0.25200881336315434, "sfT": 0.00021505544520387257}, "english-200": {"sft": 0.0, "redirect": 0.022271714922048998, "sfb": 0.0334075723830735, "roll-out": 0.16481069042316257, "roll-in": 0.32962138084632514, "bad-redirect": 0.0022271714922048997, "dsfb": 0.0, "sfR": 0.10690423162583519, "dsfb-red": 0.008908685968819599, "oneh-out": 0.022271714922048998, "oneh-in": 0.0, "dsfb-alt": 0.07126948775055679, "unknown": 0.0, "alternate": 0.2383073496659243, "sfT": 0.0}, "mt-quotes": {"sft": 0.0, "redirect": 0.0390997597446839, "sfb": 0.0421881163266038, "roll-out": 0.15191068717801604, "roll-in": 0.3048747325516071, "bad-redirect": 0.0018527151241319133, "dsfb": 0.0, "sfR": 0.0964592223377679, "dsfb-red": 0.01514594613977839, "oneh-out": 0.027057111437826468, "oneh-in": 0.002121657642151062, "dsfb-alt": 0.06074365594482495, "unknown": 0.006137865911237016, "alternate": 0.252218775773658, "sfT": 0.00018975388771351047}}