{"english-450k": {"unknown": 0.00015377410175167997, "sfT": 7.659470467479117e-05, "alternate": 0.3625426167674579, "sfb": 0.037946536896136994, "redirect": 0.026256197008596733, "sfR": 0.11369548401129392, "bad-redirect": 0.0022589590955042417, "roll-out": 0.19006040457206072, "dsfb-alt": 0.04555513912463362, "dsfb-red": 0.010614213521479553, "sft": 0.0, "roll-in": 0.19652067092283756, "oneh-in": 0.006320524866675515, "oneh-out": 0.007998884406896797, "dsfb": 0.0}, "shai": {"unknown": 0.023260762136131256, "sfT": 9.87225173881986e-05, "alternate": 0.33052873577276426, "sfb": 0.021771235307541135, "redirect": 0.02723995652137565, "sfR": 0.09823378925716947, "bad-redirect": 0.007490378937792622, "roll-out": 0.21648454329021286, "dsfb-alt": 0.04429878332925134, "dsfb-red": 0.008358383909255324, "sft": 0.0, "roll-in": 0.20600527211605776, "oneh-in": 0.005426518276225194, "oneh-out": 0.010802918628834916, "dsfb": 0.0}, "tr-quotes": {"unknown": 0.013835787429786644, "sfT": 3.35174868819491e-05, "alternate": 0.3288377522479832, "sfb": 0.020076974642287512, "redirect": 0.02936940893645547, "sfR": 0.09677191928064538, "bad-redirect": 0.014937241395252075, "roll-out": 0.224512840664802, "dsfb-alt": 0.04269549941055454, "dsfb-red": 0.009840271838376366, "sft": 0.0, "roll-in": 0.20092577610318763, "oneh-in": 0.0038025010979866394, "oneh-out": 0.014360509465800605, "dsfb": 0.0}, "gutenberg": {"unknown": 0.032975828246008664, "sfT": 3.239368902740506e-05, "alternate": 0.3087688769013296, "sfb": 0.022692631629197966, "redirect": 0.033756307771113395, "sfR": 0.09863878308844841, "bad-redirect": 0.006645821043622365, "roll-out": 0.23176150061207024, "dsfb-alt": 0.03835052850966677, "dsfb-red": 0.010090539413647707, "sft": 0.0, "roll-in": 0.19943676657183462, "oneh-in": 0.004157190091850316, "oneh-out": 0.01269283243218258, "dsfb": 0.0}, "english-200": {"unknown": 0.0, "sfT": 0.0, "alternate": 0.3585746102449889, "sfb": 0.004454342984409799, "redirect": 0.0378619153674833, "sfR": 0.10690423162583519, "bad-redirect": 0.0022271714922048997, "roll-out": 0.23162583518930957, "dsfb-alt": 0.0400890868596882, "dsfb-red": 0.0, "sft": 0.0, "roll-in": 0.20489977728285078, "oneh-in": 0.004454342984409799, "oneh-out": 0.008908685968819599, "dsfb": 0.0}, "monkeyracer": {"unknown": 0.013436077701487402, "sfT": 3.225831678058088e-05, "alternate": 0.328474709479644, "sfb": 0.01991120165162582, "redirect": 0.02953004520074448, "sfR": 0.09690789370786869, "bad-redirect": 0.015348116114300014, "roll-out": 0.22401739212036847, "dsfb-alt": 0.04258293319986862, "dsfb-red": 0.009917966122902232, "sft": 0.0, "roll-in": 0.2017493782942584, "oneh-in": 0.00377813316233167, "oneh-out": 0.014313894927819572, "dsfb": 0.0}, "chained-bigrams": {"unknown": 0.022916559801936097, "sfT": 0.00011168040703612536, "alternate": 0.3330400640474148, "sfb": 0.023842468292828625, "redirect": 0.02931480823759877, "sfR": 0.11914286586209158, "bad-redirect": 0.003809470628377602, "roll-out": 0.19789833057270623, "dsfb-alt": 0.04202105175672631, "dsfb-red": 0.014297040014700259, "sft": 0.0, "roll-in": 0.1958757464569066, "oneh-in": 0.006685890414249901, "oneh-out": 0.011044023507427071, "dsfb": 0.0}, "english-5k": {"unknown": 0.002157049819554486, "sfT": 8.296345459824948e-05, "alternate": 0.3587339776828307, "sfb": 0.024183847015389722, "redirect": 0.025635707470859085, "sfR": 0.10644211224955408, "bad-redirect": 0.0026133488198448584, "roll-out": 0.21014643049736592, "dsfb-alt": 0.05106400630522255, "dsfb-red": 0.008171900277927573, "sft": 0.0, "roll-in": 0.19931969967229435, "oneh-in": 0.003194093002032605, "oneh-out": 0.008254863732525822, "dsfb": 0.0}, "mt-quotes": {"unknown": 0.007977133909467972, "sfT": 2.689425180191487e-05, "alternate": 0.32896152329042205, "sfb": 0.018800576134638602, "redirect": 0.02963746548571019, "sfR": 0.0964592223377679, "bad-redirect": 0.016601223987282008, "roll-out": 0.2269859910830614, "dsfb-alt": 0.04224041070510752, "dsfb-red": 0.01010476805201946, "sft": 0.0, "roll-in": 0.20368361602180227, "oneh-in": 0.0037323245000657414, "oneh-out": 0.014788850240852967, "dsfb": 0.0}, "wordle": {"unknown": 0.0, "sfT": 4.4878267698866824e-05, "alternate": 0.32642208010770785, "sfb": 0.033838213844945585, "redirect": 0.033838213844945585, "sfR": 0.13138112868843263, "bad-redirect": 0.0024458655895882417, "roll-out": 0.1884438460675418, "dsfb-alt": 0.04927633793335577, "dsfb-red": 0.01519129361606642, "sft": 0.0, "roll-in": 0.1956243688993605, "oneh-in": 0.011870301806350275, "oneh-out": 0.011623471334006508, "dsfb": 0.0}, "english-1k": {"unknown": 0.0, "sfT": 0.0, "alternate": 0.35568101623147497, "sfb": 0.015525758645024701, "redirect": 0.035638673253352154, "sfR": 0.10832745236414962, "bad-redirect": 0.0017642907551164433, "roll-out": 0.21242060691601977, "dsfb-alt": 0.043754410726887794, "dsfb-red": 0.006351446718419196, "sft": 0.0, "roll-in": 0.2081863091037403, "oneh-in": 0.0024700070571630206, "oneh-out": 0.009880028228652082, "dsfb": 0.0}, "english-10k": {"unknown": 0.0, "sfT": 0.00013508037282182898, "alternate": 0.3500897319619459, "sfb": 0.026803805407074353, "redirect": 0.024546033461338067, "sfR": 0.10567144593890508, "bad-redirect": 0.0020455027884448388, "roll-out": 0.1994751162656066, "dsfb-alt": 0.048628934215858434, "dsfb-red": 0.00889600741012331, "sft": 0.0, "roll-in": 0.21915825630535885, "oneh-in": 0.006831207425561066, "oneh-out": 0.007718878446961656, "dsfb": 0.0}, "reddit": {"unknown": 0.039285409944231534, "sfT": 0.00018518945116836226, "alternate": 0.3145830512321897, "sfb": 0.022599218600901937, "redirect": 0.02813800884257155, "sfR": 0.10397777127267367, "bad-redirect": 0.010656521700858729, "roll-out": 0.21174716920281447, "dsfb-alt": 0.04481775751082004, "dsfb-red": 0.00922684715146673, "sft": 0.0, "roll-in": 0.19691777929230586, "oneh-in": 0.004668729446415017, "oneh-out": 0.013196546351582399, "dsfb": 0.0}, "akl": {"unknown": 0.13277008071454782, "sfT": 0.00018671534986718305, "alternate": 0.2647946836553504, "sfb": 0.021582559970971534, "redirect": 0.02538594942408185, "sfR": 0.13064861186637447, "bad-redirect": 0.010005664711957662, "roll-out": 0.1791791111652592, "dsfb-alt": 0.03939419627813081, "dsfb-red": 0.008961768518774059, "sft": 0.0, "roll-in": 0.1713633800671864, "oneh-in": 0.004613823513053878, "oneh-out": 0.011113454764444763, "dsfb": 0.0}, "french": {"unknown": 0.15807953387545715, "sfT": 3.705008621823238e-05, "alternate": 0.2454551881754103, "sfb": 0.04078693124653105, "redirect": 0.023299725024837264, "sfR": 0.10898279115633469, "bad-redirect": 0.005355063351227791, "roll-out": 0.16388354299442273, "dsfb-alt": 0.0403824965205055, "dsfb-red": 0.005811260328722807, "sft": 0.0, "roll-in": 0.197058217161537, "oneh-in": 0.005016863332509482, "oneh-out": 0.005851336746285999, "dsfb": 0.0}, "keymash": {"unknown": 0.01232282349464109, "sfT": 2.052435625356611e-05, "alternate": 0.32502370563147287, "sfb": 0.02046278318480541, "redirect": 0.03013385985148576, "sfR": 0.099723742164827, "bad-redirect": 0.014235693497473452, "roll-out": 0.22662173200937552, "dsfb-alt": 0.04223912516983905, "dsfb-red": 0.0105248898868287, "sft": 0.0, "roll-in": 0.20131930561997924, "oneh-in": 0.0038667887181718544, "oneh-out": 0.013505026414846499, "dsfb": 0.0}, "movie": {"unknown": 0.030236445784519856, "sfT": 1.8423697401824393e-05, "alternate": 0.309565886366056, "sfb": 0.018421197042891288, "redirect": 0.02965820488177974, "sfR": 0.11567713207251198, "bad-redirect": 0.025046753422103094, "roll-out": 0.21427826020814303, "dsfb-alt": 0.04337964831530421, "dsfb-red": 0.011433351814056466, "sft": 0.0, "roll-in": 0.18171924417044605, "oneh-in": 0.004602897600168656, "oneh-out": 0.015962554624617823, "dsfb": 0.0}, "dutch": {"unknown": 0.07290361491625476, "sfT": 0.0002600861703764703, "alternate": 0.29285143343610426, "sfb": 0.032078029508994965, "redirect": 0.022602788188297297, "sfR": 0.18880787437283908, "bad-redirect": 0.001585261518302912,