{"english-450k": {"roll-in": 0.24223133822642914, "redirect": 0.010802776821156043, "sft": 0.0, "sfT": 0.0003198267439474104, "sfb": 0.045419782833548014, "oneh-in": 0.005246152577821097, "alternate": 0.36367721237372835, "roll-out": 0.13154614304733495, "dsfb-alt": 0.07458920973559625, "unknown": 0.0, "sfR": 0.11369548401129392, "dsfb": 0.0, "dsfb-red": 0.004462957105211305, "bad-redirect": 0.004521426345421069, "oneh-out": 0.0034876901785124374}, "shai": {"roll-in": 0.3013538186846617, "redirect": 0.009840158309009105, "sft": 0.0, "sfT": 0.0002891234081395626, "sfb": 0.041923134145582484, "oneh-in": 0.012472868434277208, "alternate": 0.3163146671773542, "roll-out": 0.12147463426959039, "dsfb-alt": 0.07023712136951783, "unknown": 0.015546460696927484, "sfR": 0.09823378925716947, "dsfb": 0.0, "dsfb-red": 0.0050523078009173175, "bad-redirect": 0.004542783963379121, "oneh-out": 0.0027191324834741283}, "tr-quotes": {"roll-in": 0.317556228473683, "redirect": 0.010866600402209842, "sft": 0.0, "sfT": 0.0001606527819514112, "sfb": 0.04766764522318023, "oneh-in": 0.020938027322530684, "alternate": 0.30385913409306303, "roll-out": 0.10981253322854304, "dsfb-alt": 0.07052194817503063, "unknown": 0.009742030928549965, "sfR": 0.09677191928064538, "dsfb": 0.0, "dsfb-red": 0.004602297681514528, "bad-redirect": 0.005031090358521532, "oneh-out": 0.002469892050576732}, "gutenberg": {"roll-in": 0.33722398587862484, "redirect": 0.010581370105285173, "sft": 0.0, "sfT": 0.00016310506580465356, "sfb": 0.04512573487262082, "oneh-in": 0.013855974248722154, "alternate": 0.2780306758763251, "roll-out": 0.11017150469253843, "dsfb-alt": 0.06647336537845869, "unknown": 0.025597834055655768, "sfR": 0.09863878308844841, "dsfb": 0.0, "dsfb-red": 0.006535000528528611, "bad-redirect": 0.005201933922178614, "oneh-out": 0.0024007322868087972}, "english-200": {"roll-in": 0.35412026726057905, "redirect": 0.011135857461024499, "sft": 0.0, "sfT": 0.0, "sfb": 0.028953229398663696, "oneh-in": 0.015590200445434299, "alternate": 0.3051224944320713, "roll-out": 0.09799554565701558, "dsfb-alt": 0.0757238307349666, "unknown": 0.0, "sfR": 0.10690423162583519, "dsfb": 0.0, "dsfb-red": 0.0022271714922048997, "bad-redirect": 0.0022271714922048997, "oneh-out": 0.0}, "monkeyracer": {"roll-in": 0.31809144157530067, "redirect": 0.010888648200572438, "sft": 0.0, "sfT": 0.00017693197991773153, "sfb": 0.047818555765831994, "oneh-in": 0.02130710699594914, "alternate": 0.30318125654941586, "roll-out": 0.10976527675680749, "dsfb-alt": 0.07042772573001549, "unknown": 0.009365664638628651, "sfR": 0.09690789370786869, "dsfb": 0.0, "dsfb-red": 0.004599253953110093, "bad-redirect": 0.004973645932715016, "oneh-out": 0.002496598213866775}, "chained-bigrams": {"roll-in": 0.28986519785287923, "redirect": 0.01674297078972982, "sft": 0.0, "sfT": 0.00037919394016916984, "sfb": 0.03963615562275138, "oneh-in": 0.010704437153474203, "alternate": 0.3196663353048388, "roll-out": 0.09801189396334935, "dsfb-alt": 0.0732500102265489, "unknown": 0.01607548556628135, "sfR": 0.11914286586209158, "dsfb": 0.0, "dsfb-red": 0.009979163812431458, "bad-redirect": 0.0037737588703137246, "oneh-out": 0.0027725310351410194}, "english-5k": {"roll-in": 0.2561081843447961, "redirect": 0.009167461733106567, "sft": 0.0, "sfT": 0.00041481727299124733, "sfb": 0.037167627660015766, "oneh-in": 0.004355581366408097, "alternate": 0.3593976853196167, "roll-out": 0.14099639108972498, "dsfb-alt": 0.07321524868295516, "unknown": 0.0, "sfR": 0.10644211224955408, "dsfb": 0.0, "dsfb-red": 0.005185215912390592, "bad-redirect": 0.0032355747293317293, "oneh-out": 0.004314099639108972}, "mt-quotes": {"roll-in": 0.3252157516644554, "redirect": 0.010639664837857544, "sft": 0.0, "sfT": 0.00016136551081148923, "sfb": 0.048203463979632086, "oneh-in": 0.02278241952642211, "alternate": 0.3007838180275158, "roll-out": 0.10803122123809182, "dsfb-alt": 0.07057948147882526, "unknown": 0.00522794372527223, "sfR": 0.0964592223377679, "dsfb": 0.0, "dsfb-red": 0.004377786543311698, "bad-redirect": 0.005063589964260528, "oneh-out": 0.002474271165776168}, "wordle": {"roll-in": 0.20769662291035565, "redirect": 0.015101537080668687, "sft": 0.0, "sfT": 0.0013912262986648714, "sfb": 0.07021204981487715, "oneh-in": 0.009087849209020532, "alternate": 0.31852350499270726, "roll-out": 0.14515875687198473, "dsfb-alt": 0.08551553910019073, "unknown": 0.0, "sfR": 0.13138112868843263, "dsfb": 0.0, "dsfb-red": 0.009514192752159766, "bad-redirect": 0.003365870077415012, "oneh-out": 0.003051722203522944}, "english-1k": {"roll-in": 0.2798165137614679, "redirect": 0.007410021171489062, "sft": 0.0, "sfT": 0.0, "sfb": 0.028228652081863093, "oneh-in": 0.007410021171489062, "alternate": 0.33697953422724064, "roll-out": 0.14467184191954835, "dsfb-alt": 0.07621736062103035, "unknown": 0.0, "sfR": 0.10832745236414962, "dsfb": 0.0, "dsfb-red": 0.003175723359209598, "bad-redirect": 0.0028228652081863093, "oneh-out": 0.004940014114326041}, "english-10k": {"roll-in": 0.2685204839736786, "redirect": 0.008606549468362246, "sft": 0.0, "sfT": 0.0003280523339958704, "sfb": 0.039810115590204746, "oneh-in": 0.006541749483800004, "alternate": 0.353196580536848, "roll-out": 0.13340151675961484, "dsfb-alt": 0.07236448544026552, "unknown": 0.0, "sfR": 0.10567144593890508, "dsfb": 0.0, "dsfb-red": 0.004862893421585844, "bad-redirect": 0.002836687829258409, "oneh-out": 0.003859439223480828}, "reddit": {"roll-in": 0.29480890819693684, "redirect": 0.012315135960109353, "sft": 0.0, "sfT": 0.0003889952367280425, "sfb": 0.048002386786373065, "oneh-in": 0.015822535765742836, "alternate": 0.2972755163176666, "roll-out": 0.11534429824191758, "dsfb-alt": 0.0660056182374152, "unknown": 0.03279448971484982, "sfR": 0.10397777127267367, "dsfb": 0.0, "dsfb-red": 0.004756042676729226, "bad-redirect": 0.00551197073377387, "oneh-out": 0.0029963308590839}, "akl": {"roll-in": 0.24802617760570636, "redirect": 0.016520886460340233, "sft": 0.0, "sfT": 0.0004236612550182067, "sfb": 0.04347238368297102, "oneh-in": 0.015099235737036297, "alternate": 0.2547804701130296, "roll-out": 0.1027047338011586, "dsfb-alt": 0.053138689478635745, "unknown": 0.12423987988349773, "sfR": 0.13064861186637447, "dsfb": 0.0, "dsfb-red": 0.004390516204320307, "bad-redirect": 0.0033411843386514884, "oneh-out": 0.0032135695732599307}, "french": {"roll-in": 0.21596811373396657, "redirect": 0.009397612790882318, "sft": 0.0, "sfT": 0.0012242708837425374, "sfb": 0.04057630158128959, "oneh-in": 0.004140395825862078, "alternate": 0.25870415218503445, "roll-out": 0.14981983665211765, "dsfb-alt": 0.04847399264478632, "unknown": 0.14987089475718507, "sfR": 0.10898279115633469, "dsfb": 0.0, "dsfb-red": 0.005349699853101577, "bad-redirect": 0.003247463278877497, "oneh-out": 0.004244474656819644}, "keymash": {"roll-in": 0.31548808971606607, "redirect": 0.010528994758079413, "sft": 0.0, "sfT": 0.0002709215025470726, "sfb": 0.04668470073436147, "oneh-in": 0.019892206080956272, "alternate": 0.3006653996297406, "roll-out": 0.11352431930972486, "dsfb-alt": 0.07214311223128486, "unknown": 0.008566866300238493, "sfR": 0.099723742164827, "dsfb": 0.0, "dsfb-red": 0.0051228793208901, "bad-redirect": 0.004749336037075197, "oneh-out": 0.0026394322142086015}, "movie": {"roll-in": 0.28757115001640365, "redirect": 0.013628008968129504, "sft": 0.0, "sfT": 0.00021055654173513593, "sfb": 0.04669973018495155, "oneh-in": 0.03116868487305217, "alternate": 0.29392522005461574, "roll-out": 0.10837016208510986, "dsfb-alt": 0.06702027883213235, "unknown": 0.024481409107544254, "sfR": 0.11567713207251198, "dsfb": 0.0, "dsfb-red": 0.005055462567060614, "bad-redirect": 0.0043907618843705065, "oneh-out": 0.0018014428123826723}, "dutch": {"roll-in": 0.2254781237317325, "redirect": 0.011286681877478954, "sft": 0.0, "sfT": 0.0005412768855673567, "sfb": 0.05651972823084133, "oneh-in": 0.008141279883596152, "alternate": 0.27462786519298965, "roll-out": 0.10001219652623855, "dsfb-alt": 0.054903016099450495,