{"english-450k": {"redirect": 0.06734487087360645, "unknown": 0.00015377410175167997, "roll-in": 0.23320514926904679, "oneh-out": 0.02999998245922794, "dsfb": 0.0, "oneh-in": 0.03241622381089644, "sft": 0.0, "sfT": 0.0004063612194578615, "dsfb-red": 0.027988932942213097, "dsfb-alt": 0.03431764350251798, "bad-redirect": 0.015346129131655773, "alternate": 0.1744733821707407, "sfR": 0.11369548401129392, "sfb": 0.03732647060371245, "roll-out": 0.2333255959038789}, "shai": {"redirect": 0.0682934949574766, "unknown": 0.024097749651430984, "roll-in": 0.23225404016493514, "oneh-out": 0.03207478218113327, "dsfb": 0.0, "oneh-in": 0.0388907075509818, "sft": 0.0, "sfT": 0.00010768251377168861, "dsfb-red": 0.03191006145280284, "dsfb-alt": 0.03509521824925618, "bad-redirect": 0.01913752661680135, "alternate": 0.17506993828710568, "sfR": 0.09823378925716947, "sfb": 0.022720681421077873, "roll-out": 0.2221143276960571}, "tr-quotes": {"redirect": 0.07490464852869791, "unknown": 0.013894731975682485, "roll-in": 0.22672037169737178, "oneh-out": 0.033584521855713, "dsfb": 0.0, "oneh-in": 0.03880400360601928, "sft": 0.0, "sfT": 7.165807540278773e-05, "dsfb-red": 0.037696770763505236, "dsfb-alt": 0.03396592774092139, "bad-redirect": 0.01887727976699568, "alternate": 0.17978779963477498, "sfR": 0.09677191928064538, "sfb": 0.019208987309586003, "roll-out": 0.22571137976468414}, "gutenberg": {"redirect": 0.07117859606888376, "unknown": 0.03298207965968062, "roll-in": 0.21914463232784082, "oneh-out": 0.03055520509751637, "dsfb": 0.0, "oneh-in": 0.03143040301159012, "sft": 0.0, "sfT": 3.883453947729847e-05, "dsfb-red": 0.03799552398781088, "dsfb-alt": 0.03590736238459985, "bad-redirect": 0.015489677021659822, "alternate": 0.16805069176628198, "sfR": 0.09863878308844841, "sfb": 0.01933334924602268, "roll-out": 0.2392548618001874}, "english-200": {"redirect": 0.0779510022271715, "unknown": 0.0, "roll-in": 0.24276169265033407, "oneh-out": 0.035634743875278395, "dsfb": 0.0, "oneh-in": 0.028953229398663696, "sft": 0.0, "sfT": 0.0, "dsfb-red": 0.0400890868596882, "dsfb-alt": 0.031180400890868598, "bad-redirect": 0.0200445434298441, "alternate": 0.16703786191536749, "sfR": 0.10690423162583519, "sfb": 0.013363028953229399, "roll-out": 0.23608017817371937}, "monkeyracer": {"redirect": 0.07496246304956442, "unknown": 0.013491796612290222, "roll-in": 0.22665964152212334, "oneh-out": 0.03375881727325336, "dsfb": 0.0, "oneh-in": 0.038985642116458386, "sft": 0.0, "sfT": 6.842673256486855e-05, "dsfb-red": 0.037670871326461984, "dsfb-alt": 0.033916198758152556, "bad-redirect": 0.018897508484914838, "alternate": 0.18018811486306832, "sfR": 0.09690789370786869, "sfb": 0.019093990959851103, "roll-out": 0.2253986345934279}, "chained-bigrams": {"redirect": 0.06662710236742984, "unknown": 0.023159399756770463, "roll-in": 0.21586004626945235, "oneh-out": 0.02777725472677583, "dsfb": 0.0, "oneh-in": 0.03489103693310019, "sft": 0.0, "sfT": 0.00018894766539251444, "dsfb-red": 0.03805509869755972, "dsfb-alt": 0.04105488637492541, "bad-redirect": 0.010423288221807677, "alternate": 0.15553249802449048, "sfR": 0.11914286586209158, "sfb": 0.02541898008517579, "roll-out": 0.24186859501502816}, "english-5k": {"redirect": 0.0640477869498486, "unknown": 0.002157049819554486, "roll-in": 0.23358360642137138, "oneh-out": 0.03911726884307463, "dsfb": 0.0, "oneh-in": 0.035715767204546396, "sft": 0.0, "sfT": 0.00020740863649562367, "dsfb-red": 0.03144314929273655, "dsfb-alt": 0.03517650474965778, "bad-redirect": 0.024930518106773967, "alternate": 0.1757580785663915, "sfR": 0.10644211224955408, "sfb": 0.027626830381217073, "roll-out": 0.22379391877877794}, "mt-quotes": {"redirect": 0.07640955761944036, "unknown": 0.007995063410669249, "roll-in": 0.2272205687237781, "oneh-out": 0.03441866580605061, "dsfb": 0.0, "oneh-in": 0.04039516620647614, "sft": 0.0, "sfT": 4.781200320340421e-05, "dsfb-red": 0.03860968671184901, "dsfb-alt": 0.033771709637704546, "bad-redirect": 0.019126295406461793, "alternate": 0.18109095038309367, "sfR": 0.0964592223377679, "sfb": 0.018013172206882536, "roll-out": 0.22644212954662268}, "wordle": {"redirect": 0.06312128351845618, "unknown": 0.0, "roll-in": 0.23695725345001684, "oneh-out": 0.021362055424660607, "dsfb": 0.0, "oneh-in": 0.03242454841243128, "sft": 0.0, "sfT": 0.00044878267698866825, "dsfb-red": 0.03475821833277235, "dsfb-alt": 0.04357679793559969, "bad-redirect": 0.010770784247728038, "alternate": 0.1816672276450129, "sfR": 0.13138112868843263, "sfb": 0.04288118478626725, "roll-out": 0.20065073488163357}, "english-1k": {"redirect": 0.06563161609033169, "unknown": 0.0, "roll-in": 0.24311926605504589, "oneh-out": 0.03387438249823571, "dsfb": 0.0, "oneh-in": 0.03211009174311927, "sft": 0.0, "sfT": 0.0, "dsfb-red": 0.03952011291460833, "dsfb-alt": 0.03175723359209598, "bad-redirect": 0.020465772759350742, "alternate": 0.18101623147494708, "sfR": 0.10832745236414962, "sfb": 0.016231474947071278, "roll-out": 0.22794636556104447}, "english-10k": {"redirect": 0.06734721444974046, "unknown": 0.0, "roll-in": 0.23600470851585265, "oneh-out": 0.03456127824627082, "dsfb": 0.0, "oneh-in": 0.04361166322533336, "sft": 0.0, "sfT": 0.00015437756893923313, "dsfb-red": 0.030277300708207097, "dsfb-alt": 0.03845931186198645, "bad-redirect": 0.021998803573840722, "alternate": 0.17631848092472163, "sfR": 0.10567144593890508, "sfb": 0.029100171745045447, "roll-out": 0.21649524324115707}, "reddit": {"redirect": 0.0703808688509208, "unknown": 0.04519937363713543, "roll-in": 0.22581358906258517, "oneh-out": 0.03143886847147721, "dsfb": 0.0, "oneh-in": 0.039524950102043356, "sft": 0.0, "sfT": 0.00020129613887111223, "dsfb-red": 0.035651516454011566, "dsfb-alt": 0.035214163696762016, "bad-redirect": 0.017780884245917658, "alternate": 0.1687639259639244, "sfR": 0.10397777127267367, "sfb": 0.021942739976068458, "roll-out": 0.20411005212760916}, "akl": {"redirect": 0.0572259939886898, "unknown": 0.13920166722946467, "roll-in": 0.191934583757079, "oneh-out": 0.02679218260360954, "dsfb": 0.0, "oneh-in": 0.03543067685512646, "sft": 0.0, "sfT": 0.00027405672366372823, "dsfb-red": 0.03164300143701885, "dsfb-alt": 0.032888758740221624, "bad-redirect": 0.013331307968821872, "alternate": 0.14596285315780327, "sfR": 0.13064861186637447, "sfb": 0.02470893641604815, "roll-out": 0.16995736925607854}, "french": {"redirect": 0.03684089480947169, "unknown": 0.15842537463172957, "roll-in": 0.21147249852103037, "oneh-out": 0.025937846974694163, "dsfb": 0.0, "oneh-in": 0.035592263456586073, "sft": 0.0, "sfT": 8.484215052723411e-05, "dsfb-red": 0.02251813750040582, "dsfb-alt": 0.029433709133271736, "bad-redirect": 0.017165830807432843, "alternate": 0.14299998398441482, "sfR": 0.10898279115633469, "sfb": 0.051999833461885, "roll-out": 0.158545993412216}, "keymash": {"redirect": 0.07424480631165004, "unknown": 0.012376186820900362, "roll-in": 0.22616198642929564, "oneh-out": 0.03325356200202781, "dsfb": 0.0, "oneh-in": 0.03974746832065612, "sft": 0.0, "sfT": 4.5153583757845434e-05, "dsfb-red": 0.03809731007786941, "dsfb-alt": 0.03421820674594541, "bad-redirect": 0.018545808310722334, "alternate": 0.17670649760070276, "sfR": 0.099723742164827, "sfb": 0.019346258204611413, "roll-out": 0.22753301342703386}, "movie": {"redirect": 0.07524145900418074, "unknown": 0.030282373430185833, "roll-in": 0.2048036106235777, "oneh-out": 0.032776942058392856, "dsfb": 0.0, "oneh-in": 0.03565867152771536, "sft": 0.0, "sfT": 8.145906208378071e-05, "dsfb-red": 0.041651637096851664, "dsfb-alt": 0.03369510017819664, "bad-redirect": 0.0194271309210309, "alternate": 0.18281269061124433, "sfR": 0.11567713207251198, "sfb": 0.017428949339964462, "roll-out": 0.2104628440740638}, "dutch": {"redirect": 0.04385042074070748, "unknown": 0.07360268279108878, "roll-in": 0.1736159551649814, "oneh-out": 0.0254870102333553, "dsfb": 0.0, "oneh-in": 0.02672507778288885, "sft": 0.0, "sfT": 0.00018639060607124499, "dsfb-red": 0.016279188777876152,