{"english-450k": {"sfb": 0.02258695983923298, "unknown": 0.00015377410175167997, "oneh-in": 0.010913576031353546, "roll-in": 0.2548016401791264, "bad-redirect": 0.0023071962186772973, "dsfb-alt": 0.03561127544215901, "sfR": 0.11369548401129392, "dsfb": 0.0, "sft": 0.0, "redirect": 0.052534027636071075, "dsfb-red": 0.02086533306125647, "sfT": 0.00013535629108560424, "roll-out": 0.19504139914553054, "oneh-out": 0.009630760901151317, "alternate": 0.2817232171413102}, "shai": {"sfb": 0.014217168792862842, "unknown": 0.023260762136131256, "oneh-in": 0.013113258534328823, "roll-in": 0.30939936519102945, "bad-redirect": 0.0019559343120410275, "dsfb-alt": 0.030190938103493492, "sfR": 0.09823378925716947, "dsfb": 0.0, "sft": 0.0, "redirect": 0.03711964718591865, "dsfb-red": 0.013318548887752881, "sfT": 3.728364801821136e-05, "roll-out": 0.16182599152906849, "oneh-out": 0.008077531564731968, "alternate": 0.28924978085745345}, "tr-quotes": {"sfb": 0.012758604747925383, "unknown": 0.013835787429786644, "oneh-in": 0.014404428931370056, "roll-in": 0.33572964101615776, "bad-redirect": 0.0018896927948960959, "dsfb-alt": 0.030561013383879246, "sfR": 0.09677191928064538, "dsfb": 0.0, "sft": 0.0, "redirect": 0.03538521994406047, "dsfb-red": 0.012209611428307251, "sfT": 2.3115508194447656e-05, "roll-out": 0.15854118027784841, "oneh-out": 0.008496105036869235, "alternate": 0.2793936802200596}, "gutenberg": {"sfb": 0.012693590179294332, "unknown": 0.032975828246008664, "oneh-in": 0.014936332193302804, "roll-in": 0.3389866950973383, "bad-redirect": 0.0030768321472696668, "dsfb-alt": 0.025625870698790597, "sfR": 0.09863878308844841, "dsfb": 0.0, "sft": 0.0, "redirect": 0.03123793524520507, "dsfb-red": 0.010242846583109892, "sfT": 0.00016272619224877747, "roll-out": 0.14722609620433105, "oneh-out": 0.008427473940129642, "alternate": 0.2757689901845228}, "english-200": {"sfb": 0.004454342984409799, "unknown": 0.0, "oneh-in": 0.022271714922048998, "roll-in": 0.3429844097995546, "bad-redirect": 0.0022271714922048997, "dsfb-alt": 0.0200445434298441, "sfR": 0.10690423162583519, "dsfb": 0.0, "sft": 0.0, "redirect": 0.0200445434298441, "dsfb-red": 0.008908685968819599, "sfT": 0.0, "roll-out": 0.15367483296213807, "oneh-out": 0.004454342984409799, "alternate": 0.31403118040089084}, "monkeyracer": {"sfb": 0.01274496770258223, "unknown": 0.013436077701487402, "oneh-in": 0.014556321066049392, "roll-in": 0.33696548946619326, "bad-redirect": 0.0019364765315857796, "dsfb-alt": 0.03053885074370083, "sfR": 0.09690789370786869, "dsfb": 0.0, "sft": 0.0, "redirect": 0.03513028449880351, "dsfb-red": 0.012225902059840156, "sfT": 2.3460594022240643e-05, "roll-out": 0.15800514569028887, "oneh-out": 0.008440926224251999, "alternate": 0.2790882040133256}, "chained-bigrams": {"sfb": 0.014375605882440788, "unknown": 0.022916559801936097, "oneh-in": 0.01600925648769016, "roll-in": 0.2926831802164652, "bad-redirect": 0.006212547293730508, "dsfb-alt": 0.04075295969311263, "sfR": 0.11914286586209158, "dsfb": 0.0, "sft": 0.0, "redirect": 0.0449305860818942, "dsfb-red": 0.019314866675021053, "sfT": 5.9086726978415166e-05, "roll-out": 0.13824346198872936, "oneh-out": 0.004754858260032245, "alternate": 0.28060416502987773}, "english-5k": {"sfb": 0.016841581283444644, "unknown": 0.002157049819554486, "oneh-in": 0.014518604554693658, "roll-in": 0.27987721408719457, "bad-redirect": 0.001742232546563239, "dsfb-alt": 0.03256315592981292, "sfR": 0.10644211224955408, "dsfb": 0.0, "sft": 0.0, "redirect": 0.04940473721325756, "dsfb-red": 0.014518604554693658, "sfT": 0.0, "roll-out": 0.17094619819969303, "oneh-out": 0.007342265731945078, "alternate": 0.30364624382959304}, "mt-quotes": {"sfb": 0.01214424881366467, "unknown": 0.007977133909467972, "oneh-in": 0.014965157002665519, "roll-in": 0.34494417948626005, "bad-redirect": 0.0019109860030360622, "dsfb-alt": 0.030810353689293697, "sfR": 0.0964592223377679, "dsfb": 0.0, "sft": 0.0, "redirect": 0.034248335544638485, "dsfb-red": 0.011769223413537968, "sfT": 1.3447125900957435e-05, "roll-out": 0.15646179223294007, "oneh-out": 0.008277453054589354, "alternate": 0.2800184673862373}, "wordle": {"sfb": 0.026859643217771793, "unknown": 0.0, "oneh-in": 0.012880062829574778, "roll-in": 0.24478851116346909, "bad-redirect": 0.002670256928082576, "dsfb-alt": 0.038370918882531135, "sfR": 0.13138112868843263, "dsfb": 0.0, "sft": 0.0, "redirect": 0.041489958487602376, "dsfb-red": 0.018512285425782565, "sfT": 0.0001795130707954673, "roll-out": 0.19214630315269832, "oneh-out": 0.01498934141142152, "alternate": 0.27573207674183775}, "english-1k": {"sfb": 0.014820042342978124, "unknown": 0.0, "oneh-in": 0.020112914608327453, "roll-in": 0.33415666901905433, "bad-redirect": 0.001058574453069866, "dsfb-alt": 0.026817219477769938, "sfR": 0.10832745236414962, "dsfb": 0.0, "sft": 0.0, "redirect": 0.038461538461538464, "dsfb-red": 0.009174311926605505, "sfT": 0.0, "roll-out": 0.15737473535638674, "oneh-out": 0.010232886379675371, "alternate": 0.2794636556104446}, "english-10k": {"sfb": 0.015958781189093225, "unknown": 0.0, "oneh-in": 0.013006310183130391, "roll-in": 0.2735570521603211, "bad-redirect": 0.0014858841010401188, "dsfb-alt": 0.031145674533490285, "sfR": 0.10567144593890508, "dsfb": 0.0, "sft": 0.0, "redirect": 0.046795700584705044, "dsfb-red": 0.014839543814283785, "sfT": 7.718878446961657e-05, "roll-out": 0.19092645838559658, "oneh-out": 0.010555566276220065, "alternate": 0.2959803940487447}, "reddit": {"sfb": 0.014736083494072459, "unknown": 0.039285409944231534, "oneh-in": 0.014298805651649428, "roll-in": 0.3112442097862362, "bad-redirect": 0.001778365609449906, "dsfb-alt": 0.030541051732995317, "sfR": 0.10397777127267367, "dsfb": 0.0, "sft": 0.0, "redirect": 0.0352391477914079, "dsfb-red": 0.011075969814568948, "sfT": 7.929734387609687e-05, "roll-out": 0.15212935093607013, "oneh-out": 0.0068916770938740836, "alternate": 0.27872285952889436}, "akl": {"sfb": 0.01789606218389557, "unknown": 0.13277008071454782, "oneh-in": 0.011520463095576442, "roll-in": 0.26076366306312054, "bad-redirect": 0.0022660824438823024, "dsfb-alt": 0.02963350744204097, "sfR": 0.13064861186637447, "dsfb": 0.0, "sft": 0.0, "redirect": 0.029024465047674676, "dsfb-red": 0.008912254483954178, "sfT": 0.0001313950285290035, "roll-out": 0.13982867205063437, "oneh-out": 0.0065036585905503845, "alternate": 0.23010108398921927}, "french": {"sfb": 0.01560848369368475, "unknown": 0.15807953387545715, "oneh-in": 0.01331755086555099, "roll-in": 0.2595443186973807, "bad-redirect": 0.002793528558972029, "dsfb-alt": 0.022357472266032862, "sfR": 0.10898279115633469, "dsfb": 0.0, "sft": 0.0, "redirect": 0.0479888657374541, "dsfb-red": 0.01694961291649005, "sfT": 0.00018415675689224117, "roll-out": 0.13446923534180308, "oneh-out": 0.012688373582566402, "alternate": 0.20703607655138098}, "keymash": {"sfb": 0.012798988559723824, "unknown": 0.01232282349464109, "oneh-in": 0.014843214442579009, "roll-in": 0.3366692253697463, "bad-redirect": 0.0020278063978523314, "dsfb-alt": 0.030766010024095593, "sfR": 0.099723742164827, "dsfb": 0.0, "sft": 0.0, "redirect": 0.03450144286224462, "dsfb-red": 0.011949280210826188, "sfT": 4.5153583757845434e-05, "roll-out": 0.15692101817226503, "oneh-out": 0.008788529347777007, "alternate": 0.2786427653696642}, "movie": {"sfb": 0.013996351318327407, "unknown": 0.030236445784519856, "oneh-in": 0.013675252592181325, "roll-in": 0.32228968658527163, "bad-redirect": 0.0018357898482532164, "dsfb-alt": 0.03263863273004059, "sfR": 0.11567713207251198, "dsfb": 0.0, "sft": 0.0, "redirect": 0.0338291983757142, "dsfb-red": 0.012684057671963173, "sfT": 2.974111152008795e-05, "roll-out": 0.1546100894220473, "oneh-out": 0.008126298130428986, "alternate": 0.2603713243572202}, "dutch": {"sfb": 0.030559649853188035, "unknown": 0.07290361491625476, "oneh-in": 0.005252180662506268, "roll-in": 0.24112374582611454, "bad-redirect": 0.0031182189098227725, "dsfb-alt": 0.021830347503454278, "sfR": 0.18880787437283908,