{"english-450k": {"dsfb": 0.0, "sfT": 9.033497612408576e-05, "sfb": 0.04318362674172558, "unknown": 0.00015377410175167997, "roll-out": 0.2586743503044201, "roll-in": 0.18906730452709786, "dsfb-red": 0.02198618839607765, "sfR": 0.11369548401129392, "dsfb-alt": 0.03832951041951095, "oneh-out": 0.01613751029789493, "oneh-in": 0.008712209137455922, "redirect": 0.05017420910120499, "alternate": 0.24888104491548563, "sft": 0.0, "bad-redirect": 0.010914453069956693}, "shai": {"dsfb": 0.0, "sfT": 5.784712999898131e-05, "sfb": 0.024320890330263533, "unknown": 0.024097749651430984, "roll-out": 0.2385416624737238, "roll-in": 0.22557247216634213, "dsfb-red": 0.024168357519259928, "sfR": 0.09823378925716947, "dsfb-alt": 0.03505237282378524, "oneh-out": 0.014892032624140267, "oneh-in": 0.010723064354370914, "redirect": 0.052886303180578104, "alternate": 0.24424110262683096, "sft": 0.0, "bad-redirect": 0.007212355862105694}, "tr-quotes": {"dsfb": 0.0, "sfT": 4.160791475000578e-05, "sfb": 0.02662444233836481, "unknown": 0.013894731975682485, "roll-out": 0.2317976930722822, "roll-in": 0.2399620905665611, "dsfb-red": 0.02656665356787869, "sfR": 0.09677191928064538, "dsfb-alt": 0.03296849356233097, "oneh-out": 0.014099304223203346, "oneh-in": 0.011978456346362775, "redirect": 0.05663183930098703, "alternate": 0.24178012528605441, "sft": 0.0, "bad-redirect": 0.0068826425648967895}, "gutenberg": {"dsfb": 0.0, "sfT": 3.0309884470086608e-05, "sfb": 0.02054517631449233, "unknown": 0.03298207965968062, "roll-out": 0.23204091985952885, "roll-in": 0.23451231206450854, "dsfb-red": 0.02173502871672117, "sfR": 0.09863878308844841, "dsfb-alt": 0.032781087238288355, "oneh-out": 0.013307175903035649, "oneh-in": 0.013558369070581491, "redirect": 0.05300478934061983, "alternate": 0.24104844921370477, "sft": 0.0, "bad-redirect": 0.005815519645919929}, "english-200": {"dsfb": 0.0, "sfT": 0.0, "sfb": 0.013363028953229399, "unknown": 0.0, "roll-out": 0.22494432071269488, "roll-in": 0.26057906458797325, "dsfb-red": 0.024498886414253896, "sfR": 0.10690423162583519, "dsfb-alt": 0.026726057906458798, "oneh-out": 0.004454342984409799, "oneh-in": 0.013363028953229399, "redirect": 0.0779510022271715, "alternate": 0.24053452115812918, "sft": 0.0, "bad-redirect": 0.0066815144766146995}, "monkeyracer": {"dsfb": 0.0, "sfT": 4.007851478799443e-05, "sfb": 0.02644106698781613, "unknown": 0.013491796612290222, "roll-out": 0.23194414032563304, "roll-in": 0.24042905516367674, "dsfb-red": 0.026638526987503325, "sfR": 0.09690789370786869, "dsfb-alt": 0.032812573314356316, "oneh-out": 0.014161401066675008, "oneh-in": 0.01218289097079938, "redirect": 0.056815693573361276, "alternate": 0.2412804792217339, "sft": 0.0, "bad-redirect": 0.006854403553497974}, "chained-bigrams": {"dsfb": 0.0, "sfT": 0.00010973249295991388, "sfb": 0.02479175175263569, "unknown": 0.023159399756770463, "roll-out": 0.2183150673101709, "roll-in": 0.19736655002990047, "dsfb-red": 0.029090798118834447, "sfR": 0.11914286586209158, "dsfb-alt": 0.04949000362961323, "oneh-out": 0.012967913310031953, "oneh-in": 0.01097454790537553, "redirect": 0.06190341073261698, "alternate": 0.24416583501557357, "sft": 0.0, "bad-redirect": 0.008522124083425264}, "english-5k": {"dsfb": 0.0, "sfT": 0.0, "sfb": 0.024225328742688845, "unknown": 0.002157049819554486, "roll-out": 0.277014974903555, "roll-in": 0.18372257020782345, "dsfb-red": 0.02269050483262123, "sfR": 0.10644211224955408, "dsfb-alt": 0.03774837184220351, "oneh-out": 0.018708259011905256, "oneh-in": 0.008213382005226698, "redirect": 0.04990251794084705, "alternate": 0.2590948687103331, "sft": 0.0, "bad-redirect": 0.010080059733687311}, "mt-quotes": {"dsfb": 0.0, "sfT": 2.8388376902021254e-05, "sfb": 0.02606800062155604, "unknown": 0.007995063410669249, "roll-out": 0.23119344736496097, "roll-in": 0.24644995876214723, "dsfb-red": 0.027242382950239657, "sfR": 0.0964592223377679, "dsfb-alt": 0.03234482016710295, "oneh-out": 0.013871457429387647, "oneh-in": 0.012449050334086373, "redirect": 0.05796757150882729, "alternate": 0.24129223891658, "sft": 0.0, "bad-redirect": 0.006638397819772654}, "wordle": {"dsfb": 0.0, "sfT": 8.975653539773365e-05, "sfb": 0.041063614944463145, "unknown": 0.0, "roll-out": 0.1997307303938068, "roll-in": 0.21422641086054078, "dsfb-red": 0.026051834399192193, "sfR": 0.13138112868843263, "dsfb-alt": 0.04292606305396612, "oneh-out": 0.011488836530909907, "oneh-in": 0.0094019970829126, "redirect": 0.0480870638393358, "alternate": 0.26532031863570066, "sft": 0.0, "bad-redirect": 0.010232245035341635}, "english-1k": {"dsfb": 0.0, "sfT": 0.0, "sfb": 0.013408609738884969, "unknown": 0.0, "roll-out": 0.2589978828510939, "roll-in": 0.2180663373323924, "dsfb-red": 0.021524347212420608, "sfR": 0.10832745236414962, "dsfb-alt": 0.032462949894142556, "oneh-out": 0.01587861679604799, "oneh-in": 0.009527170077628794, "redirect": 0.0561044460127029, "alternate": 0.257939308398024, "sft": 0.0, "bad-redirect": 0.0077628793225123505}, "english-10k": {"dsfb": 0.0, "sfT": 0.0, "sfb": 0.027266938113892053, "unknown": 0.0, "roll-out": 0.2664749811852338, "roll-in": 0.18994230138360896, "dsfb-red": 0.02302155496806314, "sfR": 0.10567144593890508, "dsfb-alt": 0.040196059512552826, "oneh-out": 0.01715520734837228, "oneh-in": 0.006561046679917408, "redirect": 0.051562108025703865, "alternate": 0.26296289149186625, "sft": 0.0, "bad-redirect": 0.009185465351884371}, "reddit": {"dsfb": 0.0, "sfT": 8.795000633966719e-05, "sfb": 0.024684397882382598, "unknown": 0.04519937363713543, "roll-out": 0.2199776117040932, "roll-in": 0.22571148015403236, "dsfb-red": 0.026350915655831548, "sfR": 0.10397777127267367, "dsfb-alt": 0.03329027603678843, "oneh-out": 0.013796314452736892, "oneh-in": 0.011948465341685588, "redirect": 0.0535331236841913, "alternate": 0.23519899344439082, "sft": 0.0, "bad-redirect": 0.006243326727718505}, "akl": {"dsfb": 0.0, "sfT": 0.00015511432664631138, "sfb": 0.024263878377519955, "unknown": 0.13920166722946467, "roll-out": 0.18283072181802096, "roll-in": 0.1967853284676817, "dsfb-red": 0.02478597471972499, "sfR": 0.13064861186637447, "dsfb-alt": 0.027299726168115518, "oneh-out": 0.010257212810012153, "oneh-in": 0.009760392344863375, "redirect": 0.0495107981239913, "alternate": 0.19858638913045373, "sft": 0.0, "bad-redirect": 0.005914184617130873}, "french": {"dsfb": 0.0, "sfT": 0.00042758166626298105, "sfb": 0.050644591347362114, "unknown": 0.15842537463172957, "roll-out": 0.20622275749334248, "roll-in": 0.16292469035873608, "dsfb-red": 0.016730923022220928, "sfR": 0.10898279115633469, "dsfb-alt": 0.02902167861520711, "oneh-out": 0.01257000207783116, "oneh-in": 0.0070193058815416305, "redirect": 0.03407079784566558, "alternate": 0.20360844168461004, "sft": 0.0, "bad-redirect": 0.00935106421915565}, "keymash": {"dsfb": 0.0, "sfT": 5.3363326259271875e-05, "sfb": 0.02581553529573545, "unknown": 0.012376186820900362, "roll-out": 0.229248849609832, "roll-in": 0.2407383842405783, "dsfb-red": 0.026094666540783948, "sfR": 0.099723742164827, "dsfb-alt": 0.0328184456494522, "oneh-out": 0.013743108947387865, "oneh-in": 0.01232282349464109, "redirect": 0.05630651894603326, "alternate": 0.24377188409485537, "sft": 0.0, "bad-redirect": 0.006986490868713903}, "movie": {"dsfb": 0.0, "sfT": 3.5268220740635265e-05, "sfb": 0.03270851118232894, "unknown": 0.030282373430185833, "roll-out": 0.2050804924759594, "roll-in": 0.2328902741169818, "dsfb-red": 0.026217053000634698, "sfR": 0.11567713207251198, "dsfb-alt": 0.032959599858348086, "oneh-out": 0.011751160594237937, "oneh-in": 0.01116147067954097, "redirect": 0.05374587325627929, "alternate": 0.24151045893561826, "sft": 0.0, "bad-redirect": 0.005980332176632198}, "dutch": {"dsfb": 0.0, "sfT": 0.00027009155355951547, "sfb": 0.06947340018674564, "unknown": 0.07360268279108878, "roll-out": 0.20332541640952415, "roll-in": 0.1455677999370916, "dsfb-red": 0.015713274981030118, "sfR": 0.18880787437283908, "dsfb-alt": 0.035062341247471894,