{"english-450k": {"oneh-out": 0.008546156495260191, "sfb": 0.04164617807040983, "roll-out": 0.13623976130517376, "unknown": 0.00015377410175167997, "alternate": 0.23475984636622443, "oneh-in": 0.0453604365547351, "dsfb": 0.0, "dsfb-red": 0.017357470994871664, "redirect": 0.04898699117874573, "sft": 0.0, "sfT": 0.00010144413176394097, "roll-in": 0.2812627718746583, "bad-redirect": 0.03553409604508212, "dsfb-alt": 0.036355588870029314, "sfR": 0.11369548401129392}, "shai": {"oneh-out": 0.007577757286973474, "sfb": 0.03571027265327051, "roll-out": 0.1302073060623297, "unknown": 0.024052709704167625, "alternate": 0.19867995837297922, "oneh-in": 0.06970540073748317, "dsfb": 0.0, "dsfb-red": 0.016186610831633193, "redirect": 0.05000430002418232, "sft": 0.0, "sfT": 4.735058131992087e-05, "roll-in": 0.30948214549455, "bad-redirect": 0.032033055303806963, "dsfb-alt": 0.028079343690134453, "sfR": 0.09823378925716947}, "tr-quotes": {"oneh-out": 0.007150782459952382, "sfb": 0.035275421280136846, "roll-out": 0.1303633757888167, "unknown": 0.013890108874043596, "alternate": 0.18696747647997042, "oneh-in": 0.07130209657659324, "dsfb": 0.0, "dsfb-red": 0.01702572756062042, "redirect": 0.05835047733524421, "sft": 0.0, "sfT": 3.35174868819491e-05, "roll-in": 0.32268787129285037, "bad-redirect": 0.03219412403781697, "dsfb-alt": 0.027987101546427497, "sfR": 0.09677191928064538}, "gutenberg": {"oneh-out": 0.009360450071474496, "sfb": 0.033291619354831374, "roll-out": 0.12822198807836468, "unknown": 0.03296484091288825, "alternate": 0.18042110280241402, "oneh-in": 0.07739818436214553, "dsfb": 0.0, "dsfb-red": 0.014992216042794526, "redirect": 0.05215933300068235, "sft": 0.0, "sfT": 1.932255134968021e-05, "roll-in": 0.3117769434982077, "bad-redirect": 0.03016818576018895, "dsfb-alt": 0.03058703047620996, "sfR": 0.09863878308844841}, "english-200": {"oneh-out": 0.0066815144766146995, "sfb": 0.028953229398663696, "roll-out": 0.111358574610245, "unknown": 0.0, "alternate": 0.16258351893095768, "oneh-in": 0.05790645879732739, "dsfb": 0.0, "dsfb-red": 0.011135857461024499, "redirect": 0.042316258351893093, "sft": 0.0, "sfT": 0.0, "roll-in": 0.39198218262806234, "bad-redirect": 0.044543429844097995, "dsfb-alt": 0.035634743875278395, "sfR": 0.10690423162583519}, "monkeyracer": {"oneh-out": 0.007242480879615872, "sfb": 0.03511855420179239, "roll-out": 0.13063445266434145, "unknown": 0.013484953939033737, "alternate": 0.18684994604063374, "oneh-in": 0.0710728920656271, "dsfb": 0.0, "dsfb-red": 0.01705194175516524, "redirect": 0.058534182085490404, "sft": 0.0, "sfT": 3.421336628243427e-05, "roll-in": 0.32279235810250717, "bad-redirect": 0.03244306895850603, "dsfb-alt": 0.027833062233135742, "sfR": 0.09690789370786869}, "chained-bigrams": {"oneh-out": 0.004296449147430474, "sfb": 0.03538970293661033, "roll-out": 0.11408737952963069, "unknown": 0.023120441475246233, "alternate": 0.1749272291766362, "oneh-in": 0.053974751137744144, "dsfb": 0.0, "dsfb-red": 0.022950972950615833, "redirect": 0.062213129070734605, "sft": 0.0, "sfT": 0.00016037825894141258, "roll-in": 0.3274372138595385, "bad-redirect": 0.028236313144069672, "dsfb-alt": 0.034063173450710305, "sfR": 0.11914286586209158}, "english-5k": {"oneh-out": 0.008877089642012694, "sfb": 0.0387439332973825, "roll-out": 0.13440079644916414, "unknown": 0.002157049819554486, "alternate": 0.22566059650723855, "oneh-in": 0.052972165760982286, "dsfb": 0.0, "dsfb-red": 0.015389720827975278, "redirect": 0.04583730866553283, "sft": 0.0, "sfT": 8.296345459824948e-05, "roll-in": 0.3032314265566018, "bad-redirect": 0.03749948147840876, "dsfb-alt": 0.028705355290994317, "sfR": 0.10644211224955408}, "mt-quotes": {"oneh-out": 0.007080658849404143, "sfb": 0.03503573947239454, "roll-out": 0.13027724985357575, "unknown": 0.00799058103536893, "alternate": 0.18480833363215834, "oneh-in": 0.07312547064940654, "dsfb": 0.0, "dsfb-red": 0.01701360251491137, "redirect": 0.06015646478048314, "sft": 0.0, "sfT": 3.735312750265954e-05, "roll-in": 0.3281009072327608, "bad-redirect": 0.03222977253439476, "dsfb-alt": 0.027684643979871148, "sfR": 0.0964592223377679}, "wordle": {"oneh-out": 0.009559071019858633, "sfb": 0.051475373050600244, "roll-out": 0.13818018624481096, "unknown": 0.0, "alternate": 0.23455626612812747, "oneh-in": 0.021137664086166272, "dsfb": 0.0, "dsfb-red": 0.01869179849657803, "redirect": 0.044137776281835524, "sft": 0.0, "sfT": 0.0001795130707954673, "roll-in": 0.28295747784135533, "bad-redirect": 0.022596207786379444, "dsfb-alt": 0.04514753730506003, "sfR": 0.13138112868843263}, "english-1k": {"oneh-out": 0.011291460832745237, "sfb": 0.04163726182074806, "roll-out": 0.12632321806633734, "unknown": 0.0, "alternate": 0.205363443895554, "oneh-in": 0.04410726887791108, "dsfb": 0.0, "dsfb-red": 0.014820042342978124, "redirect": 0.04551870148200424, "sft": 0.0, "sfT": 0.00035285815102328866, "roll-in": 0.3320395201129146, "bad-redirect": 0.03669724770642202, "dsfb-alt": 0.03352152434721242, "sfR": 0.10832745236414962}, "english-10k": {"oneh-out": 0.008374983114953397, "sfb": 0.03957854923679589, "roll-out": 0.13436637656548503, "unknown": 0.0, "alternate": 0.2288068543640609, "oneh-in": 0.05829682947067791, "dsfb": 0.0, "dsfb-red": 0.017020126975550453, "redirect": 0.04650624264294398, "sft": 0.0, "sfT": 7.718878446961657e-05, "roll-in": 0.29571023330310103, "bad-redirect": 0.03757164084058586, "dsfb-alt": 0.028019528762470814, "sfR": 0.10567144593890508}, "reddit": {"oneh-out": 0.007261981081384284, "sfb": 0.03418273636517382, "roll-out": 0.12849241215815194, "unknown": 0.04413374768723884, "alternate": 0.1830007770540381, "oneh-in": 0.06572150375782135, "dsfb": 0.0, "dsfb-red": 0.017081217223592852, "redirect": 0.05022147632026613, "sft": 0.0, "sfT": 5.427579181694113e-05, "roll-in": 0.3103265406187253, "bad-redirect": 0.02828165802243212, "dsfb-alt": 0.027263902646684636, "sfR": 0.10397777127267367}, "akl": {"oneh-out": 0.005278630965598049, "sfb": 0.035481648638476464, "roll-out": 0.10633294635463172, "unknown": 0.1386736163551281, "alternate": 0.15773444432219672, "oneh-in": 0.04774474813354449, "dsfb": 0.0, "dsfb-red": 0.01663481321410993, "redirect": 0.03957307931809884, "sft": 0.0, "sfT": 0.00015916637340801816, "roll-in": 0.27311963843487913, "bad-redirect": 0.022371967861438184, "dsfb-alt": 0.026246688162115867, "sfR": 0.13064861186637447}, "french": {"oneh-out": 0.01413001595880402, "sfb": 0.03358728897687423, "roll-out": 0.1214470514191524, "unknown": 0.15841440792606368, "alternate": 0.16511594901638463, "oneh-in": 0.037644520618103305, "dsfb": 0.0, "dsfb-red": 0.012184069922157214, "redirect": 0.04595121586831971, "sft": 0.0, "sfT": 3.806885122544621e-05, "roll-in": 0.25443073261653926, "bad-redirect": 0.029988516570729717, "dsfb-alt": 0.018085371099311714, "sfR": 0.10898279115633469}, "keymash": {"oneh-out": 0.007692528723836577, "sfb": 0.03638968363757271, "roll-out": 0.13158985768411374, "unknown": 0.012376186820900362, "alternate": 0.1831757746918268, "oneh-in": 0.07235656553632196, "dsfb": 0.0, "dsfb-red": 0.01707215953171629, "redirect": 0.05850672993641554, "sft": 0.0, "sfT": 2.873409875499255e-05, "roll-in": 0.3207833736294861, "bad-redirect": 0.032793816421947924, "dsfb-alt": 0.02751084712228001, "sfR": 0.099723742164827}, "movie": {"oneh-out": 0.009006161279204686, "sfb": 0.03400961901241349, "roll-out": 0.13095774669758514, "unknown": 0.030144722091026487, "alternate": 0.170929274189229, "oneh-in": 0.05488353657084195, "dsfb": 0.0, "dsfb-red": 0.021227126157189143, "redirect": 0.0669817206654271, "sft": 0.0, "sfT": 2.4082404460956173e-05, "roll-in": 0.3051443305874567, "bad-redirect": 0.028585287703800637, "dsfb-alt": 0.032429260568852716, "sfR": 0.11567713207251198}, "dutch": {"oneh-out": 0.008287075171519703, "sfb": 0.03301812311993381, "roll-out": 0.12520114316702796, "unknown": 0.07358430372699806, "alternate": 0.16789013257276164, "oneh-in": 0.025895276487288555, "dsfb": 0.0, "dsfb-red": 0.013657383906445148,