{"mt-quotes": {"dsfb-alt": 0.0840744193829861, "dsfb-red": 0.02254186538530498, "oneh-in": 0.0022606112764609557, "redirect": 0.02235659387289179, "dsfb": 0.0, "oneh-out": 0.005664228254503293, "alternate": 0.30488668555240794, "unknown": 0.007995063410669249, "sfb": 0.06900317949821302, "sfR": 0.0964592223377679, "roll-in": 0.19390755549180622, "bad-redirect": 0.0028388376902021254, "sft": 0.0, "sfT": 0.0013596538410968074, "roll-out": 0.18665208400568964}, "english-200": {"dsfb-alt": 0.0779510022271715, "dsfb-red": 0.011135857461024499, "oneh-in": 0.0022271714922048997, "redirect": 0.024498886414253896, "dsfb": 0.0, "oneh-out": 0.008908685968819599, "alternate": 0.30957683741648107, "unknown": 0.0, "sfb": 0.0779510022271715, "sfR": 0.10690423162583519, "roll-in": 0.22717149220489977, "bad-redirect": 0.0022271714922048997, "sft": 0.0, "sfT": 0.0, "roll-out": 0.1514476614699332}, "monkeyracer": {"dsfb-alt": 0.0825167743247259, "dsfb-red": 0.021215219669362028, "oneh-in": 0.0023646323724916714, "redirect": 0.02182324006443843, "dsfb": 0.0, "oneh-out": 0.0056178347435757075, "alternate": 0.3049046326852996, "unknown": 0.013491796612290222, "sfb": 0.0697688740478909, "sfR": 0.09690789370786869, "roll-in": 0.19316671098112204, "bad-redirect": 0.00278790058964293, "sft": 0.0, "sfT": 0.0013274786117584497, "roll-out": 0.18410701158953344}, "english-450k": {"dsfb-alt": 0.07065803037009274, "dsfb-red": 0.007073608680577279, "oneh-in": 0.00484125308936848, "redirect": 0.019328761428543863, "dsfb": 0.0, "oneh-out": 0.00513126052080891, "alternate": 0.3471868402111675, "unknown": 0.00015377410175167997, "sfb": 0.08115179725674018, "sfR": 0.11369548401129392, "roll-in": 0.19672268214776228, "bad-redirect": 0.003177510859199638, "sft": 0.0, "sfT": 0.0009580185008369872, "roll-out": 0.1499209788218565}}