{"english-450k": {"dsfb-red": 0.009657656751647809, "dsfb": 0.0, "sfb": 0.03412381797122261, "unknown": 0.0001543587941537776, "sfR": 0.11369548401129392, "oneh-in": 0.01084779813611756, "redirect": 0.022379394036488313, "oneh-out": 0.002561537413589772, "dsfb-alt": 0.060554253315644437, "sfT": 0.0001830087218565621, "roll-out": 0.13728986885934114, "sft": 0.0, "roll-in": 0.24942656292664273, "bad-redirect": 0.007094365260851745, "alternate": 0.35203189380114963}, "shai": {"dsfb-red": 0.006817241308842212, "dsfb": 0.0, "sfb": 0.024672493747741615, "unknown": 0.06456276146546681, "sfR": 0.09823378925716947, "oneh-in": 0.015228611114637483, "redirect": 0.019264561174597856, "oneh-out": 0.002885757452936603, "dsfb-alt": 0.05204236828147347, "sfT": 0.0002096097296503968, "roll-out": 0.13665707527759346, "sft": 0.0, "roll-in": 0.2717259708765671, "bad-redirect": 0.00700143019346161, "alternate": 0.3006983301198619}, "tr-quotes": {"dsfb-red": 0.005947620258431382, "dsfb": 0.0, "sfb": 0.026752733408843994, "unknown": 0.09006264302720696, "sfR": 0.09677191928064538, "oneh-in": 0.021933149950301656, "redirect": 0.01894662629157902, "oneh-out": 0.0027241626407156563, "dsfb-alt": 0.05132451861954185, "sfT": 8.668315572917871e-05, "roll-out": 0.12548138045814938, "sft": 0.0, "roll-in": 0.2671470839786413, "bad-redirect": 0.005120085065070156, "alternate": 0.28770139386514415}, "gutenberg": {"dsfb-red": 0.006358445451490356, "dsfb": 0.0, "sfb": 0.023302239180602584, "unknown": 0.09436925698728084, "sfR": 0.09863878308844841, "oneh-in": 0.012754778258568321, "redirect": 0.016539346208214508, "oneh-out": 0.002550008467823974, "dsfb-alt": 0.05434638060197704, "sfT": 0.00013828884789477013, "roll-out": 0.12994321064270972, "sft": 0.0, "roll-in": 0.2861707742243227, "bad-redirect": 0.004382998731152461, "alternate": 0.2705054893095143}, "english-200": {"dsfb-red": 0.0066815144766146995, "dsfb": 0.0, "sfb": 0.031180400890868598, "unknown": 0.0, "sfR": 0.10690423162583519, "oneh-in": 0.013363028953229399, "redirect": 0.022271714922048998, "oneh-out": 0.0, "dsfb-alt": 0.066815144766147, "sfT": 0.0, "roll-out": 0.155902004454343, "sft": 0.0, "roll-in": 0.29175946547884185, "bad-redirect": 0.0022271714922048997, "alternate": 0.3028953229398664}, "monkeyracer": {"dsfb-red": 0.00594823810938893, "dsfb": 0.0, "sfb": 0.026888773323740556, "unknown": 0.0900202543128392, "sfR": 0.09690789370786869, "oneh-in": 0.022371631449708308, "redirect": 0.018856452445375916, "oneh-out": 0.0027253390055836215, "dsfb-alt": 0.05126726308710137, "sfT": 9.188732658710919e-05, "roll-out": 0.12499120227724166, "sft": 0.0, "roll-in": 0.26718781769554406, "bad-redirect": 0.00509681405133178, "alternate": 0.28764643320768885}, "chained-bigrams": {"dsfb-red": 0.012517295853735028, "dsfb": 0.0, "sfb": 0.02220232464065855, "unknown": 0.05987563217928082, "sfR": 0.11914286586209158, "oneh-in": 0.016174179879476062, "redirect": 0.024930053652046705, "oneh-out": 0.0029062878017075415, "dsfb-alt": 0.06220923324258218, "sfT": 0.00010908318826784338, "roll-out": 0.10598210905851468, "sft": 0.0, "roll-in": 0.2507790033043116, "bad-redirect": 0.00808449272096975, "alternate": 0.3150874386163577}, "english-5k": {"dsfb-red": 0.008545235823619695, "dsfb": 0.0, "sfb": 0.02285643174181773, "unknown": 0.0022400132741527356, "sfR": 0.10644211224955408, "oneh-in": 0.013813415190608537, "redirect": 0.02094827228605799, "oneh-out": 0.002530385365246609, "dsfb-alt": 0.05728626540009126, "sfT": 0.00012444518189737422, "roll-out": 0.14667938772970507, "sft": 0.0, "roll-in": 0.27203716762766, "bad-redirect": 0.005641514912680964, "alternate": 0.34085535321690796}, "mt-quotes": {"dsfb-red": 0.00573146388400808, "dsfb": 0.0, "sfb": 0.027225947574138487, "unknown": 0.0857358864943044, "sfR": 0.0964592223377679, "oneh-in": 0.023424893319467854, "redirect": 0.018923094392847326, "oneh-out": 0.0026640250534896784, "dsfb-alt": 0.05204336548690549, "sfT": 7.171800480510633e-05, "roll-out": 0.12371057003860819, "sft": 0.0, "roll-in": 0.2702752776084436, "bad-redirect": 0.005011295585756804, "alternate": 0.2887232402194571}, "wordle": {"dsfb-red": 0.01321664983731628, "dsfb": 0.0, "sfb": 0.051385616515202515, "unknown": 0.0, "sfR": 0.13138112868843263, "oneh-in": 0.005161000785369685, "redirect": 0.027577695500953663, "oneh-out": 0.006372714013239089, "dsfb-alt": 0.06339055312464939, "sfT": 0.0007180522831818692, "roll-out": 0.17484573095478514, "sft": 0.0, "roll-in": 0.20547514865926175, "bad-redirect": 0.008706383933580164, "alternate": 0.3117693257040278}, "english-1k": {"dsfb-red": 0.007410021171489062, "dsfb": 0.0, "sfb": 0.022582921665490474, "unknown": 0.0, "sfR": 0.10832745236414962, "oneh-in": 0.01305575158786168, "redirect": 0.02081863091037403, "oneh-out": 0.003175723359209598, "dsfb-alt": 0.05857445306986592, "sfT": 0.0, "roll-out": 0.16337332392378265, "sft": 0.0, "roll-in": 0.28687367678193365, "bad-redirect": 0.005998588567395907, "alternate": 0.30980945659844744}, "english-10k": {"dsfb-red": 0.008548657880010035, "dsfb": 0.0, "sfb": 0.023639065243820073, "unknown": 0.0, "sfR": 0.10567144593890508, "oneh-in": 0.011308156924798828, "redirect": 0.021323401709731574, "oneh-out": 0.0035892784778371704, "dsfb-alt": 0.05762142760656876, "sfT": 0.00017367476505663728, "roll-out": 0.14945678392929507, "sft": 0.0, "roll-in": 0.2680573512668609, "bad-redirect": 0.008818818625653693, "alternate": 0.34179193763146215}, "reddit": {"dsfb-red": 0.006312398197774018, "dsfb": 0.0, "sfb": 0.02894424220562734, "unknown": 0.10396709590989395, "sfR": 0.10397777127267367, "oneh-in": 0.01839181465622429, "redirect": 0.020422605773648222, "oneh-out": 0.0025117068462974378, "dsfb-alt": 0.048092584237508465, "sfT": 0.00010798972243494912, "roll-out": 0.12481581721681306, "sft": 0.0, "roll-in": 0.25653803229091227, "bad-redirect": 0.005970674216582884, "alternate": 0.2799472674536095}, "akl": {"dsfb-red": 0.006224116779197029, "dsfb": 0.0, "sfb": 0.02703337821633991, "unknown": 0.17107002670620014, "sfR": 0.13064861186637447, "oneh-in": 0.016691566576376028, "redirect": 0.022360256457992764, "oneh-out": 0.004134397199857793, "dsfb-alt": 0.040148272297443555, "sfT": 0.00013166681215326433, "roll-out": 0.11241242483051758, "sft": 0.0, "roll-in": 0.21435779518549145, "bad-redirect": 0.006487821017536641, "alternate": 0.24829966605451936}, "french": {"dsfb-red": 0.003061808338151118, "dsfb": 0.0, "sfb": 0.02184344539254012, "unknown": 0.21023212216107084, "sfR": 0.10898279115633469, "oneh-in": 0.01021750887595267, "redirect": 0.013858560029896558, "oneh-out": 0.0014621674947653083, "dsfb-alt": 0.027632188018235835, "sfT": 0.00027959106712683083, "roll-out": 0.13142936041498374, "sft": 0.0, "roll-in": 0.21535134141312864, "bad-redirect": 0.0045923379612681425, "alternate": 0.2510567776765455}, "keymash": {"dsfb-red": 0.006547269644887588, "dsfb": 0.0, "sfb": 0.025934576562006133, "unknown": 0.0849421007910087, "sfR": 0.099723742164827, "oneh-in": 0.02121807949493664, "redirect": 0.018586857023229465, "oneh-out": 0.003004765755522078, "dsfb-alt": 0.05223859153657646, "sfT": 8.209742501426443e-05, "roll-out": 0.12916387877494223, "sft": 0.0, "roll-in": 0.2666688559313337, "bad-redirect": 0.005303493655921482, "alternate": 0.28658569123979427}, "movie": {"dsfb-red": 0.005862420513260522, "dsfb": 0.0, "sfb": 0.024764607656178012, "unknown": 0.15450046842250645, "sfR": 0.11567713207251198, "oneh-in": 0.03081337070887413, "redirect": 0.017840324183379483, "oneh-out": 0.002249928246278512, "dsfb-alt": 0.04646009052088925, "sfT": 0.00012343877259222343, "roll-out": 0.11316308696419447, "sft": 0.0, "roll-in": 0.2284196323445905, "bad-redirect": 0.00483582577446315, "alternate": 0.2552896738202813}, "dutch": {"dsfb-red": 0.009266742045334857, "dsfb": 0.0, "sfb": 0.04727993616924145, "unknown": 0.10091669751062121, "sfR": 0.18880787437283908, "oneh-in": 0.012977197157940424, "redirect": 0.01156808776220066, "oneh-out": 0.0025186131506094553,