{"english-450k": {"dsfb-alt": 0.04346837194154713, "roll-in": 0.2550767379543133, "dsfb": 0.0, "sfR": 0.11369548401129392, "sfT": 0.0001721919124177557, "redirect": 0.048440596128985484, "sfb": 0.04094220841828427, "oneh-out": 0.005048234199711045, "sft": 0.0, "oneh-in": 0.01435478316389922, "roll-out": 0.1616721267192149, "dsfb-red": 0.021117920178962652, "unknown": 0.017344900108226563, "alternate": 0.27667585998020233, "bad-redirect": 0.0019905852829414238}, "shai": {"dsfb-alt": 0.04202702365872531, "roll-in": 0.2536413734935208, "dsfb": 0.0, "sfR": 0.09823378925716947, "sfT": 0.0002025810672605835, "redirect": 0.038945187425320466, "sfb": 0.028493423246542256, "oneh-out": 0.006803323318779564, "sft": 0.0, "oneh-in": 0.021365159756541997, "roll-out": 0.1829391528387281, "dsfb-red": 0.023744315530588152, "unknown": 0.03960196483625229, "alternate": 0.261453042807031, "bad-redirect": 0.002549662763540006}, "tr-quotes": {"dsfb-alt": 0.03916576130926239, "roll-in": 0.23979219158133191, "dsfb": 0.0, "sfR": 0.09677191928064538, "sfT": 0.00014216037539585308, "redirect": 0.041318970897575184, "sfb": 0.03189131088046971, "oneh-out": 0.0077043988812094035, "sft": 0.0, "oneh-in": 0.025813088000739698, "roll-out": 0.19311389010887403, "dsfb-red": 0.029033078292226254, "unknown": 0.04563116895124939, "alternate": 0.24709438061995792, "bad-redirect": 0.002527680821062851}, "gutenberg": {"dsfb-alt": 0.03573421716956448, "roll-in": 0.24614941333324242, "dsfb": 0.0, "sfR": 0.09863878308844841, "sfT": 0.00011025220475994003, "redirect": 0.03618905487339372, "sfb": 0.028530694251692523, "oneh-out": 0.007404136465708344, "sft": 0.0, "oneh-in": 0.016281522753440834, "roll-out": 0.21276193896877438, "dsfb-red": 0.02598239071486999, "unknown": 0.049739088725745936, "alternate": 0.23992186869530724, "bad-redirect": 0.0025566387550518053}, "english-200": {"dsfb-alt": 0.035634743875278395, "roll-in": 0.2717149220489978, "dsfb": 0.0, "sfR": 0.10690423162583519, "sfT": 0.0, "redirect": 0.035634743875278395, "sfb": 0.022271714922048998, "oneh-out": 0.011135857461024499, "sft": 0.0, "oneh-in": 0.015590200445434299, "roll-out": 0.19599109131403117, "dsfb-red": 0.031180400890868598, "unknown": 0.0, "alternate": 0.2717149220489978, "bad-redirect": 0.0022271714922048997}, "monkeyracer": {"dsfb-alt": 0.03912445063108998, "roll-in": 0.24009962932261444, "dsfb": 0.0, "sfR": 0.09690789370786869, "sfT": 0.00015347138589549088, "redirect": 0.041479307756072385, "sfb": 0.031858509157451864, "oneh-out": 0.007687254641287517, "sft": 0.0, "oneh-in": 0.0261614949090511, "roll-out": 0.19325077810970173, "dsfb-red": 0.028914204607660667, "unknown": 0.04506291349296964, "alternate": 0.24677905594569655, "bad-redirect": 0.0025210363326399424}, "chained-bigrams": {"dsfb-alt": 0.047262888535811426, "roll-in": 0.23592421055912277, "dsfb": 0.0, "sfR": 0.11914286586209158, "sfT": 0.00014739216510000267, "redirect": 0.05553632892217369, "sfb": 0.028099309854042798, "oneh-out": 0.005634666117787767, "sft": 0.0, "oneh-in": 0.010721968380160105, "roll-out": 0.17149435526965948, "dsfb-red": 0.026120878457303997, "unknown": 0.040520508613351394, "alternate": 0.25579942718340065, "bad-redirect": 0.003595200079994338}, "english-5k": {"dsfb-alt": 0.04421952130086697, "roll-in": 0.2773883104492471, "dsfb": 0.0, "sfR": 0.10644211224955408, "sfT": 0.00020740863649562367, "redirect": 0.041108391753432616, "sfb": 0.02696312274443108, "oneh-out": 0.005890405276475713, "sft": 0.0, "oneh-in": 0.024100883560791472, "roll-out": 0.15041274318662629, "dsfb-red": 0.018334923466213134, "unknown": 0.011780810552951425, "alternate": 0.2919483967312399, "bad-redirect": 0.0012029700916746174}, "mt-quotes": {"dsfb-alt": 0.0382794850647255, "roll-in": 0.24018509221740117, "dsfb": 0.0, "sfR": 0.0964592223377679, "sfT": 0.0001389536343098935, "redirect": 0.0415336895327572, "sfb": 0.031983241892877205, "oneh-out": 0.007935298406664994, "sft": 0.0, "oneh-in": 0.02721548869843774, "roll-out": 0.19677776980911058, "dsfb-red": 0.02964792436141093, "unknown": 0.039987270054147095, "alternate": 0.24735838682301192, "bad-redirect": 0.00249817716737787}, "wordle": {"dsfb-alt": 0.04503534163581286, "roll-in": 0.23119039605071245, "dsfb": 0.0, "sfR": 0.13138112868843263, "sfT": 4.4878267698866824e-05, "redirect": 0.05154269045214855, "sfb": 0.046045102659037364, "oneh-out": 0.008953214405923931, "sft": 0.0, "oneh-in": 0.008751262201279031, "roll-out": 0.1813979580388197, "dsfb-red": 0.026051834399192193, "unknown": 0.021878155503197577, "alternate": 0.24315045439246044, "bad-redirect": 0.004577583305284416}, "english-1k": {"dsfb-alt": 0.03458009880028229, "roll-in": 0.27170077628793227, "dsfb": 0.0, "sfR": 0.10832745236414962, "sfT": 0.0, "redirect": 0.04128440366972477, "sfb": 0.02328863796753705, "oneh-out": 0.009527170077628794, "sft": 0.0, "oneh-in": 0.015525758645024701, "roll-out": 0.19442484121383205, "dsfb-red": 0.02646436132674665, "unknown": 0.007057163020465773, "alternate": 0.2667607621736062, "bad-redirect": 0.001058574453069866}, "english-10k": {"dsfb-alt": 0.041546863240771115, "roll-in": 0.2886860539163659, "dsfb": 0.0, "sfR": 0.10567144593890508, "sfT": 0.00025086354952625386, "redirect": 0.04033113988537466, "sfb": 0.02940892688292391, "oneh-out": 0.005422512108990564, "sft": 0.0, "oneh-in": 0.021883020397136296, "roll-out": 0.15204260820902724, "dsfb-red": 0.019412979294108568, "unknown": 0.01034329711892862, "alternate": 0.28312846143455356, "bad-redirect": 0.0018718280233882016}, "reddit": {"dsfb-alt": 0.04016446051866906, "roll-in": 0.23147636334215269, "dsfb": 0.0, "sfR": 0.10397777127267367, "sfT": 0.0002769601136607748, "redirect": 0.04168167304285484, "sfb": 0.030495428603641947, "oneh-out": 0.007658392885938244, "sft": 0.0, "oneh-in": 0.022098188241106625, "roll-out": 0.17912198699590984, "dsfb-red": 0.023065151364470557, "unknown": 0.07337461514848961, "alternate": 0.24377977513191096, "bad-redirect": 0.002829233338521185}, "akl": {"dsfb-alt": 0.03117852322315711, "roll-in": 0.19773143197133583, "dsfb": 0.0, "sfR": 0.13064861186637447, "sfT": 0.0001399932740965276, "redirect": 0.034003590459337305, "sfb": 0.02904203215284281, "oneh-out": 0.010885749502518607, "sft": 0.0, "oneh-in": 0.019206034545230514, "roll-out": 0.14975030620749102, "dsfb-red": 0.02293789548995583, "unknown": 0.16460127995756618, "alternate": 0.20642754435119604, "bad-redirect": 0.003447006998897769}, "french": {"dsfb-alt": 0.029592187019246853, "roll-in": 0.23202841970835064, "dsfb": 0.0, "sfR": 0.10898279115633469, "sfT": 0.00038844910451529683, "redirect": 0.030767856819409953, "sfb": 0.0354486475542456, "oneh-out": 0.004552036816129831, "sft": 0.0, "oneh-in": 0.017343170827879756, "roll-out": 0.12581915635680224, "dsfb-red": 0.015895820371234073, "unknown": 0.20901691528952485, "alternate": 0.18748762406516511, "bad-redirect": 0.0026769249111610696}, "keymash": {"dsfb-alt": 0.03831486825415721, "roll-in": 0.24203141868455297, "dsfb": 0.0, "sfR": 0.099723742164827, "sfT": 0.00013956562252424954, "redirect": 0.04061359615455661, "sfb": 0.03157056478923539, "oneh-out": 0.008464244518970663, "sft": 0.0, "oneh-in": 0.02514233641061848, "roll-out": 0.19450111447254456, "dsfb-red": 0.029189739463821716, "unknown": 0.040917356627109394, "alternate": 0.24685053753289027, "bad-redirect": 0.002540915304191484}, "movie": {"dsfb-alt": 0.040699131941177344, "roll-in": 0.20823923539550218, "dsfb": 0.0, "sfR": 0.11567713207251198, "sfT": 0.0001679188420337709, "redirect": 0.040802962635820485, "sfb": 0.036304158925972135, "oneh-out": 0.00786468162732308, "sft": 0.0, "oneh-in": 0.03283616108575586, "roll-out": 0.16579551090821065, "dsfb-red": 0.03312449195009441, "unknown": 0.08909489506980542, "alternate": 0.2253645885218523, "bad-redirect": 0.0040291310239404104}, "dutch": {"dsfb-alt": 0.023538488754648604, "roll-in": 0.258010555428227, "dsfb": 0.0, "sfR": 0.18880787437283908, "sfT": 0.00040290494645703464, "redirect": 0.031595153220250506,