{"english-450k": {"dsfb": 0.0, "sft": 0.0, "roll-in": 0.0, "sfT": 0.007738111595561249, "bad-redirect": 4.67753921678114e-05, "redirect": 0.008429802707242761, "alternate": 0.0, "unknown": 0.8479153669441811, "roll-out": 0.0, "oneh-in": 0.002075073335044533, "oneh-out": 0.0016652039611740857, "sfb": 0.012307190371753277, "sfR": 0.11369548401129392, "dsfb-red": 0.006126991681581195, "dsfb-alt": 0.0}, "shai": {"dsfb": 0.0, "sft": 0.0, "roll-in": 0.0, "sfT": 0.0030950575498826026, "bad-redirect": 5.8358023961236464e-05, "redirect": 0.017778811865001378, "alternate": 0.0, "unknown": 0.8562519177875628, "roll-out": 0.0, "oneh-in": 0.0035400190981452074, "oneh-out": 0.001311724118498913, "sfb": 0.012917411978388875, "sfR": 0.09823378925716947, "dsfb-red": 0.006812910321389459, "dsfb-alt": 0.0}, "tr-quotes": {"dsfb": 0.0, "sft": 0.0, "roll-in": 0.0, "sfT": 0.003297427243937958, "bad-redirect": 1.618085573611336e-05, "redirect": 0.019747578650516632, "alternate": 0.0, "unknown": 0.8580257044451123, "roll-out": 0.0, "oneh-in": 0.0037909433438894154, "oneh-out": 0.001039042093340422, "sfb": 0.010311828205543098, "sfR": 0.09677191928064538, "dsfb-red": 0.00699937588127875, "dsfb-alt": 0.0}, "gutenberg": {"dsfb": 0.0, "sft": 0.0, "roll-in": 0.0, "sfT": 0.0032240245237275247, "bad-redirect": 1.761762034823784e-05, "redirect": 0.026808713940235727, "alternate": 0.0, "unknown": 0.8509797480718178, "roll-out": 0.0, "oneh-in": 0.0022302391866645603, "oneh-out": 0.000986965613057195, "sfb": 0.010113650700556148, "sfR": 0.09863878308844841, "dsfb-red": 0.00700025725514444, "dsfb-alt": 0.0}, "english-200": {"dsfb": 0.0, "sft": 0.0, "roll-in": 0.0, "sfT": 0.0022271714922048997, "bad-redirect": 0.0, "redirect": 0.017817371937639197, "alternate": 0.0, "unknown": 0.8552338530066815, "roll-out": 0.0, "oneh-in": 0.0022271714922048997, "oneh-out": 0.0022271714922048997, "sfb": 0.004454342984409799, "sfR": 0.10690423162583519, "dsfb-red": 0.008908685968819599, "dsfb-alt": 0.0}, "monkeyracer": {"dsfb": 0.0, "sft": 0.0, "roll-in": 0.0, "sfT": 0.0032512473215821824, "bad-redirect": 1.3685346512973709e-05, "redirect": 0.019725471948949747, "alternate": 0.0, "unknown": 0.8579343728983218, "roll-out": 0.0, "oneh-in": 0.003836784647387272, "oneh-out": 0.0010351987112313685, "sfb": 0.010251302062968235, "sfR": 0.09690789370786869, "dsfb-red": 0.007044043355177753, "dsfb-alt": 0.0}, "chained-bigrams": {"dsfb": 0.0, "sft": 0.0, "roll-in": 0.0, "sfT": 0.0029699196615304503, "bad-redirect": 4.8697851905287224e-05, "redirect": 0.010357059143216487, "alternate": 0.0, "unknown": 0.8403600004934716, "roll-out": 0.0, "oneh-in": 0.0029465446926159123, "oneh-out": 0.001673258191465669, "sfb": 0.014647664548418326, "sfR": 0.11914286586209158, "dsfb-red": 0.007853989555284723, "dsfb-alt": 0.0}, "english-5k": {"dsfb": 0.0, "sft": 0.0, "roll-in": 0.0, "sfT": 0.004397063093707222, "bad-redirect": 0.00016592690919649896, "redirect": 0.009043016551209192, "alternate": 0.0, "unknown": 0.8524494959970134, "roll-out": 0.0, "oneh-in": 0.002074086364956237, "oneh-out": 0.001742232546563239, "sfb": 0.015057867009582279, "sfR": 0.10644211224955408, "dsfb-red": 0.008628199278217945, "dsfb-alt": 0.0}, "mt-quotes": {"dsfb": 0.0, "sft": 0.0, "roll-in": 0.0, "sfT": 0.003243745592330955, "bad-redirect": 0.0, "redirect": 0.020541231876262535, "alternate": 0.0, "unknown": 0.8575381599550567, "roll-out": 0.0, "oneh-in": 0.003948972639581167, "oneh-out": 0.0010085344425718077, "sfb": 0.010107756302219672, "sfR": 0.0964592223377679, "dsfb-red": 0.0071523768542092496, "dsfb-alt": 0.0}, "wordle": {"dsfb": 0.0, "sft": 0.0, "roll-in": 0.0, "sfT": 0.003859531022102547, "bad-redirect": 0.0, "redirect": 0.007315157634915292, "alternate": 0.0, "unknown": 0.8363065185683832, "roll-out": 0.0, "oneh-in": 0.003253674408167845, "oneh-out": 0.0010097610232245036, "sfb": 0.011197127790867272, "sfR": 0.13138112868843263, "dsfb-red": 0.005677100863906653, "dsfb-alt": 0.0}, "english-1k": {"dsfb": 0.0, "sft": 0.0, "roll-in": 0.0, "sfT": 0.003175723359209598, "bad-redirect": 0.0, "redirect": 0.01305575158786168, "alternate": 0.0, "unknown": 0.8500352858151023, "roll-out": 0.0, "oneh-in": 0.0014114326040931546, "oneh-out": 0.001058574453069866, "sfb": 0.014467184191954835, "sfR": 0.10832745236414962, "dsfb-red": 0.008468595624558928, "dsfb-alt": 0.0}, "english-10k": {"dsfb": 0.0, "sft": 0.0, "roll-in": 0.0, "sfT": 0.004862893421585844, "bad-redirect": 0.00013508037282182898, "redirect": 0.008915304606240713, "alternate": 0.0, "unknown": 0.8511028347581097, "roll-out": 0.0, "oneh-in": 0.002720904652553984, "oneh-out": 0.001505181297157523, "sfb": 0.016518399876497943, "sfR": 0.10567144593890508, "dsfb-red": 0.008567955076127438, "dsfb-alt": 0.0}, "reddit": {"dsfb": 0.0, "sft": 0.0, "roll-in": 2.1350725559459242e-06, "sfT": 0.003207216095750138, "bad-redirect": 2.9516441650620846e-05, "redirect": 0.015091516888517561, "alternate": 7.491482652441839e-07, "unknown": 0.8566486814896889, "roll-out": 2.022700316159297e-06, "oneh-in": 0.003564822020164449, "oneh-out": 0.0008623445681225801, "sfb": 0.010122753561872248, "sfR": 0.10397777127267367, "dsfb-red": 0.006490395825596036, "dsfb-alt": 7.49148265244184e-08}, "akl": {"dsfb": 0.0, "sft": 0.0, "roll-in": 1.0377192926322202e-06, "sfT": 0.002350112998983307, "bad-redirect": 0.0001524953208125253, "redirect": 0.011103843507186812, "alternate": 7.412280661658715e-07, "unknown": 0.8385854077444942, "roll-out": 3.953216352884648e-07, "oneh-in": 0.0031858476435853273, "oneh-out": 0.001061117391920856, "sfb": 0.007452084608811823, "sfR": 0.13064861186637447, "dsfb-red": 0.005457958742405779, "dsfb-alt": 3.4590643087740673e-07}, "french": {"dsfb": 0.0, "sft": 0.0, "roll-in": 0.0012643323194673872, "sfT": 0.004495255648816001, "bad-redirect": 6.442190486793337e-06, "redirect": 0.0084439139075851, "alternate": 0.002416900124908081, "unknown": 0.8443771580120857, "roll-out": 0.0009182818174581954, "oneh-in": 0.0013714524636082531, "oneh-out": 0.0010526089800270073, "sfb": 0.019443250017382677, "sfR": 0.10898279115633469, "dsfb-red": 0.005788428007090544, "dsfb-alt": 0.0014391853547496315}, "keymash": {"dsfb": 0.0, "sft": 0.0, "roll-in": 0.0, "sfT": 0.0027954173217357037, "bad-redirect": 0.0, "redirect": 0.01919027309708431, "alternate": 2.462922750427933e-05, "unknown": 0.8566373715688408, "roll-out": 8.209742501426442e-06, "oneh-in": 0.003710803610644752, "oneh-out": 0.001243775988966106, "sfb": 0.010110297890506664, "sfR": 0.099723742164827, "dsfb-red": 0.006551374516138301, "dsfb-alt": 4.104871250713221e-06}, "movie": {"dsfb": 0.0, "sft": 0.0, "roll-in": 0.0, "sfT": 0.002222555895852944, "bad-redirect": 1.5396947114381815e-05, "redirect": 0.012673266649199247, "alternate": 0.0, "unknown": 0.852082450257004, "roll-out": 0.0, "oneh-in": 0.003631047562222419, "oneh-out": 0.0006787816514186444, "sfb": 0.007499892418766957, "sfR": 0.11567713207251198, "dsfb-red": 0.005519476545909419, "dsfb-alt": 0.0}, "dutch": {"dsfb": 0.0, "sft": 0.0, "roll-in": 6.275777982196801e-06, "sfT": 0.005839647274022594, "bad-redirect": 3.887396190115047e-05, "redirect": 0.00685397437309371, "alternate": 5.128207151166529e-06, "unknown": 0.7745308416653849, "roll-out": 5.199930328105921e-06, "oneh-in": 0.0008865163977651202, "oneh-out": 0.0015320967133965876, "sfb": 0.013451986658484965, "sfR": 0.18880787437283908, "dsfb-red": 0.008021968378757474, "dsfb-alt": 1.9616288892923716e-05}}