{"english-450k": {"sft": 0.0, "roll-out": 0.0, "alternate": 0.0, "unknown": 0.8479153669441811, "sfT": 0.007738111595561249, "oneh-out": 0.0016652039611740857, "dsfb-red": 0.006126991681581195, "oneh-in": 0.002075073335044533, "redirect": 0.008429802707242761, "sfR": 0.11369548401129392, "dsfb-alt": 0.0, "roll-in": 0.0, "sfb": 0.012307190371753277, "bad-redirect": 4.67753921678114e-05, "dsfb": 0.0}, "shai": {"sft": 0.0, "roll-out": 0.0, "alternate": 0.0, "unknown": 0.8562519177875628, "sfT": 0.0030950575498826026, "oneh-out": 0.001311724118498913, "dsfb-red": 0.006812910321389459, "oneh-in": 0.0035400190981452074, "redirect": 0.017778811865001378, "sfR": 0.09823378925716947, "dsfb-alt": 0.0, "roll-in": 0.0, "sfb": 0.012917411978388875, "bad-redirect": 5.8358023961236464e-05, "dsfb": 0.0}, "tr-quotes": {"sft": 0.0, "roll-out": 0.0, "alternate": 0.0, "unknown": 0.8580257044451123, "sfT": 0.003297427243937958, "oneh-out": 0.001039042093340422, "dsfb-red": 0.00699937588127875, "oneh-in": 0.0037909433438894154, "redirect": 0.019747578650516632, "sfR": 0.09677191928064538, "dsfb-alt": 0.0, "roll-in": 0.0, "sfb": 0.010311828205543098, "bad-redirect": 1.618085573611336e-05, "dsfb": 0.0}, "gutenberg": {"sft": 0.0, "roll-out": 0.0, "alternate": 0.0, "unknown": 0.8509797480718178, "sfT": 0.0032240245237275247, "oneh-out": 0.000986965613057195, "dsfb-red": 0.00700025725514444, "oneh-in": 0.0022302391866645603, "redirect": 0.026808713940235727, "sfR": 0.09863878308844841, "dsfb-alt": 0.0, "roll-in": 0.0, "sfb": 0.010113650700556148, "bad-redirect": 1.761762034823784e-05, "dsfb": 0.0}, "english-200": {"sft": 0.0, "roll-out": 0.0, "alternate": 0.0, "unknown": 0.8552338530066815, "sfT": 0.0022271714922048997, "oneh-out": 0.0022271714922048997, "dsfb-red": 0.008908685968819599, "oneh-in": 0.0022271714922048997, "redirect": 0.017817371937639197, "sfR": 0.10690423162583519, "dsfb-alt": 0.0, "roll-in": 0.0, "sfb": 0.004454342984409799, "bad-redirect": 0.0, "dsfb": 0.0}, "monkeyracer": {"sft": 0.0, "roll-out": 0.0, "alternate": 0.0, "unknown": 0.8579343728983218, "sfT": 0.0032512473215821824, "oneh-out": 0.0010351987112313685, "dsfb-red": 0.007044043355177753, "oneh-in": 0.003836784647387272, "redirect": 0.019725471948949747, "sfR": 0.09690789370786869, "dsfb-alt": 0.0, "roll-in": 0.0, "sfb": 0.010251302062968235, "bad-redirect": 1.3685346512973709e-05, "dsfb": 0.0}, "chained-bigrams": {"sft": 0.0, "roll-out": 0.0, "alternate": 0.0, "unknown": 0.8403600004934716, "sfT": 0.0029699196615304503, "oneh-out": 0.001673258191465669, "dsfb-red": 0.007853989555284723, "oneh-in": 0.0029465446926159123, "redirect": 0.010357059143216487, "sfR": 0.11914286586209158, "dsfb-alt": 0.0, "roll-in": 0.0, "sfb": 0.014647664548418326, "bad-redirect": 4.8697851905287224e-05, "dsfb": 0.0}, "english-5k": {"sft": 0.0, "roll-out": 0.0, "alternate": 0.0, "unknown": 0.8524494959970134, "sfT": 0.004397063093707222, "oneh-out": 0.001742232546563239, "dsfb-red": 0.008628199278217945, "oneh-in": 0.002074086364956237, "redirect": 0.009043016551209192, "sfR": 0.10644211224955408, "dsfb-alt": 0.0, "roll-in": 0.0, "sfb": 0.015057867009582279, "bad-redirect": 0.00016592690919649896, "dsfb": 0.0}, "mt-quotes": {"sft": 0.0, "roll-out": 0.0, "alternate": 0.0, "unknown": 0.8575381599550567, "sfT": 0.003243745592330955, "oneh-out": 0.0010085344425718077, "dsfb-red": 0.0071523768542092496, "oneh-in": 0.003948972639581167, "redirect": 0.020541231876262535, "sfR": 0.0964592223377679, "dsfb-alt": 0.0, "roll-in": 0.0, "sfb": 0.010107756302219672, "bad-redirect": 0.0, "dsfb": 0.0}, "wordle": {"sft": 0.0, "roll-out": 0.0, "alternate": 0.0, "unknown": 0.8363065185683832, "sfT": 0.003859531022102547, "oneh-out": 0.0010097610232245036, "dsfb-red": 0.005677100863906653, "oneh-in": 0.003253674408167845, "redirect": 0.007315157634915292, "sfR": 0.13138112868843263, "dsfb-alt": 0.0, "roll-in": 0.0, "sfb": 0.011197127790867272, "bad-redirect": 0.0, "dsfb": 0.0}, "english-1k": {"sft": 0.0, "roll-out": 0.0, "alternate": 0.0, "unknown": 0.8500352858151023, "sfT": 0.003175723359209598, "oneh-out": 0.001058574453069866, "dsfb-red": 0.008468595624558928, "oneh-in": 0.0014114326040931546, "redirect": 0.01305575158786168, "sfR": 0.10832745236414962, "dsfb-alt": 0.0, "roll-in": 0.0, "sfb": 0.014467184191954835, "bad-redirect": 0.0, "dsfb": 0.0}, "english-10k": {"sft": 0.0, "roll-out": 0.0, "alternate": 0.0, "unknown": 0.8511028347581097, "sfT": 0.004862893421585844, "oneh-out": 0.001505181297157523, "dsfb-red": 0.008567955076127438, "oneh-in": 0.002720904652553984, "redirect": 0.008915304606240713, "sfR": 0.10567144593890508, "dsfb-alt": 0.0, "roll-in": 0.0, "sfb": 0.016518399876497943, "bad-redirect": 0.00013508037282182898, "dsfb": 0.0}, "reddit": {"sft": 0.0, "roll-out": 2.022700316159297e-06, "alternate": 7.491482652441839e-07, "unknown": 0.8566486814896889, "sfT": 0.003207216095750138, "oneh-out": 0.0008623445681225801, "dsfb-red": 0.006490395825596036, "oneh-in": 0.003564822020164449, "redirect": 0.015091516888517561, "sfR": 0.10397777127267367, "dsfb-alt": 7.49148265244184e-08, "roll-in": 2.1350725559459242e-06, "sfb": 0.010122753561872248, "bad-redirect": 2.9516441650620846e-05, "dsfb": 0.0}, "akl": {"sft": 0.0, "roll-out": 3.953216352884648e-07, "alternate": 7.412280661658715e-07, "unknown": 0.8385854077444942, "sfT": 0.002350112998983307, "oneh-out": 0.001061117391920856, "dsfb-red": 0.005457958742405779, "oneh-in": 0.0031858476435853273, "redirect": 0.011103843507186812, "sfR": 0.13064861186637447, "dsfb-alt": 3.4590643087740673e-07, "roll-in": 1.0377192926322202e-06, "sfb": 0.007452084608811823, "bad-redirect": 0.0001524953208125253, "dsfb": 0.0}, "french": {"sft": 0.0, "roll-out": 0.0009182818174581954, "alternate": 0.002416900124908081, "unknown": 0.8443771580120857, "sfT": 0.004495255648816001, "oneh-out": 0.0010526089800270073, "dsfb-red": 0.005788428007090544, "oneh-in": 0.0013714524636082531, "redirect": 0.0084439139075851, "sfR": 0.10898279115633469, "dsfb-alt": 0.0014391853547496315, "roll-in": 0.0012643323194673872, "sfb": 0.019443250017382677, "bad-redirect": 6.442190486793337e-06, "dsfb": 0.0}, "keymash": {"sft": 0.0, "roll-out": 8.209742501426442e-06, "alternate": 2.462922750427933e-05, "unknown": 0.8566373715688408, "sfT": 0.0027954173217357037, "oneh-out": 0.001243775988966106, "dsfb-red": 0.006551374516138301, "oneh-in": 0.003710803610644752, "redirect": 0.01919027309708431, "sfR": 0.099723742164827, "dsfb-alt": 4.104871250713221e-06, "roll-in": 0.0, "sfb": 0.010110297890506664, "bad-redirect": 0.0, "dsfb": 0.0}, "movie": {"sft": 0.0, "roll-out": 0.0, "alternate": 0.0, "unknown": 0.852082450257004, "sfT": 0.002222555895852944, "oneh-out": 0.0006787816514186444, "dsfb-red": 0.005519476545909419, "oneh-in": 0.003631047562222419, "redirect": 0.012673266649199247, "sfR": 0.11567713207251198, "dsfb-alt": 0.0, "roll-in": 0.0, "sfb": 0.007499892418766957, "bad-redirect": 1.5396947114381815e-05, "dsfb": 0.0}, "dutch": {"sft": 0.0, "roll-out": 5.199930328105921e-06, "alternate": 5.128207151166529e-06, "unknown": 0.7745308416653849, "sfT": 0.005839647274022594, "oneh-out": 0.0015320967133965876, "dsfb-red": 0.008021968378757474, "oneh-in": 0.0008865163977651202, "redirect": 0.00685397437309371, "sfR": 0.18880787437283908, "dsfb-alt": 1.9616288892923716e-05, "roll-in": 6.275777982196801e-06, "sfb": 0.013451986658484965, "bad-redirect": 3.887396190115047e-05, "dsfb": 0.0}}