{"english-450k": {"dsfb": 0.0, "unknown": 0.00015377410175167997, "roll-in": 0.22689690294281534, "sfR": 0.11369548401129392, "dsfb-red": 0.02147721366005165, "alternate": 0.301847744929109, "sfT": 6.226974082339892e-05, "oneh-out": 0.007929598357248227, "bad-redirect": 0.0016198903000115184, "oneh-in": 0.009298947962960906, "roll-out": 0.18716237668106375, "redirect": 0.041255311199607556, "dsfb-alt": 0.049094574580731694, "sfb": 0.039505911532531406, "sft": 0.0}, "shai": {"dsfb": 0.0, "unknown": 0.023260762136131256, "roll-in": 0.22789111796913147, "sfR": 0.09823378925716947, "dsfb-red": 0.020949466239662526, "alternate": 0.28046103845235665, "sfT": 4.317053981056052e-05, "oneh-out": 0.009583612131780918, "bad-redirect": 0.0009391624373419518, "oneh-in": 0.01072880030021987, "roll-out": 0.2331428214908629, "redirect": 0.029082089203324342, "dsfb-alt": 0.04642650186569186, "sfb": 0.019257667976516218, "sft": 0.0}, "tr-quotes": {"dsfb": 0.0, "unknown": 0.013835787429786644, "roll-in": 0.2105949931809251, "sfR": 0.09677191928064538, "dsfb-red": 0.026164443725295302, "alternate": 0.2629897598298699, "sfT": 2.6582834423614803e-05, "oneh-out": 0.013781465985529692, "bad-redirect": 0.0008367813966390052, "oneh-in": 0.00873997364832066, "roll-out": 0.27018215020457226, "redirect": 0.02908393241025404, "dsfb-alt": 0.04787452902152054, "sfb": 0.019117681052217932, "sft": 0.0}, "gutenberg": {"dsfb": 0.0, "unknown": 0.032975828246008664, "roll-in": 0.21012119028431808, "sfR": 0.09863878308844841, "dsfb-red": 0.024198654013805394, "alternate": 0.25039639645783535, "sfT": 0.00010494797497767487, "oneh-out": 0.015249281750456449, "bad-redirect": 0.000761914720866802, "oneh-in": 0.0075659154740674315, "roll-out": 0.27076350220106593, "redirect": 0.027626512510594253, "dsfb-alt": 0.0438602971959947, "sfb": 0.01773677608156087, "sft": 0.0}, "english-200": {"dsfb": 0.0, "unknown": 0.0, "roll-in": 0.21158129175946547, "sfR": 0.10690423162583519, "dsfb-red": 0.031180400890868598, "alternate": 0.27616926503340755, "sfT": 0.0, "oneh-out": 0.013363028953229399, "bad-redirect": 0.0, "oneh-in": 0.008908685968819599, "roll-out": 0.26280623608017817, "redirect": 0.017817371937639197, "dsfb-alt": 0.0556792873051225, "sfb": 0.015590200445434299, "sft": 0.0}, "monkeyracer": {"dsfb": 0.0, "unknown": 0.013436077701487402, "roll-in": 0.2105930447158922, "sfR": 0.09690789370786869, "dsfb-red": 0.026407831146284623, "alternate": 0.26258954126718487, "sfT": 2.541564352409403e-05, "oneh-out": 0.01378798661182101, "bad-redirect": 0.0008318735630386162, "oneh-in": 0.008712678105009619, "roll-out": 0.27100700689741464, "redirect": 0.028929845003675493, "dsfb-alt": 0.04774524140951249, "sfb": 0.019025564227286233, "sft": 0.0}, "chained-bigrams": {"dsfb": 0.0, "unknown": 0.022916559801936097, "roll-in": 0.21343489324456905, "sfR": 0.11914286586209158, "dsfb-red": 0.03391513198091824, "alternate": 0.2669694158010894, "sfT": 7.467003958810707e-05, "oneh-out": 0.010292777978701508, "bad-redirect": 0.0014628834712348282, "oneh-in": 0.007839055547367102, "roll-out": 0.2053302720781451, "redirect": 0.04082113668578003, "dsfb-alt": 0.057162187871118215, "sfb": 0.020638149637460725, "sft": 0.0}, "english-5k": {"dsfb": 0.0, "unknown": 0.002157049819554486, "roll-in": 0.25249927406977224, "sfR": 0.10644211224955408, "dsfb-red": 0.019828265648981623, "alternate": 0.3178744762931929, "sfT": 0.0, "oneh-out": 0.006720039822458207, "bad-redirect": 0.0013274152735719916, "oneh-in": 0.019413448375990378, "roll-out": 0.17235657692786327, "redirect": 0.033060936657402416, "dsfb-alt": 0.046542498029617956, "sfb": 0.021777906832040485, "sft": 0.0}, "mt-quotes": {"dsfb": 0.0, "unknown": 0.007977133909467972, "roll-in": 0.2102682253379711, "sfR": 0.0964592223377679, "dsfb-red": 0.027339501081746573, "alternate": 0.26033785156763606, "sfT": 1.4941251001063817e-05, "oneh-out": 0.014216600327512222, "bad-redirect": 0.0008187805548582972, "oneh-in": 0.008645007829215524, "roll-out": 0.2791937103309786, "redirect": 0.02812989325970285, "dsfb-alt": 0.04833494698844145, "sfb": 0.01826418522370041, "sft": 0.0}, "wordle": {"dsfb": 0.0, "unknown": 0.0, "roll-in": 0.2073151576349153, "sfR": 0.13138112868843263, "dsfb-red": 0.024166947155839783, "alternate": 0.2905194659486144, "sfT": 2.2439133849433412e-05, "oneh-out": 0.009222484012117131, "bad-redirect": 0.0015483002356109054, "oneh-in": 0.005250757320767419, "roll-out": 0.20601368787164814, "redirect": 0.04400314147873892, "dsfb-alt": 0.05237293840457758, "sfb": 0.028183552114888367, "sft": 0.0}, "english-1k": {"dsfb": 0.0, "unknown": 0.0, "roll-in": 0.24100211714890615, "sfR": 0.10832745236414962, "dsfb-red": 0.021877205363443897, "alternate": 0.28969654199011996, "sfT": 0.0, "oneh-out": 0.013761467889908258, "bad-redirect": 0.0007057163020465773, "oneh-in": 0.011291460832745237, "roll-out": 0.22300635144671843, "redirect": 0.029992942836979536, "dsfb-alt": 0.04410726887791108, "sfb": 0.016231474947071278, "sft": 0.0}, "english-10k": {"dsfb": 0.0, "unknown": 0.0, "roll-in": 0.26442947839678893, "sfR": 0.10567144593890508, "dsfb-red": 0.019220007332934524, "alternate": 0.3072885509735435, "sfT": 1.929719611740414e-05, "oneh-out": 0.006657532660504429, "bad-redirect": 0.001524478493274927, "oneh-in": 0.016981532583315643, "roll-out": 0.17234325852453639, "redirect": 0.03473495301132745, "dsfb-alt": 0.04943941645278941, "sfb": 0.021690048435962256, "sft": 0.0}, "reddit": {"dsfb": 0.0, "unknown": 0.039285409944231534, "roll-in": 0.20967674814215911, "sfR": 0.10397777127267367, "dsfb-red": 0.02494285403389184, "alternate": 0.25902112167347735, "sfT": 6.315319876008471e-05, "oneh-out": 0.011126762066952504, "bad-redirect": 0.0008755295775908778, "oneh-in": 0.007938873996445666, "roll-out": 0.24490226143513957, "redirect": 0.028664809902691258, "dsfb-alt": 0.04757615888086239, "sfb": 0.0219485458751241, "sft": 0.0}, "akl": {"dsfb": 0.0, "unknown": 0.13277008071454782, "roll-in": 0.1820694805940686, "sfR": 0.13064861186637447, "dsfb-red": 0.02245859271477077, "alternate": 0.2245215885515645, "sfT": 0.00020791447255952698, "oneh-out": 0.008014701418633925, "bad-redirect": 0.0011284209003287174, "oneh-in": 0.0059444761374348514, "roll-out": 0.206521186163555, "redirect": 0.023910979695218385, "dsfb-alt": 0.04049400577510552, "sfb": 0.02130996099583793, "sft": 0.0}, "french": {"dsfb": 0.0, "unknown": 0.15807953387545715, "roll-in": 0.22527621004075915, "sfR": 0.10898279115633469, "dsfb-red": 0.01715132838791839, "alternate": 0.22181284348954403, "sfT": 0.0001821941360695204, "oneh-out": 0.012088860339497746, "bad-redirect": 0.002734724843482113, "oneh-in": 0.019141560738702313, "roll-out": 0.14169702848570334, "redirect": 0.036698357599491804, "dsfb-alt": 0.028053117748275243, "sfb": 0.028101449158764533, "sft": 0.0}, "keymash": {"dsfb": 0.0, "unknown": 0.01232282349464109, "roll-in": 0.21079334846662534, "sfR": 0.099723742164827, "dsfb-red": 0.02619728832205178, "alternate": 0.263286442020746, "sfT": 2.873409875499255e-05, "oneh-out": 0.013656906651122888, "bad-redirect": 0.0008743375764019162, "oneh-in": 0.008710536794013455, "roll-out": 0.27009642342567924, "redirect": 0.029009125128790336, "dsfb-alt": 0.04742768243074056, "sfb": 0.017872609425605365, "sft": 0.0}, "movie": {"dsfb": 0.0, "unknown": 0.030236445784519856, "roll-in": 0.18113679213687123, "sfR": 0.11567713207251198, "dsfb-red": 0.025441283742179306, "alternate": 0.24082404460956172, "sfT": 1.6976121177395332e-05, "oneh-out": 0.017320775916648035, "bad-redirect": 0.0009323706863708988, "oneh-in": 0.005878343851729241, "roll-out": 0.2835682069623416, "redirect": 0.03251098282661366, "dsfb-alt": 0.049508291256021096, "sfb": 0.016948354033454013, "sft": 0.0}, "dutch": {"dsfb": 0.0, "unknown": 0.07290361491625476, "roll-in": 0.22909628904641133, "sfR": 0.18880787437283908, "dsfb-red": 0.01827474272986086, "alternate": 0.22055303661765835, "sfT": 0.0003795769831574974, "oneh-out": 0.004601328693369756,