{"english-450k": {"sft": 0.0, "dsfb-red": 0.03310820726877901, "alternate": 0.1820992328250992, "dsfb": 0.0, "dsfb-alt": 0.030391726368633357, "sfb": 0.03087965217818384, "bad-redirect": 0.01253960560158709, "oneh-out": 0.02687655564722233, "redirect": 0.06633598413378698, "unknown": 0.00015377410175167997, "sfR": 0.11369548401129392, "roll-in": 0.2695864646047684, "sfT": 1.5202002454538705e-05, "oneh-in": 0.03314124238949752, "roll-out": 0.20117686886694214}, "shai": {"sft": 0.0, "dsfb-red": 0.027725127746713017, "alternate": 0.19000815649951558, "dsfb": 0.0, "dsfb-alt": 0.029499102529606306, "sfb": 0.019236756157743, "bad-redirect": 0.011127247275464425, "oneh-out": 0.0212495932200346, "redirect": 0.053892005686094986, "unknown": 0.024097749651430984, "sfR": 0.09823378925716947, "roll-in": 0.2933517446099913, "sfT": 3.616509987357697e-05, "oneh-in": 0.046453807599810874, "roll-out": 0.1850887546665519}, "tr-quotes": {"sft": 0.0, "dsfb-red": 0.02932780102170546, "alternate": 0.1888825963338804, "dsfb": 0.0, "dsfb-alt": 0.030116039851136128, "sfb": 0.015307089526363237, "bad-redirect": 0.012818705069230947, "oneh-out": 0.025517209495850766, "redirect": 0.05753103256975105, "unknown": 0.013894731975682485, "sfR": 0.09677191928064538, "roll-in": 0.29892975197059707, "sfT": 9.246203277779062e-06, "oneh-in": 0.04753588682647188, "roll-out": 0.1833579898754074}, "gutenberg": {"sft": 0.0, "dsfb-red": 0.028419115989487015, "alternate": 0.18722017819938827, "dsfb": 0.0, "dsfb-alt": 0.033800257103595015, "sfb": 0.018626750064313784, "bad-redirect": 0.012062765708760656, "oneh-out": 0.02253274698861826, "redirect": 0.05317300919942881, "unknown": 0.03298207965968062, "sfR": 0.09863878308844841, "roll-in": 0.29006066902250244, "sfT": 2.5573965021635573e-05, "oneh-in": 0.05080826990042824, "roll-out": 0.17164980111032685}, "english-200": {"sft": 0.0, "dsfb-red": 0.031180400890868598, "alternate": 0.21603563474387527, "dsfb": 0.0, "dsfb-alt": 0.028953229398663696, "sfb": 0.004454342984409799, "bad-redirect": 0.008908685968819599, "oneh-out": 0.0200445434298441, "redirect": 0.0378619153674833, "unknown": 0.0, "sfR": 0.10690423162583519, "roll-in": 0.26948775055679286, "sfT": 0.0, "oneh-in": 0.0467706013363029, "roll-out": 0.22939866369710468}, "monkeyracer": {"sft": 0.0, "dsfb-red": 0.029227990052708135, "alternate": 0.18889688286907425, "dsfb": 0.0, "dsfb-alt": 0.030135133021568106, "sfb": 0.015120352847334095, "bad-redirect": 0.012801664138135977, "oneh-out": 0.02564242926630902, "redirect": 0.05763583683938878, "unknown": 0.013491796612290222, "sfR": 0.09690789370786869, "roll-in": 0.29900136071445327, "sfT": 1.0752772260193629e-05, "oneh-in": 0.04767192705319299, "roll-out": 0.18345598010541628}, "chained-bigrams": {"sft": 0.0, "dsfb-red": 0.03747721752161698, "alternate": 0.1772426497085596, "dsfb": 0.0, "dsfb-alt": 0.037415533575870276, "sfb": 0.021499127659146203, "bad-redirect": 0.01097714512414381, "oneh-out": 0.014243147725258407, "redirect": 0.05368126541692828, "unknown": 0.023159399756770463, "sfR": 0.11914286586209158, "roll-in": 0.27696870805897505, "sfT": 5.648950821013318e-05, "oneh-in": 0.04352614003294572, "roll-out": 0.1846103100494835}, "english-5k": {"sft": 0.0, "dsfb-red": 0.03040610611025843, "alternate": 0.1916870618492554, "dsfb": 0.0, "dsfb-alt": 0.02916165429128469, "sfb": 0.024474219106483595, "bad-redirect": 0.010536358733977683, "oneh-out": 0.025884597834653834, "redirect": 0.05981665076533787, "unknown": 0.002157049819554486, "sfR": 0.10644211224955408, "roll-in": 0.28514539345418344, "sfT": 4.148172729912474e-05, "oneh-in": 0.03592317584104202, "roll-out": 0.19832413821711536}, "mt-quotes": {"sft": 0.0, "dsfb-red": 0.029422311471294867, "alternate": 0.1894535685683891, "dsfb": 0.0, "dsfb-alt": 0.03021419777435125, "sfb": 0.01419269432591052, "bad-redirect": 0.012782240231410096, "oneh-out": 0.026192013004864872, "redirect": 0.057325097715781544, "unknown": 0.007995063410669249, "sfR": 0.0964592223377679, "roll-in": 0.30383930385723334, "sfT": 4.482375300319145e-06, "oneh-in": 0.048917655777482937, "roll-out": 0.183202149149544}, "wordle": {"sft": 0.0, "dsfb-red": 0.039088971165713006, "alternate": 0.17087400426343544, "dsfb": 0.0, "dsfb-alt": 0.037630427465499834, "sfb": 0.0389543363626164, "bad-redirect": 0.011242006058566139, "oneh-out": 0.025939638729945026, "redirect": 0.06332323572310108, "unknown": 0.0, "sfR": 0.13138112868843263, "roll-in": 0.24247728037697744, "sfT": 4.4878267698866824e-05, "oneh-in": 0.03695725345001683, "roll-out": 0.2020868394479973}, "english-1k": {"sft": 0.0, "dsfb-red": 0.032815808045165845, "alternate": 0.20112914608327453, "dsfb": 0.0, "dsfb-alt": 0.032462949894142556, "sfb": 0.020112914608327453, "bad-redirect": 0.011997177134791814, "oneh-out": 0.029992942836979536, "redirect": 0.056457304163726185, "unknown": 0.0, "sfR": 0.10832745236414962, "roll-in": 0.2589978828510939, "sfT": 0.0, "oneh-in": 0.04410726887791108, "roll-out": 0.20359915314043756}, "english-10k": {"sft": 0.0, "dsfb-red": 0.02904228015669323, "alternate": 0.19042473128654405, "dsfb": 0.0, "dsfb-alt": 0.03191756237818645, "sfb": 0.02497057177592096, "bad-redirect": 0.010285405530576407, "oneh-out": 0.024430250284633644, "redirect": 0.05893363694255225, "unknown": 0.0, "sfR": 0.10567144593890508, "roll-in": 0.296327743578858, "sfT": 1.929719611740414e-05, "oneh-in": 0.039636440825148105, "roll-out": 0.1883406341058644}, "reddit": {"sft": 0.0, "dsfb-red": 0.02851561702566788, "alternate": 0.18506441832289303, "dsfb": 0.0, "dsfb-alt": 0.030301361745530442, "sfb": 0.017305587129033486, "bad-redirect": 0.010645134647227019, "oneh-out": 0.020541533060755738, "redirect": 0.05225219252286354, "unknown": 0.04519937363713543, "sfR": 0.10397777127267367, "roll-in": 0.28437567013653414, "sfT": 0.0001111736025622369, "oneh-in": 0.040434903042422206, "roll-out": 0.1812752638547012}, "akl": {"sft": 0.0, "dsfb-red": 0.027804502481174474, "alternate": 0.15926406726713882, "dsfb": 0.0, "dsfb-alt": 0.024935282759853003, "sfb": 0.023300010107880062, "bad-redirect": 0.007098691774466141, "oneh-out": 0.016823653417766787, "redirect": 0.04497040560469225, "unknown": 0.13920166722946467, "sfR": 0.13064861186637447, "roll-in": 0.233721192449169, "sfT": 0.00016094532076681625, "oneh-in": 0.03496091121439273, "roll-out": 0.1571100585068608}, "french": {"sft": 0.0, "dsfb-red": 0.025414096888117865, "alternate": 0.14238246257165982, "dsfb": 0.0, "dsfb-alt": 0.025518010918853674, "sfb": 0.05341155710695488, "bad-redirect": 0.01200042254776858, "oneh-out": 0.019093723728878288, "redirect": 0.04694013705355751, "unknown": 0.15842537463172957, "sfR": 0.10898279115633469, "roll-in": 0.21884128574556136, "sfT": 2.8240765273501026e-05, "oneh-in": 0.04218479669113515, "roll-out": 0.14677710019417511}, "keymash": {"sft": 0.0, "dsfb-red": 0.028996810515038197, "alternate": 0.18909089416410454, "dsfb": 0.0, "dsfb-alt": 0.030942519487876262, "sfb": 0.016206031697815797, "bad-redirect": 0.012376186820900362, "oneh-out": 0.02522853870688346, "redirect": 0.05642556021230394, "unknown": 0.012376186820900362, "sfR": 0.099723742164827, "roll-in": 0.29912196803947244, "sfT": 0.0, "oneh-in": 0.04677500790187716, "roll-out": 0.18273655346800047}, "movie": {"sft": 0.0, "dsfb-red": 0.03523005736744578, "alternate": 0.18145223215595818, "dsfb": 0.0, "dsfb-alt": 0.032977760360072744, "sfb": 0.012848160176677994, "bad-redirect": 0.011361367796350766, "oneh-out": 0.027412092972820178, "redirect": 0.05916244029241566, "unknown": 0.030282373430185833, "sfR": 0.11567713207251198, "roll-in": 0.27833995643321957, "sfT": 9.211848700912197e-06, "oneh-in": 0.037332464436671105, "roll-out": 0.17791475065696932}, "dutch": {"sft": 0.0, "dsfb-red": 0.01875677627127628, "alternate": 0.185057523243061, "dsfb": 0.0, "dsfb-alt": 0.03042093722898725, "sfb": 0.041394081238475655, "bad-redirect": 0.008598730306115595, "oneh-out": 0.01652654408434588, "redirect": 0.035811471899809606,