{"english-450k": {"sfR": 0.11369548401129392, "sfT": 0.00018213168325341563, "roll-out": 0.19785581602302751, "sft": 0.0, "bad-redirect": 0.023096519267661073, "oneh-out": 0.02060777605813246, "roll-in": 0.23650544553268693, "oneh-in": 0.01949335233973435, "dsfb-alt": 0.044710843296004624, "dsfb": 0.0, "redirect": 0.05146550227123763, "dsfb-red": 0.02131905436528424, "alternate": 0.2366706211362795, "unknown": 0.00015377410175167997, "sfb": 0.034243679913652625}, "shai": {"sfR": 0.09823378925716947, "sfT": 6.693484987303511e-05, "roll-out": 0.20019276571053118, "sft": 0.0, "bad-redirect": 0.02043035926992324, "oneh-out": 0.018675732660645962, "roll-in": 0.24468867670103692, "oneh-in": 0.04315011953370553, "dsfb-alt": 0.03576505828990477, "dsfb": 0.0, "redirect": 0.04999455046440261, "dsfb-red": 0.019405730465350088, "alternate": 0.2235714746845849, "unknown": 0.02357661071706909, "sfb": 0.022248197395803176}, "tr-quotes": {"sfR": 0.09677191928064538, "sfT": 3.929636393056101e-05, "roll-out": 0.19380735535470747, "sft": 0.0, "bad-redirect": 0.016852361249162062, "oneh-out": 0.013789556413397748, "roll-in": 0.2614618247382169, "oneh-in": 0.04696031067243013, "dsfb-alt": 0.040164351263262524, "dsfb": 0.0, "redirect": 0.049625528767249946, "dsfb-red": 0.01984004068329442, "alternate": 0.22613439356464252, "unknown": 0.01476503085920344, "sfb": 0.019788030789856914}, "gutenberg": {"sfR": 0.09863878308844841, "sfT": 3.5992987808227844e-05, "roll-out": 0.17958170843937057, "sft": 0.0, "bad-redirect": 0.016879385224613293, "oneh-out": 0.01289988683046886, "roll-in": 0.24099995339855262, "oneh-in": 0.05659878389166035, "dsfb-alt": 0.03220235788168764, "dsfb": 0.0, "redirect": 0.059193120565521826, "dsfb-red": 0.017841345182982665, "alternate": 0.22642014122132922, "unknown": 0.03800726906804304, "sfb": 0.020701272219513275}, "english-200": {"sfR": 0.10690423162583519, "sfT": 0.0, "roll-out": 0.20935412026726058, "sft": 0.0, "bad-redirect": 0.011135857461024499, "oneh-out": 0.004454342984409799, "roll-in": 0.26280623608017817, "oneh-in": 0.0378619153674833, "dsfb-alt": 0.0378619153674833, "dsfb": 0.0, "redirect": 0.04899777282850779, "dsfb-red": 0.017817371937639197, "alternate": 0.24944320712694878, "unknown": 0.0, "sfb": 0.013363028953229399}, "monkeyracer": {"sfR": 0.09690789370786869, "sfT": 4.105603953892112e-05, "roll-out": 0.1941207751380265, "sft": 0.0, "bad-redirect": 0.01682417848819932, "oneh-out": 0.013697076809984828, "roll-in": 0.2622747782973865, "oneh-in": 0.046687559629009806, "dsfb-alt": 0.04031116567871498, "dsfb": 0.0, "redirect": 0.04947448269390181, "dsfb-red": 0.019789011057759983, "alternate": 0.22584634092935232, "unknown": 0.014345175719849227, "sfb": 0.01968050581040712}, "chained-bigrams": {"sfR": 0.11914286586209158, "sfT": 0.00024089204075815413, "roll-out": 0.18534856948436768, "sft": 0.0, "bad-redirect": 0.017302022129602516, "oneh-out": 0.01636767267771307, "roll-in": 0.2377013575013197, "oneh-in": 0.041452910151164625, "dsfb-alt": 0.04368521968250299, "dsfb": 0.0, "redirect": 0.057490086740613816, "dsfb-red": 0.02720976242590622, "alternate": 0.20694898867547687, "unknown": 0.02361326373652774, "sfb": 0.02349638889195505}, "english-5k": {"sfR": 0.10644211224955408, "sfT": 0.0, "roll-out": 0.2045878790392832, "sft": 0.0, "bad-redirect": 0.02663126892603808, "oneh-out": 0.028539428381797818, "roll-in": 0.24142365288090595, "oneh-in": 0.020989754013357117, "dsfb-alt": 0.03812170738789563, "dsfb": 0.0, "redirect": 0.059858132492636995, "dsfb-red": 0.02198531546853611, "alternate": 0.2238354005060771, "unknown": 0.002157049819554486, "sfb": 0.025428298834363462}, "mt-quotes": {"sfR": 0.0964592223377679, "sfT": 3.585900240255316e-05, "roll-out": 0.19586635349804568, "sft": 0.0, "bad-redirect": 0.016199304335353392, "oneh-out": 0.013051182749429244, "roll-in": 0.2651489343899786, "oneh-in": 0.04833793523864166, "dsfb-alt": 0.04095546311901603, "dsfb": 0.0, "redirect": 0.04935991680711443, "dsfb-red": 0.01981658120271094, "alternate": 0.22694714383045864, "unknown": 0.008864644218931163, "sfb": 0.01895745927014977}, "wordle": {"sfR": 0.13138112868843263, "sfT": 0.0003365870077415012, "roll-out": 0.21247615842028497, "sft": 0.0, "bad-redirect": 0.02012790306294177, "oneh-out": 0.018534724559632, "roll-in": 0.2251767081790643, "oneh-in": 0.019768876921350837, "dsfb-alt": 0.03872994502412207, "dsfb": 0.0, "redirect": 0.048311455177830136, "dsfb-red": 0.021698642432402108, "alternate": 0.22194547290474587, "unknown": 0.0, "sfb": 0.04151239762145181}, "english-1k": {"sfR": 0.10832745236414962, "sfT": 0.0, "roll-out": 0.20712773465067044, "sft": 0.0, "bad-redirect": 0.02081863091037403, "oneh-out": 0.02646436132674665, "roll-in": 0.2392378263937897, "oneh-in": 0.027522935779816515, "dsfb-alt": 0.035285815102328866, "dsfb": 0.0, "redirect": 0.06104446012702894, "dsfb-red": 0.022935779816513763, "alternate": 0.23429781227946367, "unknown": 0.0, "sfb": 0.016937191249117856}, "english-10k": {"sfR": 0.10567144593890508, "sfT": 3.859439223480828e-05, "roll-out": 0.21454622643329924, "sft": 0.0, "bad-redirect": 0.02614770073908261, "oneh-out": 0.026244186719669632, "roll-in": 0.23361185619729452, "oneh-in": 0.019412979294108568, "dsfb-alt": 0.038652283823160494, "dsfb": 0.0, "redirect": 0.053549719225796495, "dsfb-red": 0.01933579050963895, "alternate": 0.2344030412381081, "unknown": 0.0, "sfb": 0.028386175488701492}, "reddit": {"sfR": 0.10397777127267367, "sfT": 0.00012001355209211827, "roll-out": 0.1943953970832287, "sft": 0.0, "bad-redirect": 0.017434927577027894, "oneh-out": 0.014125789859791283, "roll-in": 0.24164826103022494, "oneh-in": 0.03925645536377984, "dsfb-alt": 0.03949123843010737, "dsfb": 0.0, "redirect": 0.04759402606698846, "dsfb-red": 0.020032149697802953, "alternate": 0.2192918039246754, "unknown": 0.040159553597531705, "sfb": 0.02247261254407567}, "akl": {"sfR": 0.13064861186637447, "sfT": 0.0001976361100420269, "roll-out": 0.1717977397139596, "sft": 0.0, "bad-redirect": 0.015551236611784246, "oneh-out": 0.013639337645518203, "roll-in": 0.19957659570404473, "oneh-in": 0.02721663450189832, "dsfb-alt": 0.03219482102467714, "dsfb": 0.0, "redirect": 0.041048271415382157, "dsfb-red": 0.02016105749328083, "alternate": 0.1927684900391178, "unknown": 0.13242029519012413, "sfb": 0.022779272683796332}, "french": {"sfR": 0.10898279115633469, "sfT": 0.00010258064712342787, "roll-out": 0.16744271840183098, "sft": 0.0, "bad-redirect": 0.025498174964889687, "oneh-out": 0.02231922363274732, "roll-in": 0.20412411656032034, "oneh-in": 0.023240531781550475, "dsfb-alt": 0.025575586123599597, "dsfb": 0.0, "redirect": 0.05456667182491361, "dsfb-red": 0.011740352816000568, "alternate": 0.17193452822782845, "unknown": 0.1582127523819887, "sfb": 0.02625997148087217}, "keymash": {"sfR": 0.099723742164827, "sfT": 3.694384125641899e-05, "roll-out": 0.19386075455743332, "sft": 0.0, "bad-redirect": 0.017515485626793316, "oneh-out": 0.014149491201208474, "roll-in": 0.26018726422645755, "oneh-in": 0.047222438868204895, "dsfb-alt": 0.03822866595789223, "dsfb": 0.0, "redirect": 0.050251833851231255, "dsfb-red": 0.020495622154811113, "alternate": 0.22496746889533809, "unknown": 0.013394194891077241, "sfb": 0.019966093763469108}, "movie": {"sfR": 0.11567713207251198, "sfT": 8.672297562715911e-05, "roll-out": 0.18096650453374294, "sft": 0.0, "bad-redirect": 0.013560236081258507, "oneh-out": 0.0105828349832851, "roll-in": 0.26118486219534937, "oneh-in": 0.0365543264171212, "dsfb-alt": 0.047647629416275414, "dsfb": 0.0, "redirect": 0.046977138428687594, "dsfb-red": 0.02338138277481675, "alternate": 0.21391320780390974, "unknown": 0.030313825313607518, "sfb": 0.01915419700380673}, "dutch": {"sfR": 0.18880787437283908, "sfT": 0.00015164072684410956, "roll-out": 0.19364847158447865, "sft": 0.0, "bad-redirect": 0.02678636523758356, "oneh-out": 0.01805365603694518, "roll-in": 0.15060570760849143, "oneh-in": 0.0124852299565189, "dsfb-alt": 0.025612454069822297,