{"english-450k": {"sfb": 0.03261121872699601, "alternate": 0.2736702486872194, "oneh-out": 0.013337418384249322, "dsfb": 0.0, "unknown": 0.00015377410175167997, "dsfb-red": 0.015071908395071979, "sfR": 0.11369548401129392, "sft": 0.0, "roll-out": 0.1357009672566408, "roll-in": 0.2489029708805643, "sfT": 0.0002394315386589846, "bad-redirect": 0.03729109671338554, "dsfb-alt": 0.045084754087146066, "redirect": 0.055449011606728875, "oneh-in": 0.02879171561029316}, "shai": {"sfb": 0.02402536526596056, "alternate": 0.24270040125302164, "oneh-out": 0.013464018202687425, "dsfb": 0.0, "unknown": 0.024052709704167625, "dsfb-red": 0.016716578168479206, "sfR": 0.09823378925716947, "sft": 0.0, "roll-out": 0.14628362572465664, "roll-in": 0.27578646706916854, "sfT": 6.861847770319414e-05, "bad-redirect": 0.038126812705963804, "dsfb-alt": 0.036221174356343276, "redirect": 0.05890627897968593, "oneh-in": 0.025414160834992705}, "tr-quotes": {"sfb": 0.025570375164697994, "alternate": 0.24725156607568016, "oneh-out": 0.011820115115230808, "dsfb": 0.0, "unknown": 0.013890108874043596, "dsfb-red": 0.013980259356001942, "sfR": 0.09677191928064538, "sft": 0.0, "roll-out": 0.1575911328910566, "roll-in": 0.2824876909918865, "sfT": 3.1205936062504334e-05, "bad-redirect": 0.03331522618524768, "dsfb-alt": 0.02989875407410832, "redirect": 0.06390397817896026, "oneh-in": 0.023487667876378262}, "gutenberg": {"sfb": 0.02520001682198588, "alternate": 0.23484003769034134, "oneh-out": 0.009720001076000899, "dsfb": 0.0, "unknown": 0.03296484091288825, "dsfb-red": 0.013043290471367958, "sfR": 0.09863878308844841, "sft": 0.0, "roll-out": 0.16566511442170825, "roll-in": 0.27897122947878744, "sfT": 8.695148107356095e-05, "bad-redirect": 0.031230357774087548, "dsfb-alt": 0.028845159303069672, "redirect": 0.05722506187952351, "oneh-in": 0.023569155600717283}, "english-200": {"sfb": 0.026726057906458798, "alternate": 0.22717149220489977, "oneh-out": 0.0066815144766146995, "dsfb": 0.0, "unknown": 0.0, "dsfb-red": 0.013363028953229399, "sfR": 0.10690423162583519, "sft": 0.0, "roll-out": 0.17817371937639198, "roll-in": 0.289532293986637, "sfT": 0.0, "bad-redirect": 0.028953229398663696, "dsfb-alt": 0.026726057906458798, "redirect": 0.0645879732739421, "oneh-in": 0.031180400890868598}, "monkeyracer": {"sfb": 0.025553474513974692, "alternate": 0.2462756306989693, "oneh-out": 0.011904296416785273, "dsfb": 0.0, "unknown": 0.013484953939033737, "dsfb-red": 0.013953188294727623, "sfR": 0.09690789370786869, "sft": 0.0, "roll-out": 0.15821726856123997, "roll-in": 0.2828516743043934, "sfT": 3.225831678058088e-05, "bad-redirect": 0.033249526878020554, "dsfb-alt": 0.029669831240127, "redirect": 0.06437782504653018, "oneh-in": 0.023522178081549026}, "chained-bigrams": {"sfb": 0.026042961894255538, "alternate": 0.24208741069625592, "oneh-out": 0.009359077831504133, "dsfb": 0.0, "unknown": 0.023120441475246233, "dsfb-red": 0.019409015855371275, "sfR": 0.11914286586209158, "sft": 0.0, "roll-out": 0.15081854596005867, "roll-in": 0.25592928812181476, "sfT": 0.00010973249295991388, "bad-redirect": 0.031024427491820383, "dsfb-alt": 0.04499356863702504, "redirect": 0.05471236126793623, "oneh-in": 0.023250302413660332}, "english-5k": {"sfb": 0.024349773924586218, "alternate": 0.25204297506948187, "oneh-out": 0.012817853735429542, "dsfb": 0.0, "unknown": 0.002157049819554486, "dsfb-red": 0.016634172646949018, "sfR": 0.10644211224955408, "sft": 0.0, "roll-out": 0.13145559381092628, "roll-in": 0.2676401045339528, "sfT": 4.148172729912474e-05, "bad-redirect": 0.04666694321151533, "dsfb-alt": 0.03969801302526237, "redirect": 0.06184925540299498, "oneh-in": 0.03820467084249388}, "mt-quotes": {"sfb": 0.025370244199806363, "alternate": 0.24619595749512915, "oneh-out": 0.011881282796045948, "dsfb": 0.0, "unknown": 0.00799058103536893, "dsfb-red": 0.01365182103967201, "sfR": 0.0964592223377679, "sft": 0.0, "roll-out": 0.16019411673300582, "roll-in": 0.28805237804950934, "sfT": 2.8388376902021254e-05, "bad-redirect": 0.03307395321595487, "dsfb-alt": 0.028209081890008487, "redirect": 0.06579379878318452, "oneh-in": 0.023099174047644663}, "wordle": {"sfb": 0.04420509368338382, "alternate": 0.24817682037473354, "oneh-out": 0.013979580388197016, "dsfb": 0.0, "unknown": 0.0, "dsfb-red": 0.016358128576236957, "sfR": 0.13138112868843263, "sft": 0.0, "roll-out": 0.1830135756759789, "roll-in": 0.21707618085941882, "sfT": 0.0005385392123864019, "bad-redirect": 0.029081117468865703, "dsfb-alt": 0.04963536407494671, "redirect": 0.05201391226298665, "oneh-in": 0.014540558734432852}, "english-1k": {"sfb": 0.022230063514467185, "alternate": 0.25299929428369794, "oneh-out": 0.009880028228652082, "dsfb": 0.0, "unknown": 0.0, "dsfb-red": 0.012702893436838392, "sfR": 0.10832745236414962, "sft": 0.0, "roll-out": 0.1489061397318278, "roll-in": 0.2709950599858857, "sfT": 0.0, "bad-redirect": 0.04446012702893437, "dsfb-alt": 0.03211009174311927, "redirect": 0.058927311220889206, "oneh-in": 0.038461538461538464}, "english-10k": {"sfb": 0.02591613438567376, "alternate": 0.24870226356110456, "oneh-out": 0.016942938191080836, "dsfb": 0.0, "unknown": 0.0, "dsfb-red": 0.020377839099978774, "sfR": 0.10567144593890508, "sft": 0.0, "roll-out": 0.1332471391906756, "roll-in": 0.26483471951525445, "sfT": 5.789158835221242e-05, "bad-redirect": 0.0498639547673723, "dsfb-alt": 0.03770672121340769, "redirect": 0.06329480326508559, "oneh-in": 0.03338414928310916}, "reddit": {"sfb": 0.022959109427525243, "alternate": 0.23381610320416332, "oneh-out": 0.011840063587704754, "dsfb": 0.0, "unknown": 0.04413374768723884, "dsfb-red": 0.014441368566525396, "sfR": 0.10397777127267367, "sft": 0.0, "roll-out": 0.1484384098054518, "roll-in": 0.27610054094123365, "sfT": 0.00013668210099380135, "bad-redirect": 0.03317719210614981, "dsfb-alt": 0.031127971941400875, "redirect": 0.057536609471069484, "oneh-in": 0.02231442988786936}, "akl": {"sfb": 0.023817090806837374, "alternate": 0.20129972858946052, "oneh-out": 0.010507525527956368, "dsfb": 0.0, "unknown": 0.1386736163551281, "dsfb-red": 0.013723664691845673, "sfR": 0.13064861186637447, "sft": 0.0, "roll-out": 0.13187331829249813, "roll-in": 0.22849318736049007, "sfT": 0.00011392675376969445, "bad-redirect": 0.02692380000055839, "dsfb-alt": 0.026134688601318203, "redirect": 0.049343132335424575, "oneh-in": 0.018447708818338418}, "french": {"sfb": 0.02194464771053614, "alternate": 0.17748125423695751, "oneh-out": 0.012081249565620325, "dsfb": 0.0, "unknown": 0.15841440792606368, "dsfb-red": 0.016993524684668634, "sfR": 0.10898279115633469, "sft": 0.0, "roll-out": 0.14871016184984834, "roll-in": 0.19365187148704918, "sfT": 0.0002070490058778696, "bad-redirect": 0.04624715212107699, "dsfb-alt": 0.03243731302946659, "redirect": 0.05390982308651249, "oneh-in": 0.02893875413998757}, "keymash": {"sfb": 0.025909947334501852, "alternate": 0.2429385952309606, "oneh-out": 0.012023167893339026, "dsfb": 0.0, "unknown": 0.012376186820900362, "dsfb-red": 0.014863738798832574, "sfR": 0.099723742164827, "sft": 0.0, "roll-out": 0.1598601059877757, "roll-in": 0.2807362497075279, "sfT": 5.74681975099851e-05, "bad-redirect": 0.03328640097203351, "dsfb-alt": 0.029784945795175134, "redirect": 0.06480770730626034, "oneh-in": 0.023631743790356017}, "movie": {"sfb": 0.027100600888890762, "alternate": 0.2444723314886387, "oneh-out": 0.010545987588481453, "dsfb": 0.0, "unknown": 0.030144722091026487, "dsfb-red": 0.0159500528299523, "sfR": 0.11567713207251198, "sft": 0.0, "roll-out": 0.15865882852393678, "roll-in": 0.25805349162623215, "sfT": 5.88242338472536e-05, "bad-redirect": 0.024881466536841014, "dsfb-alt": 0.03137989940398023, "redirect": 0.06644769663645136, "oneh-in": 0.01662896607920953}, "dutch": {"sfb": 0.04101839523766712, "alternate": 0.1698874616733756, "oneh-out": 0.021104239990914108, "dsfb": 0.0, "unknown": 0.07358430372699806, "dsfb-red": 0.011650157007413559, "sfR": 0.18880787437283908, "sft": 0.0, "roll-out": 0.14807020364971277,