{"english-450k": {"sfT": 0.00045459834263091703, "dsfb": 0.0, "oneh-in": 0.00962812978534188, "roll-out": 0.14887321003729753, "oneh-out": 0.004411504173826713, "unknown": 0.00015377410175167997, "sfR": 0.11369548401129392, "sft": 0.0, "dsfb-alt": 0.04442200524936839, "bad-redirect": 0.00840290685674627, "alternate": 0.3366644233968173, "dsfb-red": 0.008864521508202357, "roll-in": 0.25767160283482266, "sfb": 0.03806669118476806, "redirect": 0.028691148517132364}, "shai": {"sfT": 8.683262153935137e-05, "dsfb": 0.0, "oneh-in": 0.007583617085904188, "roll-out": 0.1629544711426964, "oneh-out": 0.0029222670191938215, "unknown": 0.02357661071706909, "sfR": 0.09823378925716947, "sft": 0.0, "dsfb-alt": 0.038343021482626666, "bad-redirect": 0.012354553907518285, "alternate": 0.27851028274729667, "dsfb-red": 0.007283540420846579, "roll-in": 0.3120539044219575, "sfb": 0.02370647841411083, "redirect": 0.03239063076207111}, "tr-quotes": {"sfT": 5.3165668847229605e-05, "dsfb": 0.0, "oneh-in": 0.007161184438639883, "roll-out": 0.17385520445667, "oneh-out": 0.003261598206236564, "unknown": 0.01476503085920344, "sfR": 0.09677191928064538, "sft": 0.0, "dsfb-alt": 0.03352210998358799, "bad-redirect": 0.016633919696724533, "alternate": 0.2636936270543908, "dsfb-red": 0.009198816485980444, "roll-in": 0.31896974179977344, "sfb": 0.02105129331268348, "redirect": 0.041062388756616816}, "gutenberg": {"sfT": 2.633171213338774e-05, "dsfb": 0.0, "oneh-in": 0.006968621313228787, "roll-out": 0.16108434369438845, "oneh-out": 0.0031209709165292304, "unknown": 0.03800726906804304, "sfR": 0.09863878308844841, "sft": 0.0, "dsfb-alt": 0.029111128539294682, "bad-redirect": 0.018777731176330404, "alternate": 0.24351984141868446, "dsfb-red": 0.008505143019084239, "roll-in": 0.33421629815530257, "sfb": 0.019405714095195013, "redirect": 0.038617823803337344}, "english-200": {"sfT": 0.0, "dsfb": 0.0, "oneh-in": 0.0022271714922048997, "roll-out": 0.20935412026726058, "oneh-out": 0.0022271714922048997, "unknown": 0.0, "sfR": 0.10690423162583519, "sft": 0.0, "dsfb-alt": 0.024498886414253896, "bad-redirect": 0.0200445434298441, "alternate": 0.25389755011135856, "dsfb-red": 0.0066815144766146995, "roll-in": 0.29175946547884185, "sfb": 0.026726057906458798, "redirect": 0.0556792873051225}, "monkeyracer": {"sfT": 5.767396030467491e-05, "dsfb": 0.0, "oneh-in": 0.007161346325288956, "roll-out": 0.17461524625803526, "oneh-out": 0.003341179598667438, "unknown": 0.014345175719849227, "sfR": 0.09690789370786869, "sft": 0.0, "dsfb-alt": 0.03336585232338083, "bad-redirect": 0.016728381062608506, "alternate": 0.2628925739399722, "dsfb-red": 0.009294305331811002, "roll-in": 0.31906114612821995, "sfb": 0.021056860659711903, "redirect": 0.0411723649842814}, "chained-bigrams": {"sfT": 0.00019414210292907839, "dsfb": 0.0, "oneh-in": 0.009307782760830564, "roll-out": 0.13182703302168872, "oneh-out": 0.005387281030108908, "unknown": 0.02361326373652774, "sfR": 0.11914286586209158, "sft": 0.0, "dsfb-alt": 0.045859091791555014, "bad-redirect": 0.014005502207960605, "alternate": 0.28166123306856855, "dsfb-red": 0.01316075680357689, "roll-in": 0.29135859864464136, "sfb": 0.02500147716817446, "redirect": 0.03948097180134653}, "english-5k": {"sfT": 0.00016592690919649896, "dsfb": 0.0, "oneh-in": 0.006844485004355581, "roll-out": 0.16783506865225867, "oneh-out": 0.0037333554569212264, "unknown": 0.002157049819554486, "sfR": 0.10644211224955408, "sft": 0.0, "dsfb-alt": 0.041315800389928235, "bad-redirect": 0.008462272369021445, "alternate": 0.32442858920645457, "dsfb-red": 0.006180777367569586, "roll-in": 0.2744845895383084, "sfb": 0.029991288837267184, "redirect": 0.027958684199610073}, "mt-quotes": {"sfT": 4.332962790308507e-05, "dsfb": 0.0, "oneh-in": 0.007316730615220951, "roll-out": 0.17693877672989805, "oneh-out": 0.0033050047214353163, "unknown": 0.008864644218931163, "sfR": 0.0964592223377679, "sft": 0.0, "dsfb-alt": 0.03212667790248742, "bad-redirect": 0.017796524067367113, "alternate": 0.2602795806887319, "dsfb-red": 0.009586306642282546, "roll-in": 0.32537711717526685, "sfb": 0.019665674567600197, "redirect": 0.04224041070510752}, "wordle": {"sfT": 0.0002468304723437675, "dsfb": 0.0, "oneh-in": 0.010995175586222372, "roll-out": 0.16842813867384718, "oneh-out": 0.007292718501065859, "unknown": 0.0, "sfR": 0.13138112868843263, "sft": 0.0, "dsfb-alt": 0.04653876360372489, "bad-redirect": 0.011802984404801974, "alternate": 0.2958151015370807, "dsfb-red": 0.012004936609446876, "roll-in": 0.23417480085268708, "sfb": 0.03971726691349714, "redirect": 0.04160215415684954}, "english-1k": {"sfT": 0.0, "dsfb": 0.0, "oneh-in": 0.0056457304163726185, "roll-out": 0.20007057163020467, "oneh-out": 0.0045871559633027525, "unknown": 0.0, "sfR": 0.10832745236414962, "sft": 0.0, "dsfb-alt": 0.029992942836979536, "bad-redirect": 0.010232886379675371, "alternate": 0.30910374029640086, "dsfb-red": 0.0056457304163726185, "roll-in": 0.26323218066337334, "sfb": 0.030345800988002825, "redirect": 0.032815808045165845}, "english-10k": {"sfT": 9.64859805870207e-05, "dsfb": 0.0, "oneh-in": 0.009687192450936879, "roll-out": 0.1560757221975647, "oneh-out": 0.0032226317516064916, "unknown": 0.0, "sfR": 0.10567144593890508, "sft": 0.0, "dsfb-alt": 0.04343798846027672, "bad-redirect": 0.007834661623666082, "alternate": 0.32174215086547925, "dsfb-red": 0.0057312672468690295, "roll-in": 0.2883387043862527, "sfb": 0.03060535304220297, "redirect": 0.027556396055653114}, "reddit": {"sfT": 0.00016511227765981815, "dsfb": 0.0, "oneh-in": 0.007159684885765191, "roll-out": 0.16678782266986328, "oneh-out": 0.003361016234604769, "unknown": 0.040159553597531705, "sfR": 0.10397777127267367, "sft": 0.0, "dsfb-alt": 0.036072537779078796, "bad-redirect": 0.013794216837594207, "alternate": 0.25465916844167985, "dsfb-red": 0.00969922259011645, "roll-in": 0.3047471839984927, "sfb": 0.021573185136823502, "redirect": 0.03784352427811605}, "akl": {"sfT": 0.00015306359566325247, "dsfb": 0.0, "oneh-in": 0.006223746165163946, "roll-out": 0.14601152713414817, "oneh-out": 0.004250399392212752, "unknown": 0.13242029519012413, "sfR": 0.13064861186637447, "sft": 0.0, "dsfb-alt": 0.031153346176509677, "bad-redirect": 0.013393002851529077, "alternate": 0.21257615469805297, "dsfb-red": 0.008904175098032971, "roll-in": 0.2536935579844062, "sfb": 0.024920507613734096, "redirect": 0.035651612234048294}, "french": {"sfT": 0.0002865276582788897, "dsfb": 0.0, "oneh-in": 0.007219448259944124, "roll-out": 0.16928394138847153, "oneh-out": 0.004001499202599145, "unknown": 0.1582127523819887, "sfR": 0.10898279115633469, "sft": 0.0, "dsfb-alt": 0.033159557492227834, "bad-redirect": 0.004352313929200896, "alternate": 0.23674530169175068, "dsfb-red": 0.005507878102309865, "roll-in": 0.2179722941762463, "sfb": 0.034053883350178164, "redirect": 0.020221811210469166}, "keymash": {"sfT": 6.567794001141154e-05, "dsfb": 0.0, "oneh-in": 0.007130161362488866, "roll-out": 0.17419842126651697, "oneh-out": 0.00342756749434554, "unknown": 0.013394194891077241, "sfR": 0.099723742164827, "sft": 0.0, "dsfb-alt": 0.033532693247076306, "bad-redirect": 0.016037731976536556, "alternate": 0.26159933993670287, "dsfb-red": 0.00944120387664041, "roll-in": 0.31973663146055425, "sfb": 0.021111352842418097, "redirect": 0.040601281540804474}, "movie": {"sfT": 0.00010277791193446323, "dsfb": 0.0, "oneh-in": 0.0053451094097850095, "roll-out": 0.1740911754568978, "oneh-out": 0.0038968751961630283, "unknown": 0.030313825313607518, "sfR": 0.11567713207251198, "sft": 0.0, "dsfb-alt": 0.03830918359464497, "bad-redirect": 0.013496805923060797, "alternate": 0.2523742553042812, "dsfb-red": 0.014013195841666218, "roll-in": 0.28444820170895585, "sfb": 0.019848112406662587, "redirect": 0.04808334985982856}, "dutch": {"sfT": 0.00015076211792660203, "dsfb": 0.0, "oneh-in": 0.00773512946338261, "roll-out": 0.11404099890446433, "oneh-out": 0.004094694102264125, "unknown": 0.07324141314884507, "sfR": 0.18880787437283908, "sft": 0.0,