{"english-450k": {"sfT": 0.00016371387258733988, "dsfb-alt": 0.05607784828518489, "sfR": 0.11369548401129392, "roll-out": 0.14736558067848876, "redirect": 0.011794999827515742, "unknown": 0.00015377410175167997, "sfb": 0.029492761800408232, "dsfb": 0.0, "bad-redirect": 0.003167278742162929, "alternate": 0.3908531305308247, "dsfb-red": 0.005326255436908474, "sft": 0.0, "oneh-out": 0.0008431264438248004, "roll-in": 0.23134845854618574, "oneh-in": 0.009717587722862818}, "shai": {"sfT": 0.0001914342899022892, "dsfb-alt": 0.04845499086119073, "sfR": 0.09823378925716947, "roll-out": 0.12322300629823885, "redirect": 0.009655412085521791, "unknown": 0.023260762136131256, "sfb": 0.028295954989313025, "dsfb": 0.0, "bad-redirect": 0.0024858242407109414, "alternate": 0.3374939234581762, "dsfb-red": 0.004305733035301534, "sft": 0.0, "oneh-out": 0.0006236312299261247, "roll-in": 0.30723058161716826, "oneh-in": 0.016544956501249524}, "tr-quotes": {"sfT": 8.437160490973394e-05, "dsfb-alt": 0.05004854256720834, "sfR": 0.09677191928064538, "roll-out": 0.10845218557129979, "redirect": 0.009160675897459605, "unknown": 0.013835787429786644, "sfb": 0.029795890062643028, "dsfb": 0.0, "bad-redirect": 0.002224867663715587, "alternate": 0.32647534731051064, "dsfb-red": 0.0032720001849240654, "sft": 0.0, "oneh-out": 0.0005200989343750722, "roll-in": 0.33410924389172697, "oneh-in": 0.025249069600795173}, "gutenberg": {"sfT": 0.00013355292844631912, "dsfb-alt": 0.04490087341720836, "sfR": 0.09863878308844841, "roll-out": 0.10846089058775792, "redirect": 0.009296988750865253, "unknown": 0.032975828246008664, "sfb": 0.02567114608871779, "dsfb": 0.0, "bad-redirect": 0.0036042241370491737, "alternate": 0.3012550565411951, "dsfb-red": 0.003617863585060713, "sft": 0.0, "oneh-out": 0.0009922698428394604, "roll-in": 0.35092803183144067, "oneh-in": 0.019524490954962163}, "english-200": {"sfT": 0.0, "dsfb-alt": 0.051224944320712694, "sfR": 0.10690423162583519, "roll-out": 0.10244988864142539, "redirect": 0.0066815144766146995, "unknown": 0.0, "sfb": 0.017817371937639197, "dsfb": 0.0, "bad-redirect": 0.004454342984409799, "alternate": 0.32962138084632514, "dsfb-red": 0.0, "sft": 0.0, "oneh-out": 0.0, "roll-in": 0.36971046770601335, "oneh-in": 0.011135857461024499}, "monkeyracer": {"sfT": 9.286485133803589e-05, "dsfb-alt": 0.050098143484993043, "sfR": 0.09690789370786869, "roll-out": 0.10804287814567465, "redirect": 0.009106620579633077, "unknown": 0.013436077701487402, "sfb": 0.02961704490357696, "dsfb": 0.0, "bad-redirect": 0.002213116036098034, "alternate": 0.3257777186918373, "dsfb-red": 0.0032893707868683233, "sft": 0.0, "oneh-out": 0.0005249307912476344, "roll-in": 0.33526557392433176, "oneh-in": 0.02562776639504512}, "chained-bigrams": {"sfT": 0.0002460864782947181, "dsfb-alt": 0.05547204775765871, "sfR": 0.11914286586209158, "roll-out": 0.10733850656024996, "redirect": 0.01663064107800162, "unknown": 0.022916559801936097, "sfb": 0.02884406233584766, "dsfb": 0.0, "bad-redirect": 0.0054385761007824775, "alternate": 0.33562364741716333, "dsfb-red": 0.008709773139433637, "sft": 0.0, "oneh-out": 0.0021388096556802147, "roll-in": 0.2844967466588404, "oneh-in": 0.013001677154019618}, "english-5k": {"sfT": 0.00012444518189737422, "dsfb-alt": 0.049031401667565436, "sfR": 0.10644211224955408, "roll-out": 0.15974613182892936, "redirect": 0.010660803915875056, "unknown": 0.002157049819554486, "sfb": 0.0275023851993197, "dsfb": 0.0, "bad-redirect": 0.0033600199112291036, "alternate": 0.38395486788069855, "dsfb-red": 0.006014850458373086, "sft": 0.0, "oneh-out": 0.0006637076367859958, "roll-in": 0.24258514124528147, "oneh-in": 0.007757083004936325}, "mt-quotes": {"sfT": 7.470625500531908e-05, "dsfb-alt": 0.04946898793942219, "sfR": 0.0964592223377679, "roll-out": 0.10564360932812182, "redirect": 0.009009574353641482, "unknown": 0.007977133909467972, "sfb": 0.029243016459282102, "dsfb": 0.0, "bad-redirect": 0.002148551893952977, "alternate": 0.32465396062681534, "dsfb-red": 0.0029643441986110615, "sft": 0.0, "oneh-out": 0.00046766115633329746, "roll-in": 0.34471557834594374, "oneh-in": 0.027173653195634764}, "wordle": {"sfT": 0.0004039044092898014, "dsfb-alt": 0.06220127903062942, "sfR": 0.13138112868843263, "roll-out": 0.1301469763267138, "redirect": 0.015729832828452823, "unknown": 0.0, "sfb": 0.04992707281498934, "dsfb": 0.0, "bad-redirect": 0.0024458655895882417, "alternate": 0.3521822057668574, "dsfb-red": 0.00473465724223045, "sft": 0.0, "oneh-out": 0.0007404914170313026, "roll-in": 0.23711432738696286, "oneh-in": 0.012992258498821945}, "english-1k": {"sfT": 0.00035285815102328866, "dsfb-alt": 0.04128440366972477, "sfR": 0.10832745236414962, "roll-out": 0.1309103740296401, "redirect": 0.009527170077628794, "unknown": 0.0, "sfb": 0.026817219477769938, "dsfb": 0.0, "bad-redirect": 0.0028228652081863093, "alternate": 0.36485532815808047, "dsfb-red": 0.0024700070571630206, "sft": 0.0, "oneh-out": 0.00035285815102328866, "roll-in": 0.30063514467184194, "oneh-in": 0.011644318983768526}, "english-10k": {"sfT": 9.64859805870207e-05, "dsfb-alt": 0.049786765982902687, "sfR": 0.10567144593890508, "roll-out": 0.1584106829277706, "redirect": 0.011829181219968739, "unknown": 0.0, "sfb": 0.029003685764458425, "dsfb": 0.0, "bad-redirect": 0.002817390633141005, "alternate": 0.3755813280330368, "dsfb-red": 0.00517164855946431, "sft": 0.0, "oneh-out": 0.0006946990602265491, "roll-in": 0.24939696262133113, "oneh-in": 0.011539723278207676}, "reddit": {"sfT": 0.00034018822724738395, "dsfb-alt": 0.05020147406158411, "sfR": 0.10397777127267367, "roll-out": 0.11048180159669715, "redirect": 0.00886894156774632, "unknown": 0.039285409944231534, "sfb": 0.030931507808840585, "dsfb": 0.0, "bad-redirect": 0.003090049307065948, "alternate": 0.3132209123989095, "dsfb-red": 0.004184704752240749, "sft": 0.0, "oneh-out": 0.0009612695965480747, "roll-in": 0.3150833324437198, "oneh-in": 0.019372637022495236}, "akl": {"sfT": 0.00033851885781795355, "dsfb-alt": 0.04491177446465853, "sfR": 0.13064861186637447, "roll-out": 0.10501314036761898, "redirect": 0.008987859746703098, "unknown": 0.13277008071454782, "sfb": 0.032518391783160745, "dsfb": 0.0, "bad-redirect": 0.00446725801677068, "alternate": 0.2625988449245384, "dsfb-red": 0.00578913944236869, "sft": 0.0, "oneh-out": 0.0008839144689028019, "roll-in": 0.2539464897081842, "oneh-in": 0.01712597563835364}, "french": {"sfT": 0.0014034836339821234, "dsfb-alt": 0.03346133666193825, "sfR": 0.10898279115633469, "roll-out": 0.13159633300329843, "redirect": 0.008881997842525387, "unknown": 0.15807953387545715, "sfb": 0.036416848857057274, "dsfb": 0.0, "bad-redirect": 0.0018070194497071897, "alternate": 0.2651771303496193, "dsfb-red": 0.01827499622719856, "sft": 0.0, "oneh-out": 0.0006039928127327288, "roll-in": 0.22510883294280926, "oneh-in": 0.010205703187339663}, "keymash": {"sfT": 0.00016419485002852887, "dsfb-alt": 0.04948422292734788, "sfR": 0.099723742164827, "roll-out": 0.1092593580802338, "redirect": 0.009318057739119012, "unknown": 0.01232282349464109, "sfb": 0.029743897082668003, "dsfb": 0.0, "bad-redirect": 0.0026189078579550353, "alternate": 0.32533567584652706, "dsfb-red": 0.00354250388936551, "sft": 0.0, "oneh-out": 0.00041459199632203536, "roll-in": 0.3336726693567256, "oneh-in": 0.024399354714239388}, "movie": {"sfT": 0.0001758147123488385, "dsfb-alt": 0.054032493348716244, "sfR": 0.11567713207251198, "roll-out": 0.094438556903366, "redirect": 0.008924965412798073, "unknown": 0.030236445784519856, "sfb": 0.03737628651691973, "dsfb": 0.0, "bad-redirect": 0.0025461549809321312, "alternate": 0.3050476061760971, "dsfb-red": 0.0032466502757172114, "sft": 0.0, "oneh-out": 0.0008713092892677093, "roll-in": 0.3137125342598523, "oneh-in": 0.033714050266952796}, "dutch": {"sfT": 0.00026629022518172773, "dsfb-alt": 0.05176690225698134, "sfR": 0.18880787437283908, "roll-out": 0.16993951476903935, "redirect": 0.011292957655461152, "unknown": 0.07290361491625476,