{"english-450k": {"sfR": 0.11369548401129392, "sfT": 0.00010553697857862447, "roll-out": 0.19472303413258835, "sft": 0.0, "bad-redirect": 0.007244631208190839, "oneh-out": 0.015655139066164378, "roll-in": 0.2618729100900953, "oneh-in": 0.020859193791034444, "dsfb-alt": 0.037197838275250965, "dsfb": 0.0, "redirect": 0.055771177120284676, "dsfb-red": 0.0258548056745567, "alternate": 0.23747311145815853, "unknown": 0.00015377410175167997, "sfb": 0.029393364092051632}, "shai": {"sfR": 0.09823378925716947, "sfT": 0.00011716501534384866, "roll-out": 0.17252267904743357, "sft": 0.0, "bad-redirect": 0.013808716810857456, "oneh-out": 0.00900557431757726, "roll-in": 0.2862360754302424, "oneh-in": 0.02527309604527821, "dsfb-alt": 0.04441726428358888, "dsfb": 0.0, "redirect": 0.046409619142484614, "dsfb-red": 0.023712059543607587, "alternate": 0.23517004873309136, "unknown": 0.023260762136131256, "sfb": 0.02183315023719413}, "tr-quotes": {"sfR": 0.09677191928064538, "sfT": 0.00012944684588890687, "roll-out": 0.17332239199278796, "sft": 0.0, "bad-redirect": 0.02332123621737824, "oneh-out": 0.008485703058181734, "roll-in": 0.28440858972284505, "oneh-in": 0.029697649152816624, "dsfb-alt": 0.044366750653013105, "dsfb": 0.0, "redirect": 0.04837497977393033, "dsfb-red": 0.025981831210559164, "alternate": 0.22708790827766348, "unknown": 0.013835787429786644, "sfb": 0.024215806384503363}, "gutenberg": {"sfR": 0.09863878308844841, "sfT": 0.00017901775515144903, "roll-out": 0.1641365490605262, "sft": 0.0, "bad-redirect": 0.016131867698869783, "oneh-out": 0.008558374753684829, "roll-in": 0.2864556871383415, "oneh-in": 0.02561412561855844, "dsfb-alt": 0.043580120201424336, "dsfb": 0.0, "redirect": 0.04404291424992697, "dsfb-red": 0.025225022476673704, "alternate": 0.22940755920941214, "unknown": 0.032975828246008664, "sfb": 0.02505415050297359}, "english-200": {"sfR": 0.10690423162583519, "sfT": 0.0, "roll-out": 0.18040089086859687, "sft": 0.0, "bad-redirect": 0.004454342984409799, "oneh-out": 0.004454342984409799, "roll-in": 0.29175946547884185, "oneh-in": 0.044543429844097995, "dsfb-alt": 0.051224944320712694, "dsfb": 0.0, "redirect": 0.031180400890868598, "dsfb-red": 0.022271714922048998, "alternate": 0.24944320712694878, "unknown": 0.0, "sfb": 0.013363028953229399}, "monkeyracer": {"sfR": 0.09690789370786869, "sfT": 0.00014174108888437056, "roll-out": 0.17352823873500478, "sft": 0.0, "bad-redirect": 0.023608200259630573, "oneh-out": 0.008491757511300185, "roll-in": 0.28417133271814443, "oneh-in": 0.02960238203231306, "dsfb-alt": 0.04442458983061451, "dsfb": 0.0, "redirect": 0.04829656536903514, "dsfb-red": 0.025878012731282356, "alternate": 0.22728232478846364, "unknown": 0.013436077701487402, "sfb": 0.024230883525970876}, "chained-bigrams": {"sfR": 0.11914286586209158, "sfT": 0.0001908955794687259, "roll-out": 0.1677991622670863, "sft": 0.0, "bad-redirect": 0.007839704852059173, "oneh-out": 0.011653071308589197, "roll-in": 0.2782783556228812, "oneh-in": 0.02010701839934706, "dsfb-alt": 0.0359097959949588, "dsfb": 0.0, "redirect": 0.05070939784132162, "dsfb-red": 0.02390090571511497, "alternate": 0.23754617367991487, "unknown": 0.022916559801936097, "sfb": 0.02400609307523039}, "english-5k": {"sfR": 0.10644211224955408, "sfT": 8.296345459824948e-05, "roll-out": 0.19264114157713527, "sft": 0.0, "bad-redirect": 0.006346704276766085, "oneh-out": 0.014269714190898909, "roll-in": 0.26705936035176503, "oneh-in": 0.02136308955904924, "dsfb-alt": 0.042601733936201105, "dsfb": 0.0, "redirect": 0.0590284979466545, "dsfb-red": 0.02646534201684158, "alternate": 0.23918363960675323, "unknown": 0.002157049819554486, "sfb": 0.022358651014228233}, "mt-quotes": {"sfR": 0.0964592223377679, "sfT": 0.0001389536343098935, "roll-out": 0.17443611718721985, "sft": 0.0, "bad-redirect": 0.025029583676982107, "oneh-out": 0.008319288557392333, "roll-in": 0.2874846105114689, "oneh-in": 0.030587729049377847, "dsfb-alt": 0.04421863233764837, "dsfb": 0.0, "redirect": 0.04821093460513262, "dsfb-red": 0.02576768147643466, "alternate": 0.22718470972137556, "unknown": 0.007977133909467972, "sfb": 0.024185402995422}, "wordle": {"sfR": 0.13138112868843263, "sfT": 6.731740154830023e-05, "roll-out": 0.194614607876136, "sft": 0.0, "bad-redirect": 0.008167844721193761, "oneh-out": 0.011847862672500842, "roll-in": 0.24077190620442052, "oneh-in": 0.02728598676091103, "dsfb-alt": 0.039088971165713006, "dsfb": 0.0, "redirect": 0.057848087063839336, "dsfb-red": 0.02697183888701896, "alternate": 0.22344889487265793, "unknown": 0.0, "sfb": 0.03850555368562773}, "english-1k": {"sfR": 0.10832745236414962, "sfT": 0.0, "roll-out": 0.17678193366266762, "sft": 0.0, "bad-redirect": 0.010232886379675371, "oneh-out": 0.008468595624558928, "roll-in": 0.27875793930839804, "oneh-in": 0.03352152434721242, "dsfb-alt": 0.04763585038814397, "dsfb": 0.0, "redirect": 0.05081157374735357, "dsfb-red": 0.026817219477769938, "alternate": 0.24347212420606917, "unknown": 0.0, "sfb": 0.015172900494001412}, "english-10k": {"sfR": 0.10567144593890508, "sfT": 1.929719611740414e-05, "roll-out": 0.18758804345728566, "sft": 0.0, "bad-redirect": 0.005326026128403543, "oneh-out": 0.013179984948187028, "roll-in": 0.28110225584222615, "oneh-in": 0.021072538160205323, "dsfb-alt": 0.043959012755446635, "dsfb": 0.0, "redirect": 0.05547943883753691, "dsfb-red": 0.025182840933212405, "alternate": 0.23631346365373113, "unknown": 0.0, "sfb": 0.025105652148742788}, "reddit": {"sfR": 0.10397777127267367, "sfT": 0.00017822237230159137, "roll-out": 0.1702843598256507, "sft": 0.0, "bad-redirect": 0.019101632637543154, "oneh-out": 0.008695626116582079, "roll-in": 0.2702254580432959, "oneh-in": 0.028979115057374456, "dsfb-alt": 0.042367555737099154, "dsfb": 0.0, "redirect": 0.044257169863937816, "dsfb-red": 0.025215131970894842, "alternate": 0.22143845082131933, "unknown": 0.039285409944231534, "sfb": 0.025994096337095745}, "akl": {"sfR": 0.13064861186637447, "sfT": 0.0002905119867326106, "roll-out": 0.14670889920639923, "sft": 0.0, "bad-redirect": 0.014380689249695102, "oneh-out": 0.008047784897987128, "roll-in": 0.22401490975313573, "oneh-in": 0.02508940878241109, "dsfb-alt": 0.039281900226106684, "dsfb": 0.0, "redirect": 0.03901735592929208, "dsfb-red": 0.02500646536180713, "alternate": 0.1862592969456734, "unknown": 0.13277008071454782, "sfb": 0.028484085079837553}, "french": {"sfR": 0.10898279115633469, "sfT": 6.193491970326432e-05, "roll-out": 0.17698976004833022, "sft": 0.0, "bad-redirect": 0.005399559411101689, "oneh-out": 0.009713310088411873, "roll-in": 0.218498606157179, "oneh-in": 0.020666771809208145, "dsfb-alt": 0.0222792820517292, "dsfb": 0.0, "redirect": 0.05991736047934572, "dsfb-red": 0.021731246405201528, "alternate": 0.183862273877803, "unknown": 0.15807953387545715, "sfb": 0.013817569720194543}, "keymash": {"sfR": 0.099723742164827, "sfT": 0.0001518802362763892, "roll-out": 0.16994166977952738, "sft": 0.0, "bad-redirect": 0.022716357501446967, "oneh-out": 0.008242581471432149, "roll-in": 0.2870413319486234, "oneh-in": 0.02887776924876751, "dsfb-alt": 0.045802153415458124, "dsfb": 0.0, "redirect": 0.048724821745965936, "dsfb-red": 0.02655441212086383, "alternate": 0.22579254801673146, "unknown": 0.01232282349464109, "sfb": 0.02410790885543875}, "movie": {"sfR": 0.11567713207251198, "sfT": 0.0003160980082798728, "roll-out": 0.16987491230649032, "sft": 0.0, "bad-redirect": 0.034332560108299756, "oneh-out": 0.007849153082370114, "roll-in": 0.25992915561957647, "oneh-in": 0.028712411215873226, "dsfb-alt": 0.04185916688829936, "dsfb": 0.0, "redirect": 0.05062871525372919, "dsfb-red": 0.028230894724492687, "alternate": 0.20580796532765427, "unknown": 0.030236445784519856, "sfb": 0.026545389607902925}, "dutch": {"sfR": 0.18880787437283908, "sfT": 0.0005117627982567968, "roll-out": 0.16355934370280728, "sft": 0.0, "bad-redirect": 0.006884510515675656, "oneh-out": 0.01737687613934508, "roll-in": 0.21122475608650948, "oneh-in": 0.012245387652833574,