{"english-450k": {"oneh-out": 0.0037230288703567383, "alternate": 0.33008049460299677, "sfb": 0.056895540609518444, "sfT": 0.0013401149856077964, "dsfb-alt": 0.04953835611392381, "roll-out": 0.16177269381237572, "bad-redirect": 0.001381628146156729, "roll-in": 0.2283656502568846, "dsfb-red": 0.012190544237534797, "sft": 0.0, "oneh-in": 0.005866511216446695, "redirect": 0.03499617903515229, "sfR": 0.11369548401129392, "unknown": 0.00015377410175167997, "dsfb": 0.0}, "shai": {"oneh-out": 0.004150076804392326, "alternate": 0.2873009139118903, "sfb": 0.08689438939346979, "sfT": 0.002690630793034379, "dsfb-alt": 0.049609417695447126, "roll-out": 0.1676717602278649, "bad-redirect": 0.003466252976731412, "roll-in": 0.22331723914141327, "dsfb-red": 0.017978892648173955, "sft": 0.0, "oneh-in": 0.00556557045336111, "redirect": 0.029023317045620972, "sfR": 0.09823378925716947, "unknown": 0.024097749651430984, "dsfb": 0.0}, "tr-quotes": {"oneh-out": 0.005696816994521624, "alternate": 0.2851806476965396, "sfb": 0.10681329604031345, "sfT": 0.004122650886479739, "dsfb-alt": 0.05272994151776427, "roll-out": 0.16704768729340513, "bad-redirect": 0.003922701740597767, "roll-in": 0.2033147638750838, "dsfb-red": 0.02699891357111486, "sft": 0.0, "oneh-in": 0.00483576431427845, "redirect": 0.028670164813573425, "sfR": 0.09677191928064538, "unknown": 0.013894731975682485, "dsfb": 0.0}, "gutenberg": {"oneh-out": 0.004785551884270799, "alternate": 0.27127195051305164, "sfb": 0.11729963177279104, "sfT": 0.00429699443396859, "dsfb-alt": 0.04768369968511819, "roll-out": 0.16560335803210044, "bad-redirect": 0.003054099733917102, "roll-in": 0.20526156861987352, "dsfb-red": 0.016850211960810834, "sft": 0.0, "oneh-in": 0.00702639953049989, "redirect": 0.02524567108546895, "sfR": 0.09863878308844841, "unknown": 0.03298207965968062, "dsfb": 0.0}, "english-200": {"oneh-out": 0.0022271714922048997, "alternate": 0.2962138084632517, "sfb": 0.1091314031180401, "sfT": 0.0066815144766146995, "dsfb-alt": 0.051224944320712694, "roll-out": 0.18930957683741648, "bad-redirect": 0.0066815144766146995, "roll-in": 0.19599109131403117, "dsfb-red": 0.013363028953229399, "sft": 0.0, "oneh-in": 0.004454342984409799, "redirect": 0.017817371937639197, "sfR": 0.10690423162583519, "unknown": 0.0, "dsfb": 0.0}, "monkeyracer": {"oneh-out": 0.00572927256518135, "alternate": 0.28498854340991914, "sfb": 0.1069900839889266, "sfT": 0.004080188310368019, "dsfb-alt": 0.05276483100552106, "roll-out": 0.16697198023053944, "bad-redirect": 0.003906188904703067, "roll-in": 0.20308858720302797, "dsfb-red": 0.02742347936249746, "sft": 0.0, "oneh-in": 0.0048944664278899545, "redirect": 0.028762688271267028, "sfR": 0.09690789370786869, "unknown": 0.013491796612290222, "dsfb": 0.0}, "chained-bigrams": {"oneh-out": 0.005728165993445919, "alternate": 0.2933519640492978, "sfb": 0.10044678655861371, "sfT": 0.0015583312609691912, "dsfb-alt": 0.05573696407202347, "roll-out": 0.14624289579503788, "bad-redirect": 0.00290433988763133, "roll-in": 0.1936642146757145, "dsfb-red": 0.01709684184690824, "sft": 0.0, "oneh-in": 0.009448032574317792, "redirect": 0.0315191976671781, "sfR": 0.11914286586209158, "unknown": 0.023159399756770463, "dsfb": 0.0}, "english-5k": {"oneh-out": 0.0029866843655369808, "alternate": 0.3177915128385946, "sfb": 0.0434313684821836, "sfT": 0.0026963122744431078, "dsfb-alt": 0.04890695648566806, "roll-out": 0.16945285601692456, "bad-redirect": 0.001410378728170241, "roll-in": 0.25710374579997514, "dsfb-red": 0.011365993279960178, "sft": 0.0, "oneh-in": 0.005682996639980089, "redirect": 0.03057203301945493, "sfR": 0.10644211224955408, "unknown": 0.002157049819554486, "dsfb": 0.0}, "mt-quotes": {"oneh-out": 0.005831570265715208, "alternate": 0.28463979632086633, "sfb": 0.11091936505659745, "sfT": 0.004143208902594997, "dsfb-alt": 0.05383930385723336, "roll-out": 0.1677723192407454, "bad-redirect": 0.004167114904196699, "roll-in": 0.2014648402481443, "dsfb-red": 0.02909958044967189, "sft": 0.0, "oneh-in": 0.0048484359498452085, "redirect": 0.028820179055951998, "sfR": 0.0964592223377679, "unknown": 0.007995063410669249, "dsfb": 0.0}, "wordle": {"oneh-out": 0.0055424660608100525, "alternate": 0.2898687310669808, "sfb": 0.057197352182205764, "sfT": 0.0015034219679120385, "dsfb-alt": 0.05419050824638169, "roll-out": 0.1713901043419724, "bad-redirect": 0.0029844048019746438, "roll-in": 0.22504207337596768, "dsfb-red": 0.01617861550544149, "sft": 0.0, "oneh-in": 0.007090766296420958, "redirect": 0.037630427465499834, "sfR": 0.13138112868843263, "unknown": 0.0, "dsfb": 0.0}, "english-1k": {"oneh-out": 0.005998588567395907, "alternate": 0.29887085391672547, "sfb": 0.06563161609033169, "sfT": 0.006351446718419196, "dsfb-alt": 0.053987297106563165, "roll-out": 0.1901905434015526, "bad-redirect": 0.002117148906139732, "roll-in": 0.22335920959774172, "dsfb-red": 0.009527170077628794, "sft": 0.0, "oneh-in": 0.0045871559633027525, "redirect": 0.031051517290049402, "sfR": 0.10832745236414962, "unknown": 0.0, "dsfb": 0.0}, "english-10k": {"oneh-out": 0.003126145771019471, "alternate": 0.3089288126435229, "sfb": 0.04463441461955578, "sfT": 0.002180583161266668, "dsfb-alt": 0.046332567877887344, "roll-out": 0.16516470156886204, "bad-redirect": 0.001640261669979352, "roll-in": 0.27189749329422436, "dsfb-red": 0.011713398043264314, "sft": 0.0, "oneh-in": 0.006020725188630092, "redirect": 0.03268945022288262, "sfR": 0.10567144593890508, "unknown": 0.0, "dsfb": 0.0}, "reddit": {"oneh-out": 0.0047139030868092405, "alternate": 0.2757253674899993, "sfb": 0.09499997846198738, "sfT": 0.00272843543943258, "dsfb-alt": 0.05027421635813932, "roll-out": 0.16162645332422368, "bad-redirect": 0.00343173583084382, "roll-in": 0.2035882703608666, "dsfb-red": 0.02191138812116799, "sft": 0.0, "oneh-in": 0.00510623203331762, "redirect": 0.02671803576321446, "sfR": 0.10397777127267367, "unknown": 0.0451982124573243, "dsfb": 0.0}, "akl": {"oneh-out": 0.004118238428015377, "alternate": 0.2344759602813435, "sfb": 0.0773520902248498, "sfT": 0.0028037445754768202, "dsfb-alt": 0.043279244356530404, "roll-out": 0.14115265362241985, "bad-redirect": 0.0043106365263898315, "roll-in": 0.1715170613529048, "dsfb-red": 0.02188357268864149, "sft": 0.0, "oneh-in": 0.005528449531498153, "redirect": 0.023730885982742284, "sfR": 0.13064861186637447, "unknown": 0.13919885056281323, "dsfb": 0.0}, "french": {"oneh-out": 0.004774786788589467, "alternate": 0.22823302565581388, "sfb": 0.029659755110166476, "sfT": 8.467735030547894e-05, "dsfb-alt": 0.030688498021715666, "roll-out": 0.1594173820756657, "bad-redirect": 0.0024430284509754474, "roll-in": 0.2356338290688804, "dsfb-red": 0.009711736995386027, "sft": 0.0, "oneh-in": 0.007391200054689703, "redirect": 0.026527951623284432, "sfR": 0.10898279115633469, "unknown": 0.15645133764819266, "dsfb": 0.0}, "keymash": {"oneh-out": 0.005574415158468554, "alternate": 0.27928723015602613, "sfb": 0.10513396247326702, "sfT": 0.004461995049525272, "dsfb-alt": 0.05135604421767311, "roll-out": 0.17103356553221707, "bad-redirect": 0.0039776202419411115, "roll-in": 0.20720158612225129, "dsfb-red": 0.026115190897037514, "sft": 0.0, "oneh-in": 0.005291179042169343, "redirect": 0.02847959673744833, "sfR": 0.099723742164827, "unknown": 0.012363872207148224, "dsfb": 0.0}, "movie": {"oneh-out": 0.007347896915201906, "alternate": 0.2762633425403568, "sfb": 0.10094067450998558, "sfT": 0.004275350579931935, "dsfb-alt": 0.053858389408269, "roll-out": 0.15911034070812008, "bad-redirect": 0.004282062069699742, "roll-in": 0.18044129755995236, "dsfb-red": 0.03586264817752127, "sft": 0.0, "oneh-in": 0.005444465777916277, "redirect": 0.026214026250347255, "sfR": 0.11567713207251198, "unknown": 0.030282373430185833, "dsfb": 0.0}, "dutch": {"oneh-out": 0.0016149190519673506, "alternate": 0.25014099880046575, "sfb": 0.0798392102647055, "sfT": 0.0008461362491482424, "dsfb-alt": 0.04573358447442816, "roll-out": 0.13715485059004326,