{"english-450k": {"unknown": 0.00015377410175167997, "sft": 0.0, "sfT": 0.001177570497824652, "roll-out": 0.1884267740005999, "roll-in": 0.2085796593699004, "dsfb-alt": 0.04369757136316941, "sfb": 0.0459802105009586, "alternate": 0.33390525995131853, "sfR": 0.11369548401129392, "dsfb": 0.0, "oneh-out": 0.006269948973894069, "dsfb-red": 0.017609765766376795, "bad-redirect": 0.00328860241559819, "redirect": 0.031555556595008714, "oneh-in": 0.005659822452305179}, "shai": {"unknown": 0.024097749651430984, "sft": 0.0, "sfT": 0.0005759207005873423, "roll-out": 0.22410222771441832, "roll-in": 0.21016207569095313, "dsfb-alt": 0.03872228284142502, "sfb": 0.039143023371386164, "alternate": 0.2852956047947244, "sfR": 0.09823378925716947, "dsfb": 0.0, "oneh-out": 0.014738114206784485, "dsfb-red": 0.026870309258048824, "bad-redirect": 0.0029567484912372396, "redirect": 0.030541260415657134, "oneh-in": 0.004560893606177544}, "tr-quotes": {"unknown": 0.013894731975682485, "sft": 0.0, "sfT": 0.0009084394720417928, "roll-out": 0.2413767596680613, "roll-in": 0.1996948752918333, "dsfb-alt": 0.037230993273387115, "sfb": 0.04260881625482536, "alternate": 0.26600517787383554, "sfR": 0.09677191928064538, "dsfb": 0.0, "oneh-out": 0.02446083077136451, "dsfb-red": 0.03367351656226162, "bad-redirect": 0.0037377776750421856, "redirect": 0.03459582533922008, "oneh-in": 0.005040336561799311}, "gutenberg": {"unknown": 0.03298207965968062, "sft": 0.0, "sfT": 0.0011307481275121686, "roll-out": 0.24723128677204656, "roll-in": 0.20528108060800113, "dsfb-alt": 0.03247192641669347, "sfb": 0.04673954678387499, "alternate": 0.23748324905291082, "sfR": 0.09863878308844841, "dsfb": 0.0, "oneh-out": 0.01742041666240434, "dsfb-red": 0.03788659784049651, "bad-redirect": 0.0036904178710109826, "redirect": 0.034665793741993925, "oneh-in": 0.0043780733749260725}, "english-200": {"unknown": 0.0, "sft": 0.0, "sfT": 0.0, "roll-out": 0.2561247216035635, "roll-in": 0.17817371937639198, "dsfb-alt": 0.042316258351893093, "sfb": 0.042316258351893093, "alternate": 0.26948775055679286, "sfR": 0.10690423162583519, "dsfb": 0.0, "oneh-out": 0.022271714922048998, "dsfb-red": 0.044543429844097995, "bad-redirect": 0.0, "redirect": 0.035634743875278395, "oneh-in": 0.0022271714922048997}, "monkeyracer": {"unknown": 0.013491796612290222, "sft": 0.0, "sfT": 0.0009012778203544114, "roll-out": 0.24133424308303486, "roll-in": 0.1996731157232901, "dsfb-alt": 0.0373160298418756, "sfb": 0.042795056070819716, "alternate": 0.26552113799521404, "sfR": 0.09690789370786869, "dsfb": 0.0, "oneh-out": 0.02479784788150836, "dsfb-red": 0.03370994103570702, "bad-redirect": 0.00377813316233167, "redirect": 0.034640544598589236, "oneh-in": 0.0051329824671160675}, "chained-bigrams": {"unknown": 0.023159399756770463, "sft": 0.0, "sfT": 0.0006038533636255615, "roll-out": 0.21783198461927045, "roll-in": 0.18459992117441038, "dsfb-alt": 0.05099444260114057, "sfb": 0.0408899629831395, "alternate": 0.27762190857919794, "sfR": 0.11914286586209158, "dsfb": 0.0, "oneh-out": 0.010795989115056142, "dsfb-red": 0.025572215992504428, "bad-redirect": 0.0036783110805793614, "redirect": 0.03884205598434916, "oneh-in": 0.00626708888786443}, "english-5k": {"unknown": 0.002157049819554486, "sft": 0.0, "sfT": 0.0011200066370763678, "roll-out": 0.20019081594557597, "roll-in": 0.2336250881486705, "dsfb-alt": 0.03932467747957025, "sfb": 0.028041647654208322, "alternate": 0.33330567884846724, "sfR": 0.10644211224955408, "dsfb": 0.0, "oneh-out": 0.00630522254946696, "dsfb-red": 0.01584601982826565, "bad-redirect": 0.0034015016385282285, "redirect": 0.02882980047289169, "oneh-in": 0.001410378728170241}, "mt-quotes": {"unknown": 0.007995063410669249, "sft": 0.0, "sfT": 0.0009129104361649993, "roll-out": 0.24718357418629947, "roll-in": 0.19948213624030312, "dsfb-alt": 0.03722911511935071, "sfb": 0.04286644912205209, "alternate": 0.2620306953060566, "sfR": 0.0964592223377679, "dsfb": 0.0, "oneh-out": 0.026417625894980933, "dsfb-red": 0.03523146986050848, "bad-redirect": 0.003765195252268082, "redirect": 0.035267328862911035, "oneh-in": 0.005159213970667336}, "wordle": {"unknown": 0.0, "sft": 0.0, "sfT": 0.0026029395265342757, "roll-out": 0.17652866599349265, "roll-in": 0.20455514417143497, "dsfb-alt": 0.046000224391338496, "sfb": 0.06222371816447885, "alternate": 0.294019970829126, "sfR": 0.13138112868843263, "dsfb": 0.0, "oneh-out": 0.010097610232245036, "dsfb-red": 0.025625490856052955, "bad-redirect": 0.002939526534275777, "redirect": 0.03565578368674969, "oneh-in": 0.008369796925838663}, "english-1k": {"unknown": 0.0, "sft": 0.0, "sfT": 0.001058574453069866, "roll-out": 0.25017642907551163, "roll-in": 0.20430486944248413, "dsfb-alt": 0.03705010585744531, "sfb": 0.03387438249823571, "alternate": 0.2939308398023994, "sfR": 0.10832745236414962, "dsfb": 0.0, "oneh-out": 0.014467184191954835, "dsfb-red": 0.02081863091037403, "bad-redirect": 0.0028228652081863093, "redirect": 0.030345800988002825, "oneh-in": 0.0028228652081863093}, "english-10k": {"unknown": 0.0, "sft": 0.0, "sfT": 0.0009455626097528029, "roll-out": 0.19399471256826384, "roll-in": 0.23787653653924085, "dsfb-alt": 0.04114162212230563, "sfb": 0.03126145771019471, "alternate": 0.335481754501071, "sfR": 0.10567144593890508, "dsfb": 0.0, "oneh-out": 0.005885644815808263, "dsfb-red": 0.01472376063757936, "bad-redirect": 0.0026244186719669633, "redirect": 0.025838945601204144, "oneh-in": 0.004554138283707377}, "reddit": {"unknown": 0.0451982124573243, "sft": 0.0, "sfT": 0.0009328019624687957, "roll-out": 0.22780815886138453, "roll-in": 0.19212675139158972, "dsfb-alt": 0.03596866837210269, "sfb": 0.043581288299034515, "alternate": 0.2584313547016639, "sfR": 0.10397777127267367, "dsfb": 0.0, "oneh-out": 0.019561010353790886, "dsfb-red": 0.030665073228306493, "bad-redirect": 0.0027774297359795495, "redirect": 0.03402994757647727, "oneh-in": 0.004941531787203686}, "akl": {"unknown": 0.13919885056281323, "sft": 0.0, "sfT": 0.0007847381536498083, "roll-out": 0.19195887133004705, "roll-in": 0.16566837658922076, "dsfb-alt": 0.03126314676071105, "sfb": 0.03983085373190912, "alternate": 0.2140893965027328, "sfR": 0.13064861186637447, "dsfb": 0.0, "oneh-out": 0.018594274314621614, "dsfb-red": 0.02727489502789896, "bad-redirect": 0.002623601447796308, "redirect": 0.03503234089236892, "oneh-in": 0.003032042819855909}, "french": {"unknown": 0.15645133764819266, "sft": 0.0, "sfT": 0.00020369307408940048, "roll-out": 0.16477448295690791, "roll-in": 0.24187709070617688, "dsfb-alt": 0.028297561422653196, "sfb": 0.02614032651987791, "alternate": 0.21440989767359467, "sfR": 0.10898279115633469, "dsfb": 0.0, "oneh-out": 0.005060445500244556, "dsfb-red": 0.012084980043367327, "bad-redirect": 0.005288693807375478, "redirect": 0.0254201195871311, "oneh-in": 0.01100857990405421}, "keymash": {"unknown": 0.012363872207148224, "sft": 0.0, "sfT": 0.0008948619326554823, "roll-out": 0.24175639231075519, "roll-in": 0.20042033881607305, "dsfb-alt": 0.03693973638516828, "sfb": 0.04298210686621814, "alternate": 0.265047431787302, "sfR": 0.099723742164827, "dsfb": 0.0, "oneh-out": 0.023525017137837473, "dsfb-red": 0.03337260326829849, "bad-redirect": 0.0036081818293769215, "redirect": 0.03439471620972608, "oneh-in": 0.004970999084613711}, "movie": {"unknown": 0.030282373430185833, "sft": 0.0, "sfT": 0.0006745705205839417, "roll-out": 0.23032569543864784, "roll-in": 0.17997728358110354, "dsfb-alt": 0.036957936988059735, "sfb": 0.042177107266319416, "alternate": 0.2470407265042916, "sfR": 0.11567713207251198, "dsfb": 0.0, "oneh-out": 0.03710295780617981, "dsfb-red": 0.03214869397699065, "bad-redirect": 0.003782385076594548, "redirect": 0.03889058284551111, "oneh-in": 0.004962554493019985}, "dutch": {"unknown": 0.07358225961645529, "sft": 0.0, "sfT": 0.001681872637640273, "roll-out": 0.12564713581203135, "roll-in": 0.19427120806825493, "dsfb-alt": 0.04685399015219264, "sfb": 0.07320646603088135, "alternate": 0.262965712484233,