{"english-450k": {"sft": 0.0, "roll-out": 0.18677092511785937, "bad-redirect": 0.0016163821455989326, "dsfb-alt": 0.04291934577597745, "roll-in": 0.20054949391949137, "unknown": 0.00015377410175167997, "oneh-out": 0.005336779900146232, "oneh-in": 0.00585306329119845, "sfT": 0.00017043783521146277, "dsfb-red": 0.011198613577376147, "alternate": 0.3722555269511039, "sfb": 0.03036366113333267, "sfR": 0.11369548401129392, "dsfb": 0.0, "redirect": 0.029116512239658398}, "shai": {"sft": 0.0, "roll-out": 0.19593583465985145, "bad-redirect": 0.001311499634788225, "dsfb-alt": 0.0394661289688333, "roll-in": 0.23003429491833902, "unknown": 0.023260762136131256, "oneh-out": 0.014158744971951921, "oneh-in": 0.0056113922232030695, "sfT": 5.071009616262901e-05, "dsfb-red": 0.010345598865258064, "alternate": 0.34052595527107876, "sfb": 0.016580835190871532, "sfR": 0.09823378925716947, "dsfb": 0.0, "redirect": 0.02448445380636128}, "tr-quotes": {"sft": 0.0, "roll-out": 0.1982547791313192, "bad-redirect": 0.0014169806523196412, "dsfb-alt": 0.04129469961397101, "roll-in": 0.22902383208894847, "unknown": 0.013835787429786644, "oneh-out": 0.023880631515683873, "oneh-in": 0.00440928318809089, "sfT": 3.5829037701393865e-05, "dsfb-red": 0.010779917246480664, "alternate": 0.33986500543214443, "sfb": 0.016430503224613393, "sfR": 0.09677191928064538, "dsfb": 0.0, "redirect": 0.024000832158295002}, "gutenberg": {"sft": 0.0, "roll-out": 0.20289133565431275, "bad-redirect": 0.002246909623123108, "dsfb-alt": 0.03991091924954242, "roll-in": 0.241695944120697, "unknown": 0.032975828246008664, "oneh-out": 0.013367227361642007, "oneh-in": 0.004928766088391958, "sfT": 0.00016575718069578613, "dsfb-red": 0.008472749330056834, "alternate": 0.3194754647168318, "sfb": 0.014148654070636427, "sfR": 0.09863878308844841, "dsfb": 0.0, "redirect": 0.021081661269612865}, "english-200": {"sft": 0.0, "roll-out": 0.22939866369710468, "bad-redirect": 0.0, "dsfb-alt": 0.053452115812917596, "roll-in": 0.22271714922049, "unknown": 0.0, "oneh-out": 0.017817371937639197, "oneh-in": 0.0022271714922048997, "sfT": 0.0, "dsfb-red": 0.008908685968819599, "alternate": 0.32516703786191536, "sfb": 0.008908685968819599, "sfR": 0.10690423162583519, "dsfb": 0.0, "redirect": 0.024498886414253896}, "monkeyracer": {"sft": 0.0, "roll-out": 0.19869656849711434, "bad-redirect": 0.0014438040571187263, "dsfb-alt": 0.04138253280573064, "roll-in": 0.22838399518275804, "unknown": 0.013436077701487402, "oneh-out": 0.024430298575159923, "oneh-in": 0.004408636626679388, "sfT": 3.5190891033360966e-05, "dsfb-red": 0.010679457903874126, "alternate": 0.33964488480848337, "sfb": 0.016438056211583278, "sfR": 0.09690789370786869, "dsfb": 0.0, "redirect": 0.024112603031108747}, "chained-bigrams": {"sft": 0.0, "roll-out": 0.1776874234226279, "bad-redirect": 0.004441244093762195, "dsfb-alt": 0.04896017100088371, "roll-in": 0.19907746789350625, "unknown": 0.022916559801936097, "oneh-out": 0.007152740487848587, "oneh-in": 0.008776002218024829, "sfT": 8.8954742813658e-05, "dsfb-red": 0.014014592473649593, "alternate": 0.3471501043107988, "sfb": 0.016949449681808237, "sfR": 0.11914286586209158, "dsfb": 0.0, "redirect": 0.033642424010248625}, "english-5k": {"sft": 0.0, "roll-out": 0.19625005185215913, "bad-redirect": 0.0013274152735719916, "dsfb-alt": 0.03766540838760526, "roll-in": 0.22342058323308583, "unknown": 0.002157049819554486, "oneh-out": 0.006803003277056457, "oneh-in": 0.004314099639108972, "sfT": 0.0, "dsfb-red": 0.0115734019164558, "alternate": 0.36682291450616006, "sfb": 0.01480897664578753, "sfR": 0.10644211224955408, "dsfb": 0.0, "redirect": 0.028414983199900445}, "mt-quotes": {"sft": 0.0, "roll-out": 0.19904136933577174, "bad-redirect": 0.0014119482196005308, "dsfb-alt": 0.04229718745891156, "roll-in": 0.2308901399696394, "unknown": 0.007977133909467972, "oneh-out": 0.025984329615950083, "oneh-in": 0.004288139037305316, "sfT": 1.6435376101170198e-05, "dsfb-red": 0.010750230095265417, "alternate": 0.34118197248419213, "sfb": 0.015794396433224563, "sfR": 0.0964592223377679, "dsfb": 0.0, "redirect": 0.023907495726802213}, "wordle": {"sft": 0.0, "roll-out": 0.198653651969034, "bad-redirect": 0.0010995175586222372, "dsfb-alt": 0.05125098171210591, "roll-in": 0.1869628632334792, "unknown": 0.0, "oneh-out": 0.005879053068551554, "oneh-in": 0.005609783462358353, "sfT": 0.00026926960619320093, "dsfb-red": 0.01498934141142152, "alternate": 0.33566700325367443, "sfb": 0.037585549197800966, "sfR": 0.13138112868843263, "dsfb": 0.0, "redirect": 0.030651856838326042}, "english-1k": {"sft": 0.0, "roll-out": 0.23465067043048696, "bad-redirect": 0.0014114326040931546, "dsfb-alt": 0.03705010585744531, "roll-in": 0.22512350035285816, "unknown": 0.0, "oneh-out": 0.009174311926605505, "oneh-in": 0.004940014114326041, "sfT": 0.0, "dsfb-red": 0.011644318983768526, "alternate": 0.32709950599858856, "sfb": 0.013761467889908258, "sfR": 0.10832745236414962, "dsfb": 0.0, "redirect": 0.026817219477769938}, "english-10k": {"sft": 0.0, "roll-out": 0.19484378919742962, "bad-redirect": 0.0010613457864572277, "dsfb-alt": 0.03880666139209973, "roll-in": 0.22303699272495706, "unknown": 0.0, "oneh-out": 0.0059821307963952835, "oneh-in": 0.006946990602265491, "sfT": 7.718878446961657e-05, "dsfb-red": 0.010536269080102661, "alternate": 0.36784315238995774, "sfb": 0.017078018563902665, "sfR": 0.10567144593890508, "dsfb": 0.0, "redirect": 0.028116014743057832}, "reddit": {"sft": 0.0, "roll-out": 0.1874416905129924, "bad-redirect": 0.0011850027259632501, "dsfb-alt": 0.041192554140476914, "roll-in": 0.21748830439092653, "unknown": 0.039285409944231534, "oneh-out": 0.018520593243019766, "oneh-in": 0.004350229061446452, "sfT": 5.13166561692266e-05, "dsfb-red": 0.010077505006651501, "alternate": 0.33302738118180764, "sfb": 0.019669936511557393, "sfR": 0.10397777127267367, "dsfb": 0.0, "redirect": 0.023732305352083764}, "akl": {"sft": 0.0, "roll-out": 0.16101133947990942, "bad-redirect": 0.001224657010919253, "dsfb-alt": 0.03463121297056215, "roll-in": 0.17833715020490137, "unknown": 0.13277008071454782, "oneh-out": 0.016534475641553276, "oneh-in": 0.004084339597789391, "sfT": 0.0005611343536897703, "dsfb-red": 0.009571132111969022, "alternate": 0.28634166467914596, "sfb": 0.021717982338660038, "sfR": 0.13064861186637447, "dsfb": 0.0, "redirect": 0.022566219029978053}, "french": {"sft": 0.0, "roll-out": 0.18237848759031108, "bad-redirect": 0.002578464269581521, "dsfb-alt": 0.02660597703736634, "roll-in": 0.1946902627024902, "unknown": 0.15807953387545715, "oneh-out": 0.009400699049580642, "oneh-in": 0.006334905542430716, "sfT": 4.988952167679491e-05, "dsfb-red": 0.008456139087671665, "alternate": 0.26557209655381314, "sfb": 0.016252912488100863, "sfR": 0.10898279115633469, "dsfb": 0.0, "redirect": 0.0206178411251852}, "keymash": {"sft": 0.0, "roll-out": 0.20212796525636972, "bad-redirect": 0.0016173192727810092, "dsfb-alt": 0.040576652313300196, "roll-in": 0.2268967583831733, "unknown": 0.01232282349464109, "oneh-out": 0.02279845492646123, "oneh-in": 0.004901216273351586, "sfT": 3.283897000570577e-05, "dsfb-red": 0.011177564415692101, "alternate": 0.33725211708734754, "sfb": 0.015729866632733066, "sfR": 0.099723742164827, "dsfb": 0.0, "redirect": 0.024842680809316415}, "movie": {"sft": 0.0, "roll-out": 0.19289729617764867, "bad-redirect": 0.0012759726429149238, "dsfb-alt": 0.03921786667007066, "roll-in": 0.2025626310303229, "unknown": 0.030236445784519856, "oneh-out": 0.035558920366068336, "oneh-in": 0.0036389434325374867, "sfT": 2.895152448858119e-05, "dsfb-red": 0.01048189944109082, "alternate": 0.33134796060855576, "sfb": 0.015965054983550928, "sfR": 0.11567713207251198, "dsfb": 0.0, "redirect": 0.021110925265719067}, "dutch": {"sft": 0.0, "roll-out": 0.18781791522313313, "bad-redirect": 0.0012583114162246934, "dsfb-alt": 0.03348258448299908, "roll-in": 0.1573221169282154, "unknown": 0.07290361491625476, "oneh-out": 0.0037871809811364818,