{"english-450k": {"sfT": 0.0001432496385139224, "dsfb": 0.0, "roll-out": 0.2190599783312996, "roll-in": 0.2526148905952812, "sfb": 0.021486276392284166, "bad-redirect": 0.02370050651902794, "redirect": 0.050277699656376275, "dsfb-red": 0.01676839339975829, "sft": 0.0, "alternate": 0.248583728829019, "oneh-in": 0.00807518676537054, "dsfb-alt": 0.033097975151742294, "sfR": 0.11369548401129392, "unknown": 0.0, "oneh-out": 0.012496630710032913}, "shai": {"sfT": 5.9495924149895666e-05, "dsfb": 0.0, "roll-out": 0.24210843770793772, "roll-in": 0.2610097919794602, "sfb": 0.011660550904700317, "bad-redirect": 0.026579869910915575, "redirect": 0.04671395325722768, "dsfb-red": 0.011795647524037561, "sft": 0.0, "alternate": 0.21996471812741572, "oneh-in": 0.010219566743342045, "dsfb-alt": 0.028542422622013088, "sfR": 0.09823378925716947, "unknown": 0.03243241182512069, "oneh-out": 0.01067934421651005}, "tr-quotes": {"sfT": 3.35174868819491e-05, "dsfb": 0.0, "roll-out": 0.26283373014955735, "roll-in": 0.24165876886803356, "sfb": 0.008558516908994245, "bad-redirect": 0.026686854210489816, "redirect": 0.04865698897390259, "dsfb-red": 0.012681167795473984, "sft": 0.0, "alternate": 0.216049097339405, "oneh-in": 0.012395691269272554, "dsfb-alt": 0.026520422551489793, "sfR": 0.09677191928064538, "unknown": 0.036640392039018976, "oneh-out": 0.010512933126834793}, "gutenberg": {"sfT": 0.00018413254815577613, "dsfb": 0.0, "roll-out": 0.2590595297497199, "roll-in": 0.2398773510524918, "sfb": 0.010370337534662195, "bad-redirect": 0.023348461754419465, "redirect": 0.052484974821957846, "dsfb-red": 0.019152247686313913, "sft": 0.0, "alternate": 0.20690796365693304, "oneh-in": 0.00904958431887817, "dsfb-alt": 0.02127734946122286, "sfR": 0.09863878308844841, "unknown": 0.045681921252646904, "oneh-out": 0.013967363074149723}, "english-200": {"sfT": 0.0, "dsfb": 0.0, "roll-out": 0.26948775055679286, "roll-in": 0.2583518930957684, "sfb": 0.0, "bad-redirect": 0.015590200445434299, "redirect": 0.066815144766147, "dsfb-red": 0.0200445434298441, "sft": 0.0, "alternate": 0.22494432071269488, "oneh-in": 0.008908685968819599, "dsfb-alt": 0.015590200445434299, "sfR": 0.10690423162583519, "unknown": 0.0, "oneh-out": 0.013363028953229399}, "monkeyracer": {"sfT": 3.323584153150758e-05, "dsfb": 0.0, "roll-out": 0.2633529880976586, "roll-in": 0.24139680466709418, "sfb": 0.008481004739039993, "bad-redirect": 0.026741167086350628, "redirect": 0.048633811408104854, "dsfb-red": 0.012677518494768288, "sft": 0.0, "alternate": 0.21555007272784146, "oneh-in": 0.012468328198069974, "dsfb-alt": 0.02646257253233652, "sfR": 0.09690789370786869, "unknown": 0.03673244756557236, "oneh-out": 0.010562154933762924}, "chained-bigrams": {"sfT": 5.778811759427417e-05, "dsfb": 0.0, "roll-out": 0.21280182116980031, "roll-in": 0.2233393870174124, "sfb": 0.012498466017664984, "bad-redirect": 0.029261565252848988, "redirect": 0.05544347835120761, "dsfb-red": 0.01948238728557524, "sft": 0.0, "alternate": 0.24387819303698635, "oneh-in": 0.008377329137093544, "dsfb-alt": 0.03695647515857644, "sfR": 0.11914286586209158, "unknown": 0.02925312429185207, "oneh-out": 0.009507119301296206}, "english-5k": {"sfT": 0.0, "dsfb": 0.0, "roll-out": 0.20865308831459742, "roll-in": 0.3041025428298834, "sfb": 0.013523043099514664, "bad-redirect": 0.022524577923424733, "redirect": 0.04467582030115734, "dsfb-red": 0.012195627825942672, "sft": 0.0, "alternate": 0.23773177915128385, "oneh-in": 0.01086821255237068, "dsfb-alt": 0.029576471564275935, "sfR": 0.10644211224955408, "unknown": 0.0, "oneh-out": 0.009706724187995189}, "mt-quotes": {"sfT": 1.6435376101170198e-05, "dsfb": 0.0, "roll-out": 0.26916364853396446, "roll-in": 0.24032404585171108, "sfb": 0.00735856611802393, "bad-redirect": 0.027060099688026678, "redirect": 0.049198551296302934, "dsfb-red": 0.012622368845698713, "sft": 0.0, "alternate": 0.21550214556364375, "oneh-in": 0.01257007446719499, "dsfb-alt": 0.026054553495655084, "sfR": 0.0964592223377679, "unknown": 0.03321738922556508, "oneh-out": 0.010452899200344246}, "wordle": {"sfT": 0.00026926960619320093, "dsfb": 0.0, "roll-out": 0.23830360148098284, "roll-in": 0.2208908336138225, "sfb": 0.02591719959609559, "bad-redirect": 0.022394255581734544, "redirect": 0.051408055649051945, "dsfb-red": 0.021160103220015707, "sft": 0.0, "alternate": 0.22602939526534277, "oneh-in": 0.008975653539773365, "dsfb-alt": 0.03785481880399417, "sfR": 0.13138112868843263, "unknown": 0.0, "oneh-out": 0.015415684954560754}, "english-1k": {"sfT": 0.0, "dsfb": 0.0, "roll-out": 0.24311926605504589, "roll-in": 0.27875793930839804, "sfb": 0.01305575158786168, "bad-redirect": 0.02646436132674665, "redirect": 0.048341566690190546, "dsfb-red": 0.014820042342978124, "sft": 0.0, "alternate": 0.21418489767113622, "oneh-in": 0.01305575158786168, "dsfb-alt": 0.02399435426958363, "sfR": 0.10832745236414962, "unknown": 0.0, "oneh-out": 0.01587861679604799}, "english-10k": {"sfT": 7.718878446961657e-05, "dsfb": 0.0, "roll-out": 0.21728642828197062, "roll-in": 0.2980837884255418, "sfb": 0.013623820458887324, "bad-redirect": 0.024623222245807683, "redirect": 0.04305204453792864, "dsfb-red": 0.010941510198568148, "sft": 0.0, "alternate": 0.2344416356303429, "oneh-in": 0.009339842920823604, "dsfb-alt": 0.031029891356785858, "sfR": 0.10567144593890508, "unknown": 0.0, "oneh-out": 0.011829181219968739}, "reddit": {"sfT": 7.959700318219454e-05, "dsfb": 0.0, "roll-out": 0.24930478104550008, "roll-in": 0.2333002022513029, "sfb": 0.011202051467609544, "bad-redirect": 0.023845089623416277, "redirect": 0.04523128735323483, "dsfb-red": 0.010935691801901974, "sft": 0.0, "alternate": 0.21456737530473946, "oneh-in": 0.01159295703241396, "dsfb-alt": 0.027666420009600335, "sfR": 0.10397777127267367, "unknown": 0.058849679092976226, "oneh-out": 0.00944709674144852}, "akl": {"sfT": 0.00015837573013744122, "dsfb": 0.0, "roll-out": 0.22303950303326583, "roll-in": 0.19896088225708294, "sfb": 0.019113356329357574, "bad-redirect": 0.01826356305910061, "redirect": 0.03785093473677126, "dsfb-red": 0.009926798045717613, "sft": 0.0, "alternate": 0.18525433993356571, "oneh-in": 0.010693178450928714, "dsfb-alt": 0.025047504689070514, "sfR": 0.13064861186637447, "unknown": 0.13303823232128442, "oneh-out": 0.008004719547342892}, "french": {"sfT": 0.0002199184050131149, "dsfb": 0.0, "roll-out": 0.19367653159295908, "roll-in": 0.2084930753119185, "sfb": 0.025390036055741607, "bad-redirect": 0.03171118827057494, "redirect": 0.038259779773268755, "dsfb-red": 0.015338735694348205, "sft": 0.0, "alternate": 0.16065372832111138, "oneh-in": 0.008612444607087282, "dsfb-alt": 0.01988290704534881, "sfR": 0.10898279115633469, "unknown": 0.1619177460219736, "oneh-out": 0.026861117744320036}, "keymash": {"sfT": 7.388768251283799e-05, "dsfb": 0.0, "roll-out": 0.25965773583511553, "roll-in": 0.24210120149581507, "sfb": 0.009322162610369725, "bad-redirect": 0.02677197029715163, "redirect": 0.04921740629605152, "dsfb-red": 0.013595333582362189, "sft": 0.0, "alternate": 0.21514040712113064, "oneh-in": 0.012121684803356143, "dsfb-alt": 0.026513363408356697, "sfR": 0.099723742164827, "unknown": 0.0343988210809768, "oneh-out": 0.011362283621974197}, "movie": {"sfT": 4.316409105570286e-05, "dsfb": 0.0, "roll-out": 0.25932788509508403, "roll-in": 0.19927926495764062, "sfb": 0.00796706474574179, "bad-redirect": 0.024467064943138547, "redirect": 0.04602002734866281, "dsfb-red": 0.014249940353279662, "sft": 0.0, "alternate": 0.20486809356448407, "oneh-in": 0.014668158284301075, "dsfb-alt": 0.030307771813032635, "sfR": 0.11567713207251198, "unknown": 0.07399193752682129, "oneh-out": 0.009132495204245767}, "dutch": {"sfT": 6.318811888360437e-05, "dsfb": 0.0, "roll-out": 0.1607634487501501, "roll-in": 0.24647732513001888, "sfb": 0.02469913113467608, "bad-redirect": 0.014307608297783441, "redirect": 0.035422122633794115, "dsfb-red": 0.01399329940564079, "sft": 0.0, "alternate": 0.1925514297316022,