{"english-450k": {"dsfb-red": 0.01441442178891318, "alternate": 0.3179972414212469, "sfT": 0.0001432496385139224, "bad-redirect": 0.0027112186685267683, "oneh-in": 0.011472249621557842, "dsfb-alt": 0.036016759623013726, "roll-in": 0.24088508397059932, "redirect": 0.03242002431151008, "dsfb": 0.0, "unknown": 0.0, "oneh-out": 0.005777637971327854, "roll-out": 0.20245939165094332, "sfb": 0.022007237322553164, "sfR": 0.11369548401129392, "sft": 0.0}, "shai": {"dsfb-red": 0.010226974705794745, "alternate": 0.2970648987052089, "sfT": 5.830770864677194e-05, "bad-redirect": 0.003656847387923024, "oneh-in": 0.00954216779429737, "dsfb-alt": 0.033384393056424676, "roll-in": 0.23471049961404283, "redirect": 0.026290866485448965, "dsfb": 0.0, "unknown": 0.015933861525442673, "oneh-out": 0.008001764441966007, "roll-out": 0.25088772470432397, "sfb": 0.012007904613310553, "sfR": 0.09823378925716947, "sft": 0.0}, "tr-quotes": {"dsfb-red": 0.011844386398834979, "alternate": 0.2899204826518111, "sfT": 3.236171147222672e-05, "bad-redirect": 0.0032327038209935045, "oneh-in": 0.009509720071195766, "dsfb-alt": 0.031215182265782113, "roll-in": 0.21766255981137744, "redirect": 0.028992626152885972, "dsfb": 0.0, "unknown": 0.010677053235015372, "oneh-out": 0.010220521948175031, "roll-out": 0.28153186472804603, "sfb": 0.008388617923765053, "sfR": 0.09677191928064538, "sft": 0.0}, "gutenberg": {"dsfb-red": 0.018339563908959716, "alternate": 0.27208671809496315, "sfT": 0.00018185930682051963, "bad-redirect": 0.0032605858218695666, "oneh-in": 0.0068782599701523416, "dsfb-alt": 0.025528310758152508, "roll-in": 0.2118198698720885, "redirect": 0.026751693470076377, "dsfb": 0.0, "unknown": 0.03071490030131814, "oneh-out": 0.012669910582052078, "roll-out": 0.28329777605011436, "sfb": 0.009831768774984343, "sfR": 0.09863878308844841, "sft": 0.0}, "english-200": {"dsfb-red": 0.015590200445434299, "alternate": 0.30066815144766146, "sfT": 0.0, "bad-redirect": 0.0022271714922048997, "oneh-in": 0.0066815144766146995, "dsfb-alt": 0.024498886414253896, "roll-in": 0.21603563474387527, "redirect": 0.035634743875278395, "dsfb": 0.0, "unknown": 0.0, "oneh-out": 0.0066815144766146995, "roll-out": 0.28507795100222716, "sfb": 0.0, "sfR": 0.10690423162583519, "sft": 0.0}, "monkeyracer": {"dsfb-red": 0.011850532555484305, "alternate": 0.2896014827095422, "sfT": 3.225831678058088e-05, "bad-redirect": 0.0031965059355302874, "oneh-in": 0.00959636047984735, "dsfb-alt": 0.031119500445751288, "roll-in": 0.2175911444077764, "redirect": 0.029053990647043185, "dsfb": 0.0, "unknown": 0.010282582854997889, "oneh-out": 0.01032363889453681, "roll-out": 0.282163496879741, "sfb": 0.00828061216510002, "sfR": 0.09690789370786869, "sft": 0.0}, "chained-bigrams": {"dsfb-red": 0.016837119970080038, "alternate": 0.3039836790772601, "sfT": 5.648950821013318e-05, "bad-redirect": 0.005685961188461337, "oneh-in": 0.008744835592805445, "dsfb-alt": 0.04300344975582897, "roll-in": 0.20501081416964642, "redirect": 0.036485729256825326, "dsfb": 0.0, "unknown": 0.016831276227851404, "oneh-out": 0.007468302568194848, "roll-out": 0.22371468512942916, "sfb": 0.013034791693315213, "sfR": 0.11914286586209158, "sft": 0.0}, "english-5k": {"dsfb-red": 0.010038578006388186, "alternate": 0.31940930020326047, "sfT": 0.0, "bad-redirect": 0.0017007508192641142, "oneh-in": 0.014062305554403286, "dsfb-alt": 0.03442983365827353, "roll-in": 0.2767246028124611, "redirect": 0.026133488198448584, "dsfb": 0.0, "unknown": 0.0, "oneh-out": 0.004148172729912474, "roll-out": 0.1940100385780064, "sfb": 0.012900817190027792, "sfR": 0.10644211224955408, "sft": 0.0}, "mt-quotes": {"dsfb-red": 0.011961965551451691, "alternate": 0.2885857807102473, "sfT": 1.6435376101170198e-05, "bad-redirect": 0.0032661574688325505, "oneh-in": 0.009263575620659567, "dsfb-alt": 0.030855177442296888, "roll-in": 0.2162611611144978, "redirect": 0.029507476602000933, "dsfb": 0.0, "unknown": 0.006119936410035739, "oneh-out": 0.01050071120354765, "roll-out": 0.29006795280955283, "sfb": 0.007134447353007973, "sfR": 0.0964592223377679, "sft": 0.0}, "wordle": {"dsfb-red": 0.019813755189049702, "alternate": 0.29545607539548974, "sfT": 0.00026926960619320093, "bad-redirect": 0.005520026926960619, "oneh-in": 0.007988331650398294, "dsfb-alt": 0.04424997195108269, "roll-in": 0.199326825984517, "redirect": 0.03278357455402221, "dsfb": 0.0, "unknown": 0.0, "oneh-out": 0.012610793223381577, "roll-out": 0.22273084258947604, "sfb": 0.027869404240996296, "sfR": 0.13138112868843263, "sft": 0.0}, "english-1k": {"dsfb-red": 0.016231474947071278, "alternate": 0.30592801693719124, "sfT": 0.0, "bad-redirect": 0.00035285815102328866, "oneh-in": 0.012350035285815103, "dsfb-alt": 0.028228652081863093, "roll-in": 0.25335215243472126, "redirect": 0.026817219477769938, "dsfb": 0.0, "unknown": 0.0, "oneh-out": 0.008115737473535639, "roll-out": 0.23076923076923078, "sfb": 0.009527170077628794, "sfR": 0.10832745236414962, "sft": 0.0}, "english-10k": {"dsfb-red": 0.00922405974411918, "alternate": 0.3149688350282704, "sfT": 7.718878446961657e-05, "bad-redirect": 0.004129599969124486, "oneh-in": 0.012330908319021247, "dsfb-alt": 0.035410354875436596, "roll-in": 0.27407807645549104, "redirect": 0.026070511954612994, "dsfb": 0.0, "unknown": 0.0, "oneh-out": 0.0061172111692171125, "roll-out": 0.19878041720538006, "sfb": 0.01314139055595222, "sfR": 0.10567144593890508, "sft": 0.0}, "reddit": {"dsfb-red": 0.009918311000287111, "alternate": 0.28263805819271354, "sfT": 7.77990473456085e-05, "bad-redirect": 0.003381805098965295, "oneh-in": 0.0099567797637074, "dsfb-alt": 0.033921133790950554, "roll-in": 0.21219044023135947, "redirect": 0.02795525412326523, "dsfb": 0.0, "unknown": 0.035133705173074785, "oneh-out": 0.008173844349839504, "roll-out": 0.2605769527907365, "sfb": 0.012098145165081375, "sfR": 0.10397777127267367, "sft": 0.0}, "akl": {"dsfb-red": 0.008569387088148053, "alternate": 0.23642645252225458, "sfT": 0.00016628216284321053, "bad-redirect": 0.0033666084613209776, "oneh-in": 0.009687751994379119, "dsfb-alt": 0.030539782290939774, "roll-in": 0.17882107330169889, "redirect": 0.025199530565441136, "dsfb": 0.0, "unknown": 0.1250039130664993, "oneh-out": 0.006073548651356535, "roll-out": 0.2252749727580155, "sfb": 0.020222085270728486, "sfR": 0.13064861186637447, "sft": 0.0}, "french": {"dsfb-red": 0.011060387101038701, "alternate": 0.21366900082209841, "sfT": 7.543355604884756e-05, "bad-redirect": 0.0034786180626466467, "oneh-in": 0.0076068336539371825, "dsfb-alt": 0.027519299866333537, "roll-in": 0.19761717456821556, "redirect": 0.02252682696664382, "dsfb": 0.0, "unknown": 0.15002475823695105, "oneh-out": 0.012897804700740551, "roll-out": 0.198536520096196, "sfb": 0.04600455121281502, "sfR": 0.10898279115633469, "sft": 0.0}, "keymash": {"dsfb-red": 0.013004232122259485, "alternate": 0.2901610340991655, "sfT": 6.157306876069832e-05, "bad-redirect": 0.003222323931809879, "oneh-in": 0.009453518490392549, "dsfb-alt": 0.03069622721283347, "roll-in": 0.21754996654529932, "redirect": 0.028426233411189057, "dsfb": 0.0, "unknown": 0.009638237696674644, "oneh-out": 0.010537204500580839, "roll-out": 0.2784087877083735, "sfb": 0.009116919047834064, "sfR": 0.099723742164827, "sft": 0.0}, "movie": {"dsfb-red": 0.013981349164728778, "alternate": 0.2785776221297031, "sfT": 4.395367808720962e-05, "bad-redirect": 0.0027101258878083683, "oneh-in": 0.010987235141255146, "dsfb-alt": 0.03665763072041, "roll-in": 0.18270543837279798, "redirect": 0.029418170424201685, "dsfb": 0.0, "unknown": 0.024698413943370027, "oneh-out": 0.010742857955003803, "roll-out": 0.2854114978873941, "sfb": 0.008388572622727816, "sfR": 0.11567713207251198, "sft": 0.0}, "dutch": {"dsfb-red": 0.013205653407286622, "alternate": 0.24983558358226357, "sfT": 6.10722851638923e-05, "bad-redirect": 0.002945455707370012, "oneh-in": 0.007709667735569126, "dsfb-alt": 0.023647059713740606, "roll-in": 0.21906433242631007, "redirect": 0.022483835299343315, "dsfb": 0.0,