{"akl": {"sfT": 0.00010157295266692993, "dsfb-red": 0.024751804105874745, "oneh-out": 0.0061234085926072926, "alternate": 0.19973549029382848, "oneh-in": 0.015332253133436642, "roll-out": 0.19483004295194276, "roll-in": 0.1959258992325646, "bad-redirect": 0.002876162557541226, "unknown": 0.13295000147380848, "dsfb-alt": 0.03812491733762837, "sfR": 0.13064861186637447, "sft": 0.0, "sfb": 0.02211888789204695, "redirect": 0.036480947609679085, "dsfb": 0.0}, "monkeyracer": {"sfT": 2.9325742527800804e-06, "dsfb-red": 0.02634429203747439, "oneh-out": 0.010739086913680654, "alternate": 0.24902540782332608, "oneh-in": 0.022334485509173094, "roll-out": 0.2368278539812628, "roll-in": 0.238998936453071, "bad-redirect": 0.00218770039257394, "unknown": 0.014352018393105714, "dsfb-alt": 0.042867392902388286, "sfR": 0.09690789370786869, "sft": 0.0, "sfb": 0.01873719442576286, "redirect": 0.040674804886059714, "dsfb": 0.0}}