{"english-450k": {"roll-in": 0.2247589751745453, "oneh-in": 0.014031448265539224, "sfT": 0.00023241522983381287, "alternate": 0.24801453077557692, "dsfb": 0.0, "unknown": 0.00015377410175167997, "sfb": 0.04460004408580712, "sft": 0.0, "bad-redirect": 0.017049338098966204, "redirect": 0.04738113349638456, "oneh-out": 0.009122078511326369, "dsfb-alt": 0.038224558133334426, "sfR": 0.11369548401129392, "dsfb-red": 0.027282916866680194, "roll-out": 0.21545330324896028}, "shai": {"roll-in": 0.21450700435622252, "oneh-in": 0.02133123175295769, "sfT": 0.00017638614046859195, "alternate": 0.2511233861556406, "dsfb": 0.0, "unknown": 0.024052709704167625, "sfb": 0.03816812544954798, "sft": 0.0, "bad-redirect": 0.013078479040807422, "redirect": 0.07600815247429042, "oneh-out": 0.00901928330556444, "dsfb-alt": 0.030478954574714837, "sfR": 0.09823378925716947, "dsfb-red": 0.021461776771540295, "roll-out": 0.2023607210169081}, "tr-quotes": {"roll-in": 0.22824830678902475, "oneh-in": 0.027618409190726056, "sfT": 0.00018492406555558125, "alternate": 0.23010101477080974, "dsfb": 0.0, "unknown": 0.013890108874043596, "sfb": 0.03840179376343589, "sft": 0.0, "bad-redirect": 0.013248653521647674, "redirect": 0.086357227063637, "oneh-out": 0.009362936594161023, "dsfb-alt": 0.030726289267469547, "sfR": 0.09677191928064538, "dsfb-red": 0.019293358914495736, "roll-out": 0.20579505790434802}, "gutenberg": {"roll-in": 0.2193268705082172, "oneh-in": 0.029695919872789415, "sfT": 0.00015969520380176882, "alternate": 0.24225061500649958, "dsfb": 0.0, "unknown": 0.03296484091288825, "sfb": 0.03670583840360869, "sft": 0.0, "bad-redirect": 0.013820928444803617, "redirect": 0.09473600658936888, "oneh-out": 0.008076258153832514, "dsfb-alt": 0.026482693245404358, "sfR": 0.09863878308844841, "dsfb-red": 0.015962511219393172, "roll-out": 0.18117903935094412}, "english-200": {"roll-in": 0.23385300668151449, "oneh-in": 0.035634743875278395, "sfT": 0.0, "alternate": 0.2383073496659243, "dsfb": 0.0, "unknown": 0.0, "sfb": 0.0334075723830735, "sft": 0.0, "bad-redirect": 0.013363028953229399, "redirect": 0.0801781737193764, "oneh-out": 0.004454342984409799, "dsfb-alt": 0.024498886414253896, "sfR": 0.10690423162583519, "dsfb-red": 0.011135857461024499, "roll-out": 0.2182628062360802}, "monkeyracer": {"roll-in": 0.22884734191469727, "oneh-in": 0.027670793124481913, "sfT": 0.00019061732643070521, "alternate": 0.23012692181366032, "dsfb": 0.0, "unknown": 0.013484953939033737, "sfb": 0.038203622315717035, "sft": 0.0, "bad-redirect": 0.013248392949309476, "redirect": 0.08620693025947417, "oneh-out": 0.009411608301922204, "dsfb-alt": 0.030542760842704537, "sfR": 0.09690789370786869, "dsfb-red": 0.019164372741917825, "roll-out": 0.20599379076278213}, "chained-bigrams": {"roll-in": 0.21927149312159075, "oneh-in": 0.01934927982370079, "sfT": 0.0001045380554233499, "alternate": 0.22821566525486184, "dsfb": 0.0, "unknown": 0.023120441475246233, "sfb": 0.037176589449188335, "sft": 0.0, "bad-redirect": 0.014505466820854887, "redirect": 0.07479730330775289, "oneh-out": 0.00852991573973011, "dsfb-alt": 0.03906217027496106, "sfR": 0.11914286586209158, "dsfb-red": 0.026021534839417212, "roll-out": 0.19070273597518098}, "english-5k": {"roll-in": 0.21910648359397686, "oneh-in": 0.01261044509893392, "sfT": 0.00012444518189737422, "alternate": 0.27593644999377775, "dsfb": 0.0, "unknown": 0.002157049819554486, "sfb": 0.042809142572696725, "sft": 0.0, "bad-redirect": 0.015804538100966523, "redirect": 0.048409175758078564, "oneh-out": 0.008005973368731075, "dsfb-alt": 0.0316920396565313, "sfR": 0.10644211224955408, "dsfb-red": 0.02372754801509935, "roll-out": 0.21317459659020202}, "mt-quotes": {"roll-in": 0.23259344258376066, "oneh-in": 0.029292322587585615, "sfT": 0.00018228326221297856, "alternate": 0.22839943342776203, "dsfb": 0.0, "unknown": 0.00799058103536893, "sfb": 0.0370393612316372, "sft": 0.0, "bad-redirect": 0.013066124000430309, "redirect": 0.0893202926094596, "oneh-out": 0.009321846499563715, "dsfb-alt": 0.031077802082212738, "sfR": 0.0964592223377679, "dsfb-red": 0.018846894012741897, "roll-out": 0.20641039432949643}, "wordle": {"roll-in": 0.21480982834062606, "oneh-in": 0.017839111410299563, "sfT": 0.0008302479524290362, "alternate": 0.24155727588915069, "dsfb": 0.0, "unknown": 0.0, "sfb": 0.053674408167844724, "sft": 0.0, "bad-redirect": 0.016806911253225625, "redirect": 0.04867048131942107, "oneh-out": 0.009850779759901267, "dsfb-alt": 0.043688993604846856, "sfR": 0.13138112868843263, "dsfb-red": 0.02652305621003029, "roll-out": 0.1943677774037922}, "english-1k": {"roll-in": 0.21594918842625266, "oneh-in": 0.017290049400141144, "sfT": 0.0, "alternate": 0.29075511644318985, "dsfb": 0.0, "unknown": 0.0, "sfb": 0.04269583627381793, "sft": 0.0, "bad-redirect": 0.01587861679604799, "redirect": 0.05963302752293578, "oneh-out": 0.008468595624558928, "dsfb-alt": 0.02893436838390967, "sfR": 0.10832745236414962, "dsfb-red": 0.016231474947071278, "roll-out": 0.1958362738179252}, "english-10k": {"roll-in": 0.2222651048802609, "oneh-in": 0.0125817718685475, "sfT": 0.0001929719611740414, "alternate": 0.2708168503116497, "dsfb": 0.0, "unknown": 0.0, "sfb": 0.047799154782810056, "sft": 0.0, "bad-redirect": 0.015823700816271397, "redirect": 0.04561857162154339, "oneh-out": 0.008548657880010035, "dsfb-alt": 0.03346133806757878, "sfR": 0.10567144593890508, "dsfb-red": 0.02666872503425252, "roll-out": 0.2105517068369966}, "reddit": {"roll-in": 0.21825595661832226, "oneh-in": 0.02915123187131431, "sfT": 0.00026347544488637947, "alternate": 0.22271855791955533, "dsfb": 0.0, "unknown": 0.04413374768723884, "sfb": 0.03797174100371259, "sft": 0.0, "bad-redirect": 0.01108447264737947, "redirect": 0.07923673778143861, "oneh-out": 0.00931858035654588, "dsfb-alt": 0.030834530565904728, "sfR": 0.10397777127267367, "dsfb-red": 0.01941882201304754, "roll-out": 0.19363437481798038}, "akl": {"roll-in": 0.19407216196189034, "oneh-in": 0.026774442545225968, "sfT": 0.00023998494022230368, "alternate": 0.18868029605538436, "dsfb": 0.0, "unknown": 0.1386736163551281, "sfb": 0.03756212757459083, "sft": 0.0, "bad-redirect": 0.009761553602167034, "redirect": 0.06244285594877402, "oneh-out": 0.008532671591270637, "dsfb-alt": 0.02875863595554539, "sfR": 0.13064861186637447, "dsfb-red": 0.0169202354347882, "roll-out": 0.15693280616863833}, "french": {"roll-in": 0.17315857438399587, "oneh-in": 0.011828251261549443, "sfT": 8.44076772153341e-05, "alternate": 0.23524908047843543, "dsfb": 0.0, "unknown": 0.15841440792606368, "sfb": 0.06475170007534217, "sft": 0.0, "bad-redirect": 0.00987788558259193, "redirect": 0.023774289736138814, "oneh-out": 0.006077038140898886, "dsfb-alt": 0.030482737453935153, "sfR": 0.10898279115633469, "dsfb-red": 0.019055205422502598, "roll-out": 0.15826363070499602}, "keymash": {"roll-in": 0.23072660326008876, "oneh-in": 0.02655441212086383, "sfT": 0.00019703382003423463, "alternate": 0.23354254493807802, "dsfb": 0.0, "unknown": 0.012376186820900362, "sfb": 0.03943139323435121, "sft": 0.0, "bad-redirect": 0.013246419526051566, "redirect": 0.08521302229355576, "oneh-out": 0.009223645700352608, "dsfb-alt": 0.029415507382610943, "sfR": 0.099723742164827, "dsfb-red": 0.019539187153394935, "roll-out": 0.2008103015848908}, "movie": {"roll-in": 0.23462657599926515, "oneh-in": 0.03393579262496761, "sfT": 0.0002313490002314806, "alternate": 0.20585033983167847, "dsfb": 0.0, "unknown": 0.030144722091026487, "sfb": 0.03777213281538179, "sft": 0.0, "bad-redirect": 0.013004366811077748, "redirect": 0.07395759049095074, "oneh-out": 0.0101738289009646, "dsfb-alt": 0.03199854084316577, "sfR": 0.11567713207251198, "dsfb-red": 0.020485703934604298, "roll-out": 0.19214192458417387}, "dutch": {"roll-in": 0.1658185161916327, "oneh-in": 0.03165914822487468, "sfT": 7.663621455974037e-05, "alternate": 0.2071389915197743, "dsfb": 0.0, "unknown": 0.07358430372699806, "sfb": 0.03175669174551225, "sft": 0.0, "bad-redirect": 0.014287615462211587,