{"english-450k": {"dsfb-red": 0.014091086890553182, "roll-out": 0.19165544544498309, "sfb": 0.027848022073307565, "sfT": 0.00013418690628140895, "oneh-out": 0.005940182459110999, "oneh-in": 0.0015605440211986078, "redirect": 0.0338896486641825, "alternate": 0.3593943405283631, "roll-in": 0.1971167648267761, "dsfb-alt": 0.05342451416446579, "sfR": 0.11369548401129392, "unknown": 0.00015377410175167997, "dsfb": 0.0, "bad-redirect": 0.0010960059077320308, "sft": 0.0}, "shai": {"dsfb-red": 0.012618105524683454, "roll-out": 0.2300673404687158, "sfb": 0.017551456310980224, "sfT": 4.1231464999273914e-05, "oneh-out": 0.013920861905981267, "oneh-in": 0.0007830843318730023, "redirect": 0.030035057388873597, "alternate": 0.3271439394197421, "roll-in": 0.19054459128947468, "dsfb-alt": 0.05417213039376301, "sfR": 0.09823378925716947, "unknown": 0.024097749651430984, "dsfb": 0.0, "bad-redirect": 0.0007906625923131205, "sft": 0.0}, "tr-quotes": {"dsfb-red": 0.012066295277501676, "roll-out": 0.24121032800906128, "sfb": 0.019191650678440166, "sfT": 2.195973278472527e-05, "oneh-out": 0.02261274589121842, "oneh-in": 0.0006969325720625968, "redirect": 0.027981322669378885, "alternate": 0.32442615750907283, "roll-in": 0.1791902637479485, "dsfb-alt": 0.06108273040382793, "sfR": 0.09677191928064538, "unknown": 0.013894731975682485, "dsfb": 0.0, "bad-redirect": 0.0008529622523751185, "sft": 0.0}, "gutenberg": {"dsfb-red": 0.009667148214956185, "roll-out": 0.24668476166769532, "sfb": 0.014810546172751944, "sfT": 0.0001725769047015556, "oneh-out": 0.014101484312929857, "oneh-in": 0.0012955581243182645, "redirect": 0.02614890564267753, "alternate": 0.3113660551268601, "roll-in": 0.19024662016372643, "dsfb-alt": 0.05315084509641006, "sfR": 0.09863878308844841, "unknown": 0.03298207965968062, "dsfb": 0.0, "bad-redirect": 0.0007346358248437241, "sft": 0.0}, "english-200": {"dsfb-red": 0.011135857461024499, "roll-out": 0.24721603563474387, "sfb": 0.017817371937639197, "sfT": 0.0, "oneh-out": 0.013363028953229399, "oneh-in": 0.0, "redirect": 0.028953229398663696, "alternate": 0.31403118040089084, "roll-in": 0.19376391982182628, "dsfb-alt": 0.066815144766147, "sfR": 0.10690423162583519, "unknown": 0.0, "dsfb": 0.0, "bad-redirect": 0.0, "sft": 0.0}, "monkeyracer": {"dsfb-red": 0.012018666812643696, "roll-out": 0.24200189248791779, "sfb": 0.019069552841077936, "sfT": 2.052801976946056e-05, "oneh-out": 0.02311943788416723, "oneh-in": 0.0007038178206672193, "redirect": 0.028007061638800696, "alternate": 0.3240494549321989, "roll-in": 0.17851165991522905, "dsfb-alt": 0.06121651000203325, "sfR": 0.09690789370786869, "unknown": 0.013491796612290222, "dsfb": 0.0, "bad-redirect": 0.0008817273253358775, "sft": 0.0}, "chained-bigrams": {"dsfb-red": 0.020071955945975252, "roll-out": 0.2149302419504074, "sfb": 0.01870581887385893, "sfT": 4.999646128942822e-05, "oneh-out": 0.008128645440030544, "oneh-in": 0.004052310583211967, "redirect": 0.037265544192001995, "alternate": 0.32268495281827453, "roll-in": 0.16412799353811972, "dsfb-alt": 0.06593819008914305, "sfR": 0.11914286586209158, "unknown": 0.023159399756770463, "dsfb": 0.0, "bad-redirect": 0.0017420844888251417, "sft": 0.0}, "english-5k": {"dsfb-red": 0.015057867009582279, "roll-out": 0.197867839216825, "sfb": 0.016800099556145517, "sfT": 0.0, "oneh-out": 0.007010411913552081, "oneh-in": 0.0009540797278798689, "redirect": 0.03368316256688929, "alternate": 0.3515576388600821, "roll-in": 0.21923092877587422, "dsfb-alt": 0.04861658439457419, "sfR": 0.10644211224955408, "unknown": 0.002157049819554486, "dsfb": 0.0, "bad-redirect": 0.000622225909486871, "sft": 0.0}, "mt-quotes": {"dsfb-red": 0.011929094799249352, "roll-out": 0.2462348047477319, "sfb": 0.018440491985512963, "sfT": 1.1953000800851053e-05, "oneh-out": 0.024457333763641363, "oneh-in": 0.0006604032942470207, "redirect": 0.027710044106572955, "alternate": 0.3244776538650028, "roll-in": 0.17764101552694805, "dsfb-alt": 0.06312977372969485, "sfR": 0.0964592223377679, "unknown": 0.007995063410669249, "dsfb": 0.0, "bad-redirect": 0.000853145432160744, "sft": 0.0}, "wordle": {"dsfb-red": 0.01386738471894985, "roll-out": 0.20498148771457422, "sfb": 0.027645012902501962, "sfT": 0.0001795130707954673, "oneh-out": 0.008257601256591496, "oneh-in": 0.00282733086502861, "redirect": 0.03677774037922136, "alternate": 0.3306181981375519, "roll-in": 0.18135307977112083, "dsfb-alt": 0.060226635251879275, "sfR": 0.13138112868843263, "unknown": 0.0, "dsfb": 0.0, "bad-redirect": 0.0018848872433524066, "sft": 0.0}, "english-1k": {"dsfb-red": 0.014467184191954835, "roll-out": 0.22265349329569514, "sfb": 0.015172900494001412, "sfT": 0.0, "oneh-out": 0.009527170077628794, "oneh-in": 0.0017642907551164433, "redirect": 0.03140437544107269, "alternate": 0.3228652081863091, "roll-in": 0.22512350035285816, "dsfb-alt": 0.048341566690190546, "sfR": 0.10832745236414962, "unknown": 0.0, "dsfb": 0.0, "bad-redirect": 0.00035285815102328866, "sft": 0.0}, "english-10k": {"dsfb-red": 0.014125547557939832, "roll-out": 0.20005403214912873, "sfb": 0.01646050828814573, "sfT": 5.789158835221242e-05, "oneh-out": 0.006580343876034812, "oneh-in": 0.0010034541981050154, "redirect": 0.03531386889484958, "alternate": 0.35344744408637424, "roll-in": 0.21522162829740837, "dsfb-alt": 0.05131124447617761, "sfR": 0.10567144593890508, "unknown": 0.0, "dsfb": 0.0, "bad-redirect": 0.0007525906485787615, "sft": 0.0}, "reddit": {"dsfb-red": 0.012095186029433661, "roll-out": 0.22830881464704722, "sfb": 0.019482836732312655, "sfT": 0.00010278314199150203, "oneh-out": 0.01676039447900203, "oneh-in": 0.0006984309276871527, "redirect": 0.027737851296691367, "alternate": 0.3144694054403522, "roll-in": 0.1731232197193803, "dsfb-alt": 0.0573913870798519, "sfR": 0.10397777127267367, "unknown": 0.04519937363713543, "dsfb": 0.0, "bad-redirect": 0.0006525455964409465, "sft": 0.0}, "akl": {"dsfb-red": 0.009860853455431057, "roll-out": 0.18841382456559774, "sfb": 0.020445170211042207, "sfT": 0.0001842940048510412, "oneh-out": 0.014444780769816245, "oneh-in": 0.0008262222177528915, "redirect": 0.024666562878265668, "alternate": 0.2674870463600847, "roll-in": 0.15487550296339275, "dsfb-alt": 0.04827195894940607, "sfR": 0.13064861186637447, "unknown": 0.13920166722946467, "dsfb": 0.0, "bad-redirect": 0.0006735045285205164, "sft": 0.0}, "french": {"dsfb-red": 0.009856131953320248, "roll-out": 0.1829426886404091, "sfb": 0.02278046948976338, "sfT": 6.795761871649901e-05, "oneh-out": 0.013012490673243813, "oneh-in": 0.0016291700467566694, "redirect": 0.02757808859998511, "alternate": 0.25262149585475757, "roll-in": 0.18700404028718207, "dsfb-alt": 0.03171860428055392, "sfR": 0.10898279115633469, "unknown": 0.15842537463172957, "dsfb": 0.0, "bad-redirect": 0.0033806967672473883, "sft": 0.0}, "keymash": {"dsfb-red": 0.012376186820900362, "roll-out": 0.24070144039932187, "sfb": 0.017728938931830404, "sfT": 3.283897000570577e-05, "oneh-out": 0.02219503885260639, "oneh-in": 0.0009112814176583351, "redirect": 0.02812247293863628, "alternate": 0.3227290826023242, "roll-in": 0.1825846732317241, "dsfb-alt": 0.05966019875786596, "sfR": 0.099723742164827, "unknown": 0.012376186820900362, "dsfb": 0.0, "bad-redirect": 0.0008579180913990633, "sft": 0.0}, "movie": {"dsfb-red": 0.01347088114885966, "roll-out": 0.22460763775431447, "sfb": 0.02180944659292538, "sfT": 2.460879581529401e-05, "oneh-out": 0.034334534075878526, "oneh-in": 0.0007268148625019723, "redirect": 0.021438472285955787, "alternate": 0.3135084260122078, "roll-in": 0.16182981004246794, "dsfb-alt": 0.06128195508065697, "sfR": 0.11567713207251198, "unknown": 0.030282373430185833, "dsfb": 0.0, "bad-redirect": 0.0010079078457183787, "sft": 0.0}, "dutch": {"dsfb-red": 0.009077321135037923, "roll-out": 0.13174030658574046, "sfb": 0.050406779791091184, "sfT": 5.768336505350603e-05, "oneh-out": 0.0017707555846624146, "oneh-in": 0.0011771566415177714, "redirect": 0.018732282806351475, "alternate": 0.2705647472193731,