{"english-450k": {"bad-redirect": 0.0020376530213102838, "sfT": 0.0005516572813791256, "sft": 0.0, "roll-in": 0.18895358185488986, "unknown": 0.00015377410175167997, "oneh-out": 0.004512363613188556, "sfR": 0.11369548401129392, "redirect": 0.035323314434125924, "oneh-in": 0.008186570667970142, "sfb": 0.03962723520596667, "roll-out": 0.18549541864268337, "dsfb-alt": 0.047841871109237495, "alternate": 0.3584170271782569, "dsfb": 0.0, "dsfb-red": 0.015204048877946045}, "shai": {"bad-redirect": 0.001692425269372712, "sfT": 0.00023126079650536145, "sft": 0.0, "roll-in": 0.22780827960947886, "unknown": 0.023260762136131256, "oneh-out": 0.0031345163676492036, "sfR": 0.09823378925716947, "redirect": 0.04053416053774531, "oneh-in": 0.007571239518545915, "sfb": 0.026600023129563017, "roll-out": 0.18481733450828625, "dsfb-alt": 0.036302642591278945, "alternate": 0.33636184049395085, "dsfb": 0.0, "dsfb-red": 0.013451725784322863}, "tr-quotes": {"bad-redirect": 0.0015695430064029958, "sfT": 0.00031899401308337766, "sft": 0.0, "roll-in": 0.25426712281269503, "unknown": 0.01311111624789071, "oneh-out": 0.002610896650562863, "sfR": 0.09677191928064538, "redirect": 0.050806731235986224, "oneh-in": 0.008781581563070665, "sfb": 0.02559233489748272, "roll-out": 0.17048611913732922, "dsfb-alt": 0.03210628510667807, "alternate": 0.33027206953144866, "dsfb": 0.0, "dsfb-red": 0.013305286516724071}, "gutenberg": {"bad-redirect": 0.0023624660576653128, "sfT": 0.0003174960398241572, "sft": 0.0, "roll-in": 0.2690015507294642, "unknown": 0.032975828246008664, "oneh-out": 0.0026201000756610492, "sfR": 0.09863878308844841, "redirect": 0.04107576599708343, "oneh-in": 0.009790282120615912, "sfb": 0.025512019195249834, "roll-out": 0.16512635622525246, "dsfb-alt": 0.03519640615699838, "alternate": 0.30604534434491437, "dsfb": 0.0, "dsfb-red": 0.011337601722813834}, "english-200": {"bad-redirect": 0.0, "sfT": 0.0, "sft": 0.0, "roll-in": 0.26280623608017817, "unknown": 0.0, "oneh-out": 0.0, "sfR": 0.10690423162583519, "redirect": 0.042316258351893093, "oneh-in": 0.015590200445434299, "sfb": 0.013363028953229399, "roll-out": 0.16703786191536749, "dsfb-alt": 0.0400890868596882, "alternate": 0.3429844097995546, "dsfb": 0.0, "dsfb-red": 0.008908685968819599}, "monkeyracer": {"bad-redirect": 0.001619758512285531, "sfT": 0.0002971675242817148, "sft": 0.0, "roll-in": 0.2547233995964778, "unknown": 0.012967843345793515, "oneh-out": 0.0025464519761640367, "sfR": 0.09690789370786869, "redirect": 0.05126335298809766, "oneh-in": 0.008871037114659744, "sfb": 0.02558964292975898, "roll-out": 0.17005313824546037, "dsfb-alt": 0.0320061153948418, "alternate": 0.3298530193784507, "dsfb": 0.0, "dsfb-red": 0.013301179285859518}, "chained-bigrams": {"bad-redirect": 0.00658005374944241, "sfT": 0.00026556561905683297, "sft": 0.0, "roll-in": 0.2243652884308838, "unknown": 0.022915910497244025, "oneh-out": 0.004091268864736197, "sfR": 0.11914286586209158, "redirect": 0.0362883406304359, "oneh-in": 0.008476023450288259, "sfb": 0.02687147468133749, "roll-out": 0.16057499826310995, "dsfb-alt": 0.051363896970928684, "alternate": 0.3199182655253622, "dsfb": 0.0, "dsfb-red": 0.019146047455082724}, "english-5k": {"bad-redirect": 0.001742232546563239, "sfT": 0.0003733355456921226, "sft": 0.0, "roll-in": 0.18297589911643922, "unknown": 0.002157049819554486, "oneh-out": 0.004521508275604596, "sfR": 0.10644211224955408, "redirect": 0.0315261127473348, "oneh-in": 0.00779856473223545, "sfb": 0.028497946654498695, "roll-out": 0.2201850085037541, "dsfb-alt": 0.04397063093707222, "alternate": 0.3560791471356867, "dsfb": 0.0, "dsfb-red": 0.013730451736010287}, "mt-quotes": {"bad-redirect": 0.0015807843559125518, "sfT": 0.00027940139371989336, "sft": 0.0, "roll-in": 0.2616138344031269, "unknown": 0.007930816031364673, "oneh-out": 0.0023233645306654236, "sfR": 0.0964592223377679, "redirect": 0.0531475239358841, "oneh-in": 0.009063362857245311, "sfb": 0.02440952176043796, "roll-out": 0.1680801090113673, "dsfb-alt": 0.030956777949104123, "alternate": 0.3311026045588745, "dsfb": 0.0, "dsfb-red": 0.013052676874529351}, "wordle": {"bad-redirect": 0.0010546392909233703, "sfT": 0.0013687871648154382, "sft": 0.0, "roll-in": 0.18195893638505553, "unknown": 0.0, "oneh-out": 0.004824413777628184, "sfR": 0.13138112868843263, "redirect": 0.039088971165713006, "oneh-in": 0.008639066532031864, "sfb": 0.06161786155054415, "roll-out": 0.1703803433187479, "dsfb-alt": 0.048333894311679566, "alternate": 0.3245820711320543, "dsfb": 0.0, "dsfb-red": 0.02676988668237406}, "english-1k": {"bad-redirect": 0.0014114326040931546, "sfT": 0.00035285815102328866, "sft": 0.0, "roll-in": 0.2304163726182075, "unknown": 0.0, "oneh-out": 0.0028228652081863093, "sfR": 0.10832745236414962, "redirect": 0.038108680310515175, "oneh-in": 0.011997177134791814, "sfb": 0.027522935779816515, "roll-out": 0.19548341566690192, "dsfb-alt": 0.03493295695130558, "alternate": 0.3327452364149612, "dsfb": 0.0, "dsfb-red": 0.01587861679604799}, "english-10k": {"bad-redirect": 0.0012929121398660775, "sfT": 0.00030875513787846626, "sft": 0.0, "roll-in": 0.1755658902761429, "unknown": 0.0, "oneh-out": 0.004669921460411802, "sfR": 0.10567144593890508, "redirect": 0.032168425927712706, "oneh-in": 0.006155805561451921, "sfb": 0.03276663900735223, "roll-out": 0.21410239092259895, "dsfb-alt": 0.042974855753459024, "alternate": 0.3711429729260338, "dsfb": 0.0, "dsfb-red": 0.013179984948187028}, "reddit": {"bad-redirect": 0.0015845984106444978, "sfT": 0.00034921546384357634, "sft": 0.0, "roll-in": 0.23460357040317473, "unknown": 0.03913059845521882, "oneh-out": 0.0028995409032143518, "sfR": 0.10397777127267367, "redirect": 0.04762691367583268, "oneh-in": 0.008897971063024533, "sfb": 0.025406951384210615, "roll-out": 0.16824184453787572, "dsfb-alt": 0.03360592965834906, "alternate": 0.3175162663499268, "dsfb": 0.0, "dsfb-red": 0.01615882842201095}, "akl": {"bad-redirect": 0.0010709510175986568, "sfT": 0.0003337997057966975, "sft": 0.0, "roll-in": 0.1998601648545576, "unknown": 0.1327199489896728, "oneh-out": 0.002531615044785123, "sfR": 0.13064861186637447, "redirect": 0.04092369568506188, "oneh-in": 0.00627479207132057, "sfb": 0.03383263855967725, "roll-out": 0.13596615730544623, "dsfb-alt": 0.028061708620134032, "alternate": 0.2699029062885369, "dsfb": 0.0, "dsfb-red": 0.017873009991037813}, "french": {"bad-redirect": 0.0020344287738909947, "sfT": 0.0002845950011328517, "sft": 0.0, "roll-in": 0.18903578731200996, "unknown": 0.1580789346019235, "oneh-out": 0.0038910830540231757, "sfR": 0.10898279115633469, "redirect": 0.03307699258112849, "oneh-in": 0.010582391548756977, "sfb": 0.029982493871716483, "roll-out": 0.17890040887384473, "dsfb-alt": 0.034933167442433743, "alternate": 0.234290677297899, "dsfb": 0.0, "dsfb-red": 0.015926248484905415}, "keymash": {"bad-redirect": 0.0017897238653109646, "sfT": 0.00033659944255848414, "sft": 0.0, "roll-in": 0.2537138822640828, "unknown": 0.01232282349464109, "oneh-out": 0.0026189078579550353, "sfR": 0.099723742164827, "redirect": 0.04871661200346451, "oneh-in": 0.009055345979073367, "sfb": 0.027059311284701557, "roll-out": 0.17112387269973278, "dsfb-alt": 0.03181685706427818, "alternate": 0.3278806960219693, "dsfb": 0.0, "dsfb-red": 0.013841625857404982}, "movie": {"bad-redirect": 0.0015549600607139787, "sfT": 0.0002750394826415213, "sft": 0.0, "roll-in": 0.24021000909472662, "unknown": 0.030236445784519856, "oneh-out": 0.002767897338946946, "sfR": 0.11567713207251198, "redirect": 0.06188967389924001, "oneh-in": 0.006998504653760165, "sfb": 0.02602926288497467, "roll-out": 0.1602566894800293, "dsfb-alt": 0.03176219112506808, "alternate": 0.3051695973724649, "dsfb": 0.0, "dsfb-red": 0.017172596750401933}, "dutch": {"bad-redirect": 0.0011983867018918314, "sfT": 0.0007920928353244105, "sft": 0.0, "roll-in": 0.16598077194866384, "unknown": 0.0729032742311643, "oneh-out": 0.007380314907063438, "sfR": 0.18880787437283908, "redirect": 0.02453899121136465,