{"english-450k": {"sft": 0.0, "dsfb-alt": 0.05480994281123615, "roll-out": 0.18081261719428335, "sfT": 0.00013827975309609245, "roll-in": 0.20868490400227796, "sfR": 0.11369548401129392, "oneh-out": 0.0038943437441713476, "dsfb-red": 0.012154585654805792, "sfb": 0.027004895629482762, "oneh-in": 0.0038075169224598476, "dsfb": 0.0, "redirect": 0.0343375230441893, "unknown": 0.00015377410175167997, "alternate": 0.3591476003346779, "bad-redirect": 0.0013585327962738723}, "shai": {"sft": 0.0, "dsfb-alt": 0.04339386626901571, "roll-out": 0.19268319341547477, "sfT": 4.398719606840777e-05, "roll-in": 0.22522718138562492, "sfR": 0.09823378925716947, "oneh-out": 0.0024053739232909746, "dsfb-red": 0.008717074045255296, "sfb": 0.01683327873476646, "oneh-in": 0.004671618261269933, "dsfb": 0.0, "redirect": 0.0394881167612543, "unknown": 0.0401096270071553, "alternate": 0.3276292964247021, "bad-redirect": 0.0005635973189523391}, "tr-quotes": {"sft": 0.0, "dsfb-alt": 0.036419638935762, "roll-out": 0.18813480964379, "sfT": 2.542705901389242e-05, "roll-in": 0.22904463604632347, "sfR": 0.09677191928064538, "oneh-out": 0.002089641940778068, "dsfb-red": 0.0087989181942165, "sfb": 0.013542220475717159, "oneh-in": 0.006463096091167565, "dsfb": 0.0, "redirect": 0.04579991216106886, "unknown": 0.04070640993042232, "alternate": 0.3319005570837475, "bad-redirect": 0.00030281315734726426}, "gutenberg": {"sft": 0.0, "dsfb-alt": 0.037772746336955744, "roll-out": 0.1939673479192075, "sfT": 0.0001610212612473351, "roll-in": 0.24082188282729086, "sfR": 0.09863878308844841, "oneh-out": 0.0020154178804828215, "dsfb-red": 0.00654182025253438, "sfb": 0.015290389531269002, "oneh-in": 0.005598614535180873, "dsfb": 0.0, "redirect": 0.03528089495995875, "unknown": 0.05276931942564284, "alternate": 0.31063426085368545, "bad-redirect": 0.0005075011280960126}, "english-200": {"sft": 0.0, "dsfb-alt": 0.044543429844097995, "roll-out": 0.1514476614699332, "sfT": 0.0, "roll-in": 0.3028953229398664, "sfR": 0.10690423162583519, "oneh-out": 0.0, "dsfb-red": 0.0022271714922048997, "sfb": 0.004454342984409799, "oneh-in": 0.008908685968819599, "dsfb": 0.0, "redirect": 0.0467706013363029, "unknown": 0.0, "alternate": 0.33184855233853006, "bad-redirect": 0.0}, "monkeyracer": {"sft": 0.0, "dsfb-alt": 0.03628865132865164, "roll-out": 0.18804350376151524, "sfT": 2.4438118773167336e-05, "roll-in": 0.22885809468695748, "sfR": 0.09690789370786869, "oneh-out": 0.002070397422462737, "dsfb-red": 0.008738093748533713, "sfb": 0.013450740572751302, "oneh-in": 0.006578741573736647, "dsfb": 0.0, "redirect": 0.04628677448112986, "unknown": 0.04077548993540516, "alternate": 0.3316673053161706, "bad-redirect": 0.0003098753460437618}, "chained-bigrams": {"sft": 0.0, "dsfb-alt": 0.05433836176530363, "roll-out": 0.18514014267821305, "sfT": 6.298255513083814e-05, "roll-in": 0.18630174877232716, "sfR": 0.11914286586209158, "oneh-out": 0.00325756164011768, "dsfb-red": 0.015478774554268562, "sfb": 0.018150014057446585, "oneh-in": 0.006324227700766634, "dsfb": 0.0, "redirect": 0.03945629822304785, "unknown": 0.03591693834657157, "alternate": 0.3341399861957822, "bad-redirect": 0.0022900976489326403}, "english-5k": {"sft": 0.0, "dsfb-alt": 0.048989919940266316, "roll-out": 0.1826440452980462, "sfT": 0.0, "roll-in": 0.23134359314721864, "sfR": 0.10644211224955408, "oneh-out": 0.0033600199112291036, "dsfb-red": 0.010411913552080309, "sfb": 0.02136308955904924, "oneh-in": 0.0037333554569212264, "dsfb": 0.0, "redirect": 0.03434687020367528, "unknown": 0.002157049819554486, "alternate": 0.3544198780437217, "bad-redirect": 0.00078815281868337}, "mt-quotes": {"sft": 0.0, "dsfb-alt": 0.03554673025663093, "roll-out": 0.18944161556758823, "sfT": 1.0458875700744673e-05, "roll-in": 0.23019985417339023, "sfR": 0.0964592223377679, "oneh-out": 0.0018811035010339345, "dsfb-red": 0.008576278074610632, "sfb": 0.01240422658108318, "oneh-in": 0.006956646466095313, "dsfb": 0.0, "redirect": 0.04762971994119124, "unknown": 0.03595462640895997, "alternate": 0.33464816342142695, "bad-redirect": 0.00029135439452074443}, "wordle": {"sft": 0.0, "dsfb-alt": 0.05531246493885336, "roll-out": 0.17601256591495568, "sfT": 0.0002019522046449007, "roll-in": 0.21653764164703243, "sfR": 0.13138112868843263, "oneh-out": 0.005228318186917985, "dsfb-red": 0.014652754403680019, "sfb": 0.032648939750925615, "oneh-in": 0.005677100863906653, "dsfb": 0.0, "redirect": 0.03561090541905083, "unknown": 0.0, "alternate": 0.32512061034444073, "bad-redirect": 0.0016156176371592056}, "english-1k": {"sft": 0.0, "dsfb-alt": 0.03881439661256175, "roll-out": 0.1587861679604799, "sfT": 0.0, "roll-in": 0.2953422724064926, "sfR": 0.10832745236414962, "oneh-out": 0.0028228652081863093, "dsfb-red": 0.009174311926605505, "sfb": 0.019760056457304165, "oneh-in": 0.0077628793225123505, "dsfb": 0.0, "redirect": 0.035285815102328866, "unknown": 0.0, "alternate": 0.323923782639379, "bad-redirect": 0.0}, "english-10k": {"sft": 0.0, "dsfb-alt": 0.05073232859265549, "roll-out": 0.1952683275120125, "sfT": 7.718878446961657e-05, "roll-in": 0.2176144806159665, "sfR": 0.10567144593890508, "oneh-out": 0.003550684085602362, "dsfb-red": 0.009494220489762837, "sfb": 0.022211072731132167, "oneh-in": 0.0033191177321935123, "dsfb": 0.0, "redirect": 0.03649099785801123, "unknown": 0.0, "alternate": 0.3547210590301229, "bad-redirect": 0.0008490766291657822}, "reddit": {"sft": 0.0, "dsfb-alt": 0.038804943704317175, "roll-out": 0.17999171067444508, "sfT": 5.951982967365042e-05, "roll-in": 0.21871409823993235, "sfR": 0.10397777127267367, "oneh-out": 0.0020532655653812595, "dsfb-red": 0.008926026665557927, "sfb": 0.01429037773366543, "oneh-in": 0.0057200092070321795, "dsfb": 0.0, "redirect": 0.04088600267033899, "unknown": 0.0643633354103469, "alternate": 0.32180454084983756, "bad-redirect": 0.00040839817679786685}, "akl": {"sft": 0.0, "dsfb-alt": 0.03384877262391746, "roll-out": 0.15118183997167717, "sfT": 0.0010207204623148161, "roll-in": 0.187352361267246, "sfR": 0.13064861186637447, "oneh-out": 0.0017843830312833083, "dsfb-red": 0.009493327872623811, "sfb": 0.02171714228018505, "oneh-in": 0.004355703192812717, "dsfb": 0.0, "redirect": 0.0361592546289631, "unknown": 0.14065583315727107, "alternate": 0.28120053151982166, "bad-redirect": 0.0005815181255093318}, "french": {"sft": 0.0, "dsfb-alt": 0.0365074440335076, "roll-out": 0.16875867813622275, "sfT": 0.0001856998862414033, "roll-in": 0.1982315947404339, "sfR": 0.10898279115633469, "oneh-out": 0.003195131717551057, "dsfb-red": 0.011458050036133947, "sfb": 0.02065487622956509, "oneh-in": 0.004912559773976795, "dsfb": 0.0, "redirect": 0.02697632808116525, "unknown": 0.17000650046983795, "alternate": 0.2478848678084236, "bad-redirect": 0.0022454779306060125}, "keymash": {"sft": 0.0, "dsfb-alt": 0.03599972086875495, "roll-out": 0.18719033877502433, "sfT": 4.104871250713222e-05, "roll-in": 0.231925225665297, "sfR": 0.099723742164827, "oneh-out": 0.0021468476641230147, "dsfb-red": 0.009067660592825506, "sfb": 0.013833416114903557, "oneh-in": 0.00686744960244322, "dsfb": 0.0, "redirect": 0.04512074478783973, "unknown": 0.03813835879037654, "alternate": 0.329588322462266, "bad-redirect": 0.00035712379881205024}, "movie": {"sft": 0.0, "dsfb-alt": 0.03449442544975864, "roll-out": 0.15929523567133125, "sfT": 2.3161219590864952e-05, "roll-in": 0.2193585947666961, "sfR": 0.11567713207251198, "oneh-out": 0.0017514356337205775, "dsfb-red": 0.008472268848067531, "sfb": 0.012903562866722052, "oneh-in": 0.006696750809885998, "dsfb": 0.0, "redirect": 0.04951552913714324, "unknown": 0.07965432932543343, "alternate": 0.3118631898342249, "bad-redirect": 0.0002943843649134369}, "dutch": {"sft": 0.0, "dsfb-alt": 0.03955529622048622, "roll-out": 0.1834499378859357, "sfT": 5.069035530191531e-05, "roll-in": 0.17569967483221888, "sfR": 0.18880787437283908, "oneh-out": 0.0037264314502688167, "dsfb-red": 0.007725644073232376, "sfb": 0.033870230323562255, "oneh-in": 0.003384921543271902,