{"english-450k": {"oneh-in": 0.016274035973784733, "sfR": 0.11369548401129392, "unknown": 0.00015377410175167997, "redirect": 0.050771764736148785, "dsfb": 0.0, "oneh-out": 0.01879376788062452, "sfb": 0.1909789563357561, "alternate": 0.17749828831299286, "sfT": 0.006143070722638881, "roll-in": 0.16848262381884826, "bad-redirect": 0.013148270392170735, "dsfb-red": 0.03895542363595648, "dsfb-alt": 0.041156790529854104, "sft": 0.0, "roll-out": 0.16394774954817895}, "shai": {"oneh-in": 0.017062670123819023, "sfR": 0.09823378925716947, "unknown": 0.023621906111313578, "redirect": 0.04896345420671637, "dsfb": 0.0, "oneh-out": 0.02061531449548602, "sfb": 0.18262801067489712, "alternate": 0.19103198799987492, "sfT": 0.0042585759744218615, "roll-in": 0.17819958568047825, "bad-redirect": 0.020069791985652858, "dsfb-red": 0.031122030738477097, "dsfb-alt": 0.04606379811576114, "sft": 0.0, "roll-out": 0.13812908463593232}, "tr-quotes": {"oneh-in": 0.017545826494995493, "sfR": 0.09677191928064538, "unknown": 0.01476965396084233, "redirect": 0.042693187859735096, "dsfb": 0.0, "oneh-out": 0.021408427914287695, "sfb": 0.18035990846258754, "alternate": 0.19556413397748548, "sfT": 0.003653406070132452, "roll-in": 0.19493770370541597, "bad-redirect": 0.02346801969441298, "dsfb-red": 0.030319456323247267, "dsfb-alt": 0.04509604493654793, "sft": 0.0, "roll-out": 0.13341231131966436}, "gutenberg": {"oneh-in": 0.016772732318634177, "sfR": 0.09863878308844841, "unknown": 0.03802431837805746, "redirect": 0.04129778590082681, "dsfb": 0.0, "oneh-out": 0.021830125979246065, "sfb": 0.16718894386344185, "alternate": 0.19477037042088685, "sfT": 0.0031865160416957926, "roll-in": 0.1824929728427224, "bad-redirect": 0.020295309204392053, "dsfb-red": 0.030669814348168886, "dsfb-alt": 0.05354487359452118, "sft": 0.0, "roll-out": 0.13128745401895808}, "english-200": {"oneh-in": 0.028953229398663696, "sfR": 0.10690423162583519, "unknown": 0.0, "redirect": 0.042316258351893093, "dsfb": 0.0, "oneh-out": 0.013363028953229399, "sfb": 0.22048997772828507, "alternate": 0.1492204899777283, "sfT": 0.008908685968819599, "roll-in": 0.18930957683741648, "bad-redirect": 0.0334075723830735, "dsfb-red": 0.028953229398663696, "dsfb-alt": 0.0378619153674833, "sft": 0.0, "roll-out": 0.1403118040089087}, "monkeyracer": {"oneh-in": 0.017606198288940677, "sfR": 0.09690789370786869, "unknown": 0.014352018393105714, "redirect": 0.04245096735849352, "dsfb": 0.0, "oneh-out": 0.021464488480848334, "sfb": 0.18036015921923143, "alternate": 0.19546584919530163, "sfT": 0.003628571875439886, "roll-in": 0.19571023038303328, "bad-redirect": 0.02355248134882775, "dsfb-red": 0.030355076090526612, "dsfb-alt": 0.04504336299795111, "sft": 0.0, "roll-out": 0.13310270266043137}, "chained-bigrams": {"oneh-in": 0.015251517912043887, "sfR": 0.11914286586209158, "unknown": 0.02365222201805197, "redirect": 0.041067223164074754, "dsfb": 0.0, "oneh-out": 0.016848807454537307, "sfb": 0.17515123929540052, "alternate": 0.19851192350671285, "sfT": 0.005937891408984689, "roll-in": 0.16543374527387347, "bad-redirect": 0.019031769829278317, "dsfb-red": 0.02500082786348239, "dsfb-alt": 0.03529035931872355, "sft": 0.0, "roll-out": 0.15967960709274473}, "english-5k": {"oneh-in": 0.014560086281992781, "sfR": 0.10644211224955408, "unknown": 0.002157049819554486, "redirect": 0.052764757124486666, "dsfb": 0.0, "oneh-out": 0.02206827892313436, "sfb": 0.20798938067781142, "alternate": 0.18272700875264447, "sfT": 0.004521508275604596, "roll-in": 0.1680424772887543, "bad-redirect": 0.014560086281992781, "dsfb-red": 0.033268345293898036, "dsfb-alt": 0.0387439332973825, "sft": 0.0, "roll-out": 0.15215497573318953}, "mt-quotes": {"oneh-in": 0.017856289071371368, "sfR": 0.0964592223377679, "unknown": 0.008869126594231481, "redirect": 0.04206260981819486, "dsfb": 0.0, "oneh-out": 0.021552754569034556, "sfb": 0.18087579636867834, "alternate": 0.1971139479566345, "sfT": 0.003590382615555635, "roll-in": 0.1994074299852978, "bad-redirect": 0.02448273389034317, "dsfb-red": 0.030102138391843274, "dsfb-alt": 0.045304861285425706, "sft": 0.0, "roll-out": 0.13232270711562139}, "wordle": {"oneh-in": 0.02071132054302704, "sfR": 0.13138112868843263, "unknown": 0.0, "redirect": 0.047997307303938065, "dsfb": 0.0, "oneh-out": 0.012139571412543475, "sfb": 0.2018848872433524, "alternate": 0.16066419836194323, "sfT": 0.007786379445753394, "roll-in": 0.17742623134747, "bad-redirect": 0.01243128015258611, "dsfb-red": 0.03442163132503085, "dsfb-alt": 0.0466733984068215, "sft": 0.0, "roll-out": 0.14648266576910132}, "english-1k": {"oneh-in": 0.019760056457304165, "sfR": 0.10832745236414962, "unknown": 0.0, "redirect": 0.051164431898376855, "dsfb": 0.0, "oneh-out": 0.020465772759350742, "sfb": 0.20783345095271702, "alternate": 0.16619618913196896, "sfT": 0.0045871559633027525, "roll-in": 0.17925194071983064, "bad-redirect": 0.019407198306280876, "dsfb-red": 0.03705010585744531, "dsfb-alt": 0.043754410726887794, "sft": 0.0, "roll-out": 0.14220183486238533}, "english-10k": {"oneh-in": 0.01669207464155458, "sfR": 0.10567144593890508, "unknown": 0.0, "redirect": 0.056868836957990006, "dsfb": 0.0, "oneh-out": 0.020435730688330985, "sfb": 0.20383628258813993, "alternate": 0.18714420794658537, "sfT": 0.005133054167229502, "roll-in": 0.16468227166592694, "bad-redirect": 0.013257173732656644, "dsfb-red": 0.03579629879778468, "dsfb-alt": 0.03845931186198645, "sft": 0.0, "roll-out": 0.15202331101290983}, "reddit": {"oneh-in": 0.016897301324475405, "sfR": 0.10397777127267367, "unknown": 0.041217688064775854, "redirect": 0.04488682898087556, "dsfb": 0.0, "oneh-out": 0.020004693413881756, "sfb": 0.1800187549268204, "alternate": 0.1832222252812443, "sfT": 0.004765144828151943, "roll-in": 0.18595766525695692, "bad-redirect": 0.021209698398527026, "dsfb-red": 0.02702631027436244, "dsfb-alt": 0.04043111984368272, "sft": 0.0, "roll-out": 0.130384798133572}, "akl": {"oneh-in": 0.013648850072367331, "sfR": 0.13064861186637447, "unknown": 0.13295000147380848, "redirect": 0.03651321573815951, "dsfb": 0.0, "oneh-out": 0.01399275518746609, "sfb": 0.15467500077149487, "alternate": 0.15753572107765765, "sfT": 0.0035617738111424517, "roll-in": 0.16634541430485666, "bad-redirect": 0.017964131627971804, "dsfb-red": 0.02354587545742728, "dsfb-alt": 0.0360368284600347, "sft": 0.0, "roll-out": 0.11258182015123869}, "french": {"oneh-in": 0.01053008995110722, "sfR": 0.10898279115633469, "unknown": 0.15822382396052298, "redirect": 0.049496697875483935, "dsfb": 0.0, "oneh-out": 0.03187026543008371, "sfb": 0.16398014588804793, "alternate": 0.12007031036660963, "sfT": 0.0034109600806969754, "roll-in": 0.12011005718372932, "bad-redirect": 0.020830628175147817, "dsfb-red": 0.0372925972354643, "dsfb-alt": 0.02416531571684883, "sft": 0.0, "roll-out": 0.15103631697992267}, "keymash": {"oneh-in": 0.017232249510494103, "sfR": 0.099723742164827, "unknown": 0.013394194891077241, "redirect": 0.042739919462426064, "dsfb": 0.0, "oneh-out": 0.021349435374959463, "sfb": 0.18026952584632183, "alternate": 0.1969311982529668, "sfT": 0.0034809308206048117, "roll-in": 0.19270318086473218, "bad-redirect": 0.023016013102749033, "dsfb-red": 0.02976852631017228, "dsfb-alt": 0.04605255056175163, "sft": 0.0, "roll-out": 0.13333853283691757}, "movie": {"oneh-in": 0.01416756010632579, "sfR": 0.11567713207251198, "unknown": 0.030451476652766863, "redirect": 0.041078002118462006, "dsfb": 0.0, "oneh-out": 0.021562700645579518, "sfb": 0.1594131473347029, "alternate": 0.18930335920590705, "sfT": 0.0032449395038156134, "roll-in": 0.20648556259852566, "bad-redirect": 0.02581146846211739, "dsfb-red": 0.028370914824746553, "dsfb-alt": 0.034411650409289014, "sft": 0.0, "roll-out": 0.13002208606524962}, "dutch": {"oneh-in": 0.008286465524515717, "sfR": 0.18880787437283908, "unknown": 0.07325981014373002, "redirect": 0.049046782840760667, "dsfb": 0.0, "oneh-out": 0.023035404460801472, "sfb": 0.18362200178741328, "alternate": 0.1426354695711015,