{"english-450k": {"sft": 0.0, "unknown": 0.00015377410175167997, "sfT": 0.00023329226843695934, "redirect": 0.032501296555401654, "oneh-in": 0.0025752776850390662, "sfR": 0.11369548401129392, "sfb": 0.034386929552166545, "roll-in": 0.18975051759894895, "dsfb-red": 0.014173236173047903, "alternate": 0.3554666693172722, "oneh-out": 0.004637195441036402, "roll-out": 0.19569040771185892, "bad-redirect": 0.0038712483942884906, "dsfb-alt": 0.05286467118945729, "dsfb": 0.0}, "shai": {"sft": 0.0, "unknown": 0.024097749651430984, "sfT": 4.6735186319931704e-05, "redirect": 0.02973726039460211, "oneh-in": 0.002170420756785678, "sfR": 0.09823378925716947, "sfb": 0.019402367080098574, "roll-in": 0.1990666470462743, "dsfb-red": 0.011668593614197031, "alternate": 0.32240750342221547, "oneh-out": 0.014137008756103247, "roll-out": 0.22951050088353692, "bad-redirect": 0.004109216898638328, "dsfb-alt": 0.04541220705262796, "dsfb": 0.0}, "tr-quotes": {"sft": 0.0, "unknown": 0.013894731975682485, "sfT": 2.6582834423614803e-05, "redirect": 0.03022468273965003, "oneh-in": 0.002299993065347542, "sfR": 0.09677191928064538, "sfb": 0.016721758627863435, "roll-in": 0.2033933566029449, "dsfb-red": 0.01210674741684196, "alternate": 0.32447470007628115, "oneh-out": 0.02478213633526733, "roll-out": 0.22674001987933703, "bad-redirect": 0.0030119507177365293, "dsfb-alt": 0.04555142044797855, "dsfb": 0.0}, "gutenberg": {"sft": 0.0, "unknown": 0.03298207965968062, "sfT": 0.00027828262679098264, "redirect": 0.027022588062527775, "oneh-in": 0.0019551769850985243, "sfR": 0.09863878308844841, "sfb": 0.020127847092694825, "roll-in": 0.2017204269298777, "dsfb-red": 0.008184805427591013, "alternate": 0.29980624406352496, "oneh-out": 0.015536467905810519, "roll-out": 0.24197384787393209, "bad-redirect": 0.0032742252698811057, "dsfb-alt": 0.04849922501414146, "dsfb": 0.0}, "english-200": {"sft": 0.0, "unknown": 0.0, "sfT": 0.0, "redirect": 0.0334075723830735, "oneh-in": 0.004454342984409799, "sfR": 0.10690423162583519, "sfb": 0.004454342984409799, "roll-in": 0.22048997772828507, "dsfb-red": 0.008908685968819599, "alternate": 0.30734966592427615, "oneh-out": 0.022271714922048998, "roll-out": 0.2383073496659243, "bad-redirect": 0.0, "dsfb-alt": 0.053452115812917596, "dsfb": 0.0}, "monkeyracer": {"sft": 0.0, "unknown": 0.013491796612290222, "sfT": 2.4438118773167336e-05, "redirect": 0.03022897539765707, "oneh-in": 0.002337261679465724, "sfR": 0.09690789370786869, "sfb": 0.01659348264698062, "roll-in": 0.20310520512379374, "dsfb-red": 0.012027464535402037, "alternate": 0.32424593740713514, "oneh-out": 0.02538338520731345, "roll-out": 0.22716893191735615, "bad-redirect": 0.003006866133850509, "dsfb-alt": 0.045478361512113485, "dsfb": 0.0}, "chained-bigrams": {"sft": 0.0, "unknown": 0.023159399756770463, "sfT": 8.181239120088253e-05, "redirect": 0.04050427599604963, "oneh-in": 0.004884719198446344, "sfR": 0.11914286586209158, "sfb": 0.0206452919890735, "roll-in": 0.18140209556596318, "dsfb-red": 0.01949537337941665, "alternate": 0.3213149199180058, "oneh-out": 0.008103322557039794, "roll-out": 0.20024556703454105, "bad-redirect": 0.0039795884577000715, "dsfb-alt": 0.05704076789370103, "dsfb": 0.0}, "english-5k": {"sft": 0.0, "unknown": 0.002157049819554486, "sfT": 0.0, "redirect": 0.03144314929273655, "oneh-in": 0.0018666777284606132, "sfR": 0.10644211224955408, "sfb": 0.021155680922553616, "roll-in": 0.19741154021653462, "dsfb-red": 0.014062305554403286, "alternate": 0.3425975857634712, "oneh-out": 0.007051893640851205, "roll-out": 0.22089019786783923, "bad-redirect": 0.003982245820715975, "dsfb-alt": 0.05093956112332518, "dsfb": 0.0}, "mt-quotes": {"sft": 0.0, "unknown": 0.007995063410669249, "sfT": 1.3447125900957435e-05, "redirect": 0.029990079009335292, "oneh-in": 0.0023935884103704233, "sfR": 0.0964592223377679, "sfb": 0.015748078555121264, "roll-in": 0.20557368427343684, "dsfb-red": 0.011914153548248287, "alternate": 0.3260195909683126, "oneh-out": 0.02721698282353785, "roll-out": 0.22802889040293567, "bad-redirect": 0.0029792854496121252, "dsfb-alt": 0.045667933684751555, "dsfb": 0.0}, "wordle": {"sft": 0.0, "unknown": 0.0, "sfT": 0.0002019522046449007, "redirect": 0.03136990912150791, "oneh-in": 0.0018175698418041065, "sfR": 0.13138112868843263, "sfb": 0.044182654549534385, "roll-in": 0.16858521261079323, "dsfb-red": 0.017143498260967126, "alternate": 0.31540446538763606, "oneh-out": 0.007517109839560193, "roll-out": 0.21384494558510042, "bad-redirect": 0.005228318186917985, "dsfb-alt": 0.06332323572310108, "dsfb": 0.0}, "english-1k": {"sft": 0.0, "unknown": 0.0, "sfT": 0.0, "redirect": 0.032462949894142556, "oneh-in": 0.0028228652081863093, "sfR": 0.10832745236414962, "sfb": 0.0187014820042343, "roll-in": 0.21206774876499648, "dsfb-red": 0.013761467889908258, "alternate": 0.30310515172900493, "oneh-out": 0.010232886379675371, "roll-out": 0.24453069865913904, "bad-redirect": 0.003175723359209598, "dsfb-alt": 0.05081157374735357, "dsfb": 0.0}, "english-10k": {"sft": 0.0, "unknown": 0.0, "sfT": 7.718878446961657e-05, "redirect": 0.03066324463055518, "oneh-in": 0.0020455027884448388, "sfR": 0.10567144593890508, "sfb": 0.024584627853572877, "roll-in": 0.19580864900329983, "dsfb-red": 0.012851932614191158, "alternate": 0.34783196001620964, "oneh-out": 0.005847050423573454, "roll-out": 0.21977576658111575, "bad-redirect": 0.006040022384747496, "dsfb-alt": 0.048802608980915076, "dsfb": 0.0}, "reddit": {"sft": 0.0, "unknown": 0.04519937363713543, "sfT": 4.6746851751237076e-05, "redirect": 0.02828959899404371, "oneh-in": 0.0024957125308344742, "sfR": 0.10397777127267367, "sfb": 0.016409530888974917, "roll-in": 0.1952993568374856, "dsfb-red": 0.011927639019911798, "alternate": 0.3156952367467712, "oneh-out": 0.01894442387408166, "roll-out": 0.21389085696381072, "bad-redirect": 0.0031403920704903567, "dsfb-alt": 0.044683360312035236, "dsfb": 0.0}, "akl": {"sft": 0.0, "unknown": 0.13920166722946467, "sfT": 0.00014698552552069234, "redirect": 0.02171017473636309, "oneh-in": 0.002919450276605313, "sfR": 0.13064861186637447, "sfb": 0.02241967824129706, "roll-in": 0.16755860698835257, "dsfb-red": 0.011848209438832785, "alternate": 0.2691726731053525, "oneh-out": 0.016403994794305876, "roll-out": 0.1765345576707926, "bad-redirect": 0.002857335364660613, "dsfb-alt": 0.038578054762077776, "dsfb": 0.0}, "french": {"sft": 0.0, "unknown": 0.15842537463172957, "sfT": 6.367281295086438e-05, "redirect": 0.0172926071234776, "oneh-in": 0.0002861980578353794, "sfR": 0.10898279115633469, "sfb": 0.05239554875799586, "roll-in": 0.1093864917722815, "dsfb-red": 0.012060439792164148, "alternate": 0.24037099646139465, "oneh-out": 0.01257012193253789, "roll-out": 0.2374955621922103, "bad-redirect": 0.0047254665767696435, "dsfb-alt": 0.04594472873231789, "dsfb": 0.0}, "keymash": {"sft": 0.0, "unknown": 0.012376186820900362, "sfT": 3.694384125641899e-05, "redirect": 0.030129754980235044, "oneh-in": 0.0021755817628780075, "sfR": 0.099723742164827, "sfb": 0.01776177790183611, "roll-in": 0.20172568787379982, "dsfb-red": 0.012051901992094018, "alternate": 0.32152225045461447, "oneh-out": 0.023832882481640963, "roll-out": 0.23056240841006023, "bad-redirect": 0.0032715823868184374, "dsfb-alt": 0.04482929892903909, "dsfb": 0.0}, "movie": {"sft": 0.0, "unknown": 0.030282373430185833, "sfT": 1.9344882271915614e-05, "redirect": 0.02682319264515472, "oneh-in": 0.001453761322842529, "sfR": 0.11567713207251198, "sfb": 0.013919892974109836, "roll-in": 0.19039680564670533, "dsfb-red": 0.012790125529862247, "alternate": 0.3115426174994331, "oneh-out": 0.035736051056803025, "roll-out": 0.20926754090620114, "bad-redirect": 0.0022459803111209782, "dsfb-alt": 0.04984518172279731, "dsfb": 0.0}, "dutch": {"sft": 0.0, "unknown": 0.07360268279108878, "sfT": 0.00027642112392441685, "redirect": 0.018357331968106568, "oneh-in": 0.001996988415523492, "sfR": 0.18880787437283908, "sfb": 0.0367287934020702, "roll-in": 0.12373698623298722,