{"english-450k": {"sfT": 0.0002826987764142101, "dsfb-red": 0.030469490458112345, "sft": 0.0, "roll-in": 0.2157564662594479, "sfb": 0.03157397440567479, "oneh-in": 0.028235088443496204, "unknown": 0.00015377410175167997, "redirect": 0.05513970932601922, "sfR": 0.11369548401129392, "alternate": 0.19155809416003383, "oneh-out": 0.035267768655926644, "roll-out": 0.2452042067448946, "dsfb": 0.0, "dsfb-alt": 0.030645482871143735, "bad-redirect": 0.022017761785790922}, "shai": {"sfT": 4.4861908458329474e-05, "dsfb-red": 0.025015996399590915, "sft": 0.0, "roll-in": 0.21060941367022198, "sfb": 0.019410703940664464, "oneh-in": 0.02155708945877132, "unknown": 0.024097749651430984, "redirect": 0.046338840976668245, "sfR": 0.09823378925716947, "alternate": 0.20071787955473577, "oneh-out": 0.04615922691525631, "roll-out": 0.2615798180474376, "dsfb": 0.0, "dsfb-alt": 0.02692096129807938, "bad-redirect": 0.01931366892151523}, "tr-quotes": {"sfT": 3.8140588520838634e-05, "dsfb-red": 0.025017914518850697, "sft": 0.0, "roll-in": 0.21459513187397425, "sfb": 0.02006194956196112, "oneh-in": 0.023269226323940732, "unknown": 0.013894731975682485, "redirect": 0.048933219296826244, "sfR": 0.09677191928064538, "alternate": 0.19995030165738195, "oneh-out": 0.04698920505767319, "roll-out": 0.26258754998728645, "dsfb": 0.0, "dsfb-alt": 0.02573218372205913, "bad-redirect": 0.022158526155197523}, "gutenberg": {"sfT": 0.0001720085943677415, "dsfb-red": 0.025307995785410563, "sft": 0.0, "roll-in": 0.2118378663659926, "sfb": 0.016191540283920267, "oneh-in": 0.019888967315714955, "unknown": 0.03298207965968062, "redirect": 0.04580562346864045, "sfR": 0.09863878308844841, "alternate": 0.1964548422503119, "oneh-out": 0.05353104470973171, "roll-out": 0.2503497950104626, "dsfb": 0.0, "dsfb-alt": 0.027620261096922297, "bad-redirect": 0.021219192370395882}, "english-200": {"sfT": 0.0, "dsfb-red": 0.028953229398663696, "sft": 0.0, "roll-in": 0.21158129175946547, "sfb": 0.0066815144766146995, "oneh-in": 0.022271714922048998, "unknown": 0.0, "redirect": 0.044543429844097995, "sfR": 0.10690423162583519, "alternate": 0.23385300668151449, "oneh-out": 0.0334075723830735, "roll-out": 0.2806236080178174, "dsfb": 0.0, "dsfb-alt": 0.017817371937639197, "bad-redirect": 0.013363028953229399}, "monkeyracer": {"sfT": 3.714594053521435e-05, "dsfb-red": 0.024911240752615856, "sft": 0.0, "roll-in": 0.21437020035347296, "sfb": 0.019872100661588753, "oneh-in": 0.02336968422040446, "unknown": 0.013491796612290222, "redirect": 0.049150922001345076, "sfR": 0.09690789370786869, "alternate": 0.19994877770305144, "oneh-out": 0.047109850321410136, "roll-out": 0.2630304049298528, "dsfb": 0.0, "dsfb-alt": 0.025739204216650765, "bad-redirect": 0.022060778578913618}, "chained-bigrams": {"sfT": 6.168394574669716e-05, "dsfb-red": 0.03629158715389625, "sft": 0.0, "roll-in": 0.20925596824640333, "sfb": 0.019627182231906962, "oneh-in": 0.01763511543663468, "unknown": 0.023159399756770463, "redirect": 0.04670123997717045, "sfR": 0.11914286586209158, "alternate": 0.1821325633445425, "oneh-out": 0.038888156617486166, "roll-out": 0.25156401267702483, "dsfb": 0.0, "dsfb-alt": 0.03462287409527508, "bad-redirect": 0.02091735065505104}, "english-5k": {"sfT": 0.0, "dsfb-red": 0.028041647654208322, "sft": 0.0, "roll-in": 0.19363670303231426, "sfb": 0.01920603973949475, "oneh-in": 0.022234205832330857, "unknown": 0.002157049819554486, "redirect": 0.05002696312274443, "sfR": 0.10644211224955408, "alternate": 0.20267971958352346, "oneh-out": 0.040818019662338736, "roll-out": 0.2839009416352097, "dsfb": 0.0, "dsfb-alt": 0.02916165429128469, "bad-redirect": 0.021694943377442235}, "mt-quotes": {"sfT": 1.942362630138296e-05, "dsfb-red": 0.024992230549479445, "sft": 0.0, "roll-in": 0.2171785539259631, "sfb": 0.01926674316587179, "oneh-in": 0.023629588458182426, "unknown": 0.007995063410669249, "redirect": 0.049137292167198574, "sfR": 0.0964592223377679, "alternate": 0.20071030707259058, "oneh-out": 0.04795992158831475, "roll-out": 0.2652176641445835, "dsfb": 0.0, "dsfb-alt": 0.02549873895841551, "bad-redirect": 0.02193525059466179}, "wordle": {"sfT": 0.0005161000785369685, "dsfb-red": 0.037585549197800966, "sft": 0.0, "roll-in": 0.20897565353977338, "sfb": 0.046426567934477726, "oneh-in": 0.029283069673510603, "unknown": 0.0, "redirect": 0.04905194659486144, "sfR": 0.13138112868843263, "alternate": 0.18723213283967238, "oneh-out": 0.03406260518343992, "roll-out": 0.22232693818018626, "dsfb": 0.0, "dsfb-alt": 0.03487041400201952, "bad-redirect": 0.01828789408728823}, "english-1k": {"sfT": 0.0, "dsfb-red": 0.031051517290049402, "sft": 0.0, "roll-in": 0.19724770642201836, "sfb": 0.01799576570218772, "oneh-in": 0.027522935779816515, "unknown": 0.0, "redirect": 0.0529287226534933, "sfR": 0.10832745236414962, "alternate": 0.21912491178546226, "oneh-out": 0.046224417784050814, "roll-out": 0.2544107268877911, "dsfb": 0.0, "dsfb-alt": 0.02646436132674665, "bad-redirect": 0.0187014820042343}, "english-10k": {"sfT": 9.64859805870207e-05, "dsfb-red": 0.02674591381872214, "sft": 0.0, "roll-in": 0.20024700411030277, "sfb": 0.021960209181605912, "oneh-in": 0.0256266764439127, "unknown": 0.0, "redirect": 0.0479921267439841, "sfR": 0.10567144593890508, "alternate": 0.20211883213369097, "oneh-out": 0.039636440825148105, "roll-out": 0.27793751567897185, "dsfb": 0.0, "dsfb-alt": 0.03037378668879412, "bad-redirect": 0.021593562455375234}, "reddit": {"sfT": 9.32689590229009e-05, "dsfb-red": 0.024299522961113398, "sft": 0.0, "roll-in": 0.20331794020935323, "sfb": 0.01894625928733151, "oneh-in": 0.019666977375909677, "unknown": 0.04519937363713543, "redirect": 0.043777302942635654, "sfR": 0.10397777127267367, "alternate": 0.19903352382300848, "oneh-out": 0.04025387136412595, "roll-out": 0.25436730027754073, "dsfb": 0.0, "dsfb-alt": 0.027490894571053623, "bad-redirect": 0.01957599331909577}, "akl": {"sfT": 0.00014545365418394953, "dsfb-red": 0.023676455135083502, "sft": 0.0, "roll-in": 0.1689029723319576, "sfb": 0.025876444743066017, "oneh-in": 0.016727244353960814, "unknown": 0.13920166722946467, "redirect": 0.04114796659028147, "sfR": 0.13064861186637447, "alternate": 0.17100600930888563, "oneh-out": 0.033266587393148576, "roll-out": 0.21168220894265471, "dsfb": 0.0, "dsfb-alt": 0.022389436136197493, "bad-redirect": 0.015328942314741101}, "french": {"sfT": 0.000462249640184934, "dsfb-red": 0.024386867142241152, "sft": 0.0, "roll-in": 0.16153464543374615, "sfb": 0.05052771802646101, "oneh-in": 0.023153037845636815, "unknown": 0.15842537463172957, "redirect": 0.037350561968007095, "sfR": 0.10898279115633469, "alternate": 0.13868858545572424, "oneh-out": 0.042788684630999496, "roll-out": 0.20407070630663332, "dsfb": 0.0, "dsfb-alt": 0.025870743320763123, "bad-redirect": 0.023758034441538418}, "keymash": {"sfT": 5.3363326259271875e-05, "dsfb-red": 0.024748268770550013, "sft": 0.0, "roll-in": 0.21402798701218737, "sfb": 0.020943053121138856, "oneh-in": 0.02345933919782606, "unknown": 0.012376186820900362, "redirect": 0.0487125071322138, "sfR": 0.099723742164827, "alternate": 0.20069947006112154, "oneh-out": 0.04631526232179728, "roll-out": 0.2616650178767143, "dsfb": 0.0, "dsfb-alt": 0.026078247055781094, "bad-redirect": 0.021197555138683075}, "movie": {"sfT": 2.539838284680077e-05, "dsfb-red": 0.024866595981080968, "sft": 0.0, "roll-in": 0.19470795083873224, "sfb": 0.02554827278494847, "oneh-in": 0.021317665470135253, "unknown": 0.030282373430185833, "redirect": 0.04495750639993189, "sfR": 0.11567713207251198, "alternate": 0.19475940559361876, "oneh-out": 0.040278150455545655, "roll-out": 0.25525374761034775, "dsfb": 0.0, "dsfb-alt": 0.028207470309224655, "bad-redirect": 0.02411833067088973}, "dutch": {"sfT": 7.923617972379333e-05, "dsfb-red": 0.017114225865393025, "sft": 0.0, "roll-in": 0.1631984685380367, "sfb": 0.0227311188826361, "oneh-in": 0.015231958671384091, "unknown": 0.07360268279108878, "redirect": 0.03188575760241469, "sfR": 0.18880787437283908,