{"english-450k": {"unknown": 0.00015377410175167997, "sfT": 0.0001528970631485335, "oneh-out": 0.006017654202388936, "bad-redirect": 0.00767087196932002, "sfb": 0.04414193758876361, "alternate": 0.2820550300795006, "dsfb-alt": 0.031180768765264127, "roll-in": 0.2233291099052155, "redirect": 0.05287724207610239, "roll-out": 0.20751522685188162, "dsfb-red": 0.0247140707980642, "sfR": 0.11369548401129392, "dsfb": 0.0, "sft": 0.0, "oneh-in": 0.0064959325873048075}, "shai": {"unknown": 0.023260762136131256, "sfT": 4.149465279801141e-05, "oneh-out": 0.007827596045742659, "bad-redirect": 0.010083870210640033, "sfb": 0.021143350498338355, "alternate": 0.27066906286256054, "dsfb-alt": 0.02978658101400376, "roll-in": 0.21108879089357832, "redirect": 0.04450760736591433, "roll-out": 0.2589642654444019, "dsfb-red": 0.018955899942810838, "sfR": 0.09823378925716947, "dsfb": 0.0, "sft": 0.0, "oneh-in": 0.005436929675910545}, "tr-quotes": {"unknown": 0.013835787429786644, "sfT": 9.824090982640254e-05, "oneh-out": 0.01094288157925152, "bad-redirect": 0.013825385451099143, "sfb": 0.01943205196366242, "alternate": 0.2669529137098079, "dsfb-alt": 0.02545133029749659, "roll-in": 0.19817271907722891, "redirect": 0.045553731998797996, "roll-out": 0.2861098911259564, "dsfb-red": 0.018269341901481703, "sfR": 0.09677191928064538, "dsfb": 0.0, "sft": 0.0, "oneh-in": 0.00458380527495897}, "gutenberg": {"unknown": 0.032975828246008664, "sfT": 6.19458263857395e-05, "oneh-out": 0.01157686037334958, "bad-redirect": 0.008090087038621992, "sfb": 0.021268067059103897, "alternate": 0.25346205183520665, "dsfb-alt": 0.025779693362476288, "roll-in": 0.19700686102122336, "redirect": 0.04147206773652981, "roll-out": 0.2887372636918273, "dsfb-red": 0.017494297005800175, "sfR": 0.09863878308844841, "dsfb": 0.0, "sft": 0.0, "oneh-in": 0.003436193715018131}, "english-200": {"unknown": 0.0, "sfT": 0.0, "oneh-out": 0.008908685968819599, "bad-redirect": 0.004454342984409799, "sfb": 0.0066815144766146995, "alternate": 0.2561247216035635, "dsfb-alt": 0.028953229398663696, "roll-in": 0.23162583518930957, "redirect": 0.051224944320712694, "roll-out": 0.2717149220489978, "dsfb-red": 0.026726057906458798, "sfR": 0.10690423162583519, "dsfb": 0.0, "sft": 0.0, "oneh-in": 0.0066815144766146995}, "monkeyracer": {"unknown": 0.013436077701487402, "sfT": 9.188732658710919e-05, "oneh-out": 0.011102726121025384, "bad-redirect": 0.013837840374118273, "sfb": 0.019249417395248446, "alternate": 0.2667029654190844, "dsfb-alt": 0.02539804807857735, "roll-in": 0.19793116661713875, "redirect": 0.0457716189373915, "roll-out": 0.2865545380609037, "dsfb-red": 0.01833543175313199, "sfR": 0.09690789370786869, "dsfb": 0.0, "sft": 0.0, "oneh-in": 0.004680388507437008}, "chained-bigrams": {"unknown": 0.022916559801936097, "sfT": 0.00010323944603920891, "oneh-out": 0.009061696282535846, "bad-redirect": 0.008055274009826576, "sfb": 0.02258021997144358, "alternate": 0.2815956532946694, "dsfb-alt": 0.04096463302272761, "roll-in": 0.1713047582995749, "redirect": 0.057701110765536724, "roll-out": 0.238496106444414, "dsfb-red": 0.02146731172923475, "sfR": 0.11914286586209158, "dsfb": 0.0, "sft": 0.0, "oneh-in": 0.006610571069969723}, "english-5k": {"unknown": 0.002157049819554486, "sfT": 0.0, "oneh-out": 0.00543410627618534, "bad-redirect": 0.008005973368731075, "sfb": 0.023520139378603724, "alternate": 0.28220019081594555, "dsfb-alt": 0.03401501638528228, "roll-in": 0.2516696395237898, "redirect": 0.04737213257560045, "roll-out": 0.21201310822582653, "dsfb-red": 0.020243082921972872, "sfR": 0.10644211224955408, "dsfb": 0.0, "sft": 0.0, "oneh-in": 0.006927448458953831}, "mt-quotes": {"unknown": 0.007977133909467972, "sfT": 8.96475060063829e-05, "oneh-out": 0.011455457142515628, "bad-redirect": 0.014282341831916902, "sfb": 0.018310503101803707, "alternate": 0.26829855010100284, "dsfb-alt": 0.02489959479327285, "roll-in": 0.19613230776586463, "redirect": 0.04619535984508911, "roll-out": 0.29307413251096687, "dsfb-red": 0.01826418522370041, "sfR": 0.0964592223377679, "dsfb": 0.0, "sft": 0.0, "oneh-in": 0.004561563930624783}, "wordle": {"unknown": 0.0, "sfT": 0.00029170874004263433, "oneh-out": 0.010120049366094468, "bad-redirect": 0.008594188264332997, "sfb": 0.044945585100415124, "alternate": 0.24539436777740378, "dsfb-alt": 0.03668798384382363, "roll-in": 0.20875126220127904, "redirect": 0.0574217435207001, "roll-out": 0.21972399865365197, "dsfb-red": 0.031930887467743745, "sfR": 0.13138112868843263, "dsfb": 0.0, "sft": 0.0, "oneh-in": 0.004757096376079883}, "english-1k": {"unknown": 0.0, "sfT": 0.0, "oneh-out": 0.008115737473535639, "bad-redirect": 0.006351446718419196, "sfb": 0.02611150317572336, "alternate": 0.2600564573041637, "dsfb-alt": 0.030698659139026113, "roll-in": 0.24982357092448837, "redirect": 0.046224417784050814, "roll-out": 0.23112208892025407, "dsfb-red": 0.026817219477769938, "sfR": 0.10832745236414962, "dsfb": 0.0, "sft": 0.0, "oneh-in": 0.006351446718419196}, "english-10k": {"unknown": 0.0, "sfT": 1.929719611740414e-05, "oneh-out": 0.004882190617703248, "bad-redirect": 0.010188919549989387, "sfb": 0.026630130642017715, "alternate": 0.287972057660022, "dsfb-alt": 0.03243858667335636, "roll-in": 0.24484282433762375, "redirect": 0.045850137974952236, "roll-out": 0.2143532544721252, "dsfb-red": 0.02045502788444839, "sfR": 0.10567144593890508, "dsfb": 0.0, "sft": 0.0, "oneh-in": 0.006696127052739237}, "reddit": {"unknown": 0.039285409944231534, "sfT": 8.750051738052068e-05, "oneh-out": 0.009402222760360393, "bad-redirect": 0.013798262238226526, "sfb": 0.020274461704196185, "alternate": 0.2635884539021916, "dsfb-alt": 0.027797670785671115, "roll-in": 0.1977211658919537, "redirect": 0.04392098957990949, "roll-out": 0.2563276714580317, "dsfb-red": 0.018070991911633468, "sfR": 0.10397777127267367, "dsfb": 0.0, "sft": 0.0, "oneh-in": 0.005747428033540117}, "akl": {"unknown": 0.13277008071454782, "sfT": 0.00014145102262665382, "oneh-out": 0.006654646747628373, "bad-redirect": 0.013055521713003757, "sfb": 0.025048245917136683, "alternate": 0.22037634471433848, "dsfb-alt": 0.025444382903297928, "roll-in": 0.16985231253150065, "redirect": 0.03879315914687911, "roll-out": 0.21763553040167916, "dsfb-red": 0.01346482785114055, "sfR": 0.13064861186637447, "dsfb": 0.0, "sft": 0.0, "oneh-in": 0.006114884469846385}, "french": {"unknown": 0.15807953387545715, "sfT": 4.6758317463446524e-05, "oneh-out": 0.01135864553873889, "bad-redirect": 0.006659756743186855, "sfb": 0.047544639248793846, "alternate": 0.20366144742866185, "dsfb-alt": 0.028388561108738736, "roll-in": 0.1634366497385377, "redirect": 0.03410163046897214, "roll-out": 0.2144323254855917, "dsfb-red": 0.021086083500706686, "sfR": 0.10898279115633469, "dsfb": 0.0, "sft": 0.0, "oneh-in": 0.0022211773888162942}, "keymash": {"unknown": 0.01232282349464109, "sfT": 6.978281126212477e-05, "oneh-out": 0.011177564415692101, "bad-redirect": 0.01299602237975806, "sfb": 0.019424250758374964, "alternate": 0.2674775155677242, "dsfb-alt": 0.02489604413557569, "roll-in": 0.2005311703398423, "redirect": 0.04510843017408759, "roll-out": 0.283067816577933, "dsfb-red": 0.018812624942018692, "sfR": 0.099723742164827, "dsfb": 0.0, "sft": 0.0, "oneh-in": 0.0043922122382631466}, "movie": {"unknown": 0.030236445784519856, "sfT": 0.0001880533113371933, "oneh-out": 0.01320860665656083, "bad-redirect": 0.01903207420960035, "sfb": 0.017709252736149362, "alternate": 0.2563465360619531, "dsfb-alt": 0.0252711277368896, "roll-in": 0.18800777848504305, "redirect": 0.04186535198671283, "roll-out": 0.2724184484904346, "dsfb-red": 0.016283126959409568, "sfR": 0.11567713207251198, "dsfb": 0.0, "sft": 0.0, "oneh-in": 0.003756065508877656}, "dutch": {"unknown": 0.07290361491625476, "sfT": 0.00032153500221929443, "oneh-out": 0.0079315254526369, "bad-redirect": 0.006595017842754035, "sfb": 0.034343710876127656, "alternate": 0.19475121542992183, "dsfb-alt": 0.024685898208530763, "roll-in": 0.1642743161921276,