{"english-450k": {"sfb": 0.020053195314742842, "unknown": 0.20329725586314923, "oneh-in": 0.006398288956154501, "roll-in": 0.19494872539979805, "bad-redirect": 0.0022037056635060143, "dsfb-alt": 0.03319006420507267, "sfR": 0.11369548401129392, "dsfb": 0.0, "sft": 0.0, "redirect": 0.03392619193931361, "dsfb-red": 0.015933744995763905, "sfT": 0.00013594098348770187, "roll-out": 0.1528593504885982, "oneh-out": 0.00469975752806085, "alternate": 0.2186582946510585}, "shai": {"sfb": 0.009954614038189478, "unknown": 0.21493099215917102, "oneh-in": 0.006021229811560632, "roll-in": 0.19554881313139913, "bad-redirect": 0.002755022784322553, "dsfb-alt": 0.030070986393810072, "sfR": 0.09823378925716947, "dsfb": 0.0, "sft": 0.0, "redirect": 0.025932493722971, "dsfb-red": 0.01039722624830747, "sfT": 2.922545688627779e-05, "roll-out": 0.19443390317104142, "oneh-out": 0.006712898957869207, "alternate": 0.20497880486730227}, "tr-quotes": {"sfb": 0.006823698019000948, "unknown": 0.19059892281731813, "oneh-in": 0.006861838607521787, "roll-in": 0.18320542752132404, "bad-redirect": 0.002230646540764199, "dsfb-alt": 0.02858001433161508, "sfR": 0.09677191928064538, "dsfb": 0.0, "sft": 0.0, "redirect": 0.02868634566930954, "dsfb-red": 0.011970365918494718, "sfT": 1.9648181965280506e-05, "roll-out": 0.22727167656780933, "oneh-out": 0.008748064076188715, "alternate": 0.20823143246804282}, "gutenberg": {"sfb": 0.007634112714125126, "unknown": 0.2172169236755433, "oneh-in": 0.00403879210563904, "roll-in": 0.17662744188742682, "bad-redirect": 0.0023882294594648867, "dsfb-alt": 0.022471558909344273, "sfR": 0.09863878308844841, "dsfb": 0.0, "sft": 0.0, "redirect": 0.026523043279105162, "dsfb-red": 0.018328955449395185, "sfT": 0.00015249660624012325, "roll-out": 0.22144609974301008, "oneh-out": 0.01163198647572955, "alternate": 0.19290157660652807}, "english-200": {"sfb": 0.0, "unknown": 0.19821826280623608, "oneh-in": 0.004454342984409799, "roll-in": 0.1759465478841871, "bad-redirect": 0.0, "dsfb-alt": 0.015590200445434299, "sfR": 0.10690423162583519, "dsfb": 0.0, "sft": 0.0, "redirect": 0.035634743875278395, "dsfb-red": 0.015590200445434299, "sfT": 0.0, "roll-out": 0.22717149220489977, "oneh-out": 0.0066815144766146995, "alternate": 0.21380846325167038}, "monkeyracer": {"sfb": 0.006745898306145111, "unknown": 0.1903015859361559, "oneh-in": 0.00694433583058323, "roll-in": 0.18298285812596776, "bad-redirect": 0.00219943068958506, "dsfb-alt": 0.028482138667751067, "sfR": 0.09690789370786869, "dsfb": 0.0, "sft": 0.0, "redirect": 0.028793969063296683, "dsfb-red": 0.011970768099848287, "sfT": 1.8572970267607176e-05, "roll-out": 0.2278883901340382, "oneh-out": 0.008821183352362481, "alternate": 0.20794297511612994}, "chained-bigrams": {"sfb": 0.011160249047307691, "unknown": 0.1942057347889013, "oneh-in": 0.005447017061779393, "roll-in": 0.17416429616345336, "bad-redirect": 0.003211461006980675, "dsfb-alt": 0.03749604735768702, "sfR": 0.11914286586209158, "dsfb": 0.0, "sft": 0.0, "redirect": 0.03352684777506008, "dsfb-red": 0.015797583158075175, "sfT": 2.5972187682819852e-05, "roll-out": 0.17625505727192037, "oneh-out": 0.00658070305413448, "alternate": 0.22298616526492607}, "english-5k": {"sfb": 0.011531920189156676, "unknown": 0.2160368357738416, "oneh-in": 0.008296345459824947, "roll-in": 0.2300576596009458, "bad-redirect": 0.0013274152735719916, "dsfb-alt": 0.0315261127473348, "sfR": 0.10644211224955408, "dsfb": 0.0, "sft": 0.0, "redirect": 0.026257933380345957, "dsfb-red": 0.010453395279379434, "sfT": 0.0, "roll-out": 0.14016675654374247, "oneh-out": 0.003484465093126478, "alternate": 0.21441904840917575}, "mt-quotes": {"sfb": 0.005907770645820634, "unknown": 0.18276437049521282, "oneh-in": 0.006772869078782228, "roll-in": 0.18253726347999666, "bad-redirect": 0.0022142933983576576, "dsfb-alt": 0.028403318153022317, "sfR": 0.0964592223377679, "dsfb": 0.0, "sft": 0.0, "redirect": 0.029226581083180932, "dsfb-red": 0.01209942506066148, "sfT": 7.470625500531909e-06, "roll-out": 0.2357415641696848, "oneh-out": 0.008958774100237864, "alternate": 0.2089070773717742}, "wordle": {"sfb": 0.025468416919106923, "unknown": 0.1876360372489622, "oneh-in": 0.006372714013239089, "roll-in": 0.16075395489734096, "bad-redirect": 0.003971726691349714, "dsfb-alt": 0.039537753842701674, "sfR": 0.13138112868843263, "dsfb": 0.0, "sft": 0.0, "redirect": 0.03392797038034332, "dsfb-red": 0.02196791203859531, "sfT": 0.0001795130707954673, "roll-out": 0.17531695276562326, "oneh-out": 0.009334679681364299, "alternate": 0.2041512397621452}, "english-1k": {"sfb": 0.007410021171489062, "unknown": 0.22477064220183487, "oneh-in": 0.0067043048694424845, "roll-in": 0.20289343683839098, "bad-redirect": 0.0, "dsfb-alt": 0.025758645024700072, "sfR": 0.10832745236414962, "dsfb": 0.0, "sft": 0.0, "redirect": 0.024700070571630206, "dsfb-red": 0.01587861679604799, "sfT": 0.0, "roll-out": 0.1743119266055046, "oneh-out": 0.008115737473535639, "alternate": 0.20112914608327453}, "english-10k": {"sfb": 0.011983558788907972, "unknown": 0.21190251056521486, "oneh-in": 0.006946990602265491, "roll-in": 0.2288261515601783, "bad-redirect": 0.0037436560467764032, "dsfb-alt": 0.03313328573358291, "sfR": 0.10567144593890508, "dsfb": 0.0, "sft": 0.0, "redirect": 0.026166997935200016, "dsfb-red": 0.009860867215993515, "sfT": 7.718878446961657e-05, "roll-out": 0.14521140078346617, "oneh-out": 0.004438355107002952, "alternate": 0.2120375909380367}, "reddit": {"sfb": 0.009812456350408108, "unknown": 0.19948645886417513, "oneh-in": 0.007486500816477965, "roll-in": 0.17949922060487356, "bad-redirect": 0.0025475910482026343, "dsfb-alt": 0.031431863935197174, "sfR": 0.10397777127267367, "dsfb": 0.0, "sft": 0.0, "redirect": 0.02821839245143225, "dsfb-red": 0.01019279892467258, "sfT": 4.611007572577952e-05, "roll-out": 0.2148434738978952, "oneh-out": 0.00711203905609566, "alternate": 0.2053453227021703}, "akl": {"sfb": 0.017197677099954085, "unknown": 0.26440030090894573, "oneh-in": 0.007808887092261868, "roll-in": 0.15057129041357636, "bad-redirect": 0.0021658684093366766, "dsfb-alt": 0.028514475430550353, "sfR": 0.13064861186637447, "dsfb": 0.0, "sft": 0.0, "redirect": 0.02492253363711495, "dsfb-red": 0.008710146297912951, "sfT": 0.00014098157818474876, "roll-out": 0.188908297808537, "oneh-out": 0.004715865910162714, "alternate": 0.1712950635470881}, "french": {"sfb": 0.03817102736293442, "unknown": 0.3344804627314561, "oneh-in": 0.0027864121857598735, "roll-in": 0.15650611124916874, "bad-redirect": 0.003420443584367069, "dsfb-alt": 0.0239296064542239, "sfR": 0.10898279115633469, "dsfb": 0.0, "sft": 0.0, "redirect": 0.022316571847360897, "dsfb-red": 0.010714591290281314, "sfT": 5.460880075432957e-05, "roll-out": 0.14324796337264134, "oneh-out": 0.012325318694039744, "alternate": 0.14306409127067757}, "keymash": {"sfb": 0.0075734874575658934, "unknown": 0.19157434127078604, "oneh-in": 0.006510325803631169, "roll-in": 0.18297053112929113, "bad-redirect": 0.0022864132866472642, "dsfb-alt": 0.02832771650117194, "sfR": 0.099723742164827, "dsfb": 0.0, "sft": 0.0, "redirect": 0.028175836264895553, "dsfb-red": 0.013045280834766618, "sfT": 2.462922750427933e-05, "roll-out": 0.22334193988005566, "oneh-out": 0.00917438724534405, "alternate": 0.2072713689335134}, "movie": {"sfb": 0.006884804121223192, "unknown": 0.18414117079175446, "oneh-in": 0.009193556601348957, "roll-in": 0.1538023418888159, "bad-redirect": 0.001869742090608007, "dsfb-alt": 0.03361311472475852, "sfR": 0.11567713207251198, "dsfb": 0.0, "sft": 0.0, "redirect": 0.028751364176094227, "dsfb-red": 0.013966347011130151, "sfT": 1.3686175212783836e-05, "roll-out": 0.23499610273001031, "oneh-out": 0.009772323895443412, "alternate": 0.2073183137210881}, "dutch": {"sfb": 0.018621219466860826, "unknown": 0.24373897009606135, "oneh-in": 0.004155318117572146, "roll-in": 0.18189171600533893, "bad-redirect": 0.0016034971360397523, "dsfb-alt": 0.02028005103390932, "sfR": 0.18880787437283908, "dsfb": 0.0,