{"mt-quotes": {"sfb": 0.43577204432172695, "dsfb-red": 0.0, "alternate": 0.0, "oneh-in": 0.0, "bad-redirect": 0.0, "sfT": 0.0592106835921158, "redirect": 0.0, "dsfb": 0.0, "sft": 0.0, "unknown": 0.00522794372527223, "sfR": 0.0964592223377679, "oneh-out": 0.0, "roll-in": 0.0, "roll-out": 0.0, "dsfb-alt": 0.4033301060231171}, "monkeyracer": {"sfb": 0.4326436570373962, "dsfb-red": 0.0, "alternate": 0.0, "oneh-in": 0.0, "bad-redirect": 0.0, "sfT": 0.05849703614495519, "redirect": 0.0, "dsfb": 0.0, "sft": 0.0, "unknown": 0.009366642163379577, "sfR": 0.09690789370786869, "oneh-out": 0.0, "roll-in": 0.0, "roll-out": 0.0, "dsfb-alt": 0.4025847709464004}}