{"english-450k": {"redirect": 0.07349934309808624, "dsfb-red": 0.056102990058475084, "roll-in": 0.1545923787684156, "oneh-out": 0.03160847125739855, "sfb": 0.20100526164692648, "alternate": 0.1261003180141975, "dsfb-alt": 0.05075714742609634, "sft": 0.0, "roll-out": 0.138349039145741, "bad-redirect": 0.017973152094280482, "dsfb": 0.0, "oneh-in": 0.026227839427094998, "unknown": 0.00015377410175167997, "sfT": 0.009934800950242092, "sfR": 0.11369548401129392}, "shai": {"redirect": 0.09221360058557737, "dsfb-red": 0.05150046847428175, "roll-in": 0.15235262025127932, "oneh-out": 0.030375645622892754, "sfb": 0.2006941926528494, "alternate": 0.1196499726129873, "dsfb-alt": 0.03934914199229448, "sft": 0.0, "roll-out": 0.14461812688934006, "bad-redirect": 0.015583937865385943, "dsfb": 0.0, "oneh-in": 0.025218147851474144, "unknown": 0.024097749651430984, "sfT": 0.006112606293037011, "sfR": 0.09823378925716947}, "tr-quotes": {"redirect": 0.09805598576084695, "dsfb-red": 0.05919766071057072, "roll-in": 0.1587619333811054, "oneh-out": 0.025717158641732737, "sfb": 0.2025357712489309, "alternate": 0.1301715170708028, "dsfb-alt": 0.03318809089017822, "sft": 0.0, "roll-out": 0.14076997757795706, "bad-redirect": 0.013432421811793532, "dsfb": 0.0, "oneh-in": 0.021892697810961374, "unknown": 0.013894731975682485, "sfT": 0.005610133838792446, "sfR": 0.09677191928064538}, "gutenberg": {"redirect": 0.10595274764785825, "dsfb-red": 0.05186419050065488, "roll-in": 0.15886660733506783, "oneh-out": 0.027797573921072304, "sfb": 0.19409502830753772, "alternate": 0.11294088094921466, "dsfb-alt": 0.028653449283796373, "sft": 0.0, "roll-out": 0.1464897554484859, "bad-redirect": 0.01370556144703935, "dsfb": 0.0, "oneh-in": 0.022002324010391743, "unknown": 0.03298207965968062, "sfT": 0.006011018400751988, "sfR": 0.09863878308844841}, "english-200": {"redirect": 0.10022271714922049, "dsfb-red": 0.0556792873051225, "roll-in": 0.18485523385300667, "oneh-out": 0.0334075723830735, "sfb": 0.18930957683741648, "alternate": 0.13140311804008908, "dsfb-alt": 0.026726057906458798, "sft": 0.0, "roll-out": 0.12472160356347439, "bad-redirect": 0.011135857461024499, "dsfb": 0.0, "oneh-in": 0.0334075723830735, "unknown": 0.0, "sfT": 0.0022271714922048997, "sfR": 0.10690423162583519}, "monkeyracer": {"redirect": 0.09799196865664639, "dsfb-red": 0.059744357727137654, "roll-in": 0.15909215321331935, "oneh-out": 0.025677620157342384, "sfb": 0.20272397047093232, "alternate": 0.13014960038788181, "dsfb-alt": 0.03303447143281668, "sft": 0.0, "roll-out": 0.14049963245069366, "bad-redirect": 0.013348100473904, "dsfb": 0.0, "oneh-in": 0.021803689569419898, "unknown": 0.013491796612290222, "sfT": 0.005534745139746939, "sfR": 0.09690789370786869}, "chained-bigrams": {"redirect": 0.09111497952417653, "dsfb-red": 0.053737754925138416, "roll-in": 0.15084062231958906, "oneh-out": 0.02715976596461679, "sfb": 0.1926941534657612, "alternate": 0.11455682682199766, "dsfb-alt": 0.034844936299963186, "sft": 0.0, "roll-out": 0.14214318596930478, "bad-redirect": 0.012579629104173795, "dsfb": 0.0, "oneh-in": 0.02941025602733313, "unknown": 0.023159399756770463, "sfT": 0.008615623959083416, "sfR": 0.11914286586209158}, "english-5k": {"redirect": 0.07039449122661467, "dsfb-red": 0.05475588003484465, "roll-in": 0.15754760028207573, "oneh-out": 0.03156759447463393, "sfb": 0.20579084913095783, "alternate": 0.11988219189447048, "dsfb-alt": 0.05736922885468951, "sft": 0.0, "roll-out": 0.13942008545235823, "bad-redirect": 0.018334923466213134, "dsfb": 0.0, "oneh-in": 0.02829053801800307, "unknown": 0.002157049819554486, "sfT": 0.008047455096030198, "sfR": 0.10644211224955408}, "mt-quotes": {"redirect": 0.10107009239669619, "dsfb-red": 0.06139808273867154, "roll-in": 0.16045409450042433, "oneh-out": 0.025298526195001256, "sfb": 0.2046010088332676, "alternate": 0.13097351215022532, "dsfb-alt": 0.0318876178864704, "sft": 0.0, "roll-out": 0.13988746249745998, "bad-redirect": 0.012939123366921266, "dsfb": 0.0, "oneh-in": 0.021651366825641578, "unknown": 0.007995063410669249, "sfT": 0.0053848268607834, "sfR": 0.0964592223377679}, "wordle": {"redirect": 0.06004712218108381, "dsfb-red": 0.04514753730506003, "roll-in": 0.15007292718501067, "oneh-out": 0.02715135195781443, "sfb": 0.20251318299113655, "alternate": 0.13948165600807808, "dsfb-alt": 0.05187927745989005, "sft": 0.0, "roll-out": 0.14780657466621788, "bad-redirect": 0.012745428026478179, "dsfb": 0.0, "oneh-in": 0.020015707393694602, "unknown": 0.0, "sfT": 0.011758106137103107, "sfR": 0.13138112868843263}, "english-1k": {"redirect": 0.0779816513761468, "dsfb-red": 0.059280169371912494, "roll-in": 0.17007762879322513, "oneh-out": 0.025758645024700072, "sfb": 0.2117148906139732, "alternate": 0.11785462244177841, "dsfb-alt": 0.04693013408609739, "sft": 0.0, "roll-out": 0.13126323218066338, "bad-redirect": 0.015525758645024701, "dsfb": 0.0, "oneh-in": 0.026817219477769938, "unknown": 0.0, "sfT": 0.008468595624558928, "sfR": 0.10832745236414962}, "english-10k": {"redirect": 0.0685436406090195, "dsfb-red": 0.05185156596746493, "roll-in": 0.14795160263213755, "oneh-out": 0.03373149881322244, "sfb": 0.21365855541189865, "alternate": 0.12307751683680361, "dsfb-alt": 0.05434090426661006, "sft": 0.0, "roll-out": 0.14505702321452693, "bad-redirect": 0.021304104513614173, "dsfb": 0.0, "oneh-in": 0.02707396615271801, "unknown": 0.0, "sfT": 0.00773817564307906, "sfR": 0.10567144593890508}, "reddit": {"redirect": 0.08839526261111508, "dsfb-red": 0.050595301304622975, "roll-in": 0.1569263720229082, "oneh-out": 0.0234894314844916, "sfb": 0.1994798289020277, "alternate": 0.12694396015130546, "dsfb-alt": 0.03534350414475642, "sft": 0.0, "roll-out": 0.12910858660631527, "bad-redirect": 0.012754698704741378, "dsfb": 0.0, "oneh-in": 0.021233783515254626, "unknown": 0.04519937363713543, "sfT": 0.006552125642652157, "sfR": 0.10397777127267367}, "akl": {"redirect": 0.07206125370376222, "dsfb-red": 0.04482865809083913, "roll-in": 0.133969363018002, "oneh-out": 0.018919500482452993, "sfb": 0.18286778322132924, "alternate": 0.1079129975156753, "dsfb-alt": 0.03357222043243097, "sft": 0.0, "roll-out": 0.1021313691843771, "bad-redirect": 0.0106274315214598, "dsfb": 0.0, "oneh-in": 0.019067548434868523, "unknown": 0.13920166722946467, "sfT": 0.004191595298963593, "sfR": 0.13064861186637447}, "french": {"redirect": 0.051592417350029514, "dsfb-red": 0.04415555265207528, "roll-in": 0.1245952450371799, "oneh-out": 0.026997797055508446, "sfb": 0.1756214387889353, "alternate": 0.10108910024367511, "dsfb-alt": 0.04465904729321404, "sft": 0.0, "roll-out": 0.12455043435870083, "bad-redirect": 0.014412064047418837, "dsfb": 0.0, "oneh-in": 0.016279325469096714, "unknown": 0.15842537463172957, "sfT": 0.008639411916101765, "sfR": 0.10898279115633469}, "keymash": {"redirect": 0.09809410827829385, "dsfb-red": 0.058482100708911265, "roll-in": 0.15731098094108278, "oneh-out": 0.026698082614638793, "sfb": 0.20342099970034438, "alternate": 0.1273290013258734, "dsfb-alt": 0.03327408635828137, "sft": 0.0, "roll-out": 0.14195465759216463, "bad-redirect": 0.013870359956159975, "dsfb": 0.0, "oneh-in": 0.022211458337609243, "unknown": 0.012376186820900362, "sfT": 0.005254235200912924, "sfR": 0.099723742164827}, "movie": {"redirect": 0.08864930478835843, "dsfb-red": 0.06200890154099753, "roll-in": 0.15448125513807312, "oneh-out": 0.02235149809005477, "sfb": 0.19201427468074694, "alternate": 0.13980349021155536, "dsfb-alt": 0.03135371143410192, "sft": 0.0, "roll-out": 0.13121659964608076, "bad-redirect": 0.010066839858195432, "dsfb": 0.0, "oneh-in": 0.017632662794093205, "unknown": 0.030282373430185833, "sfT": 0.004461956315044699, "sfR": 0.11567713207251198}, "dutch": {"redirect": 0.055242051556843, "dsfb-red": 0.043327451196053905, "roll-in": 0.10648991111310821, "oneh-out": 0.023848045986319018, "sfb": 0.19193695934396818, "alternate": 0.10237208628628112, "dsfb-alt": 0.033863864891608884, "sft": 0.0, "roll-out": 0.1335851701429755,