{"english-450k": {"unknown": 0.0, "sfT": 0.00020493468693522367, "oneh-out": 0.004468511683031233, "bad-redirect": 0.0008627136392950715, "sfb": 0.048444981322001215, "alternate": 0.38129604087233765, "dsfb-alt": 0.05704463717205334, "roll-in": 0.18001977429703894, "redirect": 0.0144840001847628, "roll-out": 0.18508642630741606, "dsfb-red": 0.008857212853176137, "sfR": 0.11369548401129392, "dsfb": 0.0, "sft": 0.0, "oneh-in": 0.005535282970658381}, "shai": {"unknown": 0.016772683614515952, "sfT": 0.00018044232889619346, "oneh-out": 0.005349698402264282, "bad-redirect": 0.0012871508929962012, "sfb": 0.029093928783858723, "alternate": 0.34763246706359513, "dsfb-alt": 0.06366967237453915, "roll-in": 0.2287561736890848, "redirect": 0.01840502852800922, "roll-out": 0.17630411489478837, "dsfb-red": 0.007442378127793467, "sfR": 0.09823378925716947, "dsfb": 0.0, "sft": 0.0, "oneh-in": 0.0068724720424890385}, "tr-quotes": {"unknown": 0.010735997780911213, "sfT": 0.00012020064261112781, "oneh-out": 0.006957767966528744, "bad-redirect": 0.003463858902937981, "sfb": 0.025884746076142485, "alternate": 0.3427290168974365, "dsfb-alt": 0.0614941864496891, "roll-in": 0.23910797253877628, "redirect": 0.026530824530177296, "roll-out": 0.17385751600748942, "dsfb-red": 0.006470030743625899, "sfR": 0.09677191928064538, "dsfb": 0.0, "sft": 0.0, "oneh-in": 0.005875962183028594}, "gutenberg": {"unknown": 0.030721151714990094, "sfT": 7.691133184284477e-05, "oneh-out": 0.006980366393460945, "bad-redirect": 0.001752669069482758, "sfb": 0.026258589537103656, "alternate": 0.3138664311588643, "dsfb-alt": 0.06408835634421875, "roll-in": 0.26239816352409995, "redirect": 0.01692219793642729, "roll-out": 0.16579506805137373, "dsfb-red": 0.0070756530927637805, "sfR": 0.09863878308844841, "dsfb": 0.0, "sft": 0.0, "oneh-in": 0.0054256587569234405}, "english-200": {"unknown": 0.0, "sfT": 0.0, "oneh-out": 0.008908685968819599, "bad-redirect": 0.0022271714922048997, "sfb": 0.013363028953229399, "alternate": 0.36971046770601335, "dsfb-alt": 0.060133630289532294, "roll-in": 0.22048997772828507, "redirect": 0.015590200445434299, "roll-out": 0.19376391982182628, "dsfb-red": 0.0022271714922048997, "sfR": 0.10690423162583519, "dsfb": 0.0, "sft": 0.0, "oneh-in": 0.0066815144766146995}, "monkeyracer": {"unknown": 0.01033830176580071, "sfT": 0.00012903326712232352, "oneh-out": 0.0069130550385535765, "bad-redirect": 0.003517134053834243, "sfb": 0.02582327134523046, "alternate": 0.34224314559644653, "dsfb-alt": 0.061206734754523984, "roll-in": 0.2397428327885262, "redirect": 0.026974795501822108, "roll-out": 0.1738772150710856, "dsfb-red": 0.0064428656333578365, "sfR": 0.09690789370786869, "dsfb": 0.0, "sft": 0.0, "oneh-in": 0.0058837214758277676}, "chained-bigrams": {"unknown": 0.017076064096761982, "sfT": 0.00019544071231321938, "oneh-out": 0.0037516825107833276, "bad-redirect": 0.0022913962583167814, "sfb": 0.031153639125542414, "alternate": 0.3579597288243884, "dsfb-alt": 0.062337146266920065, "roll-in": 0.21020979683905489, "redirect": 0.025519622312446717, "roll-out": 0.15193470072572784, "dsfb-red": 0.009505171387219995, "sfR": 0.11914286586209158, "dsfb": 0.0, "sft": 0.0, "oneh-in": 0.00892274507843276}, "english-5k": {"unknown": 0.0, "sfT": 8.296345459824948e-05, "oneh-out": 0.005102252457792342, "bad-redirect": 0.0007466710913842452, "sfb": 0.03090388683784793, "alternate": 0.3795163230596922, "dsfb-alt": 0.0630522254946696, "roll-in": 0.18637740075496745, "redirect": 0.013854896917907662, "roll-out": 0.20135230430995146, "dsfb-red": 0.008545235823619695, "sfR": 0.10644211224955408, "dsfb": 0.0, "sft": 0.0, "oneh-in": 0.004023727548015099}, "mt-quotes": {"unknown": 0.006137865911237016, "sfT": 0.00012550650840893607, "oneh-out": 0.006893893211890845, "bad-redirect": 0.0038025483797707415, "sfb": 0.024546981269647744, "alternate": 0.3424116374415797, "dsfb-alt": 0.06129648223186431, "roll-in": 0.24580300259380117, "redirect": 0.028246435017511146, "roll-out": 0.17209631728045327, "dsfb-red": 0.006179701414039995, "sfR": 0.0964592223377679, "dsfb": 0.0, "sft": 0.0, "oneh-in": 0.006000406402027229}, "wordle": {"unknown": 0.0, "sfT": 0.0006507348816335689, "oneh-out": 0.004510265903736116, "bad-redirect": 0.0020419611802984404, "sfb": 0.05897004375631101, "alternate": 0.3427128912823965, "dsfb-alt": 0.06285201391226299, "roll-in": 0.1847638281162347, "redirect": 0.020958151015370807, "roll-out": 0.17242230449904633, "dsfb-red": 0.009581510153708067, "sfR": 0.13138112868843263, "dsfb": 0.0, "sft": 0.0, "oneh-in": 0.009155166610568833}, "english-1k": {"unknown": 0.0, "sfT": 0.0, "oneh-out": 0.008821453775582216, "bad-redirect": 0.001058574453069866, "sfb": 0.021524347212420608, "alternate": 0.3570924488355681, "dsfb-alt": 0.05822159491884263, "roll-in": 0.20465772759350742, "redirect": 0.015172900494001412, "roll-out": 0.21277346506704306, "dsfb-red": 0.008468595624558928, "sfR": 0.10832745236414962, "dsfb": 0.0, "sft": 0.0, "oneh-in": 0.0038814396612561752}, "english-10k": {"unknown": 0.0, "sfT": 0.00011578317670442484, "oneh-out": 0.004747110244881419, "bad-redirect": 0.0007332934524613573, "sfb": 0.03508230254144073, "alternate": 0.37147102526002973, "dsfb-alt": 0.06342988363790741, "roll-in": 0.19324212191968507, "redirect": 0.013816792420061366, "roll-out": 0.1966577256324656, "dsfb-red": 0.007911850408135699, "sfR": 0.10567144593890508, "dsfb": 0.0, "sft": 0.0, "oneh-in": 0.007120665367322128}, "reddit": {"unknown": 0.041052351042636465, "sfT": 0.00021478080764550755, "oneh-out": 0.006255313099962412, "bad-redirect": 0.0018626822467031389, "sfb": 0.028207941833132095, "alternate": 0.3347258875861825, "dsfb-alt": 0.05994381013436536, "roll-in": 0.22454468173091455, "redirect": 0.02260266468292206, "roll-out": 0.16408740537555083, "dsfb-red": 0.006433310727784429, "sfR": 0.10397777127267367, "dsfb": 0.0, "sft": 0.0, "oneh-in": 0.006091399459526984}, "akl": {"unknown": 0.13144916288543582, "sfT": 0.0006575681250979502, "oneh-out": 0.006572568093101605, "bad-redirect": 0.001388715489563966, "sfb": 0.02955718565882809, "alternate": 0.28469406293367244, "dsfb-alt": 0.04870970353768143, "roll-in": 0.18510493306302886, "redirect": 0.02378539095320768, "roll-out": 0.14512850213892478, "dsfb-red": 0.006012174967478001, "sfR": 0.13064861186637447, "dsfb": 0.0, "sft": 0.0, "oneh-in": 0.00629142028760489}, "french": {"unknown": 0.15037208219521925, "sfT": 0.0002114237026735525, "oneh-out": 0.0038487893243854604, "bad-redirect": 0.000425529154410212, "sfb": 0.060621282153815445, "alternate": 0.26274052910729234, "dsfb-alt": 0.04354848856248257, "roll-in": 0.20150049702997788, "redirect": 0.014252882015041676, "roll-out": 0.13673836959515012, "dsfb-red": 0.00980252693573479, "sfR": 0.10898279115633469, "dsfb": 0.0, "sft": 0.0, "oneh-in": 0.006954809067481991}, "keymash": {"unknown": 0.009691601022933916, "sfT": 0.00017650946378066853, "oneh-out": 0.006731988851169683, "bad-redirect": 0.0033865187818384076, "sfb": 0.028052690127374155, "alternate": 0.337703652924926, "dsfb-alt": 0.06134319597065838, "roll-in": 0.23946176928160648, "redirect": 0.025934576562006133, "roll-out": 0.17483878118162824, "dsfb-red": 0.006937232413705344, "sfR": 0.099723742164827, "dsfb": 0.0, "sft": 0.0, "oneh-in": 0.006017741253545582}, "movie": {"unknown": 0.024744473186874588, "sfT": 0.0002155572596013454, "oneh-out": 0.007731373016837022, "bad-redirect": 0.004215210367698837, "sfb": 0.025328504394512424, "alternate": 0.3332640251383455, "dsfb-alt": 0.06259859145569449, "roll-in": 0.20796274833663622, "redirect": 0.03653590271971937, "roll-out": 0.16983648573762364, "dsfb-red": 0.006493300551434423, "sfR": 0.11567713207251198, "dsfb": 0.0, "sft": 0.0, "oneh-in": 0.005396695762510118}, "dutch": {"unknown": 0.06864641402584021, "sfT": 0.000802420972803683, "oneh-out": 0.0074110482883819676, "bad-redirect": 0.0005327956198942736, "sfb": 0.07644948326857866, "alternate": 0.2765587427701693, "dsfb-alt": 0.03899130101862332,