{"english-450k": {"sft": 0.0, "roll-out": 0.1907231534098384, "dsfb-red": 0.0369777015858612, "oneh-out": 0.008589716079216466, "sfR": 0.11369548401129392, "sfb": 0.14325373136073707, "alternate": 0.2077067136135686, "dsfb": 0.0, "redirect": 0.04989004859378554, "sfT": 0.00996257383934173, "roll-in": 0.1906459740127615, "unknown": 0.00015377410175167997, "dsfb-alt": 0.039072362116376005, "oneh-in": 0.006973041587416484, "bad-redirect": 0.0023557256880514014}, "shai": {"sft": 0.0, "roll-out": 0.22574779394438935, "dsfb-red": 0.03463743790703154, "oneh-out": 0.013414070577059374, "sfR": 0.09823378925716947, "sfb": 0.13164740390007162, "alternate": 0.207233345089055, "dsfb": 0.0, "redirect": 0.052244736476249776, "sfT": 0.006722013770604896, "roll-in": 0.16243804249585014, "unknown": 0.024097749651430984, "dsfb-alt": 0.035214581656801254, "oneh-in": 0.005546841545153892, "bad-redirect": 0.002822193729132691}, "tr-quotes": {"sft": 0.0, "roll-out": 0.24233374170731142, "dsfb-red": 0.0332643720672199, "oneh-out": 0.013483275929821317, "sfR": 0.09677191928064538, "sfb": 0.11498809551327986, "alternate": 0.22419962552876724, "dsfb": 0.0, "redirect": 0.05436536372252144, "sfT": 0.005462194586347981, "roll-in": 0.1562839509026606, "unknown": 0.013894731975682485, "dsfb-alt": 0.03756154504056772, "oneh-in": 0.0037169737176671828, "bad-redirect": 0.003674210027507455}, "gutenberg": {"sft": 0.0, "roll-out": 0.2514534536787296, "dsfb-red": 0.03092252300993823, "oneh-out": 0.013144070837230995, "sfR": 0.09863878308844841, "sfb": 0.1083851158765827, "alternate": 0.21003783810202534, "dsfb": 0.0, "redirect": 0.049435611007489194, "sfT": 0.003738345375829307, "roll-in": 0.15766709365716414, "unknown": 0.03298207965968062, "dsfb-alt": 0.03614851540291498, "oneh-in": 0.003703678445466645, "bad-redirect": 0.0037428918584998198}, "english-200": {"sft": 0.0, "roll-out": 0.21158129175946547, "dsfb-red": 0.044543429844097995, "oneh-out": 0.0200445434298441, "sfR": 0.10690423162583519, "sfb": 0.10690423162583519, "alternate": 0.22939866369710468, "dsfb": 0.0, "redirect": 0.051224944320712694, "sfT": 0.0022271714922048997, "roll-in": 0.17371937639198218, "unknown": 0.0, "dsfb-alt": 0.044543429844097995, "oneh-in": 0.0022271714922048997, "bad-redirect": 0.0066815144766146995}, "monkeyracer": {"sft": 0.0, "roll-out": 0.2430165631793797, "dsfb-red": 0.03327298747204279, "oneh-out": 0.013591504136884746, "sfR": 0.09690789370786869, "sfb": 0.11454537278883901, "alternate": 0.22401641459561755, "dsfb": 0.0, "redirect": 0.05452730813144189, "sfT": 0.005394959100364421, "roll-in": 0.15606769163395218, "unknown": 0.013491796612290222, "dsfb-alt": 0.03762297261366658, "oneh-in": 0.0037937735583464974, "bad-redirect": 0.0037507624693057227}, "chained-bigrams": {"sft": 0.0, "roll-out": 0.2108500112654364, "dsfb-red": 0.03095170536630849, "oneh-out": 0.01389252319154034, "sfR": 0.11914286586209158, "sfb": 0.13381974912165306, "alternate": 0.20592763239484999, "dsfb": 0.0, "redirect": 0.060696353310057925, "sfT": 0.005795044376729179, "roll-in": 0.15680968035379314, "unknown": 0.023159399756770463, "dsfb-alt": 0.03246977973636931, "oneh-in": 0.00460486887616396, "bad-redirect": 0.0018803863882361574}, "english-5k": {"sft": 0.0, "roll-out": 0.19313892230472476, "dsfb-red": 0.0353839133861534, "oneh-out": 0.011780810552951425, "sfR": 0.10644211224955408, "sfb": 0.15833575310075912, "alternate": 0.19861451030820923, "dsfb": 0.0, "redirect": 0.04757954121209607, "sfT": 0.010743767370473306, "roll-in": 0.1871655535736508, "unknown": 0.002157049819554486, "dsfb-alt": 0.0394076409341685, "oneh-in": 0.007508192641141577, "bad-redirect": 0.001742232546563239}, "mt-quotes": {"sft": 0.0, "roll-out": 0.24722690381420256, "dsfb-red": 0.03337576648617636, "oneh-out": 0.013868469179187435, "sfR": 0.0964592223377679, "sfb": 0.1127332329281266, "alternate": 0.22704575608706565, "dsfb": 0.0, "redirect": 0.055466406091249205, "sfT": 0.0052712733531753144, "roll-in": 0.15561761155138, "unknown": 0.007995063410669249, "dsfb-alt": 0.03745323388436667, "oneh-in": 0.0036038297414565925, "bad-redirect": 0.003883231135176486}, "wordle": {"sft": 0.0, "roll-out": 0.21204981487714575, "dsfb-red": 0.03520700100976102, "oneh-out": 0.013934702120498148, "sfR": 0.13138112868843263, "sfb": 0.11441714349826097, "alternate": 0.21696398519017165, "dsfb": 0.0, "redirect": 0.05017390328733311, "sfT": 0.006058566139347021, "roll-in": 0.16914619095702907, "unknown": 0.0, "dsfb-alt": 0.040323123527431844, "oneh-in": 0.007001009761023224, "bad-redirect": 0.003343430943565578}, "english-1k": {"sft": 0.0, "roll-out": 0.22335920959774172, "dsfb-red": 0.03599153140437544, "oneh-out": 0.017642907551164433, "sfR": 0.10832745236414962, "sfb": 0.1182074805928017, "alternate": 0.20959774170783346, "dsfb": 0.0, "redirect": 0.05257586450247001, "sfT": 0.0067043048694424845, "roll-in": 0.1806633733239238, "unknown": 0.0, "dsfb-alt": 0.03634438955539873, "oneh-in": 0.0077628793225123505, "bad-redirect": 0.0028228652081863093}, "english-10k": {"sft": 0.0, "roll-out": 0.19868393122479303, "dsfb-red": 0.03322977171416993, "oneh-out": 0.011906370004438355, "sfR": 0.10567144593890508, "sfb": 0.15350919511394995, "alternate": 0.20437660407942726, "dsfb": 0.0, "redirect": 0.048725420196445456, "sfT": 0.010362594315046023, "roll-in": 0.18579340421836707, "unknown": 0.0, "dsfb-alt": 0.03880666139209973, "oneh-in": 0.007043476582852512, "bad-redirect": 0.0018911252195056058}, "reddit": {"sft": 0.0, "roll-out": 0.22186445398235044, "dsfb-red": 0.032372157380318414, "oneh-out": 0.01277949551232096, "sfR": 0.10397777127267367, "sfb": 0.11534257520090752, "alternate": 0.21552478678772152, "dsfb": 0.0, "redirect": 0.0515547354879212, "sfT": 0.005525005913589119, "roll-in": 0.15125651829223413, "unknown": 0.04519937363713543, "dsfb-alt": 0.03538815338136497, "oneh-in": 0.004840921175181393, "bad-redirect": 0.004374051976281217}, "akl": {"sft": 0.0, "roll-out": 0.18237192635266647, "dsfb-red": 0.03040208682384836, "oneh-out": 0.012611723762188044, "sfR": 0.13064861186637447, "sfb": 0.10226693979767884, "alternate": 0.17600210884326345, "dsfb": 0.0, "redirect": 0.04723374550472974, "sfT": 0.006807982126915886, "roll-in": 0.1336601226687976, "unknown": 0.13920166722946467, "dsfb-alt": 0.030957834920257325, "oneh-in": 0.003983038428746722, "bad-redirect": 0.0038522116750684455}, "french": {"sft": 0.0, "roll-out": 0.16137845976903728, "dsfb-red": 0.02807458672261844, "oneh-out": 0.007653951535520823, "sfR": 0.10898279115633469, "sfb": 0.12300496784275745, "alternate": 0.19110362558540223, "dsfb": 0.0, "redirect": 0.02764150672168417, "sfT": 0.0055337966826404525, "roll-in": 0.14603110951764278, "unknown": 0.15842537463172957, "dsfb-alt": 0.03734251672081777, "oneh-in": 0.004329916080880533, "bad-redirect": 0.0004973970329338112}, "keymash": {"sft": 0.0, "roll-out": 0.24146084158070383, "dsfb-red": 0.033659944255848416, "oneh-out": 0.01295907853850164, "sfR": 0.099723742164827, "sfb": 0.11651677045149479, "alternate": 0.22061630536958207, "dsfb": 0.0, "redirect": 0.054787716583269364, "sfT": 0.0054102203084400256, "roll-in": 0.15707700327979213, "unknown": 0.012376186820900362, "dsfb-alt": 0.037493894004014566, "oneh-in": 0.0038873130744254206, "bad-redirect": 0.004030983568200384}, "movie": {"sft": 0.0, "roll-out": 0.22560383339239884, "dsfb-red": 0.031239352912372027, "oneh-out": 0.01171115485130826, "sfR": 0.11567713207251198, "sfb": 0.10422654094160096, "alternate": 0.23008829293784147, "dsfb": 0.0, "redirect": 0.05261900096448056, "sfT": 0.003969385605223066, "roll-in": 0.14551417841692801, "unknown": 0.030282373430185833, "dsfb-alt": 0.04192549219894593, "oneh-in": 0.0030112217424896125, "bad-redirect": 0.004132040533713458}, "dutch": {"sft": 0.0, "roll-out": 0.15538153879135475, "dsfb-red": 0.029612437716937955, "oneh-out": 0.0061192600793208134, "sfR": 0.18880787437283908, "sfb": 0.08600625591066219, "alternate": 0.17808576148263855, "dsfb": 0.0,