{"english-450k": {"dsfb-red": 0.01352159649091008, "sfb": 0.037550407793715844, "dsfb": 0.0, "bad-redirect": 0.0016166744917999814, "oneh-out": 0.010258720541004187, "sft": 0.0, "alternate": 0.3644332196496406, "roll-in": 0.1647391307144181, "oneh-in": 0.010886680180857054, "dsfb-alt": 0.03933810481312938, "unknown": 0.00015377410175167997, "sfR": 0.11369548401129392, "sfT": 3.9759083342639684e-05, "roll-out": 0.21816744537949753, "redirect": 0.025599002748638983}, "shai": {"dsfb-red": 0.015514576269192197, "sfb": 0.02464125567827676, "dsfb": 0.0, "bad-redirect": 0.0023002923242362214, "oneh-out": 0.008159073337434935, "sft": 0.0, "alternate": 0.34114134640065913, "roll-in": 0.18663874115108434, "oneh-in": 0.012145617628999952, "dsfb-alt": 0.03585962011782763, "unknown": 0.023260762136131256, "sfR": 0.09823378925716947, "sfT": 8.361244141362192e-05, "roll-out": 0.22560415146241075, "redirect": 0.026417161795163725}, "tr-quotes": {"dsfb-red": 0.02489886965164929, "sfb": 0.02093455999630152, "dsfb": 0.0, "bad-redirect": 0.002793509165298999, "oneh-out": 0.007279073530431566, "sft": 0.0, "alternate": 0.3360024040128522, "roll-in": 0.18544994336700493, "oneh-in": 0.0116906682693419, "dsfb-alt": 0.03703219990291486, "unknown": 0.01311111624789071, "sfR": 0.09677191928064538, "sfT": 3.1205936062504334e-05, "roll-out": 0.23247382168696978, "redirect": 0.03153070895263632}, "gutenberg": {"dsfb-red": 0.017346536319008503, "sfb": 0.019637584711391175, "dsfb": 0.0, "bad-redirect": 0.0024778330554295802, "oneh-out": 0.007715191655082608, "sft": 0.0, "alternate": 0.31798137684923444, "roll-in": 0.1973760733014246, "oneh-in": 0.01148214198438056, "dsfb-alt": 0.032050997896115145, "unknown": 0.032975828246008664, "sfR": 0.09863878308844841, "sfT": 1.1934517010096601e-05, "roll-out": 0.2287670734632036, "redirect": 0.03353864491326258}, "english-200": {"dsfb-red": 0.004454342984409799, "sfb": 0.008908685968819599, "dsfb": 0.0, "bad-redirect": 0.0022271714922048997, "oneh-out": 0.0022271714922048997, "sft": 0.0, "alternate": 0.3741648106904232, "roll-in": 0.21158129175946547, "oneh-in": 0.013363028953229399, "dsfb-alt": 0.031180400890868598, "unknown": 0.0, "sfR": 0.10690423162583519, "sfT": 0.0, "roll-out": 0.21158129175946547, "redirect": 0.0334075723830735}, "monkeyracer": {"dsfb-red": 0.02527390243520966, "sfb": 0.02072059214539312, "dsfb": 0.0, "bad-redirect": 0.0028230914806762907, "oneh-out": 0.0072688740478908925, "sft": 0.0, "alternate": 0.33554319095359497, "roll-in": 0.18525071554811767, "oneh-in": 0.011710746516101787, "dsfb-alt": 0.037010064594835544, "unknown": 0.012967843345793515, "sfR": 0.09690789370786869, "sfT": 3.128079202965419e-05, "roll-out": 0.23283857547273096, "redirect": 0.03165322895975726}, "chained-bigrams": {"dsfb-red": 0.014101599302387038, "sfb": 0.023932072340334353, "dsfb": 0.0, "bad-redirect": 0.004353587960332678, "oneh-out": 0.010955718069305485, "sft": 0.0, "alternate": 0.3373475513746105, "roll-in": 0.17435843826638245, "oneh-in": 0.010563538035294905, "dsfb-alt": 0.040301692932123635, "unknown": 0.022915910497244025, "sfR": 0.11914286586209158, "sfT": 7.856586774053006e-05, "roll-out": 0.21652298636005635, "redirect": 0.025425473132096494}, "english-5k": {"dsfb-red": 0.011448956734558428, "sfb": 0.02820757456340482, "dsfb": 0.0, "bad-redirect": 0.00157630563736674, "oneh-out": 0.009872651097191687, "sft": 0.0, "alternate": 0.3710955324179699, "roll-in": 0.1650143111959182, "oneh-in": 0.01182229228025055, "dsfb-alt": 0.040320238934749245, "unknown": 0.002157049819554486, "sfR": 0.10644211224955408, "sfT": 0.0, "roll-out": 0.23300286223918365, "redirect": 0.019040112830298255}, "mt-quotes": {"dsfb-red": 0.026710474414601785, "sfb": 0.019852440205113495, "dsfb": 0.0, "bad-redirect": 0.0028283788145013807, "oneh-out": 0.006877457835789675, "sft": 0.0, "alternate": 0.33601528788802426, "roll-in": 0.18753212368965227, "oneh-in": 0.011718423160134352, "dsfb-alt": 0.03687650159572561, "unknown": 0.007930816031364673, "sfR": 0.0964592223377679, "sfT": 1.6435376101170198e-05, "roll-out": 0.23467027647290853, "redirect": 0.03251216217831487}, "wordle": {"dsfb-red": 0.019050824638168967, "sfb": 0.03116795691686301, "dsfb": 0.0, "bad-redirect": 0.002176595983395041, "oneh-out": 0.007292718501065859, "sft": 0.0, "alternate": 0.3279479412094693, "roll-in": 0.1822057668573993, "oneh-in": 0.022730842589476045, "dsfb-alt": 0.03561090541905083, "unknown": 0.0, "sfR": 0.13138112868843263, "sfT": 0.00022439133849433412, "roll-out": 0.20522831818691797, "redirect": 0.034982609671266686}, "english-1k": {"dsfb-red": 0.010232886379675371, "sfb": 0.02646436132674665, "dsfb": 0.0, "bad-redirect": 0.002117148906139732, "oneh-out": 0.0056457304163726185, "sft": 0.0, "alternate": 0.3669724770642202, "roll-in": 0.1743119266055046, "oneh-in": 0.014820042342978124, "dsfb-alt": 0.03634438955539873, "unknown": 0.0, "sfR": 0.10832745236414962, "sfT": 0.0, "roll-out": 0.22653493295695132, "redirect": 0.028228652081863093}, "english-10k": {"dsfb-red": 0.01142394010150325, "sfb": 0.031203566121842496, "dsfb": 0.0, "bad-redirect": 0.0014279925126879063, "oneh-out": 0.010266108334459003, "sft": 0.0, "alternate": 0.3607031898265182, "roll-in": 0.17319233515370216, "oneh-in": 0.011616912062677292, "dsfb-alt": 0.03793828756681654, "unknown": 0.0, "sfR": 0.10567144593890508, "sfT": 3.859439223480828e-05, "roll-out": 0.23457671600316474, "redirect": 0.021940911985488507}, "reddit": {"dsfb-red": 0.019305288593449786, "sfb": 0.02830304620540484, "dsfb": 0.0, "bad-redirect": 0.0023886967011443427, "oneh-out": 0.006633333314604627, "sft": 0.0, "alternate": 0.32329317336770425, "roll-in": 0.17232069464023747, "oneh-in": 0.01302450445246907, "dsfb-alt": 0.034126025841494836, "unknown": 0.03913059845521882, "sfR": 0.10397777127267367, "sfT": 0.00036607129981157047, "roll-out": 0.2256669432896636, "redirect": 0.0314638525661231}, "akl": {"dsfb-red": 0.01704308163295409, "sfb": 0.027723140347111666, "dsfb": 0.0, "bad-redirect": 0.004859688862601098, "oneh-out": 0.00457982585241907, "sft": 0.0, "alternate": 0.2722596903401157, "roll-in": 0.14748750987470208, "oneh-in": 0.012609845984420423, "dsfb-alt": 0.02907318843922398, "unknown": 0.1327199489896728, "sfR": 0.13064861186637447, "sfT": 0.0009696251409537822, "roll-out": 0.1937332971976415, "redirect": 0.02629254547180933}, "french": {"dsfb-red": 0.009726658906374043, "sfb": 0.024729217130180024, "dsfb": 0.0, "bad-redirect": 0.005035590630436207, "oneh-out": 0.006699878106265071, "sft": 0.0, "alternate": 0.2613464540677886, "roll-in": 0.1921761004830699, "oneh-in": 0.016059167354670136, "dsfb-alt": 0.023903583001024922, "unknown": 0.1580789346019235, "sfR": 0.10898279115633469, "sfT": 3.325968111786328e-05, "roll-out": 0.17048109514481619, "redirect": 0.022747269735998884}, "keymash": {"dsfb-red": 0.024867310036820696, "sfb": 0.021029255417403834, "dsfb": 0.0, "bad-redirect": 0.002914458588006387, "oneh-out": 0.007421607221289504, "sft": 0.0, "alternate": 0.33253151514902735, "roll-in": 0.18729296055629216, "oneh-in": 0.011953385082076901, "dsfb-alt": 0.03673038795138191, "unknown": 0.01232282349464109, "sfR": 0.099723742164827, "sfT": 8.209742501426442e-06, "roll-out": 0.23210173512907767, "redirect": 0.03110260946665408}, "movie": {"dsfb-red": 0.03685937020695997, "sfb": 0.018205113391935604, "dsfb": 0.0, "bad-redirect": 0.004658168692374129, "oneh-out": 0.0073068383895635546, "sft": 0.0, "alternate": 0.31212770148977964, "roll-in": 0.16051304206959183, "oneh-in": 0.011669043542961234, "dsfb-alt": 0.039060738850800816, "unknown": 0.030236445784519856, "sfR": 0.11567713207251198, "sfT": 2.3819208783787253e-05, "roll-out": 0.2282199984234579, "redirect": 0.035442587876759676}, "dutch": {"dsfb-red": 0.009456916048989655, "sfb": 0.029374908485708923, "dsfb": 0.0, "bad-redirect": 0.001427183636328492, "oneh-out": 0.007036886405083395, "sft": 0.0, "alternate": 0.2911292344422298, "roll-in": 0.1820143626379053,