{"english-450k": {"roll-in": 0.2941765806135879, "dsfb-red": 0.034868423745293954, "sft": 0.0, "unknown": 0.0001543587941537776, "alternate": 0.1763543376282888, "sfb": 0.05524816976660833, "roll-out": 0.17439883388947325, "bad-redirect": 0.004129682436015649, "oneh-in": 0.02122725765815491, "redirect": 0.07163271260438953, "sfR": 0.11369548401129392, "dsfb": 0.0, "dsfb-alt": 0.043814509843588936, "oneh-out": 0.010040337928820716, "sfT": 0.00025931108033030445}, "shai": {"roll-in": 0.3516902423588067, "dsfb-red": 0.03132662441831626, "sft": 0.0, "unknown": 0.031793109309943265, "alternate": 0.14691293097389085, "sfb": 0.04530260481608901, "roll-out": 0.13800174044543143, "bad-redirect": 0.00303155575261957, "oneh-in": 0.048918576816622816, "redirect": 0.0632128983386038, "sfR": 0.09823378925716947, "dsfb": 0.0, "dsfb-alt": 0.034950306273189555, "oneh-out": 0.00634402190589457, "sfT": 0.00028159933342271397}, "tr-quotes": {"roll-in": 0.37508263794179514, "dsfb-red": 0.029906844501976376, "sft": 0.0, "unknown": 0.039616513719054114, "alternate": 0.13538753149487992, "sfb": 0.04392177712026999, "roll-out": 0.12172973347819052, "bad-redirect": 0.0028859711980767895, "oneh-in": 0.0543272231340006, "redirect": 0.0598264025334597, "sfR": 0.09677191928064538, "dsfb": 0.0, "dsfb-alt": 0.0351390397817896, "oneh-out": 0.005056517417535425, "sfT": 0.0003478883983264372}, "gutenberg": {"roll-in": 0.3728113895452873, "dsfb-red": 0.029440937969684812, "sft": 0.0, "unknown": 0.04011588984327138, "alternate": 0.13207323777384508, "sfb": 0.04755317774511888, "roll-out": 0.11679137289758328, "bad-redirect": 0.0031410512149906626, "oneh-in": 0.06459623634587064, "redirect": 0.05779905531667578, "sfR": 0.09863878308844841, "dsfb": 0.0, "dsfb-alt": 0.03224952763939421, "oneh-out": 0.004316695858874147, "sfT": 0.00047264476095541303}, "english-200": {"roll-in": 0.4922048997772829, "dsfb-red": 0.024498886414253896, "sft": 0.0, "unknown": 0.0, "alternate": 0.12026726057906459, "sfb": 0.0200445434298441, "roll-out": 0.0957683741648107, "bad-redirect": 0.0022271714922048997, "oneh-in": 0.0378619153674833, "redirect": 0.060133630289532294, "sfR": 0.10690423162583519, "dsfb": 0.0, "dsfb-alt": 0.035634743875278395, "oneh-out": 0.004454342984409799, "sfT": 0.0}, "monkeyracer": {"roll-in": 0.3765386239579586, "dsfb-red": 0.029683516586639973, "sft": 0.0, "unknown": 0.03912933825484461, "alternate": 0.13529235810250714, "sfb": 0.04349300874298137, "roll-out": 0.12160505654003159, "bad-redirect": 0.00292084395576896, "oneh-in": 0.054096219716283214, "redirect": 0.059563515648216214, "sfR": 0.09690789370786869, "dsfb": 0.0, "dsfb-alt": 0.03543331717159078, "oneh-out": 0.004992218902982623, "sfT": 0.0003440887123261961}, "chained-bigrams": {"roll-in": 0.3266327253460632, "dsfb-red": 0.03731554065329142, "sft": 0.0, "unknown": 0.033665798979163164, "alternate": 0.1523450612911164, "sfb": 0.04391572284818802, "roll-out": 0.12212836883623172, "bad-redirect": 0.005559346773507589, "oneh-in": 0.0503379955574573, "redirect": 0.06107814446899538, "sfR": 0.11914286586209158, "dsfb": 0.0, "dsfb-alt": 0.04069127574736593, "oneh-out": 0.006692383461170606, "sfT": 0.0004947701753577182}, "english-5k": {"roll-in": 0.3310241838470154, "dsfb-red": 0.03530094993155515, "sft": 0.0, "unknown": 0.0022400132741527356, "alternate": 0.17331065665574313, "sfb": 0.04961214584975318, "roll-out": 0.15638611191770024, "bad-redirect": 0.0021155680922553613, "oneh-in": 0.02339569419670635, "redirect": 0.07056041813581118, "sfR": 0.10644211224955408, "dsfb": 0.0, "dsfb-alt": 0.042269880117808106, "oneh-out": 0.007176338822748579, "sfT": 0.00016592690919649896}, "mt-quotes": {"roll-in": 0.38615065562209394, "dsfb-red": 0.028812708430451466, "sft": 0.0, "unknown": 0.03468910244916987, "alternate": 0.13407382173294605, "sfb": 0.04230017570911177, "roll-out": 0.11943737225230394, "bad-redirect": 0.0029762971994119125, "oneh-in": 0.056092444508193784, "redirect": 0.058991047202400164, "sfR": 0.0964592223377679, "dsfb": 0.0, "dsfb-alt": 0.03503723359749465, "oneh-out": 0.004637764310730209, "sfT": 0.0003421546479243614}, "wordle": {"roll-in": 0.2865926175249635, "dsfb-red": 0.03920116683496017, "sft": 0.0, "unknown": 0.0, "alternate": 0.14188264332996747, "sfb": 0.07862672500841468, "roll-out": 0.1765735442611915, "bad-redirect": 0.006843935824077191, "oneh-in": 0.02540109951755862, "redirect": 0.06137103107820038, "sfR": 0.13138112868843263, "dsfb": 0.0, "dsfb-alt": 0.040659710535173345, "oneh-out": 0.011062492987770673, "sfT": 0.0004039044092898014}, "english-1k": {"roll-in": 0.3934368383909668, "dsfb-red": 0.03493295695130558, "sft": 0.0, "unknown": 0.0, "alternate": 0.15384615384615385, "sfb": 0.04516584333098095, "roll-out": 0.12314749470712774, "bad-redirect": 0.004940014114326041, "oneh-in": 0.034227240649259, "redirect": 0.06104446012702894, "sfR": 0.10832745236414962, "dsfb": 0.0, "dsfb-alt": 0.034227240649259, "oneh-out": 0.006351446718419196, "sfT": 0.00035285815102328866}, "english-10k": {"roll-in": 0.31998610601879546, "dsfb-red": 0.03537176048320179, "sft": 0.0, "unknown": 0.0, "alternate": 0.16792420061365085, "sfb": 0.05154281082958646, "roll-out": 0.1701240809710349, "bad-redirect": 0.002836687829258409, "oneh-in": 0.023330310105941606, "redirect": 0.0759537639181027, "sfR": 0.10567144593890508, "dsfb": 0.0, "dsfb-alt": 0.03842071746975165, "oneh-out": 0.008703035448949268, "sfT": 0.00013508037282182898}, "reddit": {"roll-in": 0.3565939374802061, "dsfb-red": 0.029421262363521574, "sft": 0.0, "unknown": 0.06027826737738363, "alternate": 0.13690808156801226, "sfb": 0.04355334506874091, "roll-out": 0.12634258138138071, "bad-redirect": 0.0037449172631291512, "oneh-in": 0.0447831094035525, "redirect": 0.053943656933545116, "sfR": 0.10397777127267367, "dsfb": 0.0, "dsfb-alt": 0.03454082923596054, "oneh-out": 0.005629174979871323, "sfT": 0.0002830656720225149}, "akl": {"roll-in": 0.3002198012999806, "dsfb-red": 0.025212650302212272, "sft": 0.0, "unknown": 0.15113620503040356, "alternate": 0.1163945243703805, "sfb": 0.04599653703189008, "roll-out": 0.11052515934365045, "bad-redirect": 0.003276549251281824, "oneh-in": 0.0335124527426958, "redirect": 0.04677964448379432, "sfR": 0.13064861186637447, "dsfb": 0.0, "dsfb-alt": 0.030433860800284672, "oneh-out": 0.005421515029152623, "sfT": 0.0004424884478988198}, "french": {"roll-in": 0.26332195927148294, "dsfb-red": 0.02389809964819198, "sft": 0.0, "unknown": 0.1845785256052277, "alternate": 0.13325263515929134, "sfb": 0.04098804744442573, "roll-out": 0.10293694520286256, "bad-redirect": 0.0035729137531672916, "oneh-in": 0.026500100385807808, "redirect": 0.06573711551040809, "sfR": 0.10898279115633469, "dsfb": 0.0, "dsfb-alt": 0.0417342328848565, "oneh-out": 0.0041321558147743185, "sfT": 0.0003644781631690891}, "keymash": {"roll-in": 0.375263224868952, "dsfb-red": 0.030232376761502876, "sft": 0.0, "unknown": 0.03457533054475746, "alternate": 0.13232873450924212, "sfb": 0.04406989774765714, "roll-out": 0.12298604754261883, "bad-redirect": 0.0031771703480520334, "oneh-in": 0.05548964956714133, "redirect": 0.06039086584049291, "sfR": 0.099723742164827, "dsfb": 0.0, "dsfb-alt": 0.03565080681244433, "oneh-out": 0.005718085652243517, "sfT": 0.00039406764006846926}, "movie": {"roll-in": 0.34749067267419576, "dsfb-red": 0.030889697455253117, "sft": 0.0, "unknown": 0.08496732886260383, "alternate": 0.13211343891603386, "sfb": 0.0421594731559491, "roll-out": 0.10687073631227852, "bad-redirect": 0.003263889592571776, "oneh-in": 0.0457432770941197, "redirect": 0.052630976367791744, "sfR": 0.11567713207251198, "dsfb": 0.0, "dsfb-alt": 0.03384841166014753, "oneh-out": 0.003799361197771943, "sfT": 0.0005456046387711709}, "dutch": {"roll-in": 0.2284718312063885, "dsfb-red": 0.036270016100777375, "sft": 0.0, "unknown": 0.07489956334571263, "alternate": 0.1277890588373551, "sfb": 0.0673839247345588, "roll-out": 0.14077513173844178, "bad-redirect": 0.008353221871452056,