{"english-450k": {"sfb": 0.030855972135898885, "roll-in": 0.23779790808752377, "bad-redirect": 0.015916496569902024, "redirect": 0.05845316116870656, "unknown": 0.00015377410175167997, "dsfb": 0.0, "dsfb-alt": 0.03490321294321877, "sfR": 0.11369548401129392, "dsfb-red": 0.028492937792821263, "sfT": 3.537389032690737e-05, "roll-out": 0.20049862568050886, "alternate": 0.2600942758029142, "sft": 0.0, "oneh-in": 0.008540017225038166, "oneh-out": 0.01056276059009496}, "shai": {"sfb": 0.01890058793057911, "roll-in": 0.21105156917210097, "bad-redirect": 0.011059004227415313, "redirect": 0.05212507504722673, "unknown": 0.023260762136131256, "dsfb": 0.0, "dsfb-alt": 0.04044021023441363, "sfR": 0.09823378925716947, "dsfb-red": 0.025528500451908933, "sfT": 5.254854034498657e-05, "roll-out": 0.19039339376950878, "alternate": 0.30820924157636487, "sft": 0.0, "oneh-in": 0.010032134456144088, "oneh-out": 0.010713183200691843}, "tr-quotes": {"sfb": 0.016785326275398166, "roll-in": 0.21763135387531496, "bad-redirect": 0.013398904324911583, "redirect": 0.050918841450729294, "unknown": 0.013835787429786644, "dsfb": 0.0, "dsfb-alt": 0.04155590485656827, "sfR": 0.09677191928064538, "dsfb-red": 0.022988372899378193, "sfT": 2.7738609833337187e-05, "roll-out": 0.1977173435657983, "alternate": 0.30688610989112597, "sft": 0.0, "oneh-in": 0.009518966274473545, "oneh-out": 0.011963431266036384}, "gutenberg": {"sfb": 0.01682179644412013, "roll-in": 0.19888853653648192, "bad-redirect": 0.010758872366213116, "redirect": 0.049970959341942095, "unknown": 0.032975828246008664, "dsfb": 0.0, "dsfb-alt": 0.04894421200551791, "sfR": 0.09863878308844841, "dsfb-red": 0.020512403751909047, "sfT": 0.00010419022786592271, "roll-out": 0.18513807857307127, "alternate": 0.3157390137087819, "sft": 0.0, "oneh-in": 0.009510483999601424, "oneh-out": 0.011996841710038217}, "english-200": {"sfb": 0.015590200445434299, "roll-in": 0.20489977728285078, "bad-redirect": 0.013363028953229399, "redirect": 0.053452115812917596, "unknown": 0.0, "dsfb": 0.0, "dsfb-alt": 0.051224944320712694, "sfR": 0.10690423162583519, "dsfb-red": 0.013363028953229399, "sfT": 0.0, "roll-out": 0.20044543429844097, "alternate": 0.30957683741648107, "sft": 0.0, "oneh-in": 0.0200445434298441, "oneh-out": 0.011135857461024499}, "monkeyracer": {"sfb": 0.016648224033032517, "roll-in": 0.21808674945649623, "bad-redirect": 0.013560223344855092, "redirect": 0.05098769100833633, "unknown": 0.013436077701487402, "dsfb": 0.0, "dsfb-alt": 0.04137862270672694, "sfR": 0.09690789370786869, "dsfb-red": 0.02280858501337254, "sfT": 2.6393168275020725e-05, "roll-out": 0.1977728076074886, "alternate": 0.306819603672365, "sft": 0.0, "oneh-in": 0.009538686519542676, "oneh-out": 0.012028442060152963}, "chained-bigrams": {"sfb": 0.02081605912308804, "roll-in": 0.1931869757270427, "bad-redirect": 0.011561519347007257, "redirect": 0.04886732042991762, "unknown": 0.022916559801936097, "dsfb": 0.0, "dsfb-alt": 0.049890624624620725, "sfR": 0.11914286586209158, "dsfb-red": 0.02507939373122292, "sfT": 6.622907859119062e-05, "roll-out": 0.20050723682544547, "alternate": 0.2900898572763356, "sft": 0.0, "oneh-in": 0.009163637119190915, "oneh-out": 0.00871172105350985}, "english-5k": {"sfb": 0.01908159455759738, "roll-in": 0.22897913469116854, "bad-redirect": 0.013066744099224292, "redirect": 0.05359439167046916, "unknown": 0.002157049819554486, "dsfb": 0.0, "dsfb-alt": 0.04027875720745012, "sfR": 0.10644211224955408, "dsfb-red": 0.028166092836105695, "sfT": 0.0, "roll-out": 0.19828265648981624, "alternate": 0.2895424565478907, "sft": 0.0, "oneh-in": 0.010121541460986436, "oneh-out": 0.010287468370182934}, "mt-quotes": {"sfb": 0.015783937557523817, "roll-in": 0.22088249004912683, "bad-redirect": 0.013952140184793392, "redirect": 0.050831630030719215, "unknown": 0.007977133909467972, "dsfb": 0.0, "dsfb-alt": 0.04138427702274656, "sfR": 0.0964592223377679, "dsfb-red": 0.022754031149520088, "sfT": 1.792950120127658e-05, "roll-out": 0.19756517373686663, "alternate": 0.3104672428013053, "sft": 0.0, "oneh-in": 0.009822378408099353, "oneh-out": 0.012102413310861692}, "wordle": {"sfb": 0.03412992258498822, "roll-in": 0.20841467519353754, "bad-redirect": 0.011511275664759341, "redirect": 0.05046561202737574, "unknown": 0.0, "dsfb": 0.0, "dsfb-alt": 0.04191630203074161, "sfR": 0.13138112868843263, "dsfb-red": 0.029283069673510603, "sfT": 0.0001570739369460339, "roll-out": 0.19860877370133512, "alternate": 0.26906765398855603, "sft": 0.0, "oneh-in": 0.011870301806350275, "oneh-out": 0.013194210703466847}, "english-1k": {"sfb": 0.014820042342978124, "roll-in": 0.1990119971771348, "bad-redirect": 0.010938602681721948, "redirect": 0.051164431898376855, "unknown": 0.0, "dsfb": 0.0, "dsfb-alt": 0.04481298517995766, "sfR": 0.10832745236414962, "dsfb-red": 0.02117148906139732, "sfT": 0.0, "roll-out": 0.20359915314043756, "alternate": 0.3200423429781228, "sft": 0.0, "oneh-in": 0.012350035285815103, "oneh-out": 0.013761467889908258}, "english-10k": {"sfb": 0.022018100769958124, "roll-in": 0.23710464869454467, "bad-redirect": 0.014357113911348682, "redirect": 0.05161999961405608, "unknown": 0.0, "dsfb": 0.0, "dsfb-alt": 0.039134713726095595, "sfR": 0.10567144593890508, "dsfb-red": 0.029563304451863143, "sfT": 1.929719611740414e-05, "roll-out": 0.19455433125566854, "alternate": 0.2865247679512167, "sft": 0.0, "oneh-in": 0.00955211207811505, "oneh-out": 0.00988016441211092}, "reddit": {"sfb": 0.01894798232834157, "roll-in": 0.2140912541247635, "bad-redirect": 0.011750015966222403, "redirect": 0.04821540709559525, "unknown": 0.039285409944231534, "dsfb": 0.0, "dsfb-alt": 0.03952221571087522, "sfR": 0.10397777127267367, "dsfb-red": 0.025079573592298905, "sfT": 8.278088330948232e-05, "roll-out": 0.18779244173077972, "alternate": 0.2900819699303124, "sft": 0.0, "oneh-in": 0.009617752716271145, "oneh-out": 0.011555424704325227}, "akl": {"sfb": 0.020061831762823425, "roll-in": 0.19006639253911453, "bad-redirect": 0.010017598483822932, "redirect": 0.03963689905459572, "unknown": 0.13277008071454782, "dsfb": 0.0, "dsfb-alt": 0.031783365325148465, "sfR": 0.13064861186637447, "dsfb-red": 0.021313370644942292, "sfT": 0.00030195160655377054, "roll-out": 0.161703844154526, "alternate": 0.2415570849506415, "sft": 0.0, "oneh-in": 0.009956224799944399, "oneh-out": 0.010182744096964689}, "french": {"sfb": 0.0388103024049611, "roll-in": 0.1922186788676361, "bad-redirect": 0.008373319485320517, "redirect": 0.03390848460907507, "unknown": 0.15807953387545715, "dsfb": 0.0, "dsfb-alt": 0.030468759398762646, "sfR": 0.10898279115633469, "dsfb-red": 0.015943942035986584, "sfT": 4.5844425324622354e-05, "roll-out": 0.14781544646410114, "alternate": 0.24761501493621865, "sft": 0.0, "oneh-in": 0.010126614062735519, "oneh-out": 0.007611268278086231}, "keymash": {"sfb": 0.017363605390516925, "roll-in": 0.21704096251021088, "bad-redirect": 0.012236621198376114, "redirect": 0.051499714711448076, "unknown": 0.01232282349464109, "dsfb": 0.0, "dsfb-alt": 0.04243205411862257, "sfR": 0.099723742164827, "dsfb-red": 0.023159683596523994, "sfT": 1.6419485002852885e-05, "roll-out": 0.19570384174900354, "alternate": 0.30635064631197845, "sft": 0.0, "oneh-in": 0.009847586130461019, "oneh-out": 0.012302299138387525}, "movie": {"sfb": 0.015541046747631798, "roll-in": 0.21116333936884887, "bad-redirect": 0.013018052986290532, "redirect": 0.04738127539098047, "unknown": 0.030236445784519856, "dsfb": 0.0, "dsfb-alt": 0.044534156153205676, "sfR": 0.11567713207251198, "dsfb-red": 0.02515874318273847, "sfT": 1.4080968728537216e-05, "roll-out": 0.19967971718045313, "alternate": 0.2760818691209488, "sft": 0.0, "oneh-in": 0.009238299866467674, "oneh-out": 0.012275841176674178}, "dutch": {"sfb": 0.06864682643410762, "roll-in": 0.14498010022525024, "bad-redirect": 0.005849616795617169, "redirect": 0.03256940499420674, "unknown": 0.07290361491625476, "dsfb": 0.0, "dsfb-alt": 0.02398645378701781, "sfR": 0.18880787437283908,