{"monkeyracer": {"unknown": 0.01033830176580071, "oneh-in": 0.008442881273753852, "sfb": 0.01716435710152181, "sft": 0.0, "dsfb-red": 0.02124161283763705, "roll-out": 0.20131242473059419, "bad-redirect": 0.008665756916965138, "dsfb": 0.0, "alternate": 0.3184062045450991, "oneh-out": 0.015171184134382282, "dsfb-alt": 0.045059003393965937, "redirect": 0.06338661494909051, "sfR": 0.09690789370786869, "roll-in": 0.19389203434630964, "sfT": 1.1730297011120321e-05}, "english-450k": {"unknown": 0.0, "oneh-in": 0.010720627538661324, "sfb": 0.029400088054675755, "sft": 0.0, "dsfb-red": 0.025684952531747334, "roll-out": 0.20568835544152755, "bad-redirect": 0.00729637648577648, "dsfb": 0.0, "alternate": 0.27502147282846706, "oneh-out": 0.009639238940981733, "dsfb-alt": 0.038738502754778255, "redirect": 0.06721419212173764, "sfR": 0.11369548401129392, "roll-in": 0.21686592009242817, "sfT": 3.478919792480973e-05}, "shai": {"unknown": 0.016772683614515952, "oneh-in": 0.009463370141437123, "sfb": 0.019733960484055, "sft": 0.0, "dsfb-red": 0.0231745487800007, "roll-out": 0.19833724141411732, "bad-redirect": 0.008005739351808703, "dsfb": 0.0, "alternate": 0.3092424355956234, "oneh-out": 0.013929427120666651, "dsfb-alt": 0.04356956347671701, "redirect": 0.06711152242375527, "sfR": 0.09823378925716947, "roll-in": 0.19236353248186402, "sfT": 6.218585826934515e-05}, "tr-quotes": {"unknown": 0.010735997780911213, "oneh-in": 0.008449874020480341, "sfb": 0.017201405422898223, "sft": 0.0, "dsfb-red": 0.021244307806107116, "roll-out": 0.2014412519359238, "bad-redirect": 0.008674094449966483, "dsfb": 0.0, "alternate": 0.3181329604031345, "oneh-out": 0.01508980374933543, "dsfb-alt": 0.04512262777097154, "redirect": 0.06321282448394627, "sfR": 0.09677191928064538, "roll-in": 0.1939125309169922, "sfT": 1.0401978687501445e-05}, "gutenberg": {"unknown": 0.030721151714990094, "oneh-in": 0.008670710763002088, "sfb": 0.01693678456832852, "sft": 0.0, "dsfb-red": 0.02110799298174625, "roll-out": 0.19980446335781235, "bad-redirect": 0.008928913091331639, "dsfb": 0.0, "alternate": 0.31906684958681947, "oneh-out": 0.013946525028576538, "dsfb-alt": 0.04616839489839179, "redirect": 0.059509101111122474, "sfR": 0.09863878308844841, "roll-in": 0.17648877416597616, "sfT": 1.155564345422052e-05}, "english-200": {"unknown": 0.0, "oneh-in": 0.0066815144766146995, "sfb": 0.011135857461024499, "sft": 0.0, "dsfb-red": 0.013363028953229399, "roll-out": 0.23385300668151449, "bad-redirect": 0.013363028953229399, "dsfb": 0.0, "alternate": 0.30957683741648107, "oneh-out": 0.017817371937639197, "dsfb-alt": 0.04899777282850779, "redirect": 0.08685968819599109, "sfR": 0.10690423162583519, "roll-in": 0.1514476614699332, "sfT": 0.0}, "chained-bigrams": {"unknown": 0.017076064096761982, "oneh-in": 0.009687626005691804, "sfb": 0.022569831096370452, "sft": 0.0, "dsfb-red": 0.02684680110303881, "roll-out": 0.1947849145742282, "bad-redirect": 0.007835809023906749, "dsfb": 0.0, "alternate": 0.29162611217777445, "oneh-out": 0.00948374433238167, "dsfb-alt": 0.052806002692017254, "redirect": 0.051948271193792125, "sfR": 0.11914286586209158, "roll-in": 0.19609456213813437, "sfT": 9.739570381057445e-05}, "english-5k": {"unknown": 0.0, "oneh-in": 0.010453395279379434, "sfb": 0.020740863649562367, "sft": 0.0, "dsfb-red": 0.0231468038329116, "roll-out": 0.215497573318953, "bad-redirect": 0.005475588003484465, "dsfb": 0.0, "alternate": 0.28991579209358276, "oneh-out": 0.010370431824781184, "dsfb-alt": 0.04587879039283196, "redirect": 0.0739619197743394, "sfR": 0.10644211224955408, "roll-in": 0.1980337661260215, "sfT": 8.296345459824948e-05}, "mt-quotes": {"unknown": 0.006137865911237016, "oneh-in": 0.008308829681691589, "sfb": 0.016341246219863496, "sft": 0.0, "dsfb-red": 0.02108061103740094, "roll-out": 0.2012033683556257, "bad-redirect": 0.008798902714526482, "dsfb": 0.0, "alternate": 0.3223276078459497, "oneh-out": 0.015438794659399242, "dsfb-alt": 0.045400485291832514, "redirect": 0.06361536438722941, "sfR": 0.0964592223377679, "roll-in": 0.19487574855667517, "sfT": 1.1953000800851053e-05}, "wordle": {"unknown": 0.0, "oneh-in": 0.012072254010995176, "sfb": 0.03278357455402221, "sft": 0.0, "dsfb-red": 0.030696735106024907, "roll-out": 0.212633232357231, "bad-redirect": 0.008010770784247728, "dsfb": 0.0, "alternate": 0.2563222259620779, "oneh-out": 0.015079097946819253, "dsfb-alt": 0.04391338494334119, "redirect": 0.05968809603949288, "sfR": 0.13138112868843263, "roll-in": 0.1972399865365197, "sfT": 0.0001795130707954673}, "english-1k": {"unknown": 0.0, "oneh-in": 0.007410021171489062, "sfb": 0.010938602681721948, "sft": 0.0, "dsfb-red": 0.017290049400141144, "roll-out": 0.239590684544813, "bad-redirect": 0.0077628793225123505, "dsfb": 0.0, "alternate": 0.3094565984474241, "oneh-out": 0.022230063514467185, "dsfb-alt": 0.048341566690190546, "redirect": 0.06633733239237827, "sfR": 0.10832745236414962, "roll-in": 0.16231474947071278, "sfT": 0.0}, "english-10k": {"unknown": 0.0, "oneh-in": 0.015264082128866676, "sfb": 0.023561876459350456, "sft": 0.0, "dsfb-red": 0.025974025974025976, "roll-out": 0.20943246946218713, "bad-redirect": 0.005152351363346906, "dsfb": 0.0, "alternate": 0.2767603867158102, "oneh-out": 0.010420485903398237, "dsfb-alt": 0.04378533799039, "redirect": 0.07051195461299473, "sfR": 0.10567144593890508, "roll-in": 0.2134655834507246, "sfT": 0.0}, "reddit": {"unknown": 0.041052351042636465, "oneh-in": 0.007471068362213935, "sfb": 0.01945680383009542, "sft": 0.0, "dsfb-red": 0.023327390714719284, "roll-out": 0.19413169689386273, "bad-redirect": 0.008230142841972606, "dsfb": 0.0, "alternate": 0.29744332552908126, "oneh-out": 0.013969667361314395, "dsfb-alt": 0.043840568513635526, "redirect": 0.06071236133967937, "sfR": 0.10397777127267367, "roll-in": 0.18630560716874958, "sfT": 8.124512936573175e-05}, "akl": {"unknown": 0.13144916288543582, "oneh-in": 0.006460716777917175, "sfb": 0.022551073269826066, "sft": 0.0, "dsfb-red": 0.02073506450771968, "roll-out": 0.16718668345235274, "bad-redirect": 0.007648262970323724, "dsfb": 0.0, "alternate": 0.24195700219994018, "oneh-out": 0.012145466600967506, "dsfb-alt": 0.03934334803279183, "redirect": 0.053709583335196695, "sfR": 0.13064861186637447, "roll-in": 0.16599357804944995, "sfT": 0.0001714460517041661}, "french": {"unknown": 0.15037208219521925, "oneh-in": 0.011758346003848565, "sfb": 0.04262855874280683, "sft": 0.0, "dsfb-red": 0.015758182222391816, "roll-out": 0.17611019130114614, "bad-redirect": 0.005686191942248968, "dsfb": 0.0, "alternate": 0.24664817698069605, "oneh-out": 0.008085488407105927, "dsfb-alt": 0.03785209398832313, "redirect": 0.048990326721383634, "sfR": 0.10898279115633469, "roll-in": 0.14706744822123105, "sfT": 6.012211726395735e-05}, "keymash": {"unknown": 0.009691601022933916, "oneh-in": 0.00869001243775989, "sfb": 0.017503171013041177, "sft": 0.0, "dsfb-red": 0.021542364323742985, "roll-out": 0.20509168229938468, "bad-redirect": 0.008874731644041985, "dsfb": 0.0, "alternate": 0.315804164802371, "oneh-out": 0.015573881525205962, "dsfb-alt": 0.045876041097970964, "redirect": 0.06261160118712876, "sfR": 0.099723742164827, "roll-in": 0.18900058699658887, "sfT": 1.6419485002852885e-05}, "movie": {"unknown": 0.024744473186874588, "oneh-in": 0.005900189092934262, "sfb": 0.0159212329033023, "sft": 0.0, "dsfb-red": 0.023384014731588444, "roll-out": 0.2013610111662082, "bad-redirect": 0.008745729156646039, "dsfb": 0.0, "alternate": 0.2941386717487997, "oneh-out": 0.014066098172777172, "dsfb-alt": 0.0438327396735505, "redirect": 0.06007980882518793, "sfR": 0.11567713207251198, "roll-in": 0.19212902799599257, "sfT": 1.9871273626253454e-05}, "dutch": {"unknown": 0.06864641402584021, "oneh-in": 0.011068266872904272, "sfb": 0.06647386520396333, "sft": 0.0, "dsfb-red": 0.018713007202549013, "roll-out": 0.1806489685185101, "bad-redirect": 0.0038915382035832973, "dsfb": 0.0, "alternate": 0.21907098475097123, "oneh-out": 0.007307515882469955,