{"english-450k": {"sfR": 0.11369548401129392, "dsfb-red": 0.011405302341517662, "oneh-out": 0.0026530417745180526, "dsfb-alt": 0.059085213655374114, "alternate": 0.34866201914165984, "bad-redirect": 0.00787639134865734, "oneh-in": 0.011930940811003442, "sfT": 0.00018534749146495265, "redirect": 0.02459040835502055, "roll-out": 0.1412388813431086, "dsfb": 0.0, "sft": 0.0, "unknown": 0.0001543587941537776, "roll-in": 0.24308235801768227, "sfb": 0.03544025291454545}, "shai": {"sfR": 0.09823378925716947, "dsfb-red": 0.008263632431301017, "oneh-out": 0.0030105471736262294, "dsfb-alt": 0.05463558862570453, "alternate": 0.3048609896232792, "bad-redirect": 0.00718541781682315, "oneh-in": 0.015882876630254894, "sfT": 0.000213383378235236, "redirect": 0.020514358752217358, "roll-out": 0.13416661041672537, "dsfb": 0.0, "sft": 0.0, "unknown": 0.06456276146546681, "roll-in": 0.26156877577111703, "sfb": 0.026901268658079725}, "tr-quotes": {"sfR": 0.09677191928064538, "dsfb-red": 0.007841936154966367, "oneh-out": 0.002992302535771249, "dsfb-alt": 0.0561810868911953, "alternate": 0.29079424886156124, "bad-redirect": 0.006137167425625852, "oneh-in": 0.022282194124037816, "sfT": 8.668315572917871e-05, "redirect": 0.018843762280113727, "roll-out": 0.11951295624234298, "dsfb": 0.0, "sft": 0.0, "unknown": 0.09006264302720696, "roll-in": 0.25967846328101524, "sfb": 0.028814636739788724}, "gutenberg": {"sfR": 0.09863878308844841, "dsfb-red": 0.007304682157290872, "oneh-out": 0.002542052123150576, "dsfb-alt": 0.060334098279042646, "alternate": 0.2741616191237185, "bad-redirect": 0.0049556661108591605, "oneh-in": 0.013214351881846009, "sfT": 0.0001403726524520886, "redirect": 0.016942278234888725, "roll-out": 0.12613969901526975, "dsfb": 0.0, "sft": 0.0, "unknown": 0.09436925698728084, "roll-in": 0.2760222671566259, "sfb": 0.02523487318912648}, "english-200": {"sfR": 0.10690423162583519, "dsfb-red": 0.013363028953229399, "oneh-out": 0.0, "dsfb-alt": 0.07349665924276169, "alternate": 0.30957683741648107, "bad-redirect": 0.0022271714922048997, "oneh-in": 0.013363028953229399, "sfT": 0.0, "redirect": 0.022271714922048998, "roll-out": 0.14253897550111358, "dsfb": 0.0, "sft": 0.0, "unknown": 0.0, "roll-in": 0.28507795100222716, "sfb": 0.031180400890868598}, "monkeyracer": {"sfR": 0.09690789370786869, "dsfb-red": 0.00791110780924973, "oneh-out": 0.003001000985344949, "dsfb-alt": 0.056242864069318235, "alternate": 0.2907227035988551, "bad-redirect": 0.006099754445782567, "oneh-in": 0.02268346184525392, "sfT": 9.188732658710919e-05, "redirect": 0.018742082049517494, "roll-out": 0.11884257159391276, "dsfb": 0.0, "sft": 0.0, "unknown": 0.0900202543128392, "roll-in": 0.2598446517665827, "sfb": 0.028889766488887497}, "chained-bigrams": {"sfR": 0.11914286586209158, "dsfb-red": 0.012397823790394056, "oneh-out": 0.0030458883105026983, "dsfb-alt": 0.06221832350827117, "alternate": 0.3142173703289832, "bad-redirect": 0.007855937469360934, "oneh-in": 0.016216384684460645, "sfT": 0.00011687484457268934, "redirect": 0.02594167036229254, "roll-out": 0.10541591536702921, "dsfb": 0.0, "sft": 0.0, "unknown": 0.05987563217928082, "roll-in": 0.24908042222985516, "sfb": 0.024474891062905287}, "english-5k": {"sfR": 0.10644211224955408, "dsfb-red": 0.00937487036960219, "oneh-out": 0.0026963122744431078, "dsfb-alt": 0.05587588667192102, "alternate": 0.33998423694362634, "bad-redirect": 0.006471149458663459, "oneh-in": 0.014020823827104161, "sfT": 0.00012444518189737422, "redirect": 0.02269050483262123, "roll-out": 0.14983199900443855, "dsfb": 0.0, "sft": 0.0, "unknown": 0.0022400132741527356, "roll-in": 0.2633260048948438, "sfb": 0.02692164101713195}, "mt-quotes": {"sfR": 0.0964592223377679, "dsfb-red": 0.007761979895052653, "oneh-out": 0.0029494029476099977, "dsfb-alt": 0.05733406246638219, "alternate": 0.2917593024228733, "bad-redirect": 0.006052700780530953, "oneh-in": 0.023746130215990726, "sfT": 7.171800480510633e-05, "redirect": 0.018476350987915516, "roll-out": 0.11712147834713905, "dsfb": 0.0, "sft": 0.0, "unknown": 0.0857358864943044, "roll-in": 0.2632947251407466, "sfb": 0.02923703995888168}, "wordle": {"sfR": 0.13138112868843263, "dsfb-red": 0.016470324245484124, "oneh-out": 0.00677661842252889, "dsfb-alt": 0.061662739818243016, "alternate": 0.3141478738920678, "bad-redirect": 0.009514192752159766, "oneh-in": 0.006552227084034556, "sfT": 0.0008078088185796028, "redirect": 0.028744530461124202, "roll-out": 0.16344665095927297, "dsfb": 0.0, "sft": 0.0, "unknown": 0.0, "roll-in": 0.2057892965331538, "sfb": 0.05470660832491866}, "english-1k": {"sfR": 0.10832745236414962, "dsfb-red": 0.0077628793225123505, "oneh-out": 0.003175723359209598, "dsfb-alt": 0.06069160197600565, "alternate": 0.3203952011291461, "bad-redirect": 0.006351446718419196, "oneh-in": 0.013761467889908258, "sfT": 0.0, "redirect": 0.022935779816513763, "roll-out": 0.15772759350741003, "dsfb": 0.0, "sft": 0.0, "unknown": 0.0, "roll-in": 0.2745236414961186, "sfb": 0.024347212420606917}, "english-10k": {"sfR": 0.10567144593890508, "dsfb-red": 0.009783678431523899, "oneh-out": 0.003724358850658999, "dsfb-alt": 0.056232029486115664, "alternate": 0.3426217170645105, "bad-redirect": 0.00899249339071033, "oneh-in": 0.012388799907373458, "sfT": 0.00017367476505663728, "redirect": 0.02325312132147199, "roll-out": 0.15129001756044846, "dsfb": 0.0, "sft": 0.0, "unknown": 0.0, "roll-in": 0.25842805040427624, "sfb": 0.027440612878948688}, "reddit": {"sfR": 0.10397777127267367, "dsfb-red": 0.008460730678014764, "oneh-out": 0.0028781527202416304, "dsfb-alt": 0.052368010844670285, "alternate": 0.2794284448225146, "bad-redirect": 0.0069544557185015465, "oneh-in": 0.018494485425976006, "sfT": 0.000123721836005077, "redirect": 0.021710391641602975, "roll-out": 0.12100909522180127, "dsfb": 0.0, "sft": 0.0, "unknown": 0.10396709590989395, "roll-in": 0.24960773660396482, "sfb": 0.0310199073041394}, "akl": {"sfR": 0.13064861186637447, "dsfb-red": 0.0077380009815342056, "oneh-out": 0.004997730236123389, "dsfb-alt": 0.0433189988884791, "alternate": 0.2485023919306157, "bad-redirect": 0.006373474234529452, "oneh-in": 0.016776363067145403, "sfT": 0.00012245087653060197, "redirect": 0.022427436428389597, "roll-out": 0.10796587178439514, "dsfb": 0.0, "sft": 0.0, "unknown": 0.17107002670620014, "roll-in": 0.21093342035021395, "sfb": 0.029125222649468825}, "french": {"sfR": 0.10898279115633469, "dsfb-red": 0.003755092907398471, "oneh-out": 0.0015245668514571554, "dsfb-alt": 0.027722962976746254, "alternate": 0.24925718921865564, "bad-redirect": 0.0049447407627340794, "oneh-in": 0.011394377223183082, "sfT": 0.00027569578915807207, "redirect": 0.014391643801759536, "roll-out": 0.13407862885256663, "dsfb": 0.0, "sft": 0.0, "unknown": 0.21023212216107084, "roll-in": 0.2099565761902962, "sfb": 0.023483612108639362}, "keymash": {"sfR": 0.099723742164827, "dsfb-red": 0.00844782503396781, "oneh-out": 0.0032880018718212905, "dsfb-alt": 0.05732863188746085, "alternate": 0.29061256993674395, "bad-redirect": 0.0061942507173262515, "oneh-in": 0.021525944838740135, "sfT": 8.209742501426443e-05, "redirect": 0.018315935520682395, "roll-out": 0.12297373292886668, "dsfb": 0.0, "sft": 0.0, "unknown": 0.0849421007910087, "roll-in": 0.2585863644386794, "sfb": 0.02797880244486132}, "movie": {"sfR": 0.11567713207251198, "dsfb-red": 0.007871919508445225, "oneh-out": 0.002785268253640095, "dsfb-alt": 0.05065858796308786, "alternate": 0.25577053232246894, "bad-redirect": 0.006071397880932645, "oneh-in": 0.031949191653696606, "sfT": 0.00012370196826939236, "redirect": 0.018528844074853376, "roll-out": 0.1043828791738393, "dsfb": 0.0, "sft": 0.0, "unknown": 0.15450046842250645, "roll-in": 0.22527444400242191, "sfb": 0.02640563270332623}, "dutch": {"sfR": 0.18880787437283908, "dsfb-red": 0.009568875928192047, "oneh-out": 0.0025088946601341676, "dsfb-alt": 0.05282447843174692, "alternate": 0.22805400783912808, "bad-redirect": 0.006137567420234593, "oneh-in": 0.0148575816185547,