{"english-450k": {"bad-redirect": 0.006650291381458585, "sfT": 2.7188196697540374e-05, "dsfb": 0.0, "dsfb-red": 0.004940066105322981, "dsfb-alt": 0.054265301838682195, "unknown": 0.0, "oneh-out": 0.002111031917773538, "oneh-in": 0.011084890905168154, "sfR": 0.11369548401129392, "sfb": 0.025739036578941367, "alternate": 0.37813665547760306, "roll-in": 0.2502995086829745, "redirect": 0.016507328242221692, "roll-out": 0.13654321666186245, "sft": 0.0}, "shai": {"bad-redirect": 0.0074056092441463165, "sfT": 3.6374101949044985e-05, "dsfb": 0.0, "dsfb-red": 0.006399252639541397, "dsfb-alt": 0.05271883446199615, "unknown": 0.015546460696927484, "oneh-out": 0.0031753220876799314, "oneh-in": 0.015486341636959989, "sfR": 0.09823378925716947, "sfb": 0.019135157926612714, "alternate": 0.3440261323809857, "roll-in": 0.283384783967714, "redirect": 0.012078531833183522, "roll-out": 0.1423734097651343, "sft": 0.0}, "tr-quotes": {"bad-redirect": 0.006211137051848085, "sfT": 8.09042786805668e-06, "dsfb": 0.0, "dsfb-red": 0.007158872887820439, "dsfb-alt": 0.058099674071334456, "unknown": 0.009742030928549965, "oneh-out": 0.00394350569797277, "oneh-in": 0.022365409953537828, "sfR": 0.09677191928064538, "sfb": 0.02047340560782229, "alternate": 0.33973787013707496, "roll-in": 0.29189685860243636, "redirect": 0.01046785788585562, "roll-out": 0.13312336746723377, "sft": 0.0}, "gutenberg": {"bad-redirect": 0.00578445201433809, "sfT": 3.978172336698867e-05, "dsfb": 0.0, "dsfb-red": 0.006872197993258324, "dsfb-alt": 0.05865758279429098, "unknown": 0.025597834055655768, "oneh-out": 0.0026180162711037305, "oneh-in": 0.0140334765096501, "sfR": 0.09863878308844841, "sfb": 0.019253785799288704, "alternate": 0.3211671351438185, "roll-in": 0.30850499146966187, "redirect": 0.010002830185462394, "roll-out": 0.1288291329516561, "sft": 0.0}, "english-200": {"bad-redirect": 0.004454342984409799, "sfT": 0.0, "dsfb": 0.0, "dsfb-red": 0.0066815144766146995, "dsfb-alt": 0.07126948775055679, "unknown": 0.0, "oneh-out": 0.0022271714922048997, "oneh-in": 0.011135857461024499, "sfR": 0.10690423162583519, "sfb": 0.013363028953229399, "alternate": 0.3363028953229399, "roll-in": 0.2984409799554566, "redirect": 0.008908685968819599, "roll-out": 0.1403118040089087, "sft": 0.0}, "monkeyracer": {"bad-redirect": 0.006223900089150258, "sfT": 8.797722758340242e-06, "dsfb": 0.0, "dsfb-red": 0.007079234246211114, "dsfb-alt": 0.05811580149209378, "unknown": 0.009365664638628651, "oneh-out": 0.003961907815505888, "oneh-in": 0.022785124419350298, "sfR": 0.09690789370786869, "sfb": 0.020572008383252263, "alternate": 0.33945915510580726, "roll-in": 0.2924187090417129, "redirect": 0.010434099191391526, "roll-out": 0.132667704146269, "sft": 0.0}, "chained-bigrams": {"bad-redirect": 0.010356409838524415, "sfT": 4.739924252114623e-05, "dsfb": 0.0, "dsfb-red": 0.008053975400442436, "dsfb-alt": 0.06080413788894163, "unknown": 0.01607548556628135, "oneh-out": 0.002633579831037933, "oneh-in": 0.01798768788442896, "sfR": 0.11914286586209158, "sfb": 0.018451291434567293, "alternate": 0.35297696461743944, "roll-in": 0.26242947739413247, "redirect": 0.019900539507268642, "roll-out": 0.11114018553232272, "sft": 0.0}, "english-5k": {"bad-redirect": 0.005268179366988842, "sfT": 0.0, "dsfb": 0.0, "dsfb-red": 0.007259302277346829, "dsfb-alt": 0.04923881030406106, "unknown": 0.0, "oneh-out": 0.001410378728170241, "oneh-in": 0.012568963371634795, "sfR": 0.10644211224955408, "sfb": 0.01767121582942714, "alternate": 0.36748662214294603, "roll-in": 0.271705313809267, "redirect": 0.014684531463890156, "roll-out": 0.14626457045671382, "sft": 0.0}, "mt-quotes": {"bad-redirect": 0.006341066924851484, "sfT": 5.9765004004255265e-06, "dsfb": 0.0, "dsfb-red": 0.0070941059753051, "dsfb-alt": 0.059047823956204205, "unknown": 0.00522794372527223, "oneh-out": 0.004059537896989039, "oneh-in": 0.023675906336285725, "sfR": 0.0964592223377679, "sfb": 0.02056812612806445, "alternate": 0.3394906228708717, "roll-in": 0.29683932776323496, "redirect": 0.010113732802620097, "roll-out": 0.13107660678213265, "sft": 0.0}, "wordle": {"bad-redirect": 0.00650734881633569, "sfT": 2.2439133849433412e-05, "dsfb": 0.0, "dsfb-red": 0.0035678222820599123, "dsfb-alt": 0.07034668461797375, "unknown": 0.0, "oneh-out": 0.008661505665881296, "oneh-in": 0.0037922136205542465, "sfR": 0.13138112868843263, "sfb": 0.035005048805116123, "alternate": 0.36865253001234155, "roll-in": 0.19876584763828117, "redirect": 0.013396162908111747, "roll-out": 0.15990126781106248, "sft": 0.0}, "english-1k": {"bad-redirect": 0.00529287226534933, "sfT": 0.0, "dsfb": 0.0, "dsfb-red": 0.0077628793225123505, "dsfb-alt": 0.058927311220889206, "unknown": 0.0, "oneh-out": 0.001058574453069866, "oneh-in": 0.01305575158786168, "sfR": 0.10832745236414962, "sfb": 0.014820042342978124, "alternate": 0.34015525758645027, "roll-in": 0.2964008468595625, "redirect": 0.010938602681721948, "roll-out": 0.1432604093154552, "sft": 0.0}, "english-10k": {"bad-redirect": 0.00810482236930974, "sfT": 0.0, "dsfb": 0.0, "dsfb-red": 0.006445263503212983, "dsfb-alt": 0.04897628374597171, "unknown": 0.0, "oneh-out": 0.0032419289477238957, "oneh-in": 0.010401188707280832, "sfR": 0.10567144593890508, "sfb": 0.018718280233882018, "alternate": 0.36460122344223383, "roll-in": 0.2642558036317323, "redirect": 0.014511491480287915, "roll-out": 0.15507226799945967, "sft": 0.0}, "reddit": {"bad-redirect": 0.006098403995807017, "sfT": 6.172981705612075e-05, "dsfb": 0.0, "dsfb-red": 0.005988878519428318, "dsfb-alt": 0.05454597213880144, "unknown": 0.03279448971484982, "oneh-out": 0.0036484644239789623, "oneh-in": 0.017451708498169363, "sfR": 0.10397777127267367, "sfb": 0.025196740380983094, "alternate": 0.3347933483874677, "roll-in": 0.27227524006924375, "redirect": 0.011230556559102087, "roll-out": 0.1319366962224386, "sft": 0.0}, "akl": {"bad-redirect": 0.005476588274468747, "sfT": 0.0010559040878554897, "dsfb": 0.0, "dsfb-red": 0.005317051287027646, "dsfb-alt": 0.04755163351470608, "unknown": 0.12423987988349773, "oneh-out": 0.0037773476403856927, "oneh-in": 0.01592009640511059, "sfR": 0.13064861186637447, "sfb": 0.024132433933786543, "alternate": 0.28817326393824405, "roll-in": 0.22761078005532182, "redirect": 0.012375395547092159, "roll-out": 0.11372101356612901, "sft": 0.0}, "french": {"bad-redirect": 0.004455628686403051, "sfT": 0.00014565343235489495, "dsfb": 0.0, "dsfb-red": 0.006705571204834795, "dsfb-alt": 0.025457529237469523, "unknown": 0.14987089475718507, "oneh-out": 0.0013516015278059249, "oneh-in": 0.010224834994901606, "sfR": 0.10898279115633469, "sfb": 0.018373396941424744, "alternate": 0.2749441802921617, "roll-in": 0.23598880874654105, "redirect": 0.021902983218108765, "roll-out": 0.14159612580447414, "sft": 0.0}, "keymash": {"bad-redirect": 0.006210670202329104, "sfT": 2.462922750427933e-05, "dsfb": 0.0, "dsfb-red": 0.0075734874575658934, "dsfb-alt": 0.05806750871258923, "unknown": 0.008566866300238493, "oneh-out": 0.0036122867006276346, "oneh-in": 0.021924117350059315, "sfR": 0.099723742164827, "sfb": 0.019875786595953418, "alternate": 0.3373547388686154, "roll-in": 0.2930713878159212, "redirect": 0.010914852655646456, "roll-out": 0.13307992594812262, "sft": 0.0}, "movie": {"bad-redirect": 0.004559338715597199, "sfT": 1.9739675787668994e-05, "dsfb": 0.0, "dsfb-red": 0.0074706776986012075, "dsfb-alt": 0.06089005671735245, "unknown": 0.024481409107544254, "oneh-out": 0.0028417237263928283, "oneh-in": 0.03152715738535624, "sfR": 0.11567713207251198, "sfb": 0.02005301024133859, "alternate": 0.3327372389904919, "roll-in": 0.2608599471318843, "redirect": 0.010006436450285166, "roll-out": 0.12887613208685617, "sft": 0.0}, "dutch": {"bad-redirect": 0.006511388618442704, "sfT": 0.00033171969334468805, "dsfb": 0.0, "dsfb-red": 0.003512409490281671, "dsfb-alt": 0.050571653444080614, "unknown": 0.06757562285572356, "oneh-out": 0.002446083087929495, "oneh-in": 0.006153597550280547, "sfR": 0.18880787437283908,