{"english-450k": {"sfb": 0.05670405384783146, "redirect": 0.052671138004362975, "dsfb": 0.0, "roll-out": 0.19427106690576687, "bad-redirect": 0.023326011035484397, "roll-in": 0.26483642353012715, "sfR": 0.11369548401129392, "oneh-in": 0.03128689043624485, "dsfb-alt": 0.03366571147417911, "unknown": 0.00015377410175167997, "oneh-out": 0.021813996483659892, "sfT": 0.0006168504842130128, "dsfb-red": 0.03719696123664782, "sft": 0.0, "alternate": 0.16976163844843686}, "shai": {"sfb": 0.04558518723334819, "redirect": 0.05162499887758144, "dsfb": 0.0, "roll-out": 0.1848000724850161, "bad-redirect": 0.01784577380773605, "roll-in": 0.28422146185030933, "sfR": 0.09823378925716947, "oneh-in": 0.06045593260906115, "dsfb-alt": 0.030078885898181, "unknown": 0.024097749651430984, "oneh-out": 0.024697968778495887, "sfT": 0.0010444259456105383, "dsfb-red": 0.03327819290922529, "sft": 0.0, "alternate": 0.1440355606968346}, "tr-quotes": {"sfb": 0.045512124084047985, "redirect": 0.054710940570028434, "dsfb": 0.0, "roll-out": 0.17736067127435798, "bad-redirect": 0.015093271075564596, "roll-in": 0.3114756940431335, "sfR": 0.09677191928064538, "oneh-in": 0.06382654122650887, "dsfb-alt": 0.030960911675643188, "unknown": 0.013894731975682485, "oneh-out": 0.022960634289544854, "sfT": 0.0011026097408751532, "dsfb-red": 0.03117473012644183, "sft": 0.0, "alternate": 0.13515522063752572}, "gutenberg": {"sfb": 0.04338481088337022, "redirect": 0.04794284919733743, "dsfb": 0.0, "roll-out": 0.17631676557160844, "bad-redirect": 0.015212531015536468, "roll-in": 0.3016812892915557, "sfR": 0.09863878308844841, "oneh-in": 0.06957596092752794, "dsfb-alt": 0.029203573686928445, "unknown": 0.03298207965968062, "oneh-out": 0.02342366815526087, "sfT": 0.0009596867170341172, "dsfb-red": 0.030177278725529978, "sft": 0.0, "alternate": 0.1305007230801814}, "english-200": {"sfb": 0.024498886414253896, "redirect": 0.0378619153674833, "dsfb": 0.0, "roll-out": 0.22048997772828507, "bad-redirect": 0.0022271714922048997, "roll-in": 0.3363028953229399, "sfR": 0.10690423162583519, "oneh-in": 0.0645879732739421, "dsfb-alt": 0.017817371937639197, "unknown": 0.0, "oneh-out": 0.028953229398663696, "sfT": 0.0, "dsfb-red": 0.028953229398663696, "sft": 0.0, "alternate": 0.13140311804008908}, "monkeyracer": {"sfb": 0.045554608442685766, "redirect": 0.05478830723993931, "dsfb": 0.0, "roll-out": 0.1769495753632482, "bad-redirect": 0.015082229382047953, "roll-in": 0.312219450396484, "sfR": 0.09690789370786869, "oneh-in": 0.06359580524578883, "dsfb-alt": 0.030998287376636378, "unknown": 0.013491796612290222, "oneh-out": 0.0229170902607254, "sfT": 0.001106558018049017, "dsfb-red": 0.031117545396249432, "sft": 0.0, "alternate": 0.13527085255798676}, "chained-bigrams": {"sfb": 0.04325213345289197, "redirect": 0.056575865734178554, "dsfb": 0.0, "roll-out": 0.16931658733245505, "bad-redirect": 0.020123251016648823, "roll-in": 0.2832357969468395, "sfR": 0.11914286586209158, "oneh-in": 0.054132532177917275, "dsfb-alt": 0.030593289176285576, "unknown": 0.023159399756770463, "oneh-out": 0.017720174351295914, "sfT": 0.0006603428718356947, "dsfb-red": 0.041026966273166376, "sft": 0.0, "alternate": 0.14106079504762326}, "english-5k": {"sfb": 0.04704027875720745, "redirect": 0.058904052764757124, "dsfb": 0.0, "roll-out": 0.21611979922843988, "bad-redirect": 0.019579375285186874, "roll-in": 0.256730410254283, "sfR": 0.10644211224955408, "oneh-in": 0.03679429211432364, "dsfb-alt": 0.03165055792923217, "unknown": 0.002157049819554486, "oneh-out": 0.02322976728750985, "sfT": 0.0005392624548886216, "dsfb-red": 0.03401501638528228, "sft": 0.0, "alternate": 0.16679802546978056}, "mt-quotes": {"sfb": 0.04465790511707964, "redirect": 0.05515712219552719, "dsfb": 0.0, "roll-out": 0.17584657128172027, "bad-redirect": 0.014446695592928605, "roll-in": 0.3200445846929872, "sfR": 0.0964592223377679, "oneh-in": 0.06523200774554452, "dsfb-alt": 0.03111963758501572, "unknown": 0.007995063410669249, "oneh-out": 0.022891490658729873, "sfT": 0.001087723072877446, "dsfb-red": 0.030524975795173378, "sft": 0.0, "alternate": 0.13453700051397904}, "wordle": {"sfb": 0.0662852013912263, "redirect": 0.04319533266015932, "dsfb": 0.0, "roll-out": 0.20042634354313923, "bad-redirect": 0.017839111410299563, "roll-in": 0.2537192864355436, "sfR": 0.13138112868843263, "oneh-in": 0.03475821833277235, "dsfb-alt": 0.04092898014136654, "unknown": 0.0, "oneh-out": 0.024929877706720522, "sfT": 0.00098732188937507, "dsfb-red": 0.040323123527431844, "sft": 0.0, "alternate": 0.14522607427353304}, "english-1k": {"sfb": 0.03705010585744531, "redirect": 0.04763585038814397, "dsfb": 0.0, "roll-out": 0.22794636556104447, "bad-redirect": 0.013408609738884969, "roll-in": 0.2819336626676076, "sfR": 0.10832745236414962, "oneh-in": 0.043754410726887794, "dsfb-alt": 0.03175723359209598, "unknown": 0.0, "oneh-out": 0.021877205363443897, "sfT": 0.00035285815102328866, "dsfb-red": 0.03387438249823571, "sft": 0.0, "alternate": 0.1520818630910374}, "english-10k": {"sfb": 0.049227147295497965, "redirect": 0.05717759209586847, "dsfb": 0.0, "roll-out": 0.2067887535941028, "bad-redirect": 0.02207599235831034, "roll-in": 0.27126068582235, "sfR": 0.10567144593890508, "oneh-in": 0.0377453156056425, "dsfb-alt": 0.029794870805271993, "unknown": 0.0, "oneh-out": 0.022712799830184673, "sfT": 0.0006946990602265491, "dsfb-red": 0.035410354875436596, "sft": 0.0, "alternate": 0.16144034271820304}, "reddit": {"sfb": 0.04496533971907315, "redirect": 0.04710842816145718, "dsfb": 0.0, "roll-out": 0.1718988117946652, "bad-redirect": 0.01392310779662947, "roll-in": 0.2952038217049603, "sfR": 0.10397777127267367, "oneh-in": 0.05713158246146522, "dsfb-alt": 0.0293871386600397, "unknown": 0.04519937363713543, "oneh-out": 0.023674658393073224, "sfT": 0.0009036226375375347, "dsfb-red": 0.030343426420623903, "sft": 0.0, "alternate": 0.136282917340666}, "akl": {"sfb": 0.0383104961377941, "redirect": 0.04191911556271823, "dsfb": 0.0, "roll-out": 0.15714749052420218, "bad-redirect": 0.009872688396887505, "roll-in": 0.2476336726370693, "sfR": 0.13064861186637447, "oneh-in": 0.0418412124929642, "dsfb-alt": 0.02434504285076512, "unknown": 0.13920166722946467, "oneh-out": 0.020505086146390617, "sfT": 0.0007001146160958712, "dsfb-red": 0.030622997495167996, "sft": 0.0, "alternate": 0.11725180404410573}, "french": {"sfb": 0.04647968523397354, "redirect": 0.05164919851734334, "dsfb": 0.0, "roll-out": 0.14538832872544422, "bad-redirect": 0.019150504896192116, "roll-in": 0.22693359088911264, "sfR": 0.10898279115633469, "oneh-in": 0.0385434309185861, "dsfb-alt": 0.026634187838963156, "unknown": 0.15842537463172957, "oneh-out": 0.012504126934644113, "sfT": 0.0004879285111020591, "dsfb-red": 0.03683478221942841, "sft": 0.0, "alternate": 0.12798606952714606}, "keymash": {"sfb": 0.04555175626916462, "redirect": 0.055485544695890614, "dsfb": 0.0, "roll-out": 0.177433059812079, "bad-redirect": 0.015224967468895338, "roll-in": 0.30885461777491346, "sfR": 0.099723742164827, "oneh-in": 0.0640195720261234, "dsfb-alt": 0.03215345650683666, "unknown": 0.012376186820900362, "oneh-out": 0.02376720454162955, "sfT": 0.0011739931777039812, "dsfb-red": 0.030999987685386247, "sft": 0.0, "alternate": 0.13323591105564975}, "movie": {"sfb": 0.046201763963747956, "redirect": 0.05810649923561396, "dsfb": 0.0, "roll-out": 0.16553192043752596, "bad-redirect": 0.012853950481575711, "roll-in": 0.29987067880402307, "sfR": 0.11567713207251198, "oneh-in": 0.055536130252382285, "dsfb-alt": 0.03074428184361729, "unknown": 0.030282373430185833, "oneh-out": 0.024223477343918713, "sfT": 0.0007956405320816449, "dsfb-red": 0.030758889203700162, "sft": 0.0, "alternate": 0.12941726239911544}, "dutch": {"sfb": 0.05167975859699998, "redirect": 0.03751946970465005, "dsfb": 0.0, "roll-out": 0.16007951446565033, "bad-redirect": 0.015666923877933035, "roll-in": 0.22768708999670037, "sfR": 0.18880787437283908, "oneh-in": 0.024135584202669043,