{"english-450k": {"sfb": 0.04049316465347328, "dsfb": 0.0, "roll-in": 0.2057851220340747, "dsfb-red": 0.028712197443607878, "roll-out": 0.25376498055020724, "sfT": 7.513297366954706e-05, "sfR": 0.11369548401129392, "bad-redirect": 0.005957723231173928, "alternate": 0.2193648954189935, "oneh-out": 0.017170661772401466, "oneh-in": 0.01388615220361796, "dsfb-alt": 0.04431062134676878, "sft": 0.0, "redirect": 0.05678386436071779, "unknown": 0.0}, "shai": {"sfb": 0.029296521462345723, "dsfb": 0.0, "roll-in": 0.2387433301245064, "dsfb-red": 0.032816441527566756, "roll-out": 0.23005641043425057, "sfT": 0.0001984861747449323, "sfR": 0.09823378925716947, "bad-redirect": 0.007126982384685814, "alternate": 0.20547011069059548, "oneh-out": 0.012868749328484072, "oneh-in": 0.018538592465459698, "dsfb-alt": 0.05243053932134085, "sft": 0.0, "redirect": 0.05749267796062277, "unknown": 0.016727368868227444}, "tr-quotes": {"sfb": 0.031574628418205776, "dsfb": 0.0, "roll-in": 0.24362589861538106, "dsfb-red": 0.03781928295693581, "roll-out": 0.21966205127019717, "sfT": 0.0002149742262083632, "sfR": 0.09677191928064538, "bad-redirect": 0.006830632671459282, "alternate": 0.1994313584984166, "oneh-out": 0.013960611174036661, "oneh-in": 0.018639190032592866, "dsfb-alt": 0.05964725734495273, "sft": 0.0, "redirect": 0.06109082083169599, "unknown": 0.010731374679272324}, "gutenberg": {"sfb": 0.025762265178905987, "dsfb": 0.0, "roll-in": 0.24997471019014528, "dsfb-red": 0.038129645226591014, "roll-out": 0.21150483651037755, "sfT": 0.00045881587616593603, "sfR": 0.09863878308844841, "bad-redirect": 0.0053765946314374875, "alternate": 0.195702399368342, "oneh-out": 0.01297433548419851, "oneh-in": 0.019290347097430743, "dsfb-alt": 0.056544226099614195, "sft": 0.0, "redirect": 0.054939317716923106, "unknown": 0.030703723531419796}, "english-200": {"sfb": 0.026726057906458798, "dsfb": 0.0, "roll-in": 0.2182628062360802, "dsfb-red": 0.051224944320712694, "roll-out": 0.22271714922049, "sfT": 0.0, "sfR": 0.10690423162583519, "bad-redirect": 0.004454342984409799, "alternate": 0.2071269487750557, "oneh-out": 0.011135857461024499, "oneh-in": 0.026726057906458798, "dsfb-alt": 0.060133630289532294, "sft": 0.0, "redirect": 0.0645879732739421, "unknown": 0.0}, "monkeyracer": {"sfb": 0.03147336440558675, "dsfb": 0.0, "roll-in": 0.24374579664357102, "dsfb-red": 0.03789374696967327, "roll-out": 0.21949243004832883, "sfT": 0.00020234762344182555, "sfR": 0.09690789370786869, "bad-redirect": 0.00680552731595164, "alternate": 0.19927917324866665, "oneh-out": 0.013975671363998937, "oneh-in": 0.018640419475421117, "dsfb-alt": 0.05999362653862396, "sft": 0.0, "redirect": 0.0612585435663231, "unknown": 0.010331459092544223}, "chained-bigrams": {"sfb": 0.028711604178665275, "dsfb": 0.0, "roll-in": 0.24641242925013748, "dsfb-red": 0.03907970150164696, "roll-out": 0.20693859980040374, "sfT": 0.00020323236861806535, "sfR": 0.11914286586209158, "bad-redirect": 0.004867187971760441, "alternate": 0.19292595524083037, "oneh-out": 0.013011416724400676, "oneh-in": 0.020434267964150588, "dsfb-alt": 0.053524782986139295, "sft": 0.0, "redirect": 0.05771085033591778, "unknown": 0.017037105815237753}, "english-5k": {"sfb": 0.02866387356369519, "dsfb": 0.0, "roll-in": 0.21993611813995934, "dsfb-red": 0.030986850292446178, "roll-out": 0.25814078898245324, "sfT": 4.148172729912474e-05, "sfR": 0.10644211224955408, "bad-redirect": 0.008628199278217945, "alternate": 0.2118056995893309, "oneh-out": 0.01331563446301904, "oneh-in": 0.01866677728460613, "dsfb-alt": 0.040486165843945744, "sft": 0.0, "redirect": 0.0628862985854731, "unknown": 0.0}, "mt-quotes": {"sfb": 0.0312795089707271, "dsfb": 0.0, "roll-in": 0.2474689520804198, "dsfb-red": 0.038579804209846885, "roll-out": 0.21858452564516323, "sfT": 0.00016435376101170198, "sfR": 0.0964592223377679, "bad-redirect": 0.006759421952881271, "alternate": 0.1992176760975843, "oneh-out": 0.013938693058892435, "oneh-in": 0.01879310550913807, "dsfb-alt": 0.06145336536737548, "sft": 0.0, "redirect": 0.06116798747325516, "unknown": 0.006133383535936697}, "wordle": {"sfb": 0.04357679793559969, "dsfb": 0.0, "roll-in": 0.20253562212498596, "dsfb-red": 0.038303601480982837, "roll-out": 0.22365084707730282, "sfT": 0.00022439133849433412, "sfR": 0.13138112868843263, "bad-redirect": 0.005766857399304387, "alternate": 0.2101424884999439, "oneh-out": 0.016335689442387523, "oneh-in": 0.014361045663637384, "dsfb-alt": 0.04979243801189274, "sft": 0.0, "redirect": 0.0639290923370358, "unknown": 0.0}, "english-1k": {"sfb": 0.0187014820042343, "dsfb": 0.0, "roll-in": 0.23465067043048696, "dsfb-red": 0.043048694424841216, "roll-out": 0.23782639378969656, "sfT": 0.0, "sfR": 0.10832745236414962, "bad-redirect": 0.008115737473535639, "alternate": 0.2057163020465773, "oneh-out": 0.013761467889908258, "oneh-in": 0.027522935779816515, "dsfb-alt": 0.046224417784050814, "sft": 0.0, "redirect": 0.0561044460127029, "unknown": 0.0}, "english-10k": {"sfb": 0.028482661469288514, "dsfb": 0.0, "roll-in": 0.206943131163042, "dsfb-red": 0.02879141660716698, "roll-out": 0.26166997935200015, "sfT": 3.859439223480828e-05, "sfR": 0.10567144593890508, "bad-redirect": 0.007448717701317998, "alternate": 0.22525617027845854, "oneh-out": 0.014762355029814168, "oneh-in": 0.016479805484263137, "dsfb-alt": 0.04374674359815519, "sft": 0.0, "redirect": 0.06070897898535343, "unknown": 0.0}, "reddit": {"sfb": 0.0313230126922572, "dsfb": 0.0, "roll-in": 0.23062589277403422, "dsfb-red": 0.03210961837076359, "roll-out": 0.2091338029369234, "sfT": 0.00022687955212920112, "sfR": 0.10397777127267367, "bad-redirect": 0.006622620494411635, "alternate": 0.1996240399430872, "oneh-out": 0.01357703875549992, "oneh-in": 0.017837632227009903, "dsfb-alt": 0.054664787053669166, "sft": 0.0, "redirect": 0.06028474750987799, "unknown": 0.03999215641766289}, "akl": {"sfb": 0.02857024048872823, "dsfb": 0.0, "roll-in": 0.18877191184436246, "dsfb-red": 0.024670886708651637, "roll-out": 0.19061072572330456, "sfT": 0.00018031608089595102, "sfR": 0.13064861186637447, "bad-redirect": 0.005861705670046329, "alternate": 0.17096464878279358, "oneh-out": 0.012894156362999447, "oneh-in": 0.01407631629812519, "dsfb-alt": 0.04960574943926715, "sft": 0.0, "redirect": 0.05222458231983779, "unknown": 0.13092014841461322}, "french": {"sfb": 0.024552251655691647, "dsfb": 0.0, "roll-in": 0.20877579758325868, "dsfb-red": 0.018369471699779302, "roll-out": 0.20397049278996782, "sfT": 7.128358682828535e-05, "sfR": 0.10898279115633469, "bad-redirect": 0.003739676595745191, "alternate": 0.1791589055125869, "oneh-out": 0.010589987340796057, "oneh-in": 0.015330196046493619, "dsfb-alt": 0.029146821910872655, "sft": 0.0, "redirect": 0.04695129852312184, "unknown": 0.15036102559852332}, "keymash": {"sfb": 0.030819373350354867, "dsfb": 0.0, "roll-in": 0.24419879070492953, "dsfb-red": 0.03801110778160443, "roll-out": 0.21703685763896016, "sfT": 0.0002873409875499255, "sfR": 0.099723742164827, "bad-redirect": 0.00648569657612689, "alternate": 0.20175852684380555, "oneh-out": 0.013463977702339366, "oneh-in": 0.018525283954468768, "dsfb-alt": 0.06009121023919085, "sft": 0.0, "redirect": 0.05990649103290875, "unknown": 0.009691601022933916}, "movie": {"sfb": 0.03508661572338871, "dsfb": 0.0, "roll-in": 0.22969113066099356, "dsfb-red": 0.038534215898624394, "roll-out": 0.19743123651039907, "sfT": 0.0007416854182620163, "sfR": 0.11567713207251198, "bad-redirect": 0.006444740948996757, "alternate": 0.1894900965388584, "oneh-out": 0.010511508954772323, "oneh-in": 0.018641886618197427, "dsfb-alt": 0.07333276395335173, "sft": 0.0, "redirect": 0.05981621835450326, "unknown": 0.02460076834714036}, "dutch": {"sfb": 0.05577764438063791, "dsfb": 0.0, "roll-in": 0.18225201738469396, "dsfb-red": 0.0449958040148411, "roll-out": 0.17990867774773014, "sfT": 0.00016336746627370016, "sfR": 0.18880787437283908, "bad-redirect": 0.00244195900525548, "alternate": 0.18779503552968946,