{"english-450k": {"dsfb": 0.0, "alternate": 0.3480831736635832, "sfR": 0.11369548401129392, "sfT": 0.0006797049174385093, "redirect": 0.015000283575815017, "oneh-in": 0.00417382671237402, "oneh-out": 0.005671223954146083, "roll-in": 0.18198434076808703, "bad-redirect": 0.004410334789022517, "unknown": 0.0001543587941537776, "dsfb-red": 0.006893231074530156, "sfb": 0.09247114981514949, "dsfb-alt": 0.06637340444752123, "sft": 0.0, "roll-out": 0.16040948347688505}, "shai": {"dsfb": 0.0, "alternate": 0.29476707957219905, "sfR": 0.09823378925716947, "sfT": 0.0005340003028207849, "redirect": 0.016219586714651478, "oneh-in": 0.003214780905446532, "oneh-out": 0.0033415561458531046, "roll-in": 0.15994365691086262, "bad-redirect": 0.003688727945249507, "unknown": 0.04602027536874933, "dsfb-red": 0.010980922600183983, "sfb": 0.09600760365032188, "dsfb-alt": 0.06466512216713169, "sft": 0.0, "roll-out": 0.20238289845936056}, "tr-quotes": {"dsfb": 0.0, "alternate": 0.2756963546843577, "sfR": 0.09677191928064538, "sfT": 0.0004761794688056217, "redirect": 0.016974873442592634, "oneh-in": 0.002271098680104482, "oneh-out": 0.0027646147800559394, "roll-in": 0.15036406925406254, "bad-redirect": 0.004375765701208941, "unknown": 0.06460091075102287, "dsfb-red": 0.018828737199787338, "sfb": 0.0963234784216731, "dsfb-alt": 0.06178544185293914, "sft": 0.0, "roll-out": 0.20876655648274428}, "gutenberg": {"dsfb": 0.0, "alternate": 0.26542327943099253, "sfR": 0.09863878308844841, "sfT": 0.00045767925549830774, "redirect": 0.016751515399505115, "oneh-in": 0.0025022703997835873, "oneh-out": 0.003983855440037008, "roll-in": 0.14670457675466764, "bad-redirect": 0.0049149372036024815, "unknown": 0.05128716607505561, "dsfb-red": 0.011768191519067002, "sfb": 0.0981979637061866, "dsfb-alt": 0.061941658776624865, "sft": 0.0, "roll-out": 0.23742812295053087}, "english-200": {"dsfb": 0.0, "alternate": 0.29398663697104677, "sfR": 0.10690423162583519, "sfT": 0.0, "redirect": 0.022271714922048998, "oneh-in": 0.0022271714922048997, "oneh-out": 0.004454342984409799, "roll-in": 0.18262806236080179, "bad-redirect": 0.0022271714922048997, "unknown": 0.0, "dsfb-red": 0.0066815144766146995, "sfb": 0.08685968819599109, "dsfb-alt": 0.0757238307349666, "sft": 0.0, "roll-out": 0.21603563474387527}, "monkeyracer": {"dsfb": 0.0, "alternate": 0.27435796174359134, "sfR": 0.09690789370786869, "sfT": 0.00048387475170871326, "redirect": 0.017145784131254203, "oneh-in": 0.0022688349469008554, "oneh-out": 0.002751732173858642, "roll-in": 0.15050459827642837, "bad-redirect": 0.004427209596946995, "unknown": 0.064433543957333, "dsfb-red": 0.019303181256549416, "sfb": 0.09622655895647278, "dsfb-alt": 0.06181084505059668, "sft": 0.0, "roll-out": 0.20937798145049033}, "chained-bigrams": {"dsfb": 0.0, "alternate": 0.31051048984195273, "sfR": 0.11914286586209158, "sfT": 0.0009830473037947315, "redirect": 0.027585060537922965, "oneh-in": 0.004784076971175417, "oneh-out": 0.004269827655055584, "roll-in": 0.12942980009856445, "bad-redirect": 0.003949071137172759, "unknown": 0.04156848638635317, "dsfb-red": 0.008902616632978574, "sfb": 0.0919519332722554, "dsfb-alt": 0.05994186125787201, "sft": 0.0, "roll-out": 0.1969808630428106}, "english-5k": {"dsfb": 0.0, "alternate": 0.33181233666569876, "sfR": 0.10644211224955408, "sfT": 0.00041481727299124733, "redirect": 0.0117393288256523, "oneh-in": 0.005185215912390592, "oneh-out": 0.003982245820715975, "roll-in": 0.19421744721450201, "bad-redirect": 0.0019081594557597379, "unknown": 0.0022400132741527356, "dsfb-red": 0.005807441821877463, "sfb": 0.10640063052225494, "dsfb-alt": 0.07408636495623677, "sft": 0.0, "roll-out": 0.1557638860082134}, "mt-quotes": {"dsfb": 0.0, "alternate": 0.27323812768195455, "sfR": 0.0964592223377679, "sfT": 0.0004332962790308507, "redirect": 0.017439428168441688, "oneh-in": 0.002066375013447126, "oneh-out": 0.0027491901841957423, "roll-in": 0.14982638266336765, "bad-redirect": 0.004636270185630102, "unknown": 0.060985704211042185, "dsfb-red": 0.020475490371857856, "sfb": 0.09588846654952726, "dsfb-alt": 0.061732766761095376, "sft": 0.0, "roll-out": 0.21406927959264174}, "wordle": {"dsfb": 0.0, "alternate": 0.30387075058902724, "sfR": 0.13138112868843263, "sfT": 0.002131717715696174, "redirect": 0.02142937282620891, "oneh-in": 0.004891731179176483, "oneh-out": 0.005834174800852687, "roll-in": 0.16091102883428698, "bad-redirect": 0.005205879053068551, "unknown": 0.0, "dsfb-red": 0.008796140468977897, "sfb": 0.11865813979580388, "dsfb-alt": 0.06547739257264669, "sft": 0.0, "roll-out": 0.17141254347582183}, "english-1k": {"dsfb": 0.0, "alternate": 0.3136908962597036, "sfR": 0.10832745236414962, "sfT": 0.00035285815102328866, "redirect": 0.014114326040931546, "oneh-in": 0.0045871559633027525, "oneh-out": 0.0035285815102328866, "roll-in": 0.1771347918136909, "bad-redirect": 0.0007057163020465773, "unknown": 0.0, "dsfb-red": 0.008115737473535639, "sfb": 0.10162314749470713, "dsfb-alt": 0.06880733944954129, "sft": 0.0, "roll-out": 0.1990119971771348}, "english-10k": {"dsfb": 0.0, "alternate": 0.3308118330406592, "sfR": 0.10567144593890508, "sfT": 0.0006175102757569325, "redirect": 0.01541845969780591, "oneh-in": 0.004438355107002952, "oneh-out": 0.004071708380772273, "roll-in": 0.19108083595453582, "bad-redirect": 0.0039752224001852535, "unknown": 0.0, "dsfb-red": 0.005133054167229502, "sfb": 0.09851218617934814, "dsfb-alt": 0.06997163312170741, "sft": 0.0, "roll-out": 0.17029775573609154}, "reddit": {"dsfb": 0.0, "alternate": 0.2696560304468838, "sfR": 0.10397777127267367, "sfT": 0.0004718510348640493, "redirect": 0.018255020182990703, "oneh-in": 0.002919131130350487, "oneh-out": 0.003178411344951499, "roll-in": 0.1515614216361885, "bad-redirect": 0.003211860814994652, "unknown": 0.08612294609297641, "dsfb-red": 0.014056493645256197, "sfb": 0.08888123509077897, "dsfb-alt": 0.061964300463142184, "sft": 0.0, "roll-out": 0.19574352684394886}, "akl": {"dsfb": 0.0, "alternate": 0.23648006801904056, "sfR": 0.13064861186637447, "sfT": 0.00194021387839358, "redirect": 0.01701538441088169, "oneh-in": 0.0025835504246211455, "oneh-out": 0.003053686679387952, "roll-in": 0.13026260499711748, "bad-redirect": 0.0024025919460678507, "unknown": 0.15851303028289734, "dsfb-red": 0.014338760448752319, "sfb": 0.08186772572673891, "dsfb-alt": 0.052556257171844804, "sft": 0.0, "roll-out": 0.16833751414788187}, "french": {"dsfb": 0.0, "alternate": 0.23751739073067368, "sfR": 0.10898279115633469, "sfT": 0.00024733516917784003, "redirect": 0.020810912075890562, "oneh-in": 0.0024568417059261994, "oneh-out": 0.0024031917428257183, "roll-in": 0.15029011655765356, "bad-redirect": 0.0018862733745330892, "unknown": 0.1899522862907055, "dsfb-red": 0.007731332730554049, "sfb": 0.10120047522990493, "dsfb-alt": 0.04505531691734353, "sft": 0.0, "roll-out": 0.1314657363184766}, "keymash": {"dsfb": 0.0, "alternate": 0.2740863582813725, "sfR": 0.099723742164827, "sfT": 0.0005459478763448584, "redirect": 0.01669451137665067, "oneh-in": 0.0023028327716501174, "oneh-out": 0.003000660884271365, "roll-in": 0.15169141219885637, "bad-redirect": 0.004564616830793102, "unknown": 0.058051089227586374, "dsfb-red": 0.019005553890802215, "sfb": 0.09651783771801997, "dsfb-alt": 0.0613801398119148, "sft": 0.0, "roll-out": 0.21243529696691063}, "movie": {"dsfb": 0.0, "alternate": 0.25220541527737733, "sfR": 0.11567713207251198, "sfT": 0.00040466335364721436, "redirect": 0.015425372247516058, "oneh-in": 0.0016905058344559726, "oneh-out": 0.0024392975360015496, "roll-in": 0.12903194392774014, "bad-redirect": 0.0029464756059060584, "unknown": 0.13270720836372696, "dsfb-red": 0.028421711590440154, "sfb": 0.08818002689596625, "dsfb-alt": 0.05369560288194002, "sft": 0.0, "roll-out": 0.1771746444127703}, "dutch": {"dsfb": 0.0, "alternate": 0.23704850663559524, "sfR": 0.18880787437283908, "sfT": 0.0007594049974342826, "redirect": 0.01898044499856177, "oneh-in": 0.003705147597512052, "oneh-out": 0.001543267598204898,