{"english-450k": {"roll-out": 0.2350004472896876, "sft": 0.0, "redirect": 0.04953981784492905, "dsfb-red": 0.020593743440482114, "dsfb-alt": 0.03571535068973239, "dsfb": 0.0, "alternate": 0.25794523887900433, "sfR": 0.11369548401129392, "unknown": 0.00015377410175167997, "sfT": 2.5141773290198627e-05, "roll-in": 0.23833377867404626, "bad-redirect": 0.0024329050851282902, "oneh-out": 0.008394428816915853, "sfb": 0.030531760198935744, "oneh-in": 0.007638129194802552}, "shai": {"roll-out": 0.23398590102962163, "sft": 0.0, "redirect": 0.042017568250014785, "dsfb-red": 0.01933657787123181, "dsfb-alt": 0.030119753544752607, "dsfb": 0.0, "alternate": 0.2463133969091844, "sfR": 0.09823378925716947, "unknown": 0.023260762136131256, "sfT": 3.083554694914252e-05, "roll-in": 0.2680214864970726, "bad-redirect": 0.0021106306815666053, "oneh-out": 0.012605085469463559, "sfb": 0.014999362930710703, "oneh-in": 0.008964849876131437}, "tr-quotes": {"roll-out": 0.23353135618686577, "sft": 0.0, "redirect": 0.04100691153695014, "dsfb-red": 0.020778530315988995, "dsfb-alt": 0.030043226000323615, "dsfb": 0.0, "alternate": 0.2479646795034789, "sfR": 0.09677191928064538, "unknown": 0.013835787429786644, "sfT": 9.246203277779062e-06, "roll-in": 0.27345299461408656, "bad-redirect": 0.002853609486604563, "oneh-out": 0.016255981137745314, "sfb": 0.013647396038001896, "oneh-in": 0.009848362266244423}, "gutenberg": {"roll-out": 0.23256528086086134, "sft": 0.0, "redirect": 0.039478056211953994, "dsfb-red": 0.022004028941393187, "dsfb-alt": 0.028092526984321832, "dsfb": 0.0, "alternate": 0.2342188744954825, "sfR": 0.09863878308844841, "unknown": 0.032975828246008664, "sfT": 0.00010930502087024982, "roll-in": 0.27533461165271084, "bad-redirect": 0.0023554568968816056, "oneh-out": 0.012339722278106072, "sfb": 0.013901439075427284, "oneh-in": 0.007986086247534007}, "english-200": {"roll-out": 0.21158129175946547, "sft": 0.0, "redirect": 0.0334075723830735, "dsfb-red": 0.024498886414253896, "dsfb-alt": 0.022271714922048998, "dsfb": 0.0, "alternate": 0.26057906458797325, "sfR": 0.10690423162583519, "unknown": 0.0, "sfT": 0.0, "roll-in": 0.3051224944320713, "bad-redirect": 0.0022271714922048997, "oneh-out": 0.011135857461024499, "sfb": 0.011135857461024499, "oneh-in": 0.011135857461024499}, "monkeyracer": {"roll-out": 0.23345734864006756, "sft": 0.0, "redirect": 0.04109514052895819, "dsfb-red": 0.020895569075809, "dsfb-alt": 0.0299298528238735, "dsfb": 0.0, "alternate": 0.24780545693416958, "sfR": 0.09690789370786869, "unknown": 0.013436077701487402, "sfT": 9.775247509266934e-06, "roll-in": 0.27362970580415097, "bad-redirect": 0.002896405836995793, "oneh-out": 0.016415573142311964, "sfb": 0.013563155919107872, "oneh-in": 0.009958044637690226}, "chained-bigrams": {"roll-out": 0.20668537097049625, "sft": 0.0, "redirect": 0.054336413851227415, "dsfb-red": 0.023054861701347112, "dsfb-alt": 0.040563362723028046, "dsfb": 0.0, "alternate": 0.2642416867897012, "sfR": 0.11914286586209158, "unknown": 0.022916559801936097, "sfT": 5.9086726978415166e-05, "roll-in": 0.2265878583918411, "bad-redirect": 0.003855571261514607, "oneh-out": 0.008211756440615567, "sfb": 0.01631118316950294, "oneh-in": 0.014033422309719637}, "english-5k": {"roll-out": 0.250093333886423, "sft": 0.0, "redirect": 0.039573567843365, "dsfb-red": 0.020035674285477246, "dsfb-alt": 0.03347575393039366, "dsfb": 0.0, "alternate": 0.254075579707139, "sfR": 0.10644211224955408, "unknown": 0.002157049819554486, "sfT": 0.0, "roll-in": 0.25888746007383745, "bad-redirect": 0.002488903637947484, "oneh-out": 0.00866968100551707, "sfb": 0.017297880283735016, "oneh-in": 0.006803003277056457}, "mt-quotes": {"roll-out": 0.23325384587800768, "sft": 0.0, "redirect": 0.040644685098193904, "dsfb-red": 0.02101935190829658, "dsfb-alt": 0.030112597267544016, "dsfb": 0.0, "alternate": 0.25048559065753456, "sfR": 0.0964592223377679, "unknown": 0.007977133909467972, "sfT": 4.482375300319145e-06, "roll-in": 0.27711837056693084, "bad-redirect": 0.0029150380703075506, "oneh-out": 0.017191403401824026, "sfb": 0.012803157982811585, "oneh-in": 0.010015120546013077}, "wordle": {"roll-out": 0.24092898014136654, "sft": 0.0, "redirect": 0.05248513407382475, "dsfb-red": 0.027981599910243463, "dsfb-alt": 0.04054751486592618, "dsfb": 0.0, "alternate": 0.225109390777516, "sfR": 0.13138112868843263, "unknown": 0.0, "sfT": 0.0, "roll-in": 0.22748793896555594, "bad-redirect": 0.0026478177942331426, "oneh-out": 0.015168854482216986, "sfb": 0.030068439358240773, "oneh-in": 0.006193200942443622}, "english-1k": {"roll-out": 0.2565278757939308, "sft": 0.0, "redirect": 0.04269583627381793, "dsfb-red": 0.026817219477769938, "dsfb-alt": 0.02928722653493296, "dsfb": 0.0, "alternate": 0.21983062808750883, "sfR": 0.10832745236414962, "unknown": 0.0, "sfT": 0.0, "roll-in": 0.2819336626676076, "bad-redirect": 0.0014114326040931546, "oneh-out": 0.012702893436838392, "sfb": 0.014467184191954835, "oneh-in": 0.005998588567395907}, "english-10k": {"roll-out": 0.25551417379054825, "sft": 0.0, "redirect": 0.040639895023253124, "dsfb-red": 0.01920071013681712, "dsfb-alt": 0.033519229655930995, "dsfb": 0.0, "alternate": 0.2520792728816503, "sfR": 0.10567144593890508, "unknown": 0.0, "sfT": 1.929719611740414e-05, "roll-in": 0.25514752706431754, "bad-redirect": 0.0027980934370236007, "oneh-out": 0.011346751317033636, "sfb": 0.017714826035777002, "oneh-in": 0.006348777522625962}, "reddit": {"roll-out": 0.21934664157769126, "sft": 0.0, "redirect": 0.04148996600177885, "dsfb-red": 0.017832687848459292, "dsfb-alt": 0.032199179045873536, "dsfb": 0.0, "alternate": 0.24722930323405434, "sfR": 0.10397777127267367, "unknown": 0.039285409944231534, "sfT": 7.866056785063931e-05, "roll-in": 0.25658807539503053, "bad-redirect": 0.0022407773761718786, "oneh-out": 0.015258651866493538, "sfb": 0.015562094371330696, "oneh-in": 0.008910781498360209}, "akl": {"roll-out": 0.18504934095806644, "sft": 0.0, "redirect": 0.034114873499671, "dsfb-red": 0.016627697424674737, "dsfb-alt": 0.027259946928564614, "dsfb": 0.0, "alternate": 0.21093435923909776, "sfR": 0.13064861186637447, "unknown": 0.13277008071454782, "sfT": 0.00020910043746539238, "roll-in": 0.22248002408892384, "bad-redirect": 0.0023296056891527177, "oneh-out": 0.012222826103473017, "sfb": 0.017530661454878, "oneh-in": 0.007822871595110198}, "french": {"roll-out": 0.2119399318772814, "sft": 0.0, "redirect": 0.035189147132334564, "dsfb-red": 0.012031210225560116, "dsfb-alt": 0.02637808829435561, "dsfb": 0.0, "alternate": 0.20276169814523193, "sfR": 0.10898279115633469, "unknown": 0.15807953387545715, "sfT": 0.00027087163721214774, "roll-in": 0.17793286677192008, "bad-redirect": 0.002602045683130853, "oneh-out": 0.010591455560953512, "sfb": 0.04018554527366972, "oneh-in": 0.013054814366558212}, "keymash": {"roll-out": 0.23226182510785548, "sft": 0.0, "redirect": 0.04047813540328308, "dsfb-red": 0.021099038228665958, "dsfb-alt": 0.029850623735186547, "dsfb": 0.0, "alternate": 0.24612808019276475, "sfR": 0.099723742164827, "unknown": 0.01232282349464109, "sfT": 0.0, "roll-in": 0.2760813257092191, "bad-redirect": 0.002984241399268512, "oneh-out": 0.0159269004527673, "sfb": 0.013357251049820822, "oneh-in": 0.00978601306170032}, "movie": {"roll-out": 0.21278515113156377, "sft": 0.0, "redirect": 0.03948803703268456, "dsfb-red": 0.019897066802616006, "dsfb-alt": 0.03330859732627407, "dsfb": 0.0, "alternate": 0.23697270226554892, "sfR": 0.11567713207251198, "unknown": 0.030236445784519856, "sfT": 1.3949370889952756e-05, "roll-in": 0.2657599926515767, "bad-redirect": 0.00352484810648476, "oneh-out": 0.019833241850902544, "sfb": 0.012719194294865224, "oneh-in": 0.009783641309561676}, "dutch": {"roll-out": 0.18938248460488905, "sft": 0.0, "redirect": 0.038584720259348136, "dsfb-red": 0.02855575808188413, "dsfb-alt": 0.02376816429800277, "dsfb": 0.0, "alternate": 0.20482882385214496, "sfR": 0.18880787437283908, "unknown": 0.07290361491625476, "sfT": 3.1235443557105225e-05,