{"monkeyracer": {"sfR": 0.09690789370786869, "bad-redirect": 0.0032043261335377013, "alternate": 0.2330555859674367, "sft": 0.0, "dsfb-red": 0.021923925113783882, "roll-out": 0.24173014060716017, "dsfb": 0.0, "oneh-in": 0.022801742340116053, "unknown": 0.013436077701487402, "sfT": 1.0752772260193629e-05, "oneh-out": 0.023676626992195443, "redirect": 0.04059073775748002, "dsfb-alt": 0.028990451538232948, "roll-in": 0.2590450365203247, "sfb": 0.014626702848116114}, "english-450k": {"sfR": 0.11369548401129392, "bad-redirect": 0.0022881937156091236, "alternate": 0.2608803947375345, "sft": 0.0, "dsfb-red": 0.021079330480424208, "roll-out": 0.2308967836655653, "dsfb": 0.0, "oneh-in": 0.007401328771953007, "unknown": 0.00015377410175167997, "sfT": 2.7772889099638017e-05, "oneh-out": 0.008719225446281093, "redirect": 0.05244661612195748, "dsfb-alt": 0.03863267342999858, "roll-in": 0.23469962304880837, "sfb": 0.029078799579723102}, "shai": {"sfR": 0.09823378925716947, "bad-redirect": 0.003896913364459677, "alternate": 0.23453630025454905, "sft": 0.0, "dsfb-red": 0.020969391104190476, "roll-out": 0.2374989782120755, "dsfb": 0.0, "oneh-in": 0.014484981730122278, "unknown": 0.023260762136131256, "sfT": 4.169591405586951e-05, "oneh-out": 0.018151478047196076, "redirect": 0.04249820722664154, "dsfb-alt": 0.030602850230970514, "roll-in": 0.26027859821843535, "sfb": 0.015546054304002962}, "tr-quotes": {"sfR": 0.09677191928064538, "bad-redirect": 0.003203809435750445, "alternate": 0.23333949746885185, "sft": 0.0, "dsfb-red": 0.021815260858509974, "roll-out": 0.2415894223434502, "dsfb": 0.0, "oneh-in": 0.022323802038787824, "unknown": 0.013835787429786644, "sfT": 1.0401978687501445e-05, "oneh-out": 0.023494602528836596, "redirect": 0.04043827003536673, "dsfb-alt": 0.029168304015163772, "roll-in": 0.259321328679411, "sfb": 0.01468759390675204}, "gutenberg": {"sfR": 0.09863878308844841, "bad-redirect": 0.0034894254496187207, "alternate": 0.2151583142096906, "sft": 0.0, "dsfb-red": 0.023149363700806586, "roll-out": 0.24433157801214897, "dsfb": 0.0, "oneh-in": 0.012544692871835033, "unknown": 0.032975828246008664, "sfT": 0.0001119571357613824, "oneh-out": 0.018657817695895626, "redirect": 0.037747740682267925, "dsfb-alt": 0.02608032952906396, "roll-in": 0.2723212408260504, "sfb": 0.014792928552403706}, "english-200": {"sfR": 0.10690423162583519, "bad-redirect": 0.004454342984409799, "alternate": 0.25389755011135856, "sft": 0.0, "dsfb-red": 0.024498886414253896, "roll-out": 0.21158129175946547, "dsfb": 0.0, "oneh-in": 0.011135857461024499, "unknown": 0.0, "sfT": 0.0, "oneh-out": 0.015590200445434299, "redirect": 0.035634743875278395, "dsfb-alt": 0.022271714922048998, "roll-in": 0.3028953229398664, "sfb": 0.011135857461024499}, "chained-bigrams": {"sfR": 0.11914286586209158, "bad-redirect": 0.004095813997580691, "alternate": 0.255489059540591, "sft": 0.0, "dsfb-red": 0.024565793719795156, "roll-out": 0.21013772401823508, "dsfb": 0.0, "oneh-in": 0.015150875684772962, "unknown": 0.022916559801936097, "sfT": 6.0385336362556154e-05, "oneh-out": 0.010346670268143359, "redirect": 0.05783486753210325, "dsfb-alt": 0.0383459871996073, "roll-in": 0.22536911348482477, "sfb": 0.016544283553956245}, "english-5k": {"sfR": 0.10644211224955408, "bad-redirect": 0.002862239183639607, "alternate": 0.2523748288878749, "sft": 0.0, "dsfb-red": 0.022566059650723856, "roll-out": 0.24644294188410004, "dsfb": 0.0, "oneh-in": 0.007217820550047704, "unknown": 0.002157049819554486, "sfT": 0.0, "oneh-out": 0.009955614551789936, "redirect": 0.044468411664661714, "dsfb-alt": 0.03650392002322977, "roll-in": 0.2532044634338574, "sfb": 0.015804538100966523}, "mt-quotes": {"sfR": 0.0964592223377679, "bad-redirect": 0.0030644505803181887, "alternate": 0.23539492714646013, "sft": 0.0, "dsfb-red": 0.021948697720562748, "roll-out": 0.24183311220281853, "dsfb": 0.0, "oneh-in": 0.024125637991417745, "unknown": 0.007977133909467972, "sfT": 4.482375300319145e-06, "oneh-out": 0.024836841539068382, "redirect": 0.04017403569166039, "dsfb-alt": 0.02890534418665806, "roll-in": 0.261264209129702, "sfb": 0.014011905188797648}, "wordle": {"sfR": 0.13138112868843263, "bad-redirect": 0.0030741613373723776, "alternate": 0.2247728037697745, "sft": 0.0, "dsfb-red": 0.02946258274430607, "roll-out": 0.23513968360821272, "dsfb": 0.0, "oneh-in": 0.008392236059688096, "unknown": 0.0, "sfT": 0.0, "oneh-out": 0.01460787613598115, "redirect": 0.05392123864018849, "dsfb-alt": 0.04081678447211937, "roll-in": 0.22755525636710422, "sfb": 0.030876248176820376}, "english-1k": {"sfR": 0.10832745236414962, "bad-redirect": 0.003175723359209598, "alternate": 0.22018348623853212, "sft": 0.0, "dsfb-red": 0.029992942836979536, "roll-out": 0.24947071277346508, "dsfb": 0.0, "oneh-in": 0.007410021171489062, "unknown": 0.0, "sfT": 0.0, "oneh-out": 0.015172900494001412, "redirect": 0.04551870148200424, "dsfb-alt": 0.02858151023288638, "roll-in": 0.27769936485532815, "sfb": 0.014467184191954835}, "english-10k": {"sfR": 0.10567144593890508, "bad-redirect": 0.003280523339958704, "alternate": 0.25003377009320543, "sft": 0.0, "dsfb-red": 0.021419887690318596, "roll-out": 0.2520985700777677, "dsfb": 0.0, "oneh-in": 0.006657532660504429, "unknown": 0.0, "sfT": 1.929719611740414e-05, "oneh-out": 0.012987012987012988, "redirect": 0.04411339032438587, "dsfb-alt": 0.03517878852202775, "roll-in": 0.25092144111460607, "sfb": 0.01761834005518998}, "reddit": {"sfR": 0.10397777127267367, "bad-redirect": 0.003883884266331947, "alternate": 0.2320890917082959, "sft": 0.0, "dsfb-red": 0.01892179959647129, "roll-out": 0.22657273845717035, "dsfb": 0.0, "oneh-in": 0.017291353311993846, "unknown": 0.039285409944231534, "sfT": 8.214410728402477e-05, "oneh-out": 0.020711065313180496, "redirect": 0.04274085631767033, "dsfb-alt": 0.031352716420974126, "roll-in": 0.2449872897632448, "sfb": 0.01810387952047769}, "akl": {"sfR": 0.13064861186637447, "bad-redirect": 0.0042980603568672174, "alternate": 0.20429505591243902, "sft": 0.0, "dsfb-red": 0.019539883666231623, "roll-out": 0.1853043728280319, "dsfb": 0.0, "oneh-in": 0.016166702982723977, "unknown": 0.13277008071454782, "sfT": 0.00020018099306919637, "oneh-out": 0.01704137680840191, "redirect": 0.03623671296187743, "dsfb-alt": 0.02522515234892827, "roll-in": 0.20860838556746925, "sfb": 0.019665422993037918}, "french": {"sfR": 0.10898279115633469, "bad-redirect": 0.005273741932710781, "alternate": 0.19154560479831126, "sft": 0.0, "dsfb-red": 0.0127306972758808, "roll-out": 0.21070908396650703, "dsfb": 0.0, "oneh-in": 0.01596656461188207, "unknown": 0.15807953387545715, "sfT": 0.0002760403714399238, "oneh-out": 0.011196586993400186, "redirect": 0.03470042458380041, "dsfb-alt": 0.025734917974360172, "roll-in": 0.184512710389394, "sfb": 0.04029130207052152}, "keymash": {"sfR": 0.099723742164827, "bad-redirect": 0.0034850356918555247, "alternate": 0.23009445308747892, "sft": 0.0, "dsfb-red": 0.022445435998899893, "roll-out": 0.2410831934256382, "dsfb": 0.0, "oneh-in": 0.02159983252125297, "unknown": 0.01232282349464109, "sfT": 0.0, "oneh-out": 0.023520912266586758, "redirect": 0.039636636796886865, "dsfb-alt": 0.028762832853747543, "roll-in": 0.26278975259940973, "sfb": 0.014535349098775517}, "movie": {"sfR": 0.11567713207251198, "bad-redirect": 0.0033462698395256476, "alternate": 0.2192655550948169, "sft": 0.0, "dsfb-red": 0.02048728310866731, "roll-out": 0.22731157854370937, "dsfb": 0.0, "oneh-in": 0.03215593185811279, "unknown": 0.030236445784519856, "sfT": 1.3159783858445995e-05, "oneh-out": 0.026461561784724624, "redirect": 0.03610399861348517, "dsfb-alt": 0.029746901824985666, "roll-in": 0.24549339911821552, "sfb": 0.01370078257286671}, "dutch": {"sfR": 0.18880787437283908, "bad-redirect": 0.002499319616012759, "alternate": 0.19291888549785693, "sft": 0.0, "dsfb-red": 0.02802328521628608, "roll-out": 0.19997725299443367, "dsfb": 0.0, "oneh-in": 0.005710904171416385, "unknown": 0.07290361491625476, "sfT": 3.216784485731732e-05,