{"monkeyracer": {"sfR": 0.09690789370786869, "bad-redirect": 0.010569975131770337, "alternate": 0.3063073807028794, "sft": 0.0, "dsfb-red": 0.00752694058213554, "roll-out": 0.2259294305331811, "dsfb": 0.0, "oneh-in": 0.022427350360511127, "unknown": 0.009365664638628651, "sfT": 5.571891080282153e-05, "oneh-out": 0.011829027010963918, "redirect": 0.024507523030483133, "dsfb-alt": 0.05530150773417583, "roll-in": 0.20781491937375854, "sfb": 0.021456668282840922}, "english-450k": {"sfR": 0.11369548401129392, "bad-redirect": 0.01482633758619097, "alternate": 0.3585035616537674, "sft": 0.0, "dsfb-red": 0.0055002014265325225, "roll-out": 0.16914040277120812, "dsfb": 0.0, "oneh-in": 0.009784827349104047, "unknown": 0.0, "sfT": 3.85896985384444e-05, "oneh-out": 0.006344204908960469, "redirect": 0.01679587394265688, "dsfb-alt": 0.05883204184526583, "roll-in": 0.2255111819498439, "sfb": 0.021027292856637517}, "shai": {"sfR": 0.09823378925716947, "bad-redirect": 0.012360793006511885, "alternate": 0.32325702719163446, "sft": 0.0, "dsfb-red": 0.006733563070478905, "roll-out": 0.21095116689729143, "dsfb": 0.0, "oneh-in": 0.011699765886712205, "unknown": 0.015546460696927484, "sfT": 8.296608314319305e-05, "oneh-out": 0.010377394273590839, "redirect": 0.022430404631114433, "dsfb-alt": 0.05388758954964852, "roll-in": 0.2156754381999441, "sfb": 0.018763641255833092}, "tr-quotes": {"sfR": 0.09677191928064538, "bad-redirect": 0.01044820970389034, "alternate": 0.30711726497307046, "sft": 0.0, "dsfb-red": 0.007507917061556599, "roll-out": 0.22568710848107995, "dsfb": 0.0, "oneh-in": 0.021926215297843322, "unknown": 0.009742030928549965, "sfT": 4.623101638889531e-05, "oneh-out": 0.01185016527588359, "redirect": 0.024501282910704792, "dsfb-alt": 0.055144356348674324, "roll-in": 0.20775872032546636, "sfb": 0.02149857839624604}, "gutenberg": {"sfR": 0.09863878308844841, "bad-redirect": 0.008620320580070569, "alternate": 0.28229982310393675, "sft": 0.0, "dsfb-red": 0.010282059996143067, "roll-out": 0.23765184778527568, "dsfb": 0.0, "oneh-in": 0.011652445647746859, "unknown": 0.025597834055655768, "sfT": 3.371974647297135e-05, "oneh-out": 0.018714269855721163, "redirect": 0.027082450084356197, "dsfb-alt": 0.048135885274056295, "roll-in": 0.20925167547358248, "sfb": 0.022038885308533786}, "english-200": {"sfR": 0.10690423162583519, "bad-redirect": 0.0066815144766146995, "alternate": 0.311804008908686, "sft": 0.0, "dsfb-red": 0.008908685968819599, "roll-out": 0.24721603563474387, "dsfb": 0.0, "oneh-in": 0.011135857461024499, "unknown": 0.0, "sfT": 0.0, "oneh-out": 0.013363028953229399, "redirect": 0.024498886414253896, "dsfb-alt": 0.0757238307349666, "roll-in": 0.18485523385300667, "sfb": 0.008908685968819599}, "chained-bigrams": {"sfR": 0.11914286586209158, "bad-redirect": 0.014283404616166779, "alternate": 0.3237530590367305, "sft": 0.0, "dsfb-red": 0.009318171635903693, "roll-out": 0.19928589469966088, "dsfb": 0.0, "oneh-in": 0.006024248933030065, "unknown": 0.01607548556628135, "sfT": 5.1944375365639704e-05, "oneh-out": 0.011714755254335895, "redirect": 0.026994842572830885, "dsfb-alt": 0.057530992936214255, "roll-in": 0.1960789788255247, "sfb": 0.019745355685863792}, "english-5k": {"sfR": 0.10644211224955408, "bad-redirect": 0.013440079644916414, "alternate": 0.35777989795495085, "sft": 0.0, "dsfb-red": 0.006471149458663459, "roll-out": 0.18102625793338034, "dsfb": 0.0, "oneh-in": 0.005102252457792342, "unknown": 0.0, "sfT": 0.0, "oneh-out": 0.007010411913552081, "redirect": 0.014352677645497159, "dsfb-alt": 0.059360351765047496, "roll-in": 0.2329613805118845, "sfb": 0.016053428464761273}, "mt-quotes": {"sfR": 0.0964592223377679, "bad-redirect": 0.010393134196339991, "alternate": 0.3034119840786029, "sft": 0.0, "dsfb-red": 0.007502002127634143, "roll-out": 0.23183741528310683, "dsfb": 0.0, "oneh-in": 0.023989672607308065, "unknown": 0.00522794372527223, "sfT": 4.6317878103297835e-05, "oneh-out": 0.012074024933959671, "redirect": 0.024427451261639234, "dsfb-alt": 0.055795113613272614, "roll-in": 0.20798370805990843, "sfb": 0.020852009897084665}, "wordle": {"sfR": 0.13138112868843263, "bad-redirect": 0.01348591944350948, "alternate": 0.3337147986087737, "sft": 0.0, "dsfb-red": 0.0097385840906541, "roll-out": 0.17794233142600696, "dsfb": 0.0, "oneh-in": 0.008055649051946594, "unknown": 0.0, "sfT": 0.0001795130707954673, "oneh-out": 0.013059575900370246, "redirect": 0.02221474251093908, "dsfb-alt": 0.06033883092112644, "roll-in": 0.20116683496017054, "sfb": 0.028722091327274768}, "english-1k": {"sfR": 0.10832745236414962, "bad-redirect": 0.012702893436838392, "alternate": 0.3232180663373324, "sft": 0.0, "dsfb-red": 0.008468595624558928, "roll-out": 0.2367678193366267, "dsfb": 0.0, "oneh-in": 0.0035285815102328866, "unknown": 0.0, "sfT": 0.0, "oneh-out": 0.014820042342978124, "redirect": 0.015172900494001412, "dsfb-alt": 0.0652787579393084, "roll-in": 0.20042342978122796, "sfb": 0.011291460832745237}, "english-10k": {"sfR": 0.10567144593890508, "bad-redirect": 0.012369502711256055, "alternate": 0.3647556010111731, "sft": 0.0, "dsfb-red": 0.005866347619690859, "roll-out": 0.17305725478088033, "dsfb": 0.0, "oneh-in": 0.006020725188630092, "unknown": 0.0, "sfT": 0.0, "oneh-out": 0.006889099013913279, "redirect": 0.01426062793076166, "dsfb-alt": 0.05603905752494163, "roll-in": 0.23855193840334998, "sfb": 0.016518399876497943}, "reddit": {"sfR": 0.10397777127267367, "bad-redirect": 0.011871640187084797, "alternate": 0.2996155558389833, "sft": 0.0, "dsfb-red": 0.00738671426754744, "roll-out": 0.2171008823655555, "dsfb": 0.0, "oneh-in": 0.0170620390280026, "unknown": 0.03279448971484982, "sfT": 0.00012458335651010778, "oneh-out": 0.011704093177562935, "redirect": 0.023643343995586017, "dsfb-alt": 0.05334553695857416, "roll-in": 0.19657796563919108, "sfb": 0.024795384197878523}, "akl": {"sfR": 0.13064861186637447, "bad-redirect": 0.012262284144195246, "alternate": 0.25562517361723225, "sft": 0.0, "dsfb-red": 0.0065122074209134975, "roll-out": 0.18414447444249335, "dsfb": 0.0, "oneh-in": 0.016058483685063758, "unknown": 0.12423987988349773, "sfT": 0.00021342426785135994, "oneh-out": 0.008720276414817218, "redirect": 0.023557068001226387, "dsfb-alt": 0.04717886992023126, "roll-in": 0.16562123448421262, "sfb": 0.025218011851890872}, "french": {"sfR": 0.10898279115633469, "bad-redirect": 0.017367920824819718, "alternate": 0.24258215100036057, "sft": 0.0, "dsfb-red": 0.0073958444245755305, "roll-out": 0.17038420759626247, "dsfb": 0.0, "oneh-in": 0.007518485753238066, "unknown": 0.14987089475718507, "sfT": 7.83100690103925e-05, "oneh-out": 0.005546755972805746, "redirect": 0.01733973998689958, "dsfb-alt": 0.029894011134472293, "roll-in": 0.2350307201846098, "sfb": 0.008008167139426066}, "keymash": {"sfR": 0.099723742164827, "bad-redirect": 0.010171870959267363, "alternate": 0.305640503585605, "sft": 0.0, "dsfb-red": 0.007749996921346562, "roll-out": 0.22532048782289943, "dsfb": 0.0, "oneh-in": 0.02088558492362887, "unknown": 0.008566866300238493, "sfT": 4.925845500855866e-05, "oneh-out": 0.012433655018410348, "redirect": 0.025265482548139876, "dsfb-alt": 0.055974024374725484, "roll-in": 0.20821959419242816, "sfb": 0.019998932733474816}, "movie": {"sfR": 0.11567713207251198, "bad-redirect": 0.011855254484558243, "alternate": 0.2911125794505501, "sft": 0.0, "dsfb-red": 0.007367504993150991, "roll-out": 0.21623683083979556, "dsfb": 0.0, "oneh-in": 0.03304434886639648, "unknown": 0.024481409107544254, "sfT": 0.000284119733503849, "oneh-out": 0.013872649350058015, "redirect": 0.02875557530692893, "dsfb-alt": 0.051089044493097625, "roll-in": 0.18022205556087065, "sfb": 0.026001495741033352}, "dutch": {"sfR": 0.18880787437283908, "bad-redirect": 0.007640329354262969, "alternate": 0.2924138682643913, "sft": 0.0, "dsfb-red": 0.00579455132652195, "roll-out": 0.12215129437562267, "dsfb": 0.0, "oneh-in": 0.005619851598291826, "unknown": 0.06757562285572356, "sfT": 0.0001400036413856932,