{"english-450k": {"unknown": 0.00015377410175167997, "sft": 0.0, "sfT": 0.00029029977764147947, "roll-out": 0.20217084595050813, "roll-in": 0.23891525526793236, "dsfb-alt": 0.05682859332947826, "sfb": 0.04566389191142378, "alternate": 0.22265495956559694, "sfR": 0.11369548401129392, "dsfb": 0.0, "oneh-out": 0.012933103588198802, "dsfb-red": 0.03026514046357922, "bad-redirect": 0.016009755008036596, "redirect": 0.045148193212773656, "oneh-in": 0.015270703811785177}, "shai": {"unknown": 0.023621906111313578, "sft": 0.0, "sfT": 0.0001838018437389016, "roll-out": 0.2368249310370559, "roll-in": 0.2431837766086735, "dsfb-alt": 0.05013378842116117, "sfb": 0.03275673273093259, "alternate": 0.2078036188631959, "sfR": 0.09823378925716947, "dsfb": 0.0, "oneh-out": 0.01782960323974891, "dsfb-red": 0.020753101048942714, "bad-redirect": 0.017974224935155173, "redirect": 0.03644970651464114, "oneh-in": 0.014251019388271051}, "tr-quotes": {"unknown": 0.01476965396084233, "sft": 0.0, "sfT": 0.00015140657867363213, "roll-out": 0.2507593444441876, "roll-in": 0.25200180300963915, "dsfb-alt": 0.04641016157740228, "sfb": 0.029005339682392918, "alternate": 0.20413536441598668, "sfR": 0.09677191928064538, "dsfb": 0.0, "oneh-out": 0.017597836388433, "dsfb-red": 0.018997480409606804, "bad-redirect": 0.018338688426065047, "redirect": 0.037280691616005175, "oneh-in": 0.013780310210119969}, "gutenberg": {"unknown": 0.03802431837805746, "sft": 0.0, "sfT": 0.0003659918549762958, "roll-out": 0.24691833721489292, "roll-in": 0.24089292161901762, "dsfb-alt": 0.04131691901539856, "sfb": 0.03208490707936605, "alternate": 0.19987569158631704, "sfR": 0.09863878308844841, "dsfb": 0.0, "oneh-out": 0.019050520136561184, "dsfb-red": 0.016530821553207297, "bad-redirect": 0.015170854924390098, "redirect": 0.03650408823510468, "oneh-in": 0.014625845314262354}, "english-200": {"unknown": 0.0, "sft": 0.0, "sfT": 0.0, "roll-out": 0.2650334075723831, "roll-in": 0.26948775055679286, "dsfb-alt": 0.0400890868596882, "sfb": 0.0, "alternate": 0.2182628062360802, "sfR": 0.10690423162583519, "dsfb": 0.0, "oneh-out": 0.017817371937639197, "dsfb-red": 0.017817371937639197, "bad-redirect": 0.015590200445434299, "redirect": 0.026726057906458798, "oneh-in": 0.022271714922048998}, "monkeyracer": {"unknown": 0.014352018393105714, "sft": 0.0, "sfT": 0.00015347138589549088, "roll-out": 0.25055816663277913, "roll-in": 0.2529677651438134, "dsfb-alt": 0.04634542596618546, "sfb": 0.02894548539969032, "alternate": 0.20379827017220076, "sfR": 0.09690789370786869, "dsfb": 0.0, "oneh-out": 0.01770004066502964, "dsfb-red": 0.01881148630683329, "bad-redirect": 0.01858567808936922, "redirect": 0.03705209815912539, "oneh-in": 0.013822199978103446}, "chained-bigrams": {"unknown": 0.02365222201805197, "sft": 0.0, "sfT": 0.00022401011876432123, "roll-out": 0.21676063187735414, "roll-in": 0.22015000236996213, "dsfb-alt": 0.05585773474474859, "sfb": 0.03130687503287105, "alternate": 0.20876639250858217, "sfR": 0.11914286586209158, "dsfb": 0.0, "oneh-out": 0.015277490099726707, "dsfb-red": 0.029962814320285122, "bad-redirect": 0.02447554036759736, "redirect": 0.03874336167115444, "oneh-in": 0.015680059008810414}, "english-5k": {"unknown": 0.002157049819554486, "sft": 0.0, "sfT": 0.00016592690919649896, "roll-out": 0.2016011946737462, "roll-in": 0.2660223171692869, "dsfb-alt": 0.05753515576388601, "sfb": 0.03057203301945493, "alternate": 0.2169909155017215, "sfR": 0.10644211224955408, "dsfb": 0.0, "oneh-out": 0.014477122827394533, "dsfb-red": 0.026174969925747707, "bad-redirect": 0.01551416600987265, "redirect": 0.04450989339196084, "oneh-in": 0.017837142738623635}, "mt-quotes": {"unknown": 0.008869126594231481, "sft": 0.0, "sfT": 0.00012401238330882967, "roll-out": 0.25471844706613594, "roll-in": 0.2559511002737237, "dsfb-alt": 0.04634178410489954, "sfb": 0.0276039612244654, "alternate": 0.2043933254443528, "sfR": 0.0964592223377679, "dsfb": 0.0, "oneh-out": 0.017811465318368178, "dsfb-red": 0.01852416299111892, "bad-redirect": 0.01887528238964392, "redirect": 0.036609053202806566, "oneh-in": 0.013719056669176798}, "wordle": {"unknown": 0.0, "sft": 0.0, "sfT": 0.0006956131493324357, "roll-out": 0.20271513519578144, "roll-in": 0.22515426904521485, "dsfb-alt": 0.05834174800852687, "sfb": 0.052507573207674185, "alternate": 0.2136878716481544, "sfR": 0.13138112868843263, "dsfb": 0.0, "oneh-out": 0.0194771681813082, "dsfb-red": 0.026792325816223494, "bad-redirect": 0.015079097946819253, "redirect": 0.03700213171771569, "oneh-in": 0.01716593739481656}, "english-1k": {"unknown": 0.0, "sft": 0.0, "sfT": 0.0007057163020465773, "roll-out": 0.22865208186309105, "roll-in": 0.27417078334509526, "dsfb-alt": 0.04763585038814397, "sfb": 0.029992942836979536, "alternate": 0.1926605504587156, "sfR": 0.10832745236414962, "dsfb": 0.0, "oneh-out": 0.019054340155257588, "dsfb-red": 0.02117148906139732, "bad-redirect": 0.017642907551164433, "redirect": 0.03705010585744531, "oneh-in": 0.022935779816513763}, "english-10k": {"unknown": 0.0, "sft": 0.0, "sfT": 0.00017367476505663728, "roll-out": 0.21174813299627565, "roll-in": 0.2623453812161093, "dsfb-alt": 0.05615484070164605, "sfb": 0.03560332683661064, "alternate": 0.21282877597885028, "sfR": 0.10567144593890508, "dsfb": 0.0, "oneh-out": 0.01528337932498408, "dsfb-red": 0.02441095308851624, "bad-redirect": 0.014878138206518593, "redirect": 0.0433222052835723, "oneh-in": 0.017579745662955174}, "reddit": {"unknown": 0.041217688064775854, "sft": 0.0, "sfT": 0.0002044425615851378, "roll-out": 0.23369736320412213, "roll-in": 0.24155566630464076, "dsfb-alt": 0.046715649725989655, "sfb": 0.02893914799742368, "alternate": 0.20363981176151538, "sfR": 0.10397777127267367, "dsfb": 0.0, "oneh-out": 0.016076909059206498, "dsfb-red": 0.018695631735194066, "bad-redirect": 0.016825045974292602, "redirect": 0.035069540624156625, "oneh-in": 0.013385331714423932}, "akl": {"unknown": 0.13295000147380848, "sft": 0.0, "sfT": 0.00015610263073453256, "roll-out": 0.19441028549807302, "roll-in": 0.21541500877626385, "dsfb-alt": 0.04243807403944317, "sfb": 0.03132172848554036, "alternate": 0.17057038957439993, "sfR": 0.13064861186637447, "dsfb": 0.0, "oneh-out": 0.013193019519277526, "dsfb-red": 0.015723053277521496, "bad-redirect": 0.01289220446242521, "redirect": 0.02950700451874866, "oneh-in": 0.010774515877389314}, "french": {"unknown": 0.15822382396052298, "sft": 0.0, "sfT": 0.0014794565362112606, "roll-out": 0.12566097810759397, "roll-in": 0.2298434684046438, "dsfb-alt": 0.038835441929697935, "sfb": 0.06785743516351021, "alternate": 0.16848510976810915, "sfR": 0.10898279115633469, "dsfb": 0.0, "oneh-out": 0.007674476654048513, "dsfb-red": 0.02677431297297008, "bad-redirect": 0.016242934583765502, "redirect": 0.03496647206906663, "oneh-in": 0.014973298693525268}, "keymash": {"unknown": 0.013394194891077241, "sft": 0.0, "sfT": 0.00018471920628209497, "roll-out": 0.24777002869305004, "roll-in": 0.2548304072442768, "dsfb-alt": 0.04567900727793673, "sfb": 0.028955761802531062, "alternate": 0.20346204841285154, "sfR": 0.099723742164827, "dsfb": 0.0, "oneh-out": 0.017716624318078262, "dsfb-red": 0.018492444984463063, "bad-redirect": 0.018488340113212348, "redirect": 0.037378957608994595, "oneh-in": 0.013923723282419247}, "movie": {"unknown": 0.030451476652766863, "sft": 0.0, "sfT": 0.00019542279029792302, "roll-out": 0.23832473845916566, "roll-in": 0.2427599804129777, "dsfb-alt": 0.04159281286300441, "sfb": 0.02841657927473536, "alternate": 0.20127336700571094, "sfR": 0.11567713207251198, "dsfb": 0.0, "oneh-out": 0.016229040247751354, "dsfb-red": 0.01824656671108971, "bad-redirect": 0.016793200181762936, "redirect": 0.03748761828836218, "oneh-in": 0.01255206503986296}, "dutch": {"unknown": 0.07325981014373002, "sft": 0.0, "sfT": 0.000895732826001832, "roll-out": 0.15655604167532575, "roll-in": 0.22047973553082628, "dsfb-alt": 0.03925034720293417, "sfb": 0.06995776473141159, "alternate": 0.15745740477071732,