{"english-450k": {"sft": 0.0, "oneh-out": 0.03182129929176209, "sfT": 0.00017833118263978095, "sfR": 0.11369548401129392, "redirect": 0.051802869787247977, "roll-in": 0.2262750825731845, "dsfb-alt": 0.038038918295668425, "oneh-in": 0.016964850046863097, "alternate": 0.2336746572679312, "dsfb": 0.0, "dsfb-red": 0.02520316599241888, "unknown": 0.00015377410175167997, "bad-redirect": 0.022345189530965603, "sfb": 0.03220368812273395, "roll-out": 0.2076426897955389}, "shai": {"sft": 0.0, "oneh-out": 0.03288607792278565, "sfT": 0.00019497571395883062, "sfR": 0.09823378925716947, "redirect": 0.06961941960588092, "roll-in": 0.21451224488974444, "dsfb-alt": 0.03420747419288817, "oneh-in": 0.01389232925227108, "alternate": 0.21072171358169797, "dsfb": 0.0, "dsfb-red": 0.02188579166735044, "unknown": 0.023260762136131256, "bad-redirect": 0.018458761413448526, "sfb": 0.025001710720691794, "roll-out": 0.23712494964598144}, "tr-quotes": {"sft": 0.0, "oneh-out": 0.03259286655417119, "sfT": 0.00019185871801391554, "sfR": 0.09677191928064538, "redirect": 0.06792029772774555, "roll-in": 0.21749497237696772, "dsfb-alt": 0.03508818566376182, "oneh-in": 0.014122419731397795, "alternate": 0.21862416495226647, "dsfb": 0.0, "dsfb-red": 0.019368484316127692, "unknown": 0.013835787429786644, "bad-redirect": 0.01870969233258593, "sfb": 0.021651140750329395, "roll-out": 0.2436282101662005}, "gutenberg": {"sft": 0.0, "oneh-out": 0.03808550645733145, "sfT": 0.00016064238769145903, "sfR": 0.09863878308844841, "redirect": 0.0771255848386927, "roll-in": 0.19437103769299346, "dsfb-alt": 0.03082799405774715, "oneh-in": 0.017489561086351725, "alternate": 0.2075192761393391, "dsfb": 0.0, "dsfb-red": 0.018352824483415377, "unknown": 0.032975828246008664, "bad-redirect": 0.01909465890582075, "sfb": 0.02023772042389889, "roll-out": 0.2451205821922609}, "english-200": {"sft": 0.0, "oneh-out": 0.044543429844097995, "sfT": 0.0, "sfR": 0.10690423162583519, "redirect": 0.042316258351893093, "roll-in": 0.21158129175946547, "dsfb-alt": 0.0378619153674833, "oneh-in": 0.0066815144766146995, "alternate": 0.21158129175946547, "dsfb": 0.0, "dsfb-red": 0.015590200445434299, "unknown": 0.0, "bad-redirect": 0.0334075723830735, "sfb": 0.011135857461024499, "roll-out": 0.27839643652561247}, "monkeyracer": {"sft": 0.0, "oneh-out": 0.03250269796831256, "sfT": 0.00018572970267607177, "sfR": 0.09690789370786869, "redirect": 0.06758606127907159, "roll-in": 0.21763513302156812, "dsfb-alt": 0.03515863271658038, "oneh-in": 0.014223962650734317, "alternate": 0.21883553341570608, "dsfb": 0.0, "dsfb-red": 0.01924648482099567, "unknown": 0.013436077701487402, "bad-redirect": 0.018669745217948917, "sfb": 0.02156615105494471, "roll-out": 0.2440458967421055}, "chained-bigrams": {"sft": 0.0, "oneh-out": 0.03267041488621909, "sfT": 0.00018959697008458492, "sfR": 0.11914286586209158, "redirect": 0.06116060616488833, "roll-in": 0.20647434694557334, "dsfb-alt": 0.04382871601945057, "oneh-in": 0.020398556206086712, "alternate": 0.19366486398040658, "dsfb": 0.0, "dsfb-red": 0.03582084125214514, "unknown": 0.022916559801936097, "bad-redirect": 0.018817499280895055, "sfb": 0.024378144663786783, "roll-out": 0.22053698796643614}, "english-5k": {"sft": 0.0, "oneh-out": 0.03198241174762517, "sfT": 0.0003318538183929979, "sfR": 0.10644211224955408, "redirect": 0.06114406603890986, "roll-in": 0.22843987223627993, "dsfb-alt": 0.032770564566308544, "oneh-in": 0.01717343510183764, "alternate": 0.2212220516862322, "dsfb": 0.0, "dsfb-red": 0.027460903472020574, "unknown": 0.002157049819554486, "bad-redirect": 0.020616418467664994, "sfb": 0.02829053801800307, "roll-out": 0.22196872277761645}, "mt-quotes": {"sft": 0.0, "oneh-out": 0.03247032667551189, "sfT": 0.00017481263671244665, "sfR": 0.0964592223377679, "redirect": 0.06828898770036218, "roll-in": 0.21980970822725046, "dsfb-alt": 0.03558109513393337, "oneh-in": 0.014107529195204456, "alternate": 0.22007118011976906, "dsfb": 0.0, "dsfb-red": 0.018800576134638602, "unknown": 0.007977133909467972, "bad-redirect": 0.01874828175613488, "sfb": 0.020608467505767322, "roll-out": 0.24690267866747947}, "wordle": {"sft": 0.0, "oneh-out": 0.02959721754740267, "sfT": 0.0001795130707954673, "sfR": 0.13138112868843263, "redirect": 0.037720184000897564, "roll-in": 0.21647032424548412, "dsfb-alt": 0.04205093683383821, "oneh-in": 0.018579602827330864, "alternate": 0.2231796252664647, "dsfb": 0.0, "dsfb-red": 0.029754291484348706, "unknown": 0.0, "bad-redirect": 0.016066419836194324, "sfb": 0.03632895770223269, "roll-out": 0.21869179849657802}, "english-1k": {"sft": 0.0, "oneh-out": 0.035285815102328866, "sfT": 0.0, "sfR": 0.10832745236414962, "redirect": 0.05222300635144672, "roll-in": 0.21912491178546226, "dsfb-alt": 0.032462949894142556, "oneh-in": 0.016937191249117856, "alternate": 0.23147494707127736, "dsfb": 0.0, "dsfb-red": 0.025405786873676783, "unknown": 0.0, "bad-redirect": 0.020112914608327453, "sfb": 0.0187014820042343, "roll-out": 0.2399435426958363}, "english-10k": {"sft": 0.0, "oneh-out": 0.034001659558866096, "sfT": 0.0003280523339958704, "sfR": 0.10567144593890508, "redirect": 0.05380058277532274, "roll-in": 0.21821269369560603, "dsfb-alt": 0.033963065166631286, "oneh-in": 0.015572837266745142, "alternate": 0.23669940757607918, "dsfb": 0.0, "dsfb-red": 0.025105652148742788, "unknown": 0.0, "bad-redirect": 0.021767237220431872, "sfb": 0.03108778294513807, "roll-out": 0.22378958337353583}, "reddit": {"sft": 0.0, "oneh-out": 0.029820970420442607, "sfT": 0.0001910702650505291, "sfR": 0.10397777127267367, "redirect": 0.06403914149856248, "roll-in": 0.20683032185095057, "dsfb-alt": 0.034494756617648024, "oneh-in": 0.012974835922483382, "alternate": 0.21572102617580224, "dsfb": 0.0, "dsfb-red": 0.02000783983659578, "unknown": 0.039285409944231534, "bad-redirect": 0.016248651299013726, "sfb": 0.02431428118193871, "roll-out": 0.23209392371460671}, "akl": {"sft": 0.0, "oneh-out": 0.02396130908091105, "sfT": 0.00021300423861386595, "sfR": 0.13064861186637447, "redirect": 0.04881451318623728, "roll-in": 0.18028615998968012, "dsfb-alt": 0.03183443593890729, "oneh-in": 0.01132445768727998, "alternate": 0.19000343756869487, "dsfb": 0.0, "dsfb-red": 0.018015943469796798, "unknown": 0.13277008071454782, "bad-redirect": 0.013206509870081744, "sfb": 0.02626724488715087, "roll-out": 0.19265429150172386}, "french": {"sft": 0.0, "oneh-out": 0.021769674820547164, "sfT": 0.0002750066245943686, "sfR": 0.10898279115633469, "redirect": 0.054987931155396526, "roll-in": 0.17770560726611967, "dsfb-alt": 0.02487932016852231, "oneh-in": 0.013162923312029609, "alternate": 0.1697401982933199, "dsfb": 0.0, "dsfb-red": 0.021755127455517685, "unknown": 0.15807953387545715, "bad-redirect": 0.01433761929270052, "sfb": 0.04316381488122931, "roll-out": 0.19116045169823107}, "keymash": {"sft": 0.0, "oneh-out": 0.03362710528584271, "sfT": 0.00016419485002852887, "sfR": 0.099723742164827, "redirect": 0.06846514759064581, "roll-in": 0.21380632396464885, "dsfb-alt": 0.03476825949354098, "oneh-in": 0.014428622446256973, "alternate": 0.21807128519413987, "dsfb": 0.0, "dsfb-red": 0.019379097174617117, "unknown": 0.01232282349464109, "bad-redirect": 0.018722317774503002, "sfb": 0.022149885268848542, "roll-out": 0.2443711952974595}, "movie": {"sft": 0.0, "oneh-out": 0.03300697508023849, "sfT": 8.77757583358348e-05, "sfR": 0.11567713207251198, "redirect": 0.052338039579102734, "roll-in": 0.21525511096395547, "dsfb-alt": 0.037140331592337796, "oneh-in": 0.012802364128850602, "alternate": 0.22411427745746132, "dsfb": 0.0, "dsfb-red": 0.01702994469337638, "unknown": 0.030236445784519856, "bad-redirect": 0.01576647384512698, "sfb": 0.02078140427790358, "roll-out": 0.22576372476627896}, "dutch": {"sft": 0.0, "oneh-out": 0.030795350143405113, "sfT": 0.00045083395944678335, "sfR": 0.18880787437283908, "redirect": 0.055319853273028005, "roll-in": 0.1516282470113221, "dsfb-alt": 0.023428572985988987, "oneh-in": 0.01872589944360387,