{"english-450k": {"oneh-out": 0.0201134186321589, "sfT": 9.6474246346111e-06, "sft": 0.0, "redirect": 0.0820902285621069, "sfb": 0.023410791433788554, "oneh-in": 0.03243288754435623, "dsfb-red": 0.03454801230894445, "bad-redirect": 0.01856632253620854, "sfR": 0.11369548401129392, "alternate": 0.18036298873707027, "roll-in": 0.2602354790180208, "unknown": 0.00015377410175167997, "dsfb-alt": 0.03130676997791617, "dsfb": 0.0, "roll-out": 0.20307419571174898}, "shai": {"oneh-out": 0.015200446149763765, "sfT": 6.901712981010535e-05, "sft": 0.0, "redirect": 0.07295717501028755, "sfb": 0.019585808975818613, "oneh-in": 0.046340938738240536, "dsfb-red": 0.0344763785854306, "bad-redirect": 0.023230832264842474, "sfR": 0.09823378925716947, "alternate": 0.21630146521292049, "roll-in": 0.2403811516664587, "unknown": 0.024097749651430984, "dsfb-alt": 0.029586972420705387, "dsfb": 0.0, "roll-out": 0.17953827493712135}, "tr-quotes": {"oneh-out": 0.017216430503224613, "sfT": 6.934652458334296e-05, "sft": 0.0, "redirect": 0.07066064122419731, "sfb": 0.021374910427405747, "oneh-in": 0.04650840248722868, "dsfb-red": 0.03463165437692148, "bad-redirect": 0.026749266082614825, "sfR": 0.09677191928064538, "alternate": 0.2206086313307598, "roll-in": 0.23935646425186657, "unknown": 0.013894731975682485, "dsfb-alt": 0.029012274334851252, "dsfb": 0.0, "roll-out": 0.1831453272000185}, "gutenberg": {"oneh-out": 0.01569029056949621, "sfT": 0.00010381135431004663, "sft": 0.0, "redirect": 0.07356133186178844, "sfb": 0.02459173532802683, "oneh-in": 0.05572225992014103, "dsfb-red": 0.0339550269511704, "bad-redirect": 0.021001150638989195, "sfR": 0.09863878308844841, "alternate": 0.2220229347318314, "roll-in": 0.23068057435715578, "unknown": 0.03298207965968062, "dsfb-alt": 0.03349715825889415, "dsfb": 0.0, "roll-out": 0.1575528632800675}, "english-200": {"oneh-out": 0.017817371937639197, "sfT": 0.0, "sft": 0.0, "redirect": 0.0757238307349666, "sfb": 0.004454342984409799, "oneh-in": 0.0467706013363029, "dsfb-red": 0.024498886414253896, "bad-redirect": 0.0200445434298441, "sfR": 0.10690423162583519, "alternate": 0.24498886414253898, "roll-in": 0.2516703786191537, "unknown": 0.0, "dsfb-alt": 0.0334075723830735, "dsfb": 0.0, "roll-out": 0.17371937639198218}, "monkeyracer": {"oneh-out": 0.017344221655692323, "sfT": 7.135930681764862e-05, "sft": 0.0, "redirect": 0.07036711919545803, "sfb": 0.02139508422353254, "oneh-in": 0.04650671755008837, "dsfb-red": 0.034607308757057725, "bad-redirect": 0.026823279165428468, "sfR": 0.09690789370786869, "alternate": 0.2205129658882963, "roll-in": 0.23936648575941943, "unknown": 0.013491796612290222, "dsfb-alt": 0.02903150757777187, "dsfb": 0.0, "roll-out": 0.1835742606002784}, "chained-bigrams": {"oneh-out": 0.012262119109751323, "sfT": 5.064576598149871e-05, "sft": 0.0, "redirect": 0.06834191605918802, "sfb": 0.021644571910169993, "oneh-in": 0.03255224143226226, "dsfb-red": 0.036229253903457485, "bad-redirect": 0.025387164155264336, "sfR": 0.11914286586209158, "alternate": 0.2007182608503684, "roll-in": 0.2536372425588059, "unknown": 0.023159399756770463, "dsfb-alt": 0.03839273713743638, "dsfb": 0.0, "roll-out": 0.16848158149845238}, "english-5k": {"oneh-out": 0.016634172646949018, "sfT": 0.0, "sft": 0.0, "redirect": 0.08180196623387398, "sfb": 0.015887501555564773, "oneh-in": 0.04401211266437134, "dsfb-red": 0.03534243165885428, "bad-redirect": 0.018542332102708756, "sfR": 0.10644211224955408, "alternate": 0.1920603973949475, "roll-in": 0.26668602480607295, "unknown": 0.002157049819554486, "dsfb-alt": 0.028954245654789067, "dsfb": 0.0, "roll-out": 0.19147965321275978}, "mt-quotes": {"oneh-out": 0.017606770179653602, "sfT": 6.872975460489356e-05, "sft": 0.0, "redirect": 0.06972783017176462, "sfb": 0.02129128267651594, "oneh-in": 0.04725170629086432, "dsfb-red": 0.03479667945637752, "bad-redirect": 0.027481442966256677, "sfR": 0.0964592223377679, "alternate": 0.22413818864225865, "roll-in": 0.2405406939912265, "unknown": 0.007995063410669249, "dsfb-alt": 0.02881868493085189, "dsfb": 0.0, "roll-out": 0.18382370519118824}, "wordle": {"oneh-out": 0.017861550544148997, "sfT": 2.2439133849433412e-05, "sft": 0.0, "redirect": 0.076158420284977, "sfb": 0.03280601368787165, "oneh-in": 0.02905867833501627, "dsfb-red": 0.03751823179625267, "bad-redirect": 0.019028385504319532, "sfR": 0.13138112868843263, "alternate": 0.18478626725008415, "roll-in": 0.2382138449455851, "unknown": 0.0, "dsfb-alt": 0.038438236284079434, "dsfb": 0.0, "roll-out": 0.19472680354538316}, "english-1k": {"oneh-out": 0.019760056457304165, "sfT": 0.0, "sft": 0.0, "redirect": 0.0744530698659139, "sfb": 0.01587861679604799, "oneh-in": 0.05998588567395907, "dsfb-red": 0.03175723359209598, "bad-redirect": 0.02364149611856034, "sfR": 0.10832745236414962, "alternate": 0.1990119971771348, "roll-in": 0.25688073394495414, "unknown": 0.0, "dsfb-alt": 0.029640084685956247, "dsfb": 0.0, "roll-out": 0.1806633733239238}, "english-10k": {"oneh-out": 0.016093861561915054, "sfT": 0.0, "sft": 0.0, "redirect": 0.0796395283765269, "sfb": 0.01933579050963895, "oneh-in": 0.040176762316435424, "dsfb-red": 0.03620153991625017, "bad-redirect": 0.017599042859072576, "sfR": 0.10567144593890508, "alternate": 0.1990312807549063, "roll-in": 0.27141506339128924, "unknown": 0.0, "dsfb-alt": 0.02823179791976226, "dsfb": 0.0, "roll-out": 0.18660388645529805}, "reddit": {"oneh-out": 0.014552691998740682, "sfT": 9.821333757351251e-05, "sft": 0.0, "redirect": 0.06679316035125314, "sfb": 0.018963527154845387, "oneh-in": 0.03937954042375946, "dsfb-red": 0.03375984216944348, "bad-redirect": 0.024172617244981036, "sfR": 0.10397777127267367, "alternate": 0.21430479883777137, "roll-in": 0.22784187053332053, "unknown": 0.04519937363713543, "dsfb-alt": 0.02985217244569003, "dsfb": 0.0, "roll-out": 0.18110442059281226}, "akl": {"oneh-out": 0.010889233274429587, "sfT": 0.0001222779233151633, "sft": 0.0, "redirect": 0.059895304500566335, "sfb": 0.020097361294794974, "oneh-in": 0.032391740614255204, "dsfb-red": 0.028334801747311743, "bad-redirect": 0.01877738235456679, "sfR": 0.13064861186637447, "alternate": 0.1765359660041183, "roll-in": 0.19245015729230178, "unknown": 0.13920166722946467, "dsfb-alt": 0.024893946941363154, "dsfb": 0.0, "roll-out": 0.16576154895713782}, "french": {"oneh-out": 0.021889334763379766, "sfT": 0.0004241807889594878, "sft": 0.0, "redirect": 0.056729779608318716, "sfb": 0.05073268455680943, "oneh-in": 0.0371074067317265, "dsfb-red": 0.03023709523248989, "bad-redirect": 0.017453032648437096, "sfR": 0.10898279115633469, "alternate": 0.1485491070876785, "roll-in": 0.1929104203075343, "unknown": 0.15842537463172957, "dsfb-alt": 0.023044374572146788, "dsfb": 0.0, "roll-out": 0.1535144179144553}, "keymash": {"oneh-out": 0.01632507296408648, "sfT": 6.978281126212477e-05, "sft": 0.0, "redirect": 0.07124004055612795, "sfb": 0.022112941427592122, "oneh-in": 0.04701309043441852, "dsfb-red": 0.034485023377241776, "bad-redirect": 0.026238337034558912, "sfR": 0.099723742164827, "alternate": 0.21972965317942802, "roll-in": 0.23753658466502198, "unknown": 0.012376186820900362, "dsfb-alt": 0.029670009400155163, "dsfb": 0.0, "roll-out": 0.18347953516437956}, "movie": {"oneh-out": 0.017393417923546657, "sfT": 4.17165148312738e-05, "sft": 0.0, "redirect": 0.06853970747642853, "sfb": 0.020307125667645184, "oneh-in": 0.038989676017965214, "dsfb-red": 0.03912364261764419, "bad-redirect": 0.02550642467227861, "sfR": 0.11567713207251198, "alternate": 0.19949771736969082, "roll-in": 0.22425179719878208, "unknown": 0.030282373430185833, "dsfb-alt": 0.028455795430633528, "dsfb": 0.0, "roll-out": 0.19193347360785606}, "dutch": {"oneh-out": 0.014793461098370883, "sfT": 0.0003074772595391736, "sft": 0.0, "redirect": 0.09136338551182502, "sfb": 0.03478176017928499, "oneh-in": 0.036648517236280785, "dsfb-red": 0.025555111389859254, "bad-redirect": 0.009886233055354621, "sfR": 0.18880787437283908, "alternate": 0.14516512809095963,