{"english-450k": {"sft": 0.0, "dsfb-alt": 0.046696166347327164, "roll-out": 0.16365686507813537, "sfT": 0.0021347119600584924, "roll-in": 0.22448855493857514, "sfR": 0.11369548401129392, "oneh-out": 0.0036628055529406814, "dsfb-red": 0.011528380092159216, "sfb": 0.03915918893808751, "oneh-in": 0.0037964077668199924, "dsfb": 0.0, "redirect": 0.02918053605768809, "unknown": 0.00015377410175167997, "alternate": 0.3602462373582194, "bad-redirect": 0.0016008877969433451}, "shai": {"sft": 0.0, "dsfb-alt": 0.04542694556935726, "roll-out": 0.21596170137597678, "sfT": 0.0002476364961591611, "roll-in": 0.2129712958097716, "sfR": 0.09823378925716947, "oneh-out": 0.011434321639641408, "dsfb-red": 0.011337085359234316, "sfb": 0.01890935440652235, "oneh-in": 0.004458625794323999, "dsfb": 0.0, "redirect": 0.02781999920734028, "unknown": 0.023260762136131256, "alternate": 0.3285450622408181, "bad-redirect": 0.001393420707554078}, "tr-quotes": {"sft": 0.0, "dsfb-alt": 0.045410415847992415, "roll-out": 0.2406231941009223, "sfT": 0.000187235616375026, "roll-in": 0.1925232888745059, "sfR": 0.09677191928064538, "oneh-out": 0.02107556459628765, "dsfb-red": 0.013005940685605974, "sfb": 0.016213217447585585, "oneh-in": 0.005326968863410462, "dsfb": 0.0, "redirect": 0.027378007905503803, "unknown": 0.013835787429786644, "alternate": 0.32671459282032317, "bad-redirect": 0.0009338665310556852}, "gutenberg": {"sft": 0.0, "dsfb-alt": 0.03985844526205358, "roll-out": 0.26167110517037373, "sfT": 7.236484917233178e-05, "roll-in": 0.17666684473723793, "sfR": 0.09863878308844841, "oneh-out": 0.014945804032199706, "dsfb-red": 0.013152595492238206, "sfb": 0.01690363313218936, "oneh-in": 0.005741828739302032, "dsfb": 0.0, "redirect": 0.030141475174499686, "unknown": 0.032975828246008664, "alternate": 0.3079586558020886, "bad-redirect": 0.0012726362741877614}, "english-200": {"sft": 0.0, "dsfb-alt": 0.051224944320712694, "roll-out": 0.2561247216035635, "sfT": 0.0, "roll-in": 0.1759465478841871, "sfR": 0.10690423162583519, "oneh-out": 0.011135857461024499, "dsfb-red": 0.004454342984409799, "sfb": 0.015590200445434299, "oneh-in": 0.011135857461024499, "dsfb": 0.0, "redirect": 0.017817371937639197, "unknown": 0.0, "alternate": 0.34743875278396436, "bad-redirect": 0.0022271714922048997}, "monkeyracer": {"sft": 0.0, "dsfb-alt": 0.04520563210660494, "roll-out": 0.24116513130112455, "sfT": 0.00017693197991773153, "roll-in": 0.19222339959647777, "sfR": 0.09690789370786869, "oneh-out": 0.021575926302453977, "dsfb-red": 0.013138910177205686, "sfb": 0.016031405915197774, "oneh-in": 0.00535683563507828, "dsfb": 0.0, "redirect": 0.02733745718441591, "unknown": 0.013436077701487402, "alternate": 0.32651965997779064, "bad-redirect": 0.0009247384143766521}, "chained-bigrams": {"sft": 0.0, "dsfb-alt": 0.05509415242687368, "roll-out": 0.2081547474886518, "sfT": 6.947560205154311e-05, "roll-in": 0.18914115819075145, "sfR": 0.11914286586209158, "oneh-out": 0.006889122782867966, "dsfb-red": 0.01848440597386289, "sfb": 0.021451728416625057, "oneh-in": 0.006826140227737127, "dsfb": 0.0, "redirect": 0.02934597486281815, "unknown": 0.022916559801936097, "alternate": 0.31971438385205203, "bad-redirect": 0.002769284511680667}, "english-5k": {"sft": 0.0, "dsfb-alt": 0.04849213921267682, "roll-out": 0.16617579956029369, "sfT": 0.00041481727299124733, "roll-in": 0.251088895341602, "sfR": 0.10644211224955408, "oneh-out": 0.0041896544572115986, "dsfb-red": 0.009167461733106567, "sfb": 0.02119716264985274, "oneh-in": 0.004438544821006347, "dsfb": 0.0, "redirect": 0.025428298834363462, "unknown": 0.002157049819554486, "alternate": 0.35914879495582197, "bad-redirect": 0.0016592690919649893}, "mt-quotes": {"sft": 0.0, "dsfb-alt": 0.04543186191893475, "roll-out": 0.24803970786866042, "sfT": 0.0001299888837092552, "roll-in": 0.19037693788025484, "sfR": 0.0964592223377679, "oneh-out": 0.023167903802249555, "dsfb-red": 0.013344031269050096, "sfb": 0.01480379149185403, "oneh-in": 0.005480450867190208, "dsfb": 0.0, "redirect": 0.02722146519883817, "unknown": 0.007977133909467972, "alternate": 0.32671137088966185, "bad-redirect": 0.0008561336823609567}, "wordle": {"sft": 0.0, "dsfb-alt": 0.05275440368001795, "roll-out": 0.1969033995287782, "sfT": 0.00047122181083810165, "roll-in": 0.1964994951194884, "sfR": 0.13138112868843263, "oneh-out": 0.006440031414787389, "dsfb-red": 0.016717154717827892, "sfb": 0.03906653203186357, "oneh-in": 0.002782452597329743, "dsfb": 0.0, "redirect": 0.03531919667900819, "unknown": 0.0, "alternate": 0.3200044878267699, "bad-redirect": 0.0016604959048580725}, "english-1k": {"sft": 0.0, "dsfb-alt": 0.04551870148200424, "roll-out": 0.20959774170783346, "sfT": 0.0, "roll-in": 0.21983062808750883, "sfR": 0.10832745236414962, "oneh-out": 0.009174311926605505, "dsfb-red": 0.0077628793225123505, "sfb": 0.01834862385321101, "oneh-in": 0.005998588567395907, "dsfb": 0.0, "redirect": 0.027522935779816515, "unknown": 0.0, "alternate": 0.3475652787579393, "bad-redirect": 0.00035285815102328866}, "english-10k": {"sft": 0.0, "dsfb-alt": 0.04581154358271743, "roll-out": 0.1622315277590166, "sfT": 0.0004245383145828911, "roll-in": 0.2649697998880763, "sfR": 0.10567144593890508, "oneh-out": 0.0032419289477238957, "dsfb-red": 0.010459080295633045, "sfb": 0.022674205437949867, "oneh-in": 0.004168194361359294, "dsfb": 0.0, "redirect": 0.029891356785859014, "unknown": 0.0, "alternate": 0.3492213581366627, "bad-redirect": 0.001235020551513865}, "reddit": {"sft": 0.0, "dsfb-alt": 0.04757784446445919, "roll-out": 0.22357037695455123, "sfT": 0.00026542323037601436, "roll-in": 0.19323856233203862, "sfR": 0.10397777127267367, "oneh-out": 0.01578122023891462, "dsfb-red": 0.012882241196899201, "sfb": 0.018682521640552296, "oneh-in": 0.005769040960992412, "dsfb": 0.0, "redirect": 0.025705074936364536, "unknown": 0.039285409944231534, "alternate": 0.31217573819665406, "bad-redirect": 0.0010887746312926347}, "akl": {"sft": 0.0, "dsfb-alt": 0.0411619510931298, "roll-out": 0.18368508599468594, "sfT": 0.00044592280460538836, "roll-in": 0.1718902202690149, "sfR": 0.13064861186637447, "oneh-out": 0.013919101825291408, "dsfb-red": 0.012174275665139152, "sfb": 0.022179495640257115, "oneh-in": 0.005506336227524205, "dsfb": 0.0, "redirect": 0.019668239659689345, "unknown": 0.13277008071454782, "alternate": 0.2648826427192021, "bad-redirect": 0.0010680355205384044}, "french": {"sft": 0.0, "dsfb-alt": 0.03628739079194941, "roll-out": 0.17966088698805316, "sfT": 0.00019334062379550702, "roll-in": 0.17736745219291639, "sfR": 0.10898279115633469, "oneh-out": 0.014197044703543353, "dsfb-red": 0.007598503751819375, "sfb": 0.047863317932153336, "oneh-in": 0.0015311288966506798, "dsfb": 0.0, "redirect": 0.019413016667609775, "unknown": 0.15807953387545715, "alternate": 0.2469657170443416, "bad-redirect": 0.0018598753753755778}, "keymash": {"sft": 0.0, "dsfb-alt": 0.04448448974397918, "roll-out": 0.24274566628217706, "sfT": 0.00016008997877781564, "roll-in": 0.1934913161448691, "sfR": 0.099723742164827, "oneh-out": 0.020421734472298277, "dsfb-red": 0.013197161071043007, "sfb": 0.016710930861653525, "oneh-in": 0.0051228793208901, "dsfb": 0.0, "redirect": 0.027445169182268598, "unknown": 0.01232282349464109, "alternate": 0.32318472331115333, "bad-redirect": 0.0009892739714218864}, "movie": {"sft": 0.0, "dsfb-alt": 0.05105140751126247, "roll-out": 0.23811312913472185, "sfT": 9.830358542259159e-05, "roll-in": 0.17080715139502262, "sfR": 0.11567713207251198, "oneh-out": 0.03166559831154709, "dsfb-red": 0.013532074143801432, "sfb": 0.015863198256486556, "oneh-in": 0.005591592161453703, "dsfb": 0.0, "redirect": 0.02784215470931419, "unknown": 0.030236445784519856, "alternate": 0.29885777024043847, "bad-redirect": 0.0006640426934971849}, "dutch": {"sft": 0.0, "dsfb-alt": 0.03334157671713624, "roll-out": 0.15132180973784856, "sfT": 0.00015382828374076104, "roll-in": 0.1830250856473352, "sfR": 0.18880787437283908, "oneh-out": 0.006473967050874576,