{"english-450k": {"dsfb": 0.0, "dsfb-red": 0.01813189608144999, "oneh-out": 0.005455180111571004, "unknown": 0.00015377410175167997, "dsfb-alt": 0.0438855499704438, "bad-redirect": 0.0009176747250922499, "sfR": 0.11369548401129392, "roll-out": 0.1639331322381265, "sfT": 4.736008456990904e-05, "sfb": 0.026309988709589716, "roll-in": 0.22890298257441233, "redirect": 0.04513006774830863, "alternate": 0.3482995098523593, "oneh-in": 0.005137399791030935, "sft": 0.0}, "shai": {"dsfb": 0.0, "dsfb-red": 0.013498066188944688, "oneh-out": 0.008294406051709282, "unknown": 0.023621906111313578, "dsfb-alt": 0.043000505010940875, "bad-redirect": 0.001855106292262929, "sfR": 0.09823378925716947, "roll-out": 0.19951352057648655, "sfT": 9.388063597318952e-05, "sfb": 0.023321755908488673, "roll-in": 0.21020482048579514, "redirect": 0.04042263083762149, "alternate": 0.32690279359914887, "oneh-in": 0.011036819044145264, "sft": 0.0}, "tr-quotes": {"dsfb": 0.0, "dsfb-red": 0.013213980259356002, "oneh-out": 0.010842329118605673, "unknown": 0.01476965396084233, "dsfb-alt": 0.03941540879776242, "bad-redirect": 0.0018191904949030305, "sfR": 0.09677191928064538, "roll-out": 0.2088451492106054, "sfT": 8.437160490973394e-05, "sfb": 0.023444904186218533, "roll-in": 0.19506252744966598, "redirect": 0.035885670696470265, "alternate": 0.3401620397124431, "oneh-in": 0.01968285522757218, "sft": 0.0}, "gutenberg": {"dsfb": 0.0, "dsfb-red": 0.012042685410299223, "oneh-out": 0.008953160998907708, "unknown": 0.03802431837805746, "dsfb-alt": 0.04007478206245882, "bad-redirect": 0.0018638684581323882, "sfR": 0.09863878308844841, "roll-out": 0.21774450510210075, "sfT": 0.0001716297208118654, "sfb": 0.0296644733676517, "roll-in": 0.18540556330351976, "redirect": 0.03384685855096778, "alternate": 0.3229016182826192, "oneh-in": 0.010667753276024919, "sft": 0.0}, "english-200": {"dsfb": 0.0, "dsfb-red": 0.0022271714922048997, "oneh-out": 0.015590200445434299, "unknown": 0.0, "dsfb-alt": 0.042316258351893093, "bad-redirect": 0.0022271714922048997, "sfR": 0.10690423162583519, "roll-out": 0.19599109131403117, "sfT": 0.0, "sfb": 0.015590200445434299, "roll-in": 0.2182628062360802, "redirect": 0.035634743875278395, "alternate": 0.35412026726057905, "oneh-in": 0.011135857461024499, "sft": 0.0}, "monkeyracer": {"dsfb": 0.0, "dsfb-red": 0.013163348295978854, "oneh-out": 0.010977602952906767, "unknown": 0.014352018393105714, "dsfb-alt": 0.0393228881555281, "bad-redirect": 0.001785937719943069, "sfR": 0.09690789370786869, "roll-out": 0.20894982560958444, "sfT": 8.797722758340242e-05, "sfb": 0.023605267685377795, "roll-in": 0.19432898790997388, "redirect": 0.035880045982764286, "alternate": 0.340463073025009, "oneh-in": 0.020175133334376025, "sft": 0.0}, "chained-bigrams": {"dsfb": 0.0, "dsfb-red": 0.023017851333899095, "oneh-out": 0.006779390289908052, "unknown": 0.02365222201805197, "dsfb-alt": 0.05163660494159829, "bad-redirect": 0.0024271009389595154, "sfR": 0.11914286586209158, "roll-out": 0.1922474318376167, "sfT": 8.7656133429517e-05, "sfb": 0.025809212205110156, "roll-in": 0.17603104715315604, "redirect": 0.040638682067308224, "alternate": 0.3305590708190135, "oneh-in": 0.007970864399857412, "sft": 0.0}, "english-5k": {"dsfb": 0.0, "dsfb-red": 0.016302318828556022, "oneh-out": 0.006720039822458207, "unknown": 0.002157049819554486, "dsfb-alt": 0.043306923300286224, "bad-redirect": 0.0005392624548886216, "sfR": 0.10644211224955408, "roll-out": 0.17845439084083461, "sfT": 0.0, "sfb": 0.02302235865101423, "roll-in": 0.23433027751275562, "redirect": 0.042767660845397605, "alternate": 0.34052349939851495, "oneh-in": 0.00543410627618534, "sft": 0.0}, "mt-quotes": {"dsfb": 0.0, "dsfb-red": 0.012622368845698713, "oneh-out": 0.0114957985202185, "unknown": 0.008869126594231481, "dsfb-alt": 0.038938394233872416, "bad-redirect": 0.001804903120928509, "sfR": 0.0964592223377679, "roll-out": 0.21264687249734046, "sfT": 8.068275540574461e-05, "sfb": 0.023196292179151576, "roll-in": 0.1918904866066626, "redirect": 0.035262846487610716, "alternate": 0.3450293446169661, "oneh-in": 0.0217036612041453, "sft": 0.0}, "wordle": {"dsfb": 0.0, "dsfb-red": 0.02142937282620891, "oneh-out": 0.007674183776506227, "unknown": 0.0, "dsfb-alt": 0.04537192864355436, "bad-redirect": 0.0030741613373723776, "sfR": 0.13138112868843263, "roll-out": 0.18299113654212948, "sfT": 0.0, "sfb": 0.03664310557612476, "roll-in": 0.2065073488163357, "redirect": 0.043711432738696286, "alternate": 0.31446202176595983, "oneh-in": 0.006754179288679457, "sft": 0.0}, "english-1k": {"dsfb": 0.0, "dsfb-red": 0.013408609738884969, "oneh-out": 0.010232886379675371, "unknown": 0.0, "dsfb-alt": 0.03387438249823571, "bad-redirect": 0.00035285815102328866, "sfR": 0.10832745236414962, "roll-out": 0.21312632321806635, "sfT": 0.0, "sfb": 0.020112914608327453, "roll-in": 0.21912491178546226, "redirect": 0.04516584333098095, "alternate": 0.3285109386026817, "oneh-in": 0.0077628793225123505, "sft": 0.0}, "english-10k": {"dsfb": 0.0, "dsfb-red": 0.016325427915323903, "oneh-out": 0.006040022384747496, "unknown": 0.0, "dsfb-alt": 0.040099573531965804, "bad-redirect": 0.0008683738252831864, "sfR": 0.10567144593890508, "roll-out": 0.1738484398216939, "sfT": 1.929719611740414e-05, "sfb": 0.02348468767488084, "roll-in": 0.24451477200362787, "redirect": 0.04415198471662068, "alternate": 0.33992010960807395, "oneh-in": 0.005055865382759885, "sft": 0.0}, "reddit": {"dsfb": 0.0, "dsfb-red": 0.012163733095703504, "oneh-out": 0.009855981864618795, "unknown": 0.041217688064775854, "dsfb-alt": 0.040253084758447445, "bad-redirect": 0.0021258205748701585, "sfR": 0.10397777127267367, "roll-out": 0.19694830708411457, "sfT": 0.00014971728080905017, "sfb": 0.02357876741512197, "roll-in": 0.19099632411674952, "redirect": 0.03661244893384028, "alternate": 0.32731130500316796, "oneh-in": 0.014809050535107242, "sft": 0.0}, "akl": {"dsfb": 0.0, "dsfb-red": 0.012939395982637771, "oneh-out": 0.007287235486896533, "unknown": 0.13295000147380848, "dsfb-alt": 0.034611224520377876, "bad-redirect": 0.0031319850707772737, "sfR": 0.13064861186637447, "roll-out": 0.17017600682799527, "sfT": 0.0002272605250864562, "sfb": 0.02304272984611389, "roll-in": 0.15946938744146677, "redirect": 0.028802393119051382, "alternate": 0.2815443130969094, "oneh-in": 0.015169454742504411, "sft": 0.0}, "french": {"dsfb": 0.0, "dsfb-red": 0.010823269545609682, "oneh-out": 0.0060510146876999096, "unknown": 0.15822382396052298, "dsfb-alt": 0.035832392361521706, "bad-redirect": 0.0018307806453166182, "sfR": 0.10898279115633469, "roll-out": 0.16887396338225968, "sfT": 0.00042993381488257767, "sfb": 0.04331803792511547, "roll-in": 0.18992579840051796, "redirect": 0.03121012068724749, "alternate": 0.2410150357280139, "oneh-in": 0.003483037704957354, "sft": 0.0}, "keymash": {"dsfb": 0.0, "dsfb-red": 0.013574809226108623, "oneh-out": 0.010619301925595103, "unknown": 0.013394194891077241, "dsfb-alt": 0.03966947576689257, "bad-redirect": 0.0018389823203195231, "sfR": 0.099723742164827, "roll-out": 0.20950031402265068, "sfT": 7.79925537635512e-05, "sfb": 0.023865721451646667, "roll-in": 0.19714875642925458, "redirect": 0.03629116672755559, "alternate": 0.33492465508819314, "oneh-in": 0.01937088743211569, "sft": 0.0}, "movie": {"dsfb": 0.0, "dsfb-red": 0.01461012363748533, "oneh-out": 0.010947755789679808, "unknown": 0.030451476652766863, "dsfb-alt": 0.03985085227366192, "bad-redirect": 0.003040436462655363, "sfR": 0.11567713207251198, "roll-out": 0.18974815990032254, "sfT": 0.00010922620602510176, "sfb": 0.025107288427851947, "roll-in": 0.1841610420653807, "redirect": 0.030374755112872125, "alternate": 0.3260236436572671, "oneh-in": 0.02989810774151921, "sft": 0.0}, "dutch": {"dsfb": 0.0, "dsfb-red": 0.013280693781159461, "oneh-out": 0.0017687294049138769, "unknown": 0.07325981014373002, "dsfb-alt": 0.039082030837451646, "bad-redirect": 0.0016300705730957971, "sfR": 0.18880787437283908, "roll-out": 0.16022459252180446,