{"english-450k": {"roll-in": 0.21532934845971557, "oneh-in": 0.01325614614035775, "redirect": 0.05005639358218232, "roll-out": 0.2095221835220818, "dsfb-alt": 0.04814269535011673, "alternate": 0.2407795469920207, "oneh-out": 0.016257956932727045, "sfb": 0.05462634939697749, "unknown": 0.00015377410175167997, "dsfb-red": 0.02634156209930299, "sfR": 0.11369548401129392, "sfT": 0.0003461379020418043, "sft": 0.0, "dsfb": 0.0, "bad-redirect": 0.01149242150943021}, "shai": {"roll-in": 0.21513134774136874, "oneh-in": 0.01725740200202314, "redirect": 0.04269872923641788, "roll-out": 0.22135762020018993, "dsfb-alt": 0.046985450823669436, "alternate": 0.22746580261596286, "oneh-out": 0.020711749601270486, "sfb": 0.042561101369722194, "unknown": 0.024458518196959222, "dsfb-red": 0.027834613870987818, "sfR": 0.09823378925716947, "sfT": 0.0003166420147428516, "sft": 0.0, "dsfb": 0.0, "bad-redirect": 0.014987233069515948}, "tr-quotes": {"roll-in": 0.20502762303229236, "oneh-in": 0.013440512239661589, "redirect": 0.042591479623679526, "roll-out": 0.23679526594392178, "dsfb-alt": 0.04527634590046462, "alternate": 0.21757009777859967, "oneh-out": 0.023431034881301865, "sfb": 0.04739603800189547, "unknown": 0.01482859850673817, "dsfb-red": 0.03421557522942142, "sfR": 0.09677191928064538, "sfT": 0.00041145604586116826, "sft": 0.0, "dsfb": 0.0, "bad-redirect": 0.022244053535516978}, "gutenberg": {"roll-in": 0.1905114527792838, "oneh-in": 0.012451679413867454, "redirect": 0.039257551802434114, "roll-out": 0.24965986626521225, "dsfb-alt": 0.04016665889975877, "alternate": 0.21919956899344284, "oneh-out": 0.023407566029136136, "sfb": 0.0451102010568299, "unknown": 0.03803056979172942, "dsfb-red": 0.03025532667804045, "sfR": 0.09863878308844841, "sfT": 0.0006438956082114024, "sft": 0.0, "dsfb": 0.0, "bad-redirect": 0.012666879593605069}, "english-200": {"roll-in": 0.1915367483296214, "oneh-in": 0.013363028953229399, "redirect": 0.042316258351893093, "roll-out": 0.24721603563474387, "dsfb-alt": 0.051224944320712694, "alternate": 0.21380846325167038, "oneh-out": 0.035634743875278395, "sfb": 0.0400890868596882, "unknown": 0.0, "dsfb-red": 0.0467706013363029, "sfR": 0.10690423162583519, "sfT": 0.0, "sft": 0.0, "dsfb": 0.0, "bad-redirect": 0.011135857461024499}, "monkeyracer": {"roll-in": 0.20521959116004818, "oneh-in": 0.013342235325398438, "redirect": 0.04240795626945274, "roll-out": 0.23702629150570093, "dsfb-alt": 0.045145025572047484, "alternate": 0.21762926787306255, "oneh-out": 0.02331103273534886, "sfb": 0.04717729952922408, "unknown": 0.014407737303908536, "dsfb-red": 0.03440300608411405, "sfR": 0.09690789370786869, "sfT": 0.00041056039538921125, "sft": 0.0, "dsfb": 0.0, "bad-redirect": 0.022612102538436273}, "chained-bigrams": {"roll-in": 0.20937803752851258, "oneh-in": 0.009335702862589597, "redirect": 0.04633762934961097, "roll-out": 0.22889094213461514, "dsfb-alt": 0.05292222823189787, "alternate": 0.21147788890266858, "oneh-out": 0.01049276382385922, "sfb": 0.041758083356437756, "unknown": 0.023895061972886336, "dsfb-red": 0.03602147640199493, "sfR": 0.11914286586209158, "sfT": 0.000524638191192961, "sft": 0.0, "dsfb": 0.0, "bad-redirect": 0.009822681381642467}, "english-5k": {"roll-in": 0.23661177251420748, "oneh-in": 0.02206827892313436, "redirect": 0.04604471730202846, "roll-out": 0.19160409839465714, "dsfb-alt": 0.044758783755755586, "alternate": 0.2524577923424731, "oneh-out": 0.020367528103870245, "sfb": 0.03845356120628863, "unknown": 0.002157049819554486, "dsfb-red": 0.025718670925457335, "sfR": 0.10644211224955408, "sfT": 0.0004977807275894969, "sft": 0.0, "dsfb": 0.0, "bad-redirect": 0.012817853735429542}, "mt-quotes": {"roll-in": 0.2056991907818458, "oneh-in": 0.013142324380535733, "redirect": 0.04209249232019698, "roll-out": 0.23982799631847576, "dsfb-alt": 0.04532279078662698, "alternate": 0.217850910221011, "oneh-out": 0.02375658909169147, "sfb": 0.04707838777925198, "unknown": 0.008887056095432758, "dsfb-red": 0.03571855464314316, "sfR": 0.0964592223377679, "sfT": 0.00041088440252925497, "sft": 0.0, "dsfb": 0.0, "bad-redirect": 0.023753600841491255}, "wordle": {"roll-in": 0.20352294401436105, "oneh-in": 0.015931785033097723, "redirect": 0.05165488612139572, "roll-out": 0.21182542353865141, "dsfb-alt": 0.05113878604285874, "alternate": 0.2159093458992483, "oneh-out": 0.018332772354987096, "sfb": 0.05605295635588466, "unknown": 0.0, "dsfb-red": 0.032289913609334676, "sfR": 0.13138112868843263, "sfT": 0.0015483002356109054, "sft": 0.0, "dsfb": 0.0, "bad-redirect": 0.010411758106137103}, "english-1k": {"roll-in": 0.21594918842625266, "oneh-in": 0.016937191249117856, "redirect": 0.051517290049400144, "roll-out": 0.2240649258997883, "dsfb-alt": 0.043754410726887794, "alternate": 0.24064925899788286, "oneh-out": 0.027170077628793227, "sfb": 0.030698659139026113, "unknown": 0.0, "dsfb-red": 0.02928722653493296, "sfR": 0.10832745236414962, "sfT": 0.0007057163020465773, "sft": 0.0, "dsfb": 0.0, "bad-redirect": 0.010938602681721948}, "english-10k": {"roll-in": 0.2522143532544721, "oneh-in": 0.023368904498176416, "redirect": 0.04376604079427259, "roll-out": 0.18901603596997357, "dsfb-alt": 0.04702726693811389, "alternate": 0.24304818509870516, "oneh-out": 0.01779201482024662, "sfb": 0.041604754829123326, "unknown": 0.0, "dsfb-red": 0.02497057177592096, "sfR": 0.10567144593890508, "sfT": 0.00040524111846548696, "sft": 0.0, "dsfb": 0.0, "bad-redirect": 0.011115184963624786}, "reddit": {"roll-in": 0.20238592485256293, "oneh-in": 0.013732224818645252, "redirect": 0.043024820967611135, "roll-out": 0.21482897787896274, "dsfb-alt": 0.045396099971588555, "alternate": 0.20979207951759346, "oneh-out": 0.02223183629162619, "sfb": 0.04818143322176643, "unknown": 0.04680198906355905, "dsfb-red": 0.030768418231496928, "sfR": 0.10397777127267367, "sfT": 0.0005909656090378745, "sft": 0.0, "dsfb": 0.0, "bad-redirect": 0.018287458302875773}, "akl": {"roll-in": 0.17813674684341232, "oneh-in": 0.011345434441552475, "redirect": 0.03908154627982204, "roll-out": 0.17724458003537288, "dsfb-alt": 0.03756442538159595, "alternate": 0.18046939156763633, "oneh-out": 0.017014445521997882, "sfb": 0.04404871321201719, "unknown": 0.139324809918857, "dsfb-red": 0.028240245753671185, "sfR": 0.13064861186637447, "sfT": 0.00040952850655664406, "sft": 0.0, "dsfb": 0.0, "bad-redirect": 0.016471520671133586}, "french": {"roll-in": 0.1949152000233477, "oneh-in": 0.018838538076409565, "redirect": 0.05175819139127688, "roll-out": 0.20523879529659567, "dsfb-alt": 0.02883233814224875, "alternate": 0.2380751046447699, "oneh-out": 0.025787399354070026, "sfb": 0.019030725098652782, "unknown": 0.0802854843230568, "dsfb-red": 0.01691837578354827, "sfR": 0.10898279115633469, "sfT": 4.5365006497698196e-05, "sft": 0.0, "dsfb": 0.0, "bad-redirect": 0.011291691703191265}, "keymash": {"roll-in": 0.2020499727026062, "oneh-in": 0.013558389741105771, "redirect": 0.04203388160730339, "roll-out": 0.24205604791205723, "dsfb-alt": 0.04439007770521278, "alternate": 0.2175212324465443, "oneh-out": 0.02338134664406251, "sfb": 0.046204430798028016, "unknown": 0.012872876242236661, "dsfb-red": 0.033684573483352694, "sfR": 0.099723742164827, "sfT": 0.0004228017388234618, "sft": 0.0, "dsfb": 0.0, "bad-redirect": 0.022100626813839983}, "movie": {"roll-in": 0.19513445943358448, "oneh-in": 0.01051493049857552, "redirect": 0.041968656290001634, "roll-out": 0.2328723768109343, "dsfb-alt": 0.04317343450224236, "alternate": 0.19079646828248634, "oneh-out": 0.024063322774361424, "sfb": 0.048357336559761405, "unknown": 0.03049740429843284, "dsfb-red": 0.03391921129730597, "sfR": 0.11567713207251198, "sfT": 0.0003891348086942481, "sft": 0.0, "dsfb": 0.0, "bad-redirect": 0.03263613237110748}, "dutch": {"roll-in": 0.2028058716465694, "oneh-in": 0.011809741076103705, "redirect": 0.030267126876040724, "roll-out": 0.14540403799334473, "dsfb-alt": 0.04022287762064385, "alternate": 0.15426561581214895, "oneh-out": 0.015918313613105604,