{"english-450k": {"dsfb": 0.0, "roll-in": 0.0, "redirect": 0.27424734008808976, "oneh-in": 0.058774449643659216, "unknown": 0.00015377410175167997, "sfb": 0.22960841395754314, "alternate": 0.0, "sft": 0.0, "bad-redirect": 0.00938986763148709, "oneh-out": 0.052612084071751115, "dsfb-red": 0.24788355967750705, "sfR": 0.11369548401129392, "dsfb-alt": 0.0, "sfT": 0.013635026816917022, "roll-out": 0.0}, "shai": {"dsfb": 0.0, "roll-in": 0.0, "redirect": 0.25601867921215815, "oneh-in": 0.08088040498719204, "unknown": 0.023621906111313578, "sfb": 0.24006872839731325, "alternate": 0.0, "sft": 0.0, "bad-redirect": 0.006213616222028943, "oneh-out": 0.05968488524857159, "dsfb-red": 0.2257975093454891, "sfR": 0.09823378925716947, "dsfb-alt": 0.0, "sfT": 0.009480481218763865, "roll-out": 0.0}, "tr-quotes": {"dsfb": 0.0, "roll-in": 0.0, "redirect": 0.2563833475878967, "oneh-in": 0.0882110908208317, "unknown": 0.01476965396084233, "sfb": 0.23983611104690136, "alternate": 0.0, "sft": 0.0, "bad-redirect": 0.006657266360000924, "oneh-out": 0.05889947065486235, "dsfb-red": 0.22713067196782322, "sfR": 0.09677191928064538, "dsfb-alt": 0.0, "sfT": 0.01134046832019602, "roll-out": 0.0}, "gutenberg": {"dsfb": 0.0, "roll-in": 0.0, "redirect": 0.24552389309249098, "oneh-in": 0.09420785685247762, "unknown": 0.03802431837805746, "sfb": 0.2277666578389128, "alternate": 0.0, "sft": 0.0, "bad-redirect": 0.006013102205309307, "oneh-out": 0.06634019132356825, "dsfb-red": 0.21281195027815003, "sfR": 0.09863878308844841, "dsfb-alt": 0.0, "sfT": 0.010673246942585122, "roll-out": 0.0}, "english-200": {"dsfb": 0.0, "roll-in": 0.0, "redirect": 0.27616926503340755, "oneh-in": 0.08463251670378619, "unknown": 0.0, "sfb": 0.24498886414253898, "alternate": 0.0, "sft": 0.0, "bad-redirect": 0.004454342984409799, "oneh-out": 0.0645879732739421, "dsfb-red": 0.21380846325167038, "sfR": 0.10690423162583519, "dsfb-alt": 0.0, "sfT": 0.004454342984409799, "roll-out": 0.0}, "monkeyracer": {"dsfb": 0.0, "roll-in": 0.0, "redirect": 0.2559883166241769, "oneh-in": 0.08812776639504512, "unknown": 0.014352018393105714, "sfb": 0.24120520981591254, "alternate": 0.0, "sft": 0.0, "bad-redirect": 0.006652055930056149, "oneh-out": 0.05877758574847115, "dsfb-red": 0.226570686769789, "sfR": 0.09690789370786869, "dsfb-alt": 0.0, "sfT": 0.011418466615574706, "roll-out": 0.0}, "chained-bigrams": {"dsfb": 0.0, "roll-in": 0.0, "redirect": 0.24823827404423973, "oneh-in": 0.07428954703855377, "unknown": 0.02365222201805197, "sfb": 0.21292973419413821, "alternate": 0.0, "sft": 0.0, "bad-redirect": 0.00676315767260629, "oneh-out": 0.048880306523759035, "dsfb-red": 0.2489518599008252, "sfR": 0.11914286586209158, "dsfb-alt": 0.0, "sfT": 0.01715203274573423, "roll-out": 0.0}, "english-5k": {"dsfb": 0.0, "roll-in": 0.0, "redirect": 0.2643630480773219, "oneh-in": 0.054963288671340274, "unknown": 0.002157049819554486, "sfb": 0.24830961961256068, "alternate": 0.0, "sft": 0.0, "bad-redirect": 0.007217820550047704, "oneh-out": 0.0627203716762766, "dsfb-red": 0.24246069606338408, "sfR": 0.10644211224955408, "dsfb-alt": 0.0, "sfT": 0.011365993279960178, "roll-out": 0.0}, "mt-quotes": {"dsfb": 0.0, "roll-in": 0.0, "redirect": 0.25697905834259693, "oneh-in": 0.09069638182665758, "unknown": 0.008869126594231481, "sfb": 0.24282670539438928, "alternate": 0.0, "sft": 0.0, "bad-redirect": 0.006648856695473398, "oneh-out": 0.059168848089312824, "dsfb-red": 0.22699346170856194, "sfR": 0.0964592223377679, "dsfb-alt": 0.0, "sfT": 0.011358339011008713, "roll-out": 0.0}, "wordle": {"dsfb": 0.0, "roll-in": 0.0, "redirect": 0.2950297318523505, "oneh-in": 0.048760237854818804, "unknown": 0.0, "sfb": 0.2215640076293055, "alternate": 0.0, "sft": 0.0, "bad-redirect": 0.009087849209020532, "oneh-out": 0.047009985414563, "dsfb-red": 0.22923819140581173, "sfR": 0.13138112868843263, "dsfb-alt": 0.0, "sfT": 0.017928867945697296, "roll-out": 0.0}, "english-1k": {"dsfb": 0.0, "roll-in": 0.0, "redirect": 0.2674664784756528, "oneh-in": 0.06245589273112209, "unknown": 0.0, "sfb": 0.26252646436132676, "alternate": 0.0, "sft": 0.0, "bad-redirect": 0.004234297812279464, "oneh-out": 0.06422018348623854, "dsfb-red": 0.2205363443895554, "sfR": 0.10832745236414962, "dsfb-alt": 0.0, "sfT": 0.010232886379675371, "roll-out": 0.0}, "english-10k": {"dsfb": 0.0, "roll-in": 0.0, "redirect": 0.2779182184828544, "oneh-in": 0.05430230987437525, "unknown": 0.0, "sfb": 0.2525617027845854, "alternate": 0.0, "sft": 0.0, "bad-redirect": 0.007178556955674341, "oneh-out": 0.05609694911329384, "dsfb-red": 0.2358117365546786, "sfR": 0.10567144593890508, "dsfb-alt": 0.0, "sfT": 0.010459080295633045, "roll-out": 0.0}, "reddit": {"dsfb": 0.0, "roll-in": 0.0, "redirect": 0.25134321347522953, "oneh-in": 0.08130277632474228, "unknown": 0.041217688064775854, "sfb": 0.2315445358342899, "alternate": 0.0, "sft": 0.0, "bad-redirect": 0.007903589113152665, "oneh-out": 0.05387702019535165, "dsfb-red": 0.22017310194390866, "sfR": 0.10397777127267367, "dsfb-alt": 0.0, "sfT": 0.008660303775875814, "roll-out": 0.0}, "akl": {"dsfb": 0.0, "roll-in": 0.0, "redirect": 0.2216481685378681, "oneh-in": 0.06479343839219924, "unknown": 0.13295000147380848, "sfb": 0.20137049116217717, "alternate": 0.0, "sft": 0.0, "bad-redirect": 0.00808264732469913, "oneh-out": 0.04617801437008969, "dsfb-red": 0.18701878392986915, "sfR": 0.13064861186637447, "dsfb-alt": 0.0, "sfT": 0.007309842942914592, "roll-out": 0.0}, "french": {"dsfb": 0.0, "roll-in": 0.0, "redirect": 0.18331572143327113, "oneh-in": 0.03937438360035239, "unknown": 0.15822382396052298, "sfb": 0.2621499750035518, "alternate": 0.0, "sft": 0.0, "bad-redirect": 0.0033977460992798783, "oneh-out": 0.03675515374864397, "dsfb-red": 0.17875169914646818, "sfR": 0.10898279115633469, "dsfb-alt": 0.0, "sfT": 0.029048705851574957, "roll-out": 0.0}, "keymash": {"dsfb": 0.0, "roll-in": 0.0, "redirect": 0.25677201134586414, "oneh-in": 0.08710947281138527, "unknown": 0.013394194891077241, "sfb": 0.2420396284270544, "alternate": 0.0, "sft": 0.0, "bad-redirect": 0.006534955031135449, "oneh-out": 0.0585847224901791, "dsfb-red": 0.224195753100204, "sfR": 0.099723742164827, "dsfb-alt": 0.0, "sfT": 0.01164551973827341, "roll-out": 0.0}, "movie": {"dsfb": 0.0, "roll-in": 0.0, "redirect": 0.24195828638032119, "oneh-in": 0.07917176005134421, "unknown": 0.030451476652766863, "sfb": 0.23698744122347037, "alternate": 0.0, "sft": 0.0, "bad-redirect": 0.006214971122828291, "oneh-out": 0.0454265210966469, "dsfb-red": 0.23239020233036084, "sfR": 0.11567713207251198, "dsfb-alt": 0.0, "sfT": 0.011722209069749355, "roll-out": 0.0}, "dutch": {"dsfb": 0.0, "roll-in": 0.0, "redirect": 0.2675679377173145, "oneh-in": 0.03482509890895062, "unknown": 0.07325981014373002, "sfb": 0.19415264965677412, "alternate": 0.0, "sft": 0.0, "bad-redirect": 0.005049849580360243, "oneh-out": 0.054658350412115995, "dsfb-red": 0.17004263476668396, "sfR": 0.18880787437283908, "dsfb-alt": 0.0, "sfT": 0.011635794441231445, "roll-out": 0.0}}