{"english-450k": {"roll-out": 0.18174754034523746, "dsfb-red": 0.007101089223475868, "redirect": 0.01624977123909768, "sft": 0.0, "sfR": 0.11369548401129392, "roll-in": 0.19835280456481053, "oneh-out": 0.005038002082674336, "dsfb": 0.0, "unknown": 0.0001543587941537776, "oneh-in": 0.003045370376325571, "sfb": 0.03907177742397391, "dsfb-alt": 0.05100447231218364, "alternate": 0.37919465637919875, "bad-redirect": 0.0036049210051330148, "sfT": 0.0017397522424415352}, "shai": {"roll-out": 0.22165261501848663, "dsfb-red": 0.006310508036052394, "redirect": 0.017079866350139476, "sft": 0.0, "sfR": 0.09823378925716947, "roll-in": 0.206560219071331, "oneh-out": 0.011952062355072542, "dsfb": 0.0, "unknown": 0.031793109309943265, "oneh-in": 0.004391822538350332, "sfb": 0.02131670610871266, "dsfb-alt": 0.04920846269529696, "alternate": 0.32880013379229156, "bad-redirect": 0.002444763073699086, "sfT": 0.0002559423934546123}, "tr-quotes": {"roll-out": 0.23935646425186657, "dsfb-red": 0.007960981022167772, "redirect": 0.018939691639120685, "sft": 0.0, "sfR": 0.09677191928064538, "roll-in": 0.19231524930075589, "oneh-out": 0.01978571923903747, "dsfb": 0.0, "unknown": 0.039616513719054114, "oneh-in": 0.0045260165044728505, "sfb": 0.022848524074801785, "dsfb-alt": 0.04378770717274219, "alternate": 0.3116895124939322, "bad-redirect": 0.002138184507986408, "sfT": 0.00026351679341670326}, "gutenberg": {"roll-out": 0.26300057247794295, "dsfb-red": 0.009033671629531375, "redirect": 0.019428825382103453, "sft": 0.0, "sfR": 0.09863878308844841, "roll-in": 0.19474612251331078, "oneh-out": 0.014285616861085633, "dsfb": 0.0, "unknown": 0.04011588984327138, "oneh-in": 0.004247361998148824, "sfb": 0.020678918679716586, "dsfb-alt": 0.04189167019966258, "alternate": 0.2915519153384307, "bad-redirect": 0.0022715364042550533, "sfT": 0.00010911558409231179}, "english-200": {"roll-out": 0.26280623608017817, "dsfb-red": 0.0022271714922048997, "redirect": 0.028953229398663696, "sft": 0.0, "sfR": 0.10690423162583519, "roll-in": 0.19376391982182628, "oneh-out": 0.011135857461024499, "dsfb": 0.0, "unknown": 0.0, "oneh-in": 0.0022271714922048997, "sfb": 0.011135857461024499, "dsfb-alt": 0.031180400890868598, "alternate": 0.34966592427616927, "bad-redirect": 0.0, "sfT": 0.0}, "monkeyracer": {"roll-out": 0.23996473090698656, "dsfb-red": 0.007963894145799772, "redirect": 0.018933676900699126, "sft": 0.0, "sfR": 0.09690789370786869, "roll-in": 0.19249710652673727, "oneh-out": 0.0201594929383612, "dsfb": 0.0, "unknown": 0.03912933825484461, "oneh-in": 0.004545490091809125, "sfb": 0.02287603422118648, "dsfb-alt": 0.043620086960601843, "alternate": 0.31098972425981825, "bad-redirect": 0.002151531976789652, "sfT": 0.0002609991084974272}, "chained-bigrams": {"roll-out": 0.21091818825810382, "dsfb-red": 0.012005643756383477, "redirect": 0.024026221520684576, "sft": 0.0, "sfR": 0.11914286586209158, "roll-in": 0.18441422003247823, "oneh-out": 0.005466496202541508, "dsfb": 0.0, "unknown": 0.033665798979163164, "oneh-in": 0.005076913387299211, "sfb": 0.022065321350631675, "dsfb-alt": 0.05937436895700239, "alternate": 0.31992281065820666, "bad-redirect": 0.003818560894066589, "sfT": 0.00010259014134713841}, "english-5k": {"roll-out": 0.18222922802505495, "dsfb-red": 0.004604471730202846, "redirect": 0.01489194010038578, "sft": 0.0, "sfR": 0.10644211224955408, "roll-in": 0.2242087360517692, "oneh-out": 0.007425229186543328, "dsfb": 0.0, "unknown": 0.0022400132741527356, "oneh-in": 0.0017837142738623636, "sfb": 0.020450491558468495, "dsfb-alt": 0.04940473721325756, "alternate": 0.3820052266976397, "bad-redirect": 0.00394076409341685, "sfT": 0.0003733355456921226}, "mt-quotes": {"roll-out": 0.2460181566082165, "dsfb-red": 0.00806080491507393, "redirect": 0.01925030778977062, "sft": 0.0, "sfR": 0.0964592223377679, "roll-in": 0.19283925604523017, "oneh-out": 0.021590107696537214, "dsfb": 0.0, "unknown": 0.03468910244916987, "oneh-in": 0.004670635062932549, "sfb": 0.02229832299398764, "dsfb-alt": 0.042736460238342835, "alternate": 0.3092316013435173, "bad-redirect": 0.001945350880338509, "sfT": 0.00021067163911499983}, "wordle": {"roll-out": 0.19847413889823853, "dsfb-red": 0.014877145742174353, "redirect": 0.024974755974419387, "sft": 0.0, "sfR": 0.13138112868843263, "roll-in": 0.17518231796252665, "oneh-out": 0.00650734881633569, "dsfb": 0.0, "unknown": 0.0, "oneh-in": 0.00756198810725906, "sfb": 0.04366655447099742, "dsfb-alt": 0.056411982497475595, "alternate": 0.3394367777403792, "bad-redirect": 0.00098732188937507, "sfT": 0.0005385392123864019}, "english-1k": {"roll-out": 0.23147494707127736, "dsfb-red": 0.006351446718419196, "redirect": 0.016937191249117856, "sft": 0.0, "sfR": 0.10832745236414962, "roll-in": 0.2050105857445307, "oneh-out": 0.011997177134791814, "dsfb": 0.0, "unknown": 0.0, "oneh-in": 0.0014114326040931546, "sfb": 0.015172900494001412, "dsfb-alt": 0.043754410726887794, "alternate": 0.3577981651376147, "bad-redirect": 0.0017642907551164433, "sfT": 0.0}, "english-10k": {"roll-out": 0.1738291426255765, "dsfb-red": 0.005094459774994693, "redirect": 0.015206190540514463, "sft": 0.0, "sfR": 0.10567144593890508, "roll-in": 0.23729762065571872, "oneh-out": 0.005962833600277879, "dsfb": 0.0, "unknown": 0.0, "oneh-in": 0.0057312672468690295, "sfb": 0.02352328206711565, "dsfb-alt": 0.052507670635456666, "alternate": 0.37210783273190406, "bad-redirect": 0.00270160745643658, "sfT": 0.00036664672623067866}, "reddit": {"roll-out": 0.23023056723446486, "dsfb-red": 0.008460056444576045, "redirect": 0.019038441981369808, "sft": 0.0, "sfR": 0.10397777127267367, "roll-in": 0.18547345327571635, "oneh-out": 0.014968356913711418, "dsfb": 0.0, "unknown": 0.06027826737738363, "oneh-in": 0.004969774676803392, "sfb": 0.021788827464974042, "dsfb-alt": 0.04448588482931687, "alternate": 0.3034783890390619, "bad-redirect": 0.002509122284782345, "sfT": 0.00034108720516567694}, "akl": {"roll-out": 0.19393011795681075, "dsfb-red": 0.008906472905038085, "redirect": 0.017712015255066584, "sft": 0.0, "sfR": 0.13064861186637447, "roll-in": 0.16310911373756765, "oneh-out": 0.013648825364765126, "dsfb": 0.0, "unknown": 0.15113620503040356, "oneh-in": 0.004844617225255725, "sfb": 0.022184066546665136, "dsfb-alt": 0.034287505516281035, "alternate": 0.25748637258377255, "bad-redirect": 0.0018101777679858805, "sfT": 0.0002958982440134159}, "french": {"roll-out": 0.16402001255987436, "dsfb-red": 0.0047774685376525735, "redirect": 0.00892958016109761, "sft": 0.0, "sfR": 0.10898279115633469, "roll-in": 0.16990038410886596, "oneh-out": 0.011399635848440906, "dsfb": 0.0, "unknown": 0.1845785256052277, "oneh-in": 0.0026146154454992705, "sfb": 0.04025589998652084, "dsfb-alt": 0.042094680933511756, "alternate": 0.25638836448709235, "bad-redirect": 0.005561093592098446, "sfT": 0.0004969475777835698}, "keymash": {"roll-out": 0.24402638611239957, "dsfb-red": 0.008328783767697126, "redirect": 0.018447291400705217, "sft": 0.0, "sfR": 0.099723742164827, "roll-in": 0.19133625873824467, "oneh-out": 0.01922721693834073, "dsfb": 0.0, "unknown": 0.03457533054475746, "oneh-in": 0.004301905070747456, "sfb": 0.0232540956352904, "dsfb-alt": 0.0434664816738023, "alternate": 0.310866004687763, "bad-redirect": 0.0022166304753851395, "sfT": 0.0002298727900399404}, "movie": {"roll-out": 0.23437101299673413, "dsfb-red": 0.011275697603432283, "redirect": 0.018814674580258824, "sft": 0.0, "sfR": 0.11567713207251198, "roll-in": 0.15253716026866487, "oneh-out": 0.028101665647002748, "dsfb": 0.0, "unknown": 0.08496732886260383, "oneh-in": 0.003814231753531987, "sfb": 0.02536943132231219, "dsfb-alt": 0.04132922239231974, "alternate": 0.2815887122743541, "bad-redirect": 0.0019477796088885919, "sfT": 0.00020595061738467983}, "dutch": {"roll-out": 0.14417999232490283, "dsfb-red": 0.006559855555259498, "redirect": 0.015421289927709851, "sft": 0.0, "sfR": 0.18880787437283908, "roll-in": 0.20124288017470618, "oneh-out": 0.00584821819366685, "dsfb": 0.0,