{"english-450k": {"sft": 0.0, "dsfb": 0.0, "roll-in": 0.20176506942345238, "bad-redirect": 0.0036049210051330148, "oneh-in": 0.0031126100025667997, "oneh-out": 0.004973978264644644, "dsfb-red": 0.007420623621222229, "alternate": 0.37118904800967784, "redirect": 0.019291341114809617, "sfR": 0.11369548401129392, "sfT": 0.0017391675500394374, "roll-out": 0.18307274567459178, "unknown": 0.00015377410175167997, "dsfb-alt": 0.05060922024836564, "sfb": 0.039372016972451046}, "shai": {"sft": 0.0, "dsfb": 0.0, "roll-in": 0.20758734428958336, "bad-redirect": 0.002470807054547684, "oneh-in": 0.004361412736369736, "oneh-out": 0.0122533465876773, "dsfb-red": 0.005938372099863978, "alternate": 0.33420169180213355, "redirect": 0.018305702226847447, "sfR": 0.09823378925716947, "sfT": 0.00019510730785819936, "roll-out": 0.22590204521690235, "unknown": 0.024097749651430984, "dsfb-alt": 0.047899633642584157, "sfb": 0.01855299812703177}, "tr-quotes": {"sft": 0.0, "dsfb": 0.0, "roll-in": 0.1968909641478468, "bad-redirect": 0.0022063752571600285, "oneh-in": 0.004440489124153395, "oneh-out": 0.021500889947065487, "dsfb-red": 0.007853493909063591, "alternate": 0.32555650585978135, "redirect": 0.02118305170939183, "sfR": 0.09677191928064538, "sfT": 0.00017914518850696933, "roll-out": 0.24816231709854142, "unknown": 0.013894731975682485, "dsfb-alt": 0.04418413813827697, "sfb": 0.01717597836388433}, "gutenberg": {"sft": 0.0, "dsfb": 0.0, "roll-in": 0.19219838728682206, "bad-redirect": 0.002486357710436792, "oneh-in": 0.004236564101806356, "oneh-out": 0.015440612896173869, "dsfb-red": 0.0073507152943298164, "alternate": 0.29751292242980704, "redirect": 0.02059746086520323, "sfR": 0.09863878308844841, "sfT": 8.58148604059327e-05, "roll-out": 0.26875054699869627, "unknown": 0.03298207965968062, "dsfb-alt": 0.04104318287127809, "sfb": 0.018676571936911492}, "english-200": {"sft": 0.0, "dsfb": 0.0, "roll-in": 0.19376391982182628, "bad-redirect": 0.0, "oneh-in": 0.0022271714922048997, "oneh-out": 0.011135857461024499, "dsfb-red": 0.0022271714922048997, "alternate": 0.34966592427616927, "redirect": 0.028953229398663696, "sfR": 0.10690423162583519, "sfT": 0.0, "roll-out": 0.26057906458797325, "unknown": 0.0, "dsfb-alt": 0.0334075723830735, "sfb": 0.011135857461024499}, "monkeyracer": {"sft": 0.0, "dsfb": 0.0, "roll-in": 0.19707094483632326, "bad-redirect": 0.002225823857860081, "oneh-in": 0.004452625240471088, "oneh-out": 0.021964003628571874, "dsfb-red": 0.007888624739978416, "alternate": 0.3247356773073494, "redirect": 0.021142882837793454, "sfR": 0.09690789370786869, "sfT": 0.0001661792076575379, "roll-out": 0.24878004911084348, "unknown": 0.013491796612290222, "dsfb-alt": 0.04410982686081612, "sfb": 0.017063672052176362}, "chained-bigrams": {"sft": 0.0, "dsfb": 0.0, "roll-in": 0.1859835894732126, "bad-redirect": 0.004000366207846328, "oneh-in": 0.005093795309293043, "oneh-out": 0.0067183556488534255, "dsfb-red": 0.011865393942896249, "alternate": 0.3255308552836195, "redirect": 0.024516446563197798, "sfR": 0.11914286586209158, "sfT": 8.440960996916452e-05, "roll-out": 0.21407380906156642, "unknown": 0.023159399756770463, "dsfb-alt": 0.05926138994058213, "sfb": 0.020569323340101253}, "english-5k": {"sft": 0.0, "dsfb": 0.0, "roll-in": 0.22698801178081054, "bad-redirect": 0.00394076409341685, "oneh-in": 0.0017837142738623636, "oneh-out": 0.0070933753681503295, "dsfb-red": 0.004397063093707222, "alternate": 0.37872817024100885, "redirect": 0.016343800555855145, "sfR": 0.10644211224955408, "sfT": 0.0003733355456921226, "roll-out": 0.18098477620608122, "unknown": 0.002157049819554486, "dsfb-alt": 0.05010992657734268, "sfb": 0.020657900194964118}, "mt-quotes": {"sft": 0.0, "dsfb": 0.0, "roll-in": 0.19751586760856313, "bad-redirect": 0.0020260336357442537, "oneh-in": 0.00457949343182606, "oneh-out": 0.023532470326675513, "dsfb-red": 0.008125052294378503, "alternate": 0.32345118992122973, "redirect": 0.021368977181721472, "sfR": 0.0964592223377679, "sfT": 0.0001299888837092552, "roll-out": 0.25492164807975043, "unknown": 0.007995063410669249, "dsfb-alt": 0.04374051230561433, "sfb": 0.016154480582350198}, "wordle": {"sft": 0.0, "dsfb": 0.0, "roll-in": 0.17679793559968585, "bad-redirect": 0.00098732188937507, "oneh-in": 0.00762930550880736, "oneh-out": 0.006350274879389655, "dsfb-red": 0.015281050151464153, "alternate": 0.33571188152137327, "redirect": 0.027375743296308763, "sfR": 0.13138112868843263, "sfT": 0.0005385392123864019, "roll-out": 0.1978458431504544, "unknown": 0.0, "dsfb-alt": 0.055985638954336364, "sfb": 0.044115337147986086}, "english-1k": {"sft": 0.0, "dsfb": 0.0, "roll-in": 0.20677487649964715, "bad-redirect": 0.0017642907551164433, "oneh-in": 0.0014114326040931546, "oneh-out": 0.011644318983768526, "dsfb-red": 0.0056457304163726185, "alternate": 0.35815102328863796, "redirect": 0.017290049400141144, "sfR": 0.10832745236414962, "sfT": 0.0, "roll-out": 0.22900494001411434, "unknown": 0.0, "dsfb-alt": 0.04481298517995766, "sfb": 0.015172900494001412}, "english-10k": {"sft": 0.0, "dsfb": 0.0, "roll-in": 0.23965187858204204, "bad-redirect": 0.00270160745643658, "oneh-in": 0.0057312672468690295, "oneh-out": 0.005692672854634221, "dsfb-red": 0.005036568186642481, "alternate": 0.3686922290191235, "redirect": 0.0163061307192065, "sfR": 0.10567144593890508, "sfT": 0.00036664672623067866, "roll-out": 0.1733660099187588, "unknown": 0.0, "dsfb-alt": 0.053047992126743986, "sfb": 0.023735551224407094}, "reddit": {"sft": 0.0, "dsfb": 0.0, "roll-in": 0.1879380761535432, "bad-redirect": 0.0024914049283093205, "oneh-in": 0.004904561320313886, "oneh-out": 0.015550894604765294, "dsfb-red": 0.008169424375074563, "alternate": 0.31246191283397734, "redirect": 0.02053613919324598, "sfR": 0.10397777127267367, "sfT": 0.0002248193943997796, "roll-out": 0.23489865990485442, "unknown": 0.04519937363713543, "dsfb-alt": 0.04649528776376808, "sfb": 0.017151674617939067}, "akl": {"sft": 0.0, "dsfb": 0.0, "roll-in": 0.1662843371122046, "bad-redirect": 0.0017328429730825747, "oneh-in": 0.004753989740365845, "oneh-out": 0.013809424779101066, "dsfb-red": 0.008879442788225236, "alternate": 0.26262177357938515, "redirect": 0.01847548016321743, "sfR": 0.13064861186637447, "sfT": 0.0002774416651658857, "roll-out": 0.19381194149546171, "unknown": 0.13920166722946467, "dsfb-alt": 0.038060998770722665, "sfb": 0.021442047837228688}, "french": {"sft": 0.0, "dsfb": 0.0, "roll-in": 0.16905838981224205, "bad-redirect": 0.005826781513244477, "oneh-in": 0.00240614316497897, "oneh-out": 0.010502463441205716, "dsfb-red": 0.005378959383382292, "alternate": 0.2595369326510784, "redirect": 0.008279098703991579, "sfR": 0.10898279115633469, "sfT": 0.00014147349945764997, "roll-out": 0.18199958191681925, "unknown": 0.15842537463172957, "dsfb-alt": 0.040619584112257835, "sfb": 0.04884242601327753}, "keymash": {"sft": 0.0, "dsfb": 0.0, "roll-in": 0.19490339185511446, "bad-redirect": 0.0022782035441458377, "oneh-in": 0.004215702774482478, "oneh-out": 0.020856850824873877, "dsfb-red": 0.008107120720158612, "alternate": 0.32319293305365476, "redirect": 0.02054077573856896, "sfR": 0.099723742164827, "sfT": 0.0001518802362763892, "roll-out": 0.251907738913769, "unknown": 0.012376186820900362, "dsfb-alt": 0.04364299113758297, "sfb": 0.018102482215645307}, "movie": {"sft": 0.0, "dsfb": 0.0, "roll-in": 0.16484971724230413, "bad-redirect": 0.0019960760156490886, "oneh-in": 0.003709348276180173, "oneh-out": 0.030920359751643294, "dsfb-red": 0.0105379601203278, "alternate": 0.3088972377482083, "redirect": 0.023939489208253447, "sfR": 0.11567713207251198, "sfT": 8.856534536734155e-05, "roll-out": 0.24668014842657018, "unknown": 0.030282373430185833, "dsfb-alt": 0.04683211761056752, "sfb": 0.015589474752230879}, "dutch": {"sft": 0.0, "dsfb": 0.0, "roll-in": 0.17755275069321347, "bad-redirect": 0.0013383006893063504, "oneh-in": 0.00440616992891767, "oneh-out": 0.007131686514203036, "dsfb-red": 0.0061083402256317905,