{"english-450k": {"sfT": 0.0021431899998889084, "oneh-out": 0.006239252622783942, "dsfb": 0.0, "roll-out": 0.19075121864513908, "alternate": 0.36137060084745315, "oneh-in": 0.0037244906013619824, "sfR": 0.11369548401129392, "sft": 0.0, "sfb": 0.040355761938980335, "dsfb-alt": 0.045571802858093396, "unknown": 0.00015377410175167997, "dsfb-red": 0.011595619718400445, "roll-in": 0.1972527058102638, "bad-redirect": 0.0029328170889217748, "redirect": 0.02421328175566757}, "shai": {"sfT": 0.0002509069915993551, "oneh-out": 0.013399959066556479, "dsfb": 0.0, "roll-out": 0.23835559644083398, "alternate": 0.3327930216838879, "oneh-in": 0.005144125508997462, "sfR": 0.09823378925716947, "sft": 0.0, "sfb": 0.019280983319157317, "dsfb-alt": 0.04117898612628741, "unknown": 0.023260762136131256, "dsfb-red": 0.01140895498033368, "roll-in": 0.19073466706588643, "bad-redirect": 0.002009419491316815, "redirect": 0.02394882793184241}, "tr-quotes": {"sfT": 0.00018839139178474838, "oneh-out": 0.022910935946926794, "dsfb": 0.0, "roll-out": 0.2601049444072028, "alternate": 0.3323663345738656, "oneh-in": 0.004937472550334019, "sfR": 0.09677191928064538, "sft": 0.0, "sfb": 0.017669494463835787, "dsfb-alt": 0.03975867409444997, "unknown": 0.013835787429786644, "dsfb-red": 0.013048704375765701, "roll-in": 0.17270174059776705, "bad-redirect": 0.001739441991632186, "redirect": 0.02396615889600333}, "gutenberg": {"sfT": 7.198597561645569e-05, "oneh-out": 0.016764965410738717, "dsfb": 0.0, "roll-out": 0.2767805825787119, "alternate": 0.3119296295412258, "oneh-in": 0.005004540799567175, "sfR": 0.09863878308844841, "sft": 0.0, "sfb": 0.018506268273545193, "dsfb-alt": 0.03588747152291635, "unknown": 0.032975828246008664, "dsfb-red": 0.013245608950205785, "roll-in": 0.16110897047552042, "bad-redirect": 0.002097065131774117, "redirect": 0.02698830000572099}, "english-200": {"sfT": 0.0, "oneh-out": 0.011135857461024499, "dsfb": 0.0, "roll-out": 0.2873051224944321, "alternate": 0.36302895322939865, "oneh-in": 0.0066815144766146995, "sfR": 0.10690423162583519, "sft": 0.0, "sfb": 0.011135857461024499, "dsfb-alt": 0.035634743875278395, "unknown": 0.0, "dsfb-red": 0.004454342984409799, "roll-in": 0.1492204899777283, "bad-redirect": 0.0, "redirect": 0.024498886414253896}, "monkeyracer": {"sfT": 0.0001788870294195849, "oneh-out": 0.023402920061935967, "dsfb": 0.0, "roll-out": 0.2604614698844175, "alternate": 0.33209741620657834, "oneh-in": 0.004938455041681655, "sfR": 0.09690789370786869, "sft": 0.0, "sfb": 0.017571007397907314, "dsfb-alt": 0.03962787587781723, "unknown": 0.013436077701487402, "dsfb-red": 0.013179966216744608, "roll-in": 0.17254680388507437, "bad-redirect": 0.0017448816804041477, "redirect": 0.023906345308663215}, "chained-bigrams": {"sfT": 0.0001045380554233499, "oneh-out": 0.007809187531531859, "dsfb": 0.0, "roll-out": 0.22656643133700277, "alternate": 0.3201877269725714, "oneh-in": 0.0050808092154516335, "sfR": 0.11914286586209158, "sft": 0.0, "sfb": 0.02089657290490478, "dsfb-alt": 0.05462080930635429, "unknown": 0.022916559801936097, "dsfb-red": 0.01818507651081839, "roll-in": 0.17138267486262335, "bad-redirect": 0.0033575545626965365, "redirect": 0.02974919307659393}, "english-5k": {"sfT": 0.00041481727299124733, "oneh-out": 0.00779856473223545, "dsfb": 0.0, "roll-out": 0.199858962127183, "alternate": 0.3629651138673414, "oneh-in": 0.00236445845605011, "sfR": 0.10644211224955408, "sft": 0.0, "sfb": 0.02128012610445099, "dsfb-alt": 0.04467582030115734, "unknown": 0.002157049819554486, "dsfb-red": 0.009084498278508317, "roll-in": 0.2171983241382171, "bad-redirect": 0.003442983365827353, "redirect": 0.022317169286929107}, "mt-quotes": {"sfT": 0.00013297713390946798, "oneh-out": 0.024953383296876682, "dsfb": 0.0, "roll-out": 0.2665295059824769, "alternate": 0.33257282365737917, "oneh-in": 0.005069566464660953, "sfR": 0.0964592223377679, "sft": 0.0, "sfb": 0.016720753995290518, "dsfb-alt": 0.039570409151217414, "unknown": 0.007977133909467972, "dsfb-red": 0.013411266898554881, "roll-in": 0.17131638397819773, "bad-redirect": 0.0016181374834152115, "redirect": 0.023668435710785193}, "wordle": {"sfT": 0.000493660944687535, "oneh-out": 0.007045888028722092, "dsfb": 0.0, "roll-out": 0.2064624705486368, "alternate": 0.31843374845730954, "oneh-in": 0.008571749130483563, "sfR": 0.13138112868843263, "sft": 0.0, "sfb": 0.043038258723213284, "dsfb-alt": 0.05432514304947829, "unknown": 0.0, "dsfb-red": 0.018063502748793897, "roll-in": 0.1837316279591608, "bad-redirect": 0.0009648827555256368, "redirect": 0.02748793896555593}, "english-1k": {"sfT": 0.0, "oneh-out": 0.012702893436838392, "dsfb": 0.0, "roll-out": 0.2455892731122089, "alternate": 0.35179957657021876, "oneh-in": 0.0038814396612561752, "sfR": 0.10832745236414962, "sft": 0.0, "sfb": 0.016937191249117856, "dsfb-alt": 0.04128440366972477, "unknown": 0.0, "dsfb-red": 0.0077628793225123505, "roll-in": 0.18525052928722655, "bad-redirect": 0.0014114326040931546, "redirect": 0.025052928722653495}, "english-10k": {"sfT": 0.0004245383145828911, "oneh-out": 0.006445263503212983, "dsfb": 0.0, "roll-out": 0.19169834623029275, "alternate": 0.35115107774840315, "oneh-in": 0.005962833600277879, "sfR": 0.10567144593890508, "sft": 0.0, "sfb": 0.02398641477393335, "dsfb-alt": 0.043881823970977014, "unknown": 0.0, "dsfb-red": 0.01057486347233747, "roll-in": 0.23475039076822138, "bad-redirect": 0.0022384747496188803, "redirect": 0.023214526929237183}, "reddit": {"sfT": 0.00028175466255833757, "oneh-out": 0.017294687021774183, "dsfb": 0.0, "roll-out": 0.2456608864259391, "alternate": 0.31891376498132656, "oneh-in": 0.005881787774911661, "sfR": 0.10397777127267367, "sft": 0.0, "sfb": 0.01873013001280856, "dsfb-alt": 0.040839817679786686, "unknown": 0.039285409944231534, "dsfb-red": 0.012935393266318275, "roll-in": 0.17166754972518433, "bad-redirect": 0.00170348824033875, "redirect": 0.022827558992148365}, "akl": {"sfT": 0.0003277957584607539, "oneh-out": 0.015222798455666148, "dsfb": 0.0, "roll-out": 0.20378210138305003, "alternate": 0.2719459532073099, "oneh-in": 0.005288934035717755, "sfR": 0.13064861186637447, "sft": 0.0, "sfb": 0.02342194212476435, "dsfb-alt": 0.034098640605021976, "unknown": 0.13277008071454782, "dsfb-red": 0.01213958619164259, "roll-in": 0.1511935513751226, "bad-redirect": 0.0013128878583951971, "redirect": 0.017847116423926418}, "french": {"sfT": 0.00017359456086156838, "oneh-out": 0.015548466449289181, "dsfb": 0.0, "roll-out": 0.19674100669833497, "alternate": 0.24647735405992763, "oneh-in": 0.0022789323756223136, "sfR": 0.10898279115633469, "sft": 0.0, "sfb": 0.04908249499085981, "dsfb-alt": 0.03677575377636337, "unknown": 0.15807953387545715, "dsfb-red": 0.007591042796325369, "roll-in": 0.15913916933766625, "bad-redirect": 0.004926597756502668, "redirect": 0.014203262166455026}, "keymash": {"sfT": 0.00016008997877781564, "oneh-out": 0.022219668080110666, "dsfb": 0.0, "roll-out": 0.2624983067406091, "alternate": 0.32837328057205484, "oneh-in": 0.004695972710815925, "sfR": 0.099723742164827, "sft": 0.0, "sfb": 0.01845139627195593, "dsfb-alt": 0.03929593248307767, "unknown": 0.01232282349464109, "dsfb-red": 0.013303887723561551, "roll-in": 0.17295464527755086, "bad-redirect": 0.0018348774490688099, "redirect": 0.024165377052948734}, "movie": {"sfT": 9.777719406825375e-05, "oneh-out": 0.03276193990479423, "dsfb": 0.0, "roll-out": 0.25806533543170473, "alternate": 0.30708052958654986, "oneh-in": 0.005521450513488187, "sfR": 0.11567713207251198, "sft": 0.0, "sfb": 0.016858472709700825, "dsfb-alt": 0.04282864816515108, "unknown": 0.030236445784519856, "dsfb-red": 0.013545233927659878, "roll-in": 0.150475153735885, "bad-redirect": 0.0011179236387749874, "redirect": 0.025733957335191144}, "dutch": {"sfT": 0.0002712570551847806, "oneh-out": 0.007567476537286782, "dsfb": 0.0, "roll-out": 0.16766384594951786, "alternate": 0.2871104951843445, "oneh-in": 0.003547159369508806, "sfR": 0.18880787437283908, "sft": 0.0,