{"english-450k": {"sft": 0.0, "unknown": 0.00015377410175167997, "sfT": 1.900250306817338e-05, "redirect": 0.016210889194358185, "oneh-in": 0.004396886863774271, "sfR": 0.11369548401129392, "sfb": 0.021202992923467858, "roll-in": 0.1979867871210974, "dsfb-red": 0.005242059731006414, "alternate": 0.39388212951989154, "oneh-out": 0.0054127899124189255, "roll-out": 0.1890819218371503, "bad-redirect": 0.004400687364387906, "dsfb-alt": 0.04831459491633344, "dsfb": 0.0}, "shai": {"sft": 0.0, "unknown": 0.05504127713582317, "sfT": 2.6523911540413416e-05, "redirect": 0.014138196971606372, "oneh-in": 0.0048912755721780155, "sfR": 0.09823378925716947, "sfb": 0.012447644980095261, "roll-in": 0.202594095056621, "dsfb-red": 0.005080708860728139, "alternate": 0.33700689056620364, "oneh-out": 0.011628426511619123, "roll-out": 0.21961319598852252, "bad-redirect": 0.003687535859337578, "dsfb-alt": 0.03561043932855529, "dsfb": 0.0}, "tr-quotes": {"sft": 0.0, "unknown": 0.06369709438061996, "sfT": 8.09042786805668e-06, "redirect": 0.015251612306696563, "oneh-in": 0.004757171586417327, "sfR": 0.09677191928064538, "sfb": 0.010752178636647326, "roll-in": 0.19060932479600565, "dsfb-red": 0.0066121911190217516, "alternate": 0.32224752086174613, "oneh-out": 0.019167379394835996, "roll-out": 0.23493562330967846, "bad-redirect": 0.0032627539816462866, "dsfb-alt": 0.0319271399181711, "dsfb": 0.0}, "gutenberg": {"sft": 0.0, "unknown": 0.08462330307270242, "sfT": 1.2502827343910725e-05, "redirect": 0.014135393496180764, "oneh-in": 0.0049827555701043, "sfR": 0.09863878308844841, "sfb": 0.011980929020691422, "roll-in": 0.18316320016306717, "dsfb-red": 0.006060840273349693, "alternate": 0.2940602477151083, "oneh-out": 0.013713517791712747, "roll-out": 0.2573782783455198, "bad-redirect": 0.003786083443869693, "dsfb-alt": 0.02746416519190135, "dsfb": 0.0}, "english-200": {"sft": 0.0, "unknown": 0.0, "sfT": 0.0, "redirect": 0.017817371937639197, "oneh-in": 0.0, "sfR": 0.10690423162583519, "sfb": 0.008908685968819599, "roll-in": 0.19599109131403117, "dsfb-red": 0.0022271714922048997, "alternate": 0.35412026726057905, "oneh-out": 0.008908685968819599, "roll-out": 0.2739420935412027, "bad-redirect": 0.004454342984409799, "dsfb-alt": 0.026726057906458798, "dsfb": 0.0}, "monkeyracer": {"sft": 0.0, "unknown": 0.06378251247321583, "sfT": 7.820198007413547e-06, "redirect": 0.015225925520434178, "oneh-in": 0.004783028606284311, "sfR": 0.09690789370786869, "sfb": 0.010692165725636173, "roll-in": 0.19072094405430345, "dsfb-red": 0.0065934044450005475, "alternate": 0.3214199133522061, "oneh-out": 0.019539742246273677, "roll-out": 0.23526381437978008, "bad-redirect": 0.0032649326680951564, "dsfb-alt": 0.03179790262289441, "dsfb": 0.0}, "chained-bigrams": {"sft": 0.0, "unknown": 0.05002178417241897, "sfT": 2.5322882990749355e-05, "redirect": 0.02124784674331492, "oneh-in": 0.005111326535978947, "sfR": 0.11914286586209158, "sfb": 0.013272437210613015, "roll-in": 0.18044047531700677, "dsfb-red": 0.009178571127108535, "alternate": 0.33067854288235443, "oneh-out": 0.0059482802840578166, "roll-out": 0.2101766822997593, "bad-redirect": 0.005587916179958691, "dsfb-alt": 0.049167948502346265, "dsfb": 0.0}, "english-5k": {"sft": 0.0, "unknown": 0.002157049819554486, "sfT": 0.0, "redirect": 0.013357116190318164, "oneh-in": 0.0025718670925457335, "sfR": 0.10644211224955408, "sfb": 0.013937860372505911, "roll-in": 0.2248724436885552, "dsfb-red": 0.004853362093997594, "alternate": 0.38615339942755217, "oneh-out": 0.007051893640851205, "roll-out": 0.18679221802795867, "bad-redirect": 0.0053926245488862155, "dsfb-alt": 0.04641805284772058, "dsfb": 0.0}, "mt-quotes": {"sft": 0.0, "unknown": 0.05865785730507644, "sfT": 2.9882502002127633e-06, "redirect": 0.015299841025089349, "oneh-in": 0.004950036456652443, "sfR": 0.0964592223377679, "sfb": 0.010098791551619034, "roll-in": 0.19106572955140388, "dsfb-red": 0.00679677508038393, "alternate": 0.3200819378204898, "oneh-out": 0.020907292525788598, "roll-out": 0.241502910555695, "bad-redirect": 0.003134674460023189, "dsfb-alt": 0.031041943079810185, "dsfb": 0.0}, "wordle": {"sft": 0.0, "unknown": 0.0, "sfT": 0.00011219566924716706, "redirect": 0.01985863345674857, "oneh-in": 0.011623471334006508, "sfR": 0.13138112868843263, "sfb": 0.031549422192303375, "roll-in": 0.17906428811847863, "dsfb-red": 0.0096712666891058, "alternate": 0.3634017726915741, "oneh-out": 0.005677100863906653, "roll-out": 0.1939638729945024, "bad-redirect": 0.00289464826657691, "dsfb-alt": 0.05080219903511724, "dsfb": 0.0}, "english-1k": {"sft": 0.0, "unknown": 0.0, "sfT": 0.0, "redirect": 0.010938602681721948, "oneh-in": 0.0028228652081863093, "sfR": 0.10832745236414962, "sfb": 0.011291460832745237, "roll-in": 0.20289343683839098, "dsfb-red": 0.004940014114326041, "alternate": 0.3779110797459421, "oneh-out": 0.010938602681721948, "roll-out": 0.23147494707127736, "bad-redirect": 0.003175723359209598, "dsfb-alt": 0.035285815102328866, "dsfb": 0.0}, "english-10k": {"sft": 0.0, "unknown": 0.0, "sfT": 0.0, "redirect": 0.013508037282182899, "oneh-in": 0.007275042936261362, "sfR": 0.10567144593890508, "sfb": 0.014762355029814168, "roll-in": 0.2381466972848845, "dsfb-red": 0.004785704637116227, "alternate": 0.3821423747129542, "oneh-out": 0.006213697149804133, "roll-out": 0.1789814939889234, "bad-redirect": 0.0040910055768896775, "dsfb-alt": 0.044422145462264334, "dsfb": 0.0}, "reddit": {"sft": 0.0, "unknown": 0.0818562470631047, "sfT": 7.356635964697886e-05, "redirect": 0.015676526768846743, "oneh-in": 0.00482443991334602, "sfR": 0.10397777127267367, "sfb": 0.011343940149046793, "roll-in": 0.18525698688447403, "dsfb-red": 0.006476236923382921, "alternate": 0.3121563727139975, "oneh-out": 0.014493247083893556, "roll-out": 0.22745163920195482, "bad-redirect": 0.0032749765563414744, "dsfb-alt": 0.03313804910929081, "dsfb": 0.0}, "akl": {"sft": 0.0, "unknown": 0.14211232159968482, "sfT": 8.96391808016594e-05, "redirect": 0.01569688792678584, "oneh-in": 0.005844632716922309, "sfR": 0.13064861186637447, "sfb": 0.01606340049790266, "roll-in": 0.1645017577358823, "dsfb-red": 0.0083278455689868, "alternate": 0.27392498272876836, "oneh-out": 0.01337276732532275, "roll-out": 0.19532913651649444, "bad-redirect": 0.0032258739591582842, "dsfb-alt": 0.03086214237691531, "dsfb": 0.0}, "french": {"sft": 0.0, "unknown": 0.18343481206624676, "sfT": 4.6428717019936165e-05, "redirect": 0.006116155720808229, "oneh-in": 0.005048564902439842, "sfR": 0.10898279115633469, "sfb": 0.048283888098072554, "roll-in": 0.16277717917842685, "dsfb-red": 0.00648662661931387, "alternate": 0.2585743795013214, "oneh-out": 0.005496686669068855, "roll-out": 0.17512883594427073, "bad-redirect": 0.0063016758249895355, "dsfb-alt": 0.03332197560168673, "dsfb": 0.0}, "keymash": {"sft": 0.0, "unknown": 0.06230373584332528, "sfT": 8.209742501426442e-06, "redirect": 0.014506615000020524, "oneh-in": 0.0049053211446022996, "sfR": 0.099723742164827, "sfb": 0.010918957526897168, "roll-in": 0.18866398755403035, "dsfb-red": 0.007158895461243858, "alternate": 0.32125953869456886, "oneh-out": 0.018574542409477326, "roll-out": 0.23777877206881406, "bad-redirect": 0.0033495749405819887, "dsfb-alt": 0.03084810744910986, "dsfb": 0.0}, "movie": {"sft": 0.0, "unknown": 0.10030005623175643, "sfT": 5.0007178662094785e-06, "redirect": 0.015743444223374696, "oneh-in": 0.0038246279827801595, "sfR": 0.11567713207251198, "sfb": 0.010215150622280119, "roll-in": 0.15758064743241432, "dsfb-red": 0.008619921622959296, "alternate": 0.2985221957520481, "oneh-out": 0.027530136234030438, "roll-out": 0.22694573655244457, "bad-redirect": 0.002270852302613441, "dsfb-alt": 0.032765098252920254, "dsfb": 0.0}, "dutch": {"sft": 0.0, "unknown": 0.09816618539817247, "sfT": 3.530573384841572e-05, "redirect": 0.016087490656711393, "oneh-in": 0.004767762325457615, "sfR": 0.18880787437283908, "sfb": 0.02413680349667701, "roll-in": 0.17304281525805873, "dsfb-red": 0.004087916262043353,