{"english-450k": {"unknown": 0.00015377410175167997, "bad-redirect": 0.02426590407185636, "sft": 0.0, "roll-out": 0.23928653494326438, "sfR": 0.11369548401129392, "oneh-out": 0.023614264389718535, "dsfb-alt": 0.03239897538503456, "alternate": 0.1745362366039662, "dsfb": 0.0, "sfT": 0.0017768802099747355, "redirect": 0.07170229100023914, "oneh-in": 0.021640342840236894, "dsfb-red": 0.03762612545978749, "roll-in": 0.22031297414899484, "sfb": 0.03899021283388129}, "shai": {"unknown": 0.023621906111313578, "bad-redirect": 0.019576063286447717, "sft": 0.0, "roll-out": 0.24271548810654336, "sfR": 0.09823378925716947, "oneh-out": 0.01976873223675879, "dsfb-alt": 0.026958124963424635, "alternate": 0.20680781299299333, "dsfb": 0.0, "sfT": 0.00018948747427339268, "redirect": 0.06670264082637253, "oneh-in": 0.020190525517914885, "dsfb-red": 0.03211120272798798, "roll-in": 0.21877344887174488, "sfb": 0.024350777627055457}, "tr-quotes": {"unknown": 0.01476965396084233, "bad-redirect": 0.018583712812926194, "sft": 0.0, "roll-out": 0.2489886965164929, "sfR": 0.09677191928064538, "oneh-out": 0.0168905018376829, "dsfb-alt": 0.026931878597350963, "alternate": 0.22234113866993366, "dsfb": 0.0, "sfT": 0.00017914518850696933, "redirect": 0.059946603176070826, "oneh-in": 0.019759136404613856, "dsfb-red": 0.02827488962344837, "roll-in": 0.22357319525669772, "sfb": 0.022989528674787915}, "gutenberg": {"unknown": 0.03802431837805746, "bad-redirect": 0.017855742378105957, "sft": 0.0, "roll-out": 0.22762003377278878, "sfR": 0.09863878308844841, "oneh-out": 0.014075152600796469, "dsfb-alt": 0.026041116116030785, "alternate": 0.22270888530474506, "dsfb": 0.0, "sfT": 8.7140917851499e-05, "redirect": 0.0630333829278818, "oneh-in": 0.01446179306456801, "dsfb-red": 0.026507509463314243, "roll-in": 0.2276137823591168, "sfb": 0.023332359628294733}, "english-200": {"unknown": 0.0, "bad-redirect": 0.0200445434298441, "sft": 0.0, "roll-out": 0.25389755011135856, "sfR": 0.10690423162583519, "oneh-out": 0.031180400890868598, "dsfb-alt": 0.015590200445434299, "alternate": 0.23608017817371937, "dsfb": 0.0, "sfT": 0.0, "redirect": 0.07349665924276169, "oneh-in": 0.017817371937639197, "dsfb-red": 0.026726057906458798, "roll-in": 0.20044543429844097, "sfb": 0.017817371937639197}, "monkeyracer": {"unknown": 0.014352018393105714, "bad-redirect": 0.01856612759435069, "sft": 0.0, "roll-out": 0.24944085584246994, "sfR": 0.09690789370786869, "oneh-out": 0.016799740369426153, "dsfb-alt": 0.027056907580899948, "alternate": 0.22254621737022381, "dsfb": 0.0, "sfT": 0.00017008930666124466, "redirect": 0.06014318782551574, "oneh-in": 0.019644337394622832, "dsfb-red": 0.02811556688615356, "roll-in": 0.22334876519073463, "sfb": 0.02290829253796706}, "chained-bigrams": {"unknown": 0.02365222201805197, "bad-redirect": 0.02225491832071626, "sft": 0.0, "roll-out": 0.21387577113048492, "sfR": 0.11914286586209158, "oneh-out": 0.01212771303849273, "dsfb-alt": 0.03955499253624256, "alternate": 0.1991729156832406, "dsfb": 0.0, "sfT": 0.00012856232902995826, "redirect": 0.06471035491643773, "oneh-in": 0.018437006731341743, "dsfb-red": 0.0404322031752298, "roll-in": 0.22209012478986878, "sfb": 0.024420349468771366}, "english-5k": {"unknown": 0.002157049819554486, "bad-redirect": 0.02356162110590285, "sft": 0.0, "roll-out": 0.26589787198738957, "sfR": 0.10644211224955408, "oneh-out": 0.020409009831169368, "dsfb-alt": 0.028332019745302195, "alternate": 0.19326336748662215, "dsfb": 0.0, "sfT": 0.0003733355456921226, "redirect": 0.06437964076824158, "oneh-in": 0.02181938855933961, "dsfb-red": 0.03463724229476915, "roll-in": 0.21076865640685277, "sfb": 0.027958684199610073}, "mt-quotes": {"unknown": 0.008869126594231481, "bad-redirect": 0.018436009610212644, "sft": 0.0, "roll-out": 0.25310479195802105, "sfR": 0.0964592223377679, "oneh-out": 0.01636814047166541, "dsfb-alt": 0.026598415032093807, "alternate": 0.22664831881043737, "dsfb": 0.0, "sfT": 0.0001389536343098935, "redirect": 0.0599368283907675, "oneh-in": 0.019650733316599132, "dsfb-red": 0.02759649059896487, "roll-in": 0.22396188188044608, "sfb": 0.022231087364482854}, "wordle": {"unknown": 0.0, "bad-redirect": 0.022663525187927747, "sft": 0.0, "roll-out": 0.20363513968360822, "sfR": 0.13138112868843263, "oneh-out": 0.019252776842813867, "dsfb-alt": 0.03251430494782901, "alternate": 0.1792438011892741, "dsfb": 0.0, "sfT": 0.0006282957477841356, "redirect": 0.06536519690339952, "oneh-in": 0.024683047234376754, "dsfb-red": 0.038393358016380566, "roll-in": 0.24018848872433524, "sfb": 0.04205093683383821}, "english-1k": {"unknown": 0.0, "bad-redirect": 0.02364149611856034, "sft": 0.0, "roll-out": 0.25582215949188425, "sfR": 0.10832745236414962, "oneh-out": 0.025405786873676783, "dsfb-alt": 0.02399435426958363, "alternate": 0.22512350035285816, "dsfb": 0.0, "sfT": 0.0, "redirect": 0.05822159491884263, "oneh-in": 0.021524347212420608, "dsfb-red": 0.029992942836979536, "roll-in": 0.20007057163020467, "sfb": 0.027875793930839804}, "english-10k": {"unknown": 0.0, "bad-redirect": 0.023465390478763434, "sft": 0.0, "roll-out": 0.26062793076166035, "sfR": 0.10567144593890508, "oneh-out": 0.021883020397136296, "dsfb-alt": 0.027710773624592348, "alternate": 0.18239709770170395, "dsfb": 0.0, "sfT": 0.00036664672623067866, "redirect": 0.06676829856621833, "oneh-in": 0.02167075123984485, "dsfb-red": 0.03708921093765076, "roll-in": 0.22346153103953995, "sfb": 0.028887902587754}, "reddit": {"unknown": 0.041217688064775854, "bad-redirect": 0.016842014182500382, "sft": 0.0, "roll-out": 0.233926340371394, "sfR": 0.10397777127267367, "oneh-out": 0.017010572542180327, "dsfb-alt": 0.027934652545971016, "alternate": 0.20686515724528443, "dsfb": 0.0, "sfT": 0.0002635503597129039, "redirect": 0.06234943758630422, "oneh-in": 0.019143023079197893, "dsfb-red": 0.02905668936024049, "roll-in": 0.21800349365293498, "sfb": 0.023409609736829835}, "akl": {"unknown": 0.13295000147380848, "bad-redirect": 0.014051929894748332, "sft": 0.0, "roll-out": 0.19834274746510502, "sfR": 0.13064861186637447, "oneh-out": 0.015509357226045874, "dsfb-alt": 0.0233681042595585, "alternate": 0.17347229745343934, "dsfb": 0.0, "sfT": 0.00025033742554642037, "redirect": 0.055241874701176995, "oneh-in": 0.019326681766800115, "dsfb-red": 0.02699873815804776, "roll-in": 0.1839561036832784, "sfb": 0.02588321462607033}, "french": {"unknown": 0.15822382396052298, "bad-redirect": 0.02218402752355471, "sft": 0.0, "roll-out": 0.1850456892883886, "sfR": 0.10898279115633469, "oneh-out": 0.019785345314069745, "dsfb-alt": 0.021838636222432536, "alternate": 0.14985995801519586, "dsfb": 0.0, "sfT": 0.0002972996000463418, "redirect": 0.06308447615919839, "oneh-in": 0.013284800566936733, "dsfb-red": 0.03718613629221045, "roll-in": 0.19842667325747698, "sfb": 0.02180034264363197}, "keymash": {"unknown": 0.013394194891077241, "bad-redirect": 0.019017868504554353, "sft": 0.0, "roll-out": 0.24619375813277616, "sfR": 0.099723742164827, "oneh-out": 0.01733076642051122, "dsfb-alt": 0.026862277464667322, "alternate": 0.22205711517858243, "dsfb": 0.0, "sfT": 0.00018471920628209497, "redirect": 0.061248783931891974, "oneh-in": 0.018886512624531532, "dsfb-red": 0.028155311908641987, "roll-in": 0.2234117226913178, "sfb": 0.0235332268803389}, "movie": {"unknown": 0.030451476652766863, "bad-redirect": 0.014782253610353803, "sft": 0.0, "roll-out": 0.23899036032672585, "sfR": 0.11567713207251198, "oneh-out": 0.014883583946063835, "dsfb-alt": 0.03057241506642598, "alternate": 0.21461357150085625, "dsfb": 0.0, "sfT": 0.00016410250471482157, "redirect": 0.05215024946344271, "oneh-in": 0.021303847697083884, "dsfb-red": 0.02832590836395067, "roll-in": 0.2161510290490385, "sfb": 0.021934069746064863}, "dutch": {"unknown": 0.07325981014373002, "bad-redirect": 0.01934981935979964, "sft": 0.0, "roll-out": 0.2120469547253542, "sfR": 0.18880787437283908, "oneh-out": 0.025983800818426, "dsfb-alt": 0.024831083849450326, "alternate": 0.14250674439928954, "dsfb": 0.0,