{"english-450k": {"alternate": 0.36324541703477925, "roll-in": 0.21082780165596582, "dsfb-red": 0.013442663016626898, "sfT": 0.00015611287136007055, "sft": 0.0, "bad-redirect": 0.004287841730783061, "dsfb": 0.0, "roll-out": 0.17274386204533587, "oneh-out": 0.004843007166574773, "sfR": 0.11369548401129392, "oneh-in": 0.004242820415821543, "dsfb-alt": 0.04957343765804967, "redirect": 0.029959053991081102, "unknown": 0.00015377410175167997, "sfb": 0.03282872430057633}, "shai": {"alternate": 0.337173894835729, "roll-in": 0.24905718389674616, "dsfb-red": 0.0104673541854446, "sfT": 4.665003732622251e-05, "sft": 0.0, "bad-redirect": 0.005121441042991572, "dsfb": 0.0, "roll-out": 0.1660522534603777, "oneh-out": 0.011401558629107394, "sfR": 0.09823378925716947, "oneh-in": 0.00330933112214298, "dsfb-alt": 0.04414217497777611, "redirect": 0.027925328512558547, "unknown": 0.024097749651430984, "sfb": 0.02297129039119925}, "tr-quotes": {"alternate": 0.34149811608608216, "roll-in": 0.25816670904509836, "dsfb-red": 0.009247359053188785, "sfT": 2.195973278472527e-05, "sft": 0.0, "bad-redirect": 0.004418529391368669, "dsfb": 0.0, "roll-out": 0.1594126349367791, "oneh-out": 0.01988742747509304, "sfR": 0.09677191928064538, "oneh-in": 0.0039307921684658235, "dsfb-alt": 0.04401077182681861, "redirect": 0.027799865930052473, "unknown": 0.013894731975682485, "sfb": 0.02093918309794041}, "gutenberg": {"alternate": 0.3158712405797826, "roll-in": 0.269610589970535, "dsfb-red": 0.006897771958279959, "sfT": 0.00016253675547083944, "sft": 0.0, "bad-redirect": 0.0044798009246788005, "dsfb": 0.0, "roll-out": 0.1590139891483036, "oneh-out": 0.011590878694916994, "sfR": 0.09863878308844841, "oneh-in": 0.0036419220558588437, "dsfb-alt": 0.04864565964348756, "redirect": 0.025268403498821514, "unknown": 0.03298207965968062, "sfb": 0.02319634402173522}, "english-200": {"alternate": 0.33853006681514475, "roll-in": 0.2806236080178174, "dsfb-red": 0.004454342984409799, "sfT": 0.0, "sft": 0.0, "bad-redirect": 0.004454342984409799, "dsfb": 0.0, "roll-out": 0.155902004454343, "oneh-out": 0.015590200445434299, "sfR": 0.10690423162583519, "oneh-in": 0.0066815144766146995, "dsfb-alt": 0.042316258351893093, "redirect": 0.028953229398663696, "unknown": 0.0, "sfb": 0.015590200445434299}, "monkeyracer": {"alternate": 0.3412001266872077, "roll-in": 0.25758363701768927, "dsfb-red": 0.009254226817023007, "sfT": 2.248306927131395e-05, "sft": 0.0, "bad-redirect": 0.004435029794954408, "dsfb": 0.0, "roll-out": 0.1599865883604173, "oneh-out": 0.020341312542033564, "sfR": 0.09690789370786869, "oneh-in": 0.003974615637267935, "dsfb-alt": 0.04406583824702442, "redirect": 0.027849680153901497, "unknown": 0.013491796612290222, "sfb": 0.02088677135305066}, "chained-bigrams": {"alternate": 0.3325985368568069, "roll-in": 0.23226667722868966, "dsfb-red": 0.016645575085919243, "sfT": 0.00010323944603920891, "sft": 0.0, "bad-redirect": 0.00345365165712297, "dsfb": 0.0, "roll-out": 0.14312558396840744, "oneh-out": 0.006116450199304075, "sfR": 0.11914286586209158, "oneh-in": 0.012471195220598023, "dsfb-alt": 0.0560246060506107, "redirect": 0.03100235113228999, "unknown": 0.023159399756770463, "sfb": 0.02388986753534977}, "english-5k": {"alternate": 0.35678433649977187, "roll-in": 0.2356162110590285, "dsfb-red": 0.01348156137221554, "sfT": 0.0, "sft": 0.0, "bad-redirect": 0.004770398639399345, "dsfb": 0.0, "roll-out": 0.1720662048367694, "oneh-out": 0.005890405276475713, "sfR": 0.10644211224955408, "oneh-in": 0.003277056456630854, "dsfb-alt": 0.04338988675488447, "redirect": 0.028414983199900445, "unknown": 0.002157049819554486, "sfb": 0.027709793835815323}, "mt-quotes": {"alternate": 0.34356958439416213, "roll-in": 0.26193805954985, "dsfb-red": 0.008839244092229354, "sfT": 1.4941251001063817e-05, "sft": 0.0, "bad-redirect": 0.004507775427020954, "dsfb": 0.0, "roll-out": 0.15912432316132966, "oneh-out": 0.021812732336453068, "sfR": 0.0964592223377679, "oneh-in": 0.004061032022089146, "dsfb-alt": 0.04403784320053549, "redirect": 0.027841527115382316, "unknown": 0.007995063410669249, "sfb": 0.019798651701509663}, "wordle": {"alternate": 0.3361382250645125, "roll-in": 0.18418041063614946, "dsfb-red": 0.014114215191293616, "sfT": 0.00022439133849433412, "sft": 0.0, "bad-redirect": 0.00381465275440368, "dsfb": 0.0, "roll-out": 0.1918770335465051, "oneh-out": 0.008122966453494895, "sfR": 0.13138112868843263, "oneh-in": 0.002670256928082576, "dsfb-alt": 0.05470660832491866, "redirect": 0.033052844160215415, "unknown": 0.0, "sfb": 0.03971726691349714}, "english-1k": {"alternate": 0.33098094565984476, "roll-in": 0.25864502470007056, "dsfb-red": 0.011644318983768526, "sfT": 0.0, "sft": 0.0, "bad-redirect": 0.00529287226534933, "dsfb": 0.0, "roll-out": 0.17819336626676077, "oneh-out": 0.008821453775582216, "sfR": 0.10832745236414962, "oneh-in": 0.004234297812279464, "dsfb-alt": 0.04022582921665491, "redirect": 0.027875793930839804, "unknown": 0.0, "sfb": 0.025758645024700072}, "english-10k": {"alternate": 0.3616101580440362, "roll-in": 0.22243877964531752, "dsfb-red": 0.012311611122903842, "sfT": 7.718878446961657e-05, "sft": 0.0, "bad-redirect": 0.006696127052739237, "dsfb": 0.0, "roll-out": 0.18374790142992223, "oneh-out": 0.005789158835221242, "sfR": 0.10567144593890508, "oneh-in": 0.0028559850253758127, "dsfb-alt": 0.04314853051851566, "redirect": 0.028945794176106213, "unknown": 0.0, "sfb": 0.026707319426487332}, "reddit": {"alternate": 0.3300826291807858, "roll-in": 0.24341007046301297, "dsfb-red": 0.010597638647210536, "sfT": 0.000160430101002042, "sft": 0.0, "bad-redirect": 0.0037601998877401324, "dsfb": 0.0, "roll-out": 0.15570660881743761, "oneh-out": 0.015185122964259822, "sfR": 0.10397777127267367, "oneh-in": 0.003438141048511658, "dsfb-alt": 0.04177816333941829, "redirect": 0.02636159101861128, "unknown": 0.04519937363713543, "sfb": 0.020342259622200785}, "akl": {"alternate": 0.282244155929381, "roll-in": 0.2042748203862327, "dsfb-red": 0.010465201405378297, "sfT": 0.00023027485255553077, "sft": 0.0, "bad-redirect": 0.0030973203048829164, "dsfb": 0.0, "roll-out": 0.13454739737160035, "oneh-out": 0.013520296418091963, "sfR": 0.13064861186637447, "oneh-in": 0.0026628371200986883, "dsfb-alt": 0.033514849380109735, "redirect": 0.020316245942733756, "unknown": 0.13920166722946467, "sfb": 0.02527632179309592}, "french": {"alternate": 0.2509561296865681, "roll-in": 0.15951880912123684, "dsfb-red": 0.013848941689681392, "sfT": 0.00020267430908218667, "sft": 0.0, "bad-redirect": 0.005627702845364221, "dsfb": 0.0, "roll-out": 0.210947954397022, "oneh-out": 0.014549177831919145, "sfR": 0.10898279115633469, "oneh-in": 0.0007389042669968544, "dsfb-alt": 0.03338397044874336, "redirect": 0.02037179439410472, "unknown": 0.15842537463172957, "sfb": 0.022445775221216956}, "keymash": {"alternate": 0.3379827841699745, "roll-in": 0.25814303834360236, "dsfb-red": 0.009408364906634704, "sfT": 4.925845500855866e-05, "sft": 0.0, "bad-redirect": 0.004605665543300235, "dsfb": 0.0, "roll-out": 0.16110798684799252, "oneh-out": 0.01926416077959715, "sfR": 0.099723742164827, "oneh-in": 0.0035342941468640837, "dsfb-alt": 0.04440649719021563, "redirect": 0.02778176862482708, "unknown": 0.012376186820900362, "sfb": 0.021616252006255825}, "movie": {"alternate": 0.32765400927949, "roll-in": 0.2396233459303171, "dsfb-red": 0.010559015774501313, "sfT": 2.974111152008795e-05, "sft": 0.0, "bad-redirect": 0.0031899316072873094, "dsfb": 0.0, "roll-out": 0.1494825112394424, "oneh-out": 0.02980098853664388, "sfR": 0.11567713207251198, "oneh-in": 0.002323754633724394, "dsfb-alt": 0.04713637181337479, "redirect": 0.02474328880632733, "unknown": 0.030282373430185833, "sfb": 0.019497535764673588}, "dutch": {"alternate": 0.2786952327648399, "roll-in": 0.199660577237452, "dsfb-red": 0.006798137879846394, "sfT": 9.496148626775503e-05, "sft": 0.0, "bad-redirect": 0.005484994094851535, "dsfb": 0.0, "roll-out": 0.16005595340202572, "oneh-out": 0.002954134211779678,