{"english-450k": {"sfT": 0.001736828780431047, "dsfb-alt": 0.05184350590919376, "sfR": 0.11369548401129392, "roll-out": 0.18137509128510126, "redirect": 0.01619773361531099, "unknown": 0.0001543587941537776, "sfb": 0.03985760401239314, "dsfb": 0.0, "bad-redirect": 0.0034657642134337755, "alternate": 0.37835562278218865, "dsfb-red": 0.0073162560274478, "sft": 0.0, "oneh-out": 0.005038002082674336, "roll-in": 0.19795141323077048, "oneh-in": 0.003012335255607054}, "shai": {"sfT": 0.0001906447265060767, "dsfb-alt": 0.044120094295543796, "sfR": 0.09823378925716947, "roll-out": 0.21675687299454768, "redirect": 0.0161162777628294, "unknown": 0.06456276146546681, "sfb": 0.01743788690541619, "dsfb": 0.0, "bad-redirect": 0.002235791961501508, "alternate": 0.32062882222221534, "dsfb-red": 0.005716849251911905, "sft": 0.0, "oneh-out": 0.011903004923469632, "roll-in": 0.19775698585566842, "oneh-in": 0.004340218377753757}, "tr-quotes": {"sfT": 0.00017567786227780217, "dsfb-alt": 0.03616305679480363, "sfR": 0.09677191928064538, "roll-out": 0.23228427451977532, "redirect": 0.01721411895240517, "unknown": 0.09006264302720696, "sfb": 0.01550703867224521, "dsfb": 0.0, "bad-redirect": 0.002031853170291949, "alternate": 0.29920598229352074, "dsfb-red": 0.0063590763042925495, "sft": 0.0, "oneh-out": 0.01972677469314163, "roll-in": 0.18006402995769863, "oneh-in": 0.00443355447169506}, "gutenberg": {"sfT": 6.952329750326115e-05, "dsfb-alt": 0.034235961692852514, "sfR": 0.09863878308844841, "roll-out": 0.2547595043273043, "redirect": 0.017723326070327266, "unknown": 0.09436925698728084, "sfb": 0.01649274476084175, "dsfb": 0.0, "bad-redirect": 0.0021366574183631676, "alternate": 0.27551874420086664, "dsfb-red": 0.0071915884008618616, "sft": 0.0, "oneh-out": 0.014143918151187977, "roll-in": 0.18051184301904635, "oneh-in": 0.00420814858511565}, "english-200": {"sfT": 0.0, "dsfb-alt": 0.031180400890868598, "sfR": 0.10690423162583519, "roll-out": 0.26280623608017817, "redirect": 0.028953229398663696, "unknown": 0.0, "sfb": 0.011135857461024499, "dsfb": 0.0, "bad-redirect": 0.0, "alternate": 0.34966592427616927, "dsfb-red": 0.0022271714922048997, "sft": 0.0, "oneh-out": 0.011135857461024499, "roll-in": 0.19376391982182628, "oneh-in": 0.0022271714922048997}, "monkeyracer": {"sfT": 0.00016324663340475782, "dsfb-alt": 0.03592598964605784, "sfR": 0.09690789370786869, "roll-out": 0.23281902497771242, "redirect": 0.017213233339068146, "unknown": 0.0900202543128392, "sfb": 0.01540579007460469, "dsfb": 0.0, "bad-redirect": 0.002046936828440496, "alternate": 0.2984021380421352, "dsfb-red": 0.006363686128532774, "sft": 0.0, "oneh-out": 0.020103774027558377, "roll-in": 0.18018127218981184, "oneh-in": 0.004446760091965528}, "chained-bigrams": {"sfT": 8.246169589295303e-05, "dsfb-alt": 0.05535971804593052, "sfR": 0.11914286586209158, "roll-out": 0.20668731888457245, "redirect": 0.022686056636251072, "unknown": 0.05987563217928082, "sfb": 0.019369408269154974, "dsfb": 0.0, "bad-redirect": 0.0037568769483198915, "alternate": 0.31210648077506203, "dsfb-red": 0.011440099369590074, "sft": 0.0, "oneh-out": 0.005365853975270582, "roll-in": 0.17911199791703056, "oneh-in": 0.005015229441552514}, "english-5k": {"sfT": 0.0003733355456921226, "dsfb-alt": 0.050483262123034806, "sfR": 0.10644211224955408, "roll-out": 0.18173144729746546, "redirect": 0.014726013191189281, "unknown": 0.0022400132741527356, "sfb": 0.020657900194964118, "dsfb": 0.0, "bad-redirect": 0.0037333554569212264, "alternate": 0.3809267017878624, "dsfb-red": 0.004977807275894968, "sft": 0.0, "oneh-out": 0.007425229186543328, "roll-in": 0.22449910814286306, "oneh-in": 0.0017837142738623636}, "mt-quotes": {"sfT": 0.0001299888837092552, "dsfb-alt": 0.03507608085009742, "sfR": 0.0964592223377679, "roll-out": 0.2390002510130168, "redirect": 0.01749172254694541, "unknown": 0.0857358864943044, "sfb": 0.014588637477438712, "dsfb": 0.0, "bad-redirect": 0.0018586916245323388, "alternate": 0.2967317507560273, "dsfb-red": 0.006451632182259357, "sft": 0.0, "oneh-out": 0.021536319192933386, "roll-in": 0.18036181733424175, "oneh-in": 0.004577999306725954}, "wordle": {"sfT": 0.0005385392123864019, "dsfb-alt": 0.05659149556827107, "sfR": 0.13138112868843263, "roll-out": 0.19957365645686076, "redirect": 0.024974755974419387, "unknown": 0.0, "sfb": 0.044474363289577025, "dsfb": 0.0, "bad-redirect": 0.0010770784247728037, "alternate": 0.3392572646695838, "dsfb-red": 0.014944463143722652, "sft": 0.0, "oneh-out": 0.00650734881633569, "roll-in": 0.17329743071917425, "oneh-in": 0.007382475036463593}, "english-1k": {"sfT": 0.0, "dsfb-alt": 0.04234297812279464, "sfR": 0.10832745236414962, "roll-out": 0.23112208892025407, "redirect": 0.016937191249117856, "unknown": 0.0, "sfb": 0.015525758645024701, "dsfb": 0.0, "bad-redirect": 0.0017642907551164433, "alternate": 0.35920959774170785, "dsfb-red": 0.006351446718419196, "sft": 0.0, "oneh-out": 0.011997177134791814, "roll-in": 0.2050105857445307, "oneh-in": 0.0014114326040931546}, "english-10k": {"sfT": 0.00036664672623067866, "dsfb-alt": 0.05339534165685726, "sfR": 0.10567144593890508, "roll-out": 0.17352038748769805, "redirect": 0.015090407363810038, "unknown": 0.0, "sfb": 0.023928523185581134, "dsfb": 0.0, "bad-redirect": 0.002566527083614751, "alternate": 0.3712201617105035, "dsfb-red": 0.005345323324520947, "sft": 0.0, "oneh-out": 0.005962833600277879, "roll-in": 0.2372011346751317, "oneh-in": 0.0057312672468690295}, "reddit": {"sfT": 0.0002216355142724918, "dsfb-alt": 0.03856109594398019, "sfR": 0.10397777127267367, "roll-out": 0.22314504802695884, "redirect": 0.01746418181678568, "unknown": 0.10396709590989395, "sfb": 0.01576616235878321, "dsfb": 0.0, "bad-redirect": 0.002199124732624302, "alternate": 0.2910467605237071, "dsfb-red": 0.0074627153590564625, "sft": 0.0, "oneh-out": 0.014857033481496132, "roll-in": 0.1764498875060236, "oneh-in": 0.004881487553744365}, "akl": {"sfT": 0.0002739084780504951, "dsfb-alt": 0.03139360290035624, "sfR": 0.13064861186637447, "roll-out": 0.19138696446179565, "redirect": 0.016807494645924372, "unknown": 0.17107002670620014, "sfb": 0.02084906538429599, "dsfb": 0.0, "bad-redirect": 0.0015728859564039794, "alternate": 0.25073815814659184, "dsfb-red": 0.008421512088947961, "sft": 0.0, "oneh-out": 0.0135888353066101, "roll-in": 0.15853151156934708, "oneh-in": 0.004717422489101662}, "french": {"sfT": 0.00012933821040113228, "dsfb-alt": 0.03808396790033266, "sfR": 0.10898279115633469, "roll-out": 0.16176328326867398, "redirect": 0.008381874115013446, "unknown": 0.21023212216107084, "sfb": 0.03638862307362212, "dsfb": 0.0, "bad-redirect": 0.005225095903616321, "alternate": 0.2496403047887214, "dsfb-red": 0.004463853715652469, "sft": 0.0, "oneh-out": 0.011358315938295381, "roll-in": 0.16299095502972, "oneh-in": 0.0023594747385455718}, "keymash": {"sfT": 0.0001518802362763892, "dsfb-alt": 0.03611055239252421, "sfR": 0.099723742164827, "roll-out": 0.2367648688698879, "redirect": 0.016715035732904237, "unknown": 0.0849421007910087, "sfb": 0.01644000935910645, "dsfb": 0.0, "bad-redirect": 0.002093484337863743, "alternate": 0.2979849187030249, "dsfb-red": 0.006539059902386161, "sft": 0.0, "oneh-out": 0.019157434127078606, "roll-in": 0.1791735252223814, "oneh-in": 0.0042033881607303385}, "movie": {"sfT": 8.488060588697667e-05, "dsfb-alt": 0.03096036549457297, "sfR": 0.11567713207251198, "roll-out": 0.22403966148298393, "redirect": 0.01535404621900328, "unknown": 0.15450046842250645, "sfb": 0.013298882773829769, "dsfb": 0.0, "bad-redirect": 0.0018021008015755946, "alternate": 0.2635936290327993, "dsfb-red": 0.00754068774872814, "sft": 0.0, "oneh-out": 0.02798572795120984, "roll-in": 0.14152018401588964, "oneh-in": 0.003642233378502098}, "dutch": {"sfT": 0.00042531843925059466, "dsfb-alt": 0.03418914742982326, "sfR": 0.18880787437283908, "roll-out": 0.14503459190892992, "redirect": 0.014599306458395949, "unknown": 0.10091669751062121, "sfb": 0.03769113912865449, "dsfb": 0.0,