{"monkeyracer": {"sft": 0.0, "redirect": 0.019162417692415973, "sfb": 0.019345214820839264, "roll-out": 0.23392851557001423, "roll-in": 0.20836917590753398, "bad-redirect": 0.0030664951436570375, "dsfb": 0.0, "sfR": 0.09690789370786869, "dsfb-red": 0.00572047484242301, "oneh-out": 0.009715618499460406, "oneh-in": 0.01962674194910615, "dsfb-alt": 0.03739129924769695, "unknown": 0.013491796612290222, "alternate": 0.3332499178879209, "sfT": 2.4438118773167336e-05}, "english-200": {"sft": 0.0, "redirect": 0.028953229398663696, "sfb": 0.011135857461024499, "roll-out": 0.2650334075723831, "roll-in": 0.18930957683741648, "bad-redirect": 0.0022271714922048997, "dsfb": 0.0, "sfR": 0.10690423162583519, "dsfb-red": 0.0, "oneh-out": 0.008908685968819599, "oneh-in": 0.004454342984409799, "dsfb-alt": 0.031180400890868598, "unknown": 0.0, "alternate": 0.3518930957683742, "sfT": 0.0}, "mt-quotes": {"sft": 0.0, "redirect": 0.019443049927684346, "sfb": 0.018606339871624772, "roll-out": 0.23974731356307, "roll-in": 0.20906993700768578, "bad-redirect": 0.0028627436918038274, "dsfb": 0.0, "sfR": 0.0964592223377679, "dsfb-red": 0.005553662997095421, "oneh-out": 0.010177980181924673, "oneh-in": 0.02117175266850743, "dsfb-alt": 0.03639688743859146, "unknown": 0.007995063410669249, "alternate": 0.3325040939027743, "sfT": 1.1953000800851053e-05}}