{"english-450k": {"dsfb": 0.0, "sft": 0.0, "sfT": 0.00015114298594224058, "oneh-out": 0.006652045458664878, "sfb": 0.05047737211169262, "alternate": 0.34584467880215236, "roll-out": 0.17886529914909716, "bad-redirect": 0.0029296012807102376, "redirect": 0.01724140955305528, "sfR": 0.11369548401129392, "roll-in": 0.20539922504869026, "unknown": 0.004732500302578318, "oneh-in": 0.004353619626019046, "dsfb-red": 0.011563753982486123, "dsfb-alt": 0.05809386768761756}, "shai": {"dsfb": 0.0, "sft": 0.0, "sfT": 0.0001343689824819105, "oneh-out": 0.006456581134760513, "sfb": 0.03872417547133064, "alternate": 0.3007047743505222, "roll-out": 0.2301331722520794, "bad-redirect": 0.002880048599949282, "redirect": 0.0184705158449892, "sfR": 0.09823378925716947, "roll-in": 0.19711215639671753, "unknown": 0.027699199878128567, "oneh-in": 0.0036726115629856395, "dsfb-red": 0.02023197759621604, "dsfb-alt": 0.05554662867266962}, "tr-quotes": {"dsfb": 0.0, "sft": 0.0, "sfT": 9.3617808187513e-05, "oneh-out": 0.006096715286285569, "sfb": 0.0414645985992002, "alternate": 0.3014805482998544, "roll-out": 0.2345091421834909, "bad-redirect": 0.002733408843993435, "redirect": 0.018996324634197082, "sfR": 0.09677191928064538, "roll-in": 0.19066017891403342, "unknown": 0.01707311435241904, "oneh-in": 0.003460391576708814, "dsfb-red": 0.030413074131434778, "dsfb-alt": 0.05624696608954948}, "gutenberg": {"dsfb": 0.0, "sft": 0.0, "sfT": 0.0001890579043821652, "oneh-out": 0.006047769135671968, "sfb": 0.04071735161322466, "alternate": 0.28404188371385497, "roll-out": 0.24516112166273965, "bad-redirect": 0.0029608968391715853, "redirect": 0.0141086829104915, "sfR": 0.09863878308844841, "roll-in": 0.18917402912704123, "unknown": 0.04071886710744816, "oneh-in": 0.0035163254720859223, "dsfb-red": 0.021190966290483112, "dsfb-alt": 0.053534265134956655}, "english-200": {"dsfb": 0.0, "sft": 0.0, "sfT": 0.0, "oneh-out": 0.0022271714922048997, "sfb": 0.0378619153674833, "alternate": 0.2962138084632517, "roll-out": 0.21380846325167038, "bad-redirect": 0.0066815144766146995, "redirect": 0.011135857461024499, "sfR": 0.10690423162583519, "roll-in": 0.22494432071269488, "unknown": 0.0, "oneh-in": 0.0, "dsfb-red": 0.031180400890868598, "dsfb-alt": 0.06904231625835189}, "monkeyracer": {"dsfb": 0.0, "sft": 0.0, "sfT": 8.699970283247572e-05, "oneh-out": 0.006153518307083535, "sfb": 0.04171489122104571, "alternate": 0.30087625318673067, "roll-out": 0.2351142530928883, "bad-redirect": 0.0027644399956206892, "redirect": 0.019058800068817744, "sfR": 0.09690789370786869, "roll-in": 0.19025955237186606, "unknown": 0.016557314231196333, "oneh-in": 0.0035083363310759027, "dsfb-red": 0.030748041040399143, "dsfb-alt": 0.05624970674257472}, "chained-bigrams": {"dsfb": 0.0, "sft": 0.0, "sfT": 0.0002837461504348069, "oneh-out": 0.011253748922965842, "sfb": 0.03750773484214429, "alternate": 0.3075619972352606, "roll-out": 0.21254794303520075, "bad-redirect": 0.005443770538319041, "redirect": 0.022980191661759006, "sfR": 0.11914286586209158, "roll-in": 0.165604512407888, "unknown": 0.027313651176637498, "oneh-in": 0.006765105586682501, "dsfb-red": 0.020452448495528564, "dsfb-alt": 0.06314228408508749}, "english-5k": {"dsfb": 0.0, "sft": 0.0, "sfT": 4.148172729912474e-05, "oneh-out": 0.004065209275314224, "sfb": 0.04193802629941511, "alternate": 0.3367486622142946, "roll-out": 0.1957107893972705, "bad-redirect": 0.00315261127473348, "redirect": 0.017380843738333263, "sfR": 0.10644211224955408, "roll-in": 0.21582942713734599, "unknown": 0.007342265731945078, "oneh-in": 0.005351142821587091, "dsfb-red": 0.013606006554112914, "dsfb-alt": 0.05239142157879454}, "mt-quotes": {"dsfb": 0.0, "sft": 0.0, "sfT": 5.080025340361698e-05, "oneh-out": 0.006279807795747122, "sfb": 0.041659196041166136, "alternate": 0.30175350521748484, "roll-out": 0.2393947000394449, "bad-redirect": 0.002752178434395955, "redirect": 0.019145719032763176, "sfR": 0.0964592223377679, "roll-in": 0.18948793344569154, "unknown": 0.01074873597016531, "oneh-in": 0.003364769725439572, "dsfb-red": 0.03235229079260348, "dsfb-alt": 0.05655114091392644}, "wordle": {"dsfb": 0.0, "sft": 0.0, "sfT": 0.00047122181083810165, "oneh-out": 0.011152249523168406, "sfb": 0.051004151239762145, "alternate": 0.3243128015258611, "roll-out": 0.1969258386626276, "bad-redirect": 0.0027375743296308764, "redirect": 0.018916189835072365, "sfR": 0.13138112868843263, "roll-in": 0.18144283630651856, "unknown": 0.004330752832940648, "oneh-in": 0.0024683047234376754, "dsfb-red": 0.010995175586222372, "dsfb-alt": 0.06386177493548749}, "english-1k": {"dsfb": 0.0, "sft": 0.0, "sfT": 0.0, "oneh-out": 0.004940014114326041, "sfb": 0.034227240649259, "alternate": 0.3045165843330981, "roll-out": 0.2268877911079746, "bad-redirect": 0.0028228652081863093, "redirect": 0.013761467889908258, "sfR": 0.10832745236414962, "roll-in": 0.2145377558221595, "unknown": 0.006351446718419196, "oneh-in": 0.00529287226534933, "dsfb-red": 0.0187014820042343, "dsfb-alt": 0.05963302752293578}, "english-10k": {"dsfb": 0.0, "sft": 0.0, "sfT": 3.859439223480828e-05, "oneh-out": 0.007197854151791745, "sfb": 0.04044692306207908, "alternate": 0.33198896200382083, "roll-out": 0.2059975685532892, "bad-redirect": 0.0025472298874973467, "redirect": 0.01877617182223423, "sfR": 0.10567144593890508, "roll-in": 0.2124621292526196, "unknown": 0.00494008220605546, "oneh-in": 0.004669921460411802, "dsfb-red": 0.012060747573377589, "dsfb-alt": 0.05320236969568322}, "reddit": {"dsfb": 0.0, "sft": 0.0, "sfT": 0.0005676296405755181, "oneh-out": 0.005701917276426533, "sfb": 0.04165526556650498, "alternate": 0.29217591424649636, "roll-out": 0.22074084395672394, "bad-redirect": 0.002627787369997024, "redirect": 0.017920225823253075, "sfR": 0.10397777127267367, "roll-in": 0.18376955300383171, "unknown": 0.04927852339880327, "oneh-in": 0.0029925851177576793, "dsfb-red": 0.023973193976773034, "dsfb-alt": 0.054618789350183175}, "akl": {"dsfb": 0.0, "sft": 0.0, "sfT": 0.0007562008731024221, "oneh-out": 0.006059490025701589, "sfb": 0.03808607698696128, "alternate": 0.2468905173779314, "roll-out": 0.18753317150018606, "bad-redirect": 0.0022786339058027114, "redirect": 0.015024272871944723, "sfR": 0.13064861186637447, "roll-in": 0.1546599538417517, "unknown": 0.14267513607032456, "oneh-in": 0.00377161547667401, "dsfb-red": 0.02092931567625955, "dsfb-alt": 0.050687003526985505}, "french": {"dsfb": 0.0, "sft": 0.0, "sfT": 5.6796149152171025e-05, "oneh-out": 0.005506215118253972, "sfb": 0.021408342843429767, "alternate": 0.2521081132003135, "roll-out": 0.16639226680652514, "bad-redirect": 0.0022829624901361447, "redirect": 0.015430724181764277, "sfR": 0.10898279115633469, "roll-in": 0.19858489645220032, "unknown": 0.18115881613093934, "oneh-in": 0.0046556362282604725, "dsfb-red": 0.012107827346837933, "dsfb-alt": 0.03132461189585231}, "keymash": {"dsfb": 0.0, "sft": 0.0, "sfT": 6.567794001141154e-05, "oneh-out": 0.006066999708554142, "sfb": 0.04123753658466502, "alternate": 0.29823121097806765, "roll-out": 0.23616145279603304, "bad-redirect": 0.0029801365280177987, "redirect": 0.01813532118565101, "sfR": 0.099723742164827, "roll-in": 0.1909668203256805, "unknown": 0.01594331993777015, "oneh-in": 0.0037929010356590165, "dsfb-red": 0.029748001953918714, "dsfb-alt": 0.05694687886114452}, "movie": {"dsfb": 0.0, "sft": 0.0, "sfT": 0.0008739412460393985, "oneh-out": 0.006054816553271002, "sfb": 0.04440058434704245, "alternate": 0.29592761276651686, "roll-out": 0.20920055760636164, "bad-redirect": 0.0020412140742835584, "redirect": 0.01809667677294201, "sfR": 0.11567713207251198, "roll-in": 0.1772034643394203, "unknown": 0.031890893811203684, "oneh-in": 0.0032415179600124174, "dsfb-red": 0.03913482843392387, "dsfb-alt": 0.056256760016470786}, "dutch": {"dsfb": 0.0, "sft": 0.0, "sfT": 0.000360157933001157, "oneh-out": 0.0023585090888864975, "sfb": 0.06065980517331386, "alternate": 0.26372077822946244, "roll-out": 0.14641407963259373,