{"english-450k": {"bad-redirect": 0.00597204819502532, "oneh-out": 0.002383790923352088, "oneh-in": 0.007208087933059736, "sfb": 0.021640635186437943, "sfR": 0.11369548401129392, "unknown": 0.00015377410175167997, "dsfb-alt": 0.05975907164879164, "roll-in": 0.22939003134535968, "redirect": 0.014771961192795889, "dsfb-red": 0.00676079824545504, "roll-out": 0.15838907888143666, "alternate": 0.37986471387200266, "sfT": 1.0524463237757564e-05, "dsfb": 0.0, "sft": 0.0}, "shai": {"bad-redirect": 0.007323243074367892, "oneh-out": 0.0024389768125356657, "oneh-in": 0.013891338427617007, "sfb": 0.019206369578215234, "sfR": 0.09823378925716947, "unknown": 0.024433201852965956, "dsfb-alt": 0.058290442753092996, "roll-in": 0.2817985975496287, "redirect": 0.011424819786025223, "dsfb-red": 0.006103301830269879, "roll-out": 0.1455340436513994, "alternate": 0.3313077019896688, "sfT": 1.4173437043775562e-05, "dsfb": 0.0, "sft": 0.0}, "tr-quotes": {"bad-redirect": 0.009797508148216639, "oneh-out": 0.0025080326390975708, "oneh-in": 0.02183259748965581, "sfb": 0.021833753265065533, "sfR": 0.09677191928064538, "unknown": 0.014827442731328449, "dsfb-alt": 0.058627863433577586, "roll-in": 0.3079609810221678, "redirect": 0.013098402718383764, "dsfb-red": 0.00554425464043827, "roll-out": 0.12992996001017082, "alternate": 0.3172626615196135, "sfT": 4.623101638889531e-06, "dsfb": 0.0, "sft": 0.0}, "gutenberg": {"bad-redirect": 0.009885758256696684, "oneh-out": 0.0024338837229479545, "oneh-in": 0.01571131805184733, "sfb": 0.01965160303295859, "sfR": 0.09863878308844841, "unknown": 0.03803038035495148, "dsfb-alt": 0.053733173751791596, "roll-in": 0.3337688484858129, "redirect": 0.010361244569321169, "dsfb-red": 0.006257854522405256, "roll-out": 0.12000384177785658, "alternate": 0.291508155442727, "sfT": 1.5154942235043304e-05, "dsfb": 0.0, "sft": 0.0}, "english-200": {"bad-redirect": 0.013363028953229399, "oneh-out": 0.0, "oneh-in": 0.011135857461024499, "sfb": 0.0200445434298441, "sfR": 0.10690423162583519, "unknown": 0.0, "dsfb-alt": 0.07349665924276169, "roll-in": 0.3273942093541203, "redirect": 0.008908685968819599, "dsfb-red": 0.0022271714922048997, "roll-out": 0.12472160356347439, "alternate": 0.311804008908686, "sfT": 0.0, "dsfb": 0.0, "sft": 0.0}, "monkeyracer": {"bad-redirect": 0.009750809390493767, "oneh-out": 0.002513216134632529, "oneh-in": 0.02223771055883135, "sfb": 0.02193370036129315, "sfR": 0.09690789370786869, "unknown": 0.014406759779157608, "dsfb-alt": 0.05844229475890329, "roll-in": 0.3085713280260256, "redirect": 0.013174101068239049, "dsfb-red": 0.005545497912007132, "roll-out": 0.1297312197944852, "alternate": 0.31677960335955707, "sfT": 5.865148505560161e-06, "dsfb": 0.0, "sft": 0.0}, "chained-bigrams": {"bad-redirect": 0.008313047972578565, "oneh-out": 0.002811489316665249, "oneh-in": 0.009762296045279912, "sfb": 0.01699360240086903, "sfR": 0.11914286586209158, "unknown": 0.023882725183736995, "dsfb-alt": 0.06095088074934956, "roll-in": 0.28014250939381563, "redirect": 0.017024769026088415, "dsfb-red": 0.008155266932405434, "roll-out": 0.11532560357740913, "alternate": 0.3374754643989484, "sfT": 1.947914076211489e-05, "dsfb": 0.0, "sft": 0.0}, "english-5k": {"bad-redirect": 0.005848923549176588, "oneh-out": 0.0019081594557597379, "oneh-in": 0.00875264446011532, "sfb": 0.015306757373377028, "sfR": 0.10644211224955408, "unknown": 0.002157049819554486, "dsfb-alt": 0.06164184676649936, "roll-in": 0.23097025760152654, "redirect": 0.008545235823619695, "dsfb-red": 0.007342265731945078, "roll-out": 0.17542622474799852, "alternate": 0.3756585224208736, "sfT": 0.0, "dsfb": 0.0, "sft": 0.0}, "mt-quotes": {"bad-redirect": 0.010231768685528502, "oneh-out": 0.002462318164975317, "oneh-in": 0.02363257670838264, "sfb": 0.02255830076140615, "sfR": 0.0964592223377679, "unknown": 0.008887056095432758, "dsfb-alt": 0.058659351430176546, "roll-in": 0.31658867333644114, "redirect": 0.013472526027659243, "dsfb-red": 0.0051622022208675485, "roll-out": 0.12715901076965372, "alternate": 0.3147210169613081, "sfT": 5.9765004004255265e-06, "dsfb": 0.0, "sft": 0.0}, "wordle": {"bad-redirect": 0.01059127117693257, "oneh-out": 0.0072254010995175585, "oneh-in": 0.006058566139347021, "sfb": 0.029283069673510603, "sfR": 0.13138112868843263, "unknown": 0.0, "dsfb-alt": 0.05477392572646696, "roll-in": 0.22798159991024347, "redirect": 0.019432289913609336, "dsfb-red": 0.009850779759901267, "roll-out": 0.15536856277347694, "alternate": 0.34803096600471223, "sfT": 2.2439133849433412e-05, "dsfb": 0.0, "sft": 0.0}, "english-1k": {"bad-redirect": 0.0077628793225123505, "oneh-out": 0.0007057163020465773, "oneh-in": 0.011644318983768526, "sfb": 0.016231474947071278, "sfR": 0.10832745236414962, "unknown": 0.0, "dsfb-alt": 0.0652787579393084, "roll-in": 0.2819336626676076, "redirect": 0.00529287226534933, "dsfb-red": 0.004234297812279464, "roll-out": 0.1429075511644319, "alternate": 0.35568101623147497, "sfT": 0.0, "dsfb": 0.0, "sft": 0.0}, "english-10k": {"bad-redirect": 0.005499700893460181, "oneh-out": 0.0030682541826672583, "oneh-in": 0.007892553212018294, "sfb": 0.017348179309546324, "sfR": 0.10567144593890508, "unknown": 0.0, "dsfb-alt": 0.06177032477181066, "roll-in": 0.2284402076378302, "redirect": 0.012601069064664905, "dsfb-red": 0.006329480326508558, "roll-out": 0.1831303911541653, "alternate": 0.3682483935084232, "sfT": 0.0, "dsfb": 0.0, "sft": 0.0}, "reddit": {"bad-redirect": 0.009423723315572901, "oneh-out": 0.0032443363922929876, "oneh-in": 0.017500590422476547, "sfb": 0.023170219408671054, "sfR": 0.10397777127267367, "unknown": 0.04672741135375399, "dsfb-alt": 0.054393820126130345, "roll-in": 0.2881735896394293, "redirect": 0.012539955354509132, "dsfb-red": 0.006593104052761014, "roll-out": 0.12689564008819723, "alternate": 0.3073330565230493, "sfT": 2.6782050482479574e-05, "dsfb": 0.0, "sft": 0.0}, "akl": {"bad-redirect": 0.00957219453886386, "oneh-out": 0.004681596465903645, "oneh-in": 0.01521046936216559, "sfb": 0.026185586261861595, "sfR": 0.13064861186637447, "unknown": 0.13878774076971545, "dsfb-alt": 0.04712421670415263, "roll-in": 0.235799225332665, "redirect": 0.012959680924048509, "dsfb-red": 0.006473490608257434, "roll-out": 0.11248244617516806, "alternate": 0.2600100564882497, "sfT": 6.468450257407505e-05, "dsfb": 0.0, "sft": 0.0}, "french": {"bad-redirect": 0.0018702727711844955, "oneh-out": 0.0011992212500357504, "oneh-in": 0.008880439731337885, "sfb": 0.01638479761102003, "sfR": 0.10898279115633469, "unknown": 0.15843427384370434, "dsfb-alt": 0.04623494192282876, "roll-in": 0.23939214307152226, "redirect": 0.008680567026025536, "dsfb-red": 0.006399282501783625, "roll-out": 0.13748692216603883, "alternate": 0.2658616205797603, "sfT": 0.00019272636842351045, "dsfb": 0.0, "sft": 0.0}, "keymash": {"bad-redirect": 0.00939194542163185, "oneh-out": 0.0024916568491829254, "oneh-in": 0.02141921818622159, "sfb": 0.021148296683674517, "sfR": 0.099723742164827, "unknown": 0.013271048753555845, "dsfb-alt": 0.059286655474051056, "roll-in": 0.3104185737214352, "redirect": 0.012987812637256633, "dsfb-red": 0.005570310287217842, "roll-out": 0.1283470093960503, "alternate": 0.31591499632614023, "sfT": 2.873409875499255e-05, "dsfb": 0.0, "sft": 0.0}, "movie": {"bad-redirect": 0.011383739428910123, "oneh-out": 0.0030507010940649506, "oneh-in": 0.031177896721753084, "sfb": 0.022252141721923503, "sfR": 0.11567713207251198, "unknown": 0.030495693526531243, "dsfb-alt": 0.05663536699807828, "roll-in": 0.2923723655593191, "redirect": 0.014427992228884436, "dsfb-red": 0.007637806953603471, "roll-out": 0.11314032053811936, "alternate": 0.3017418684708555, "sfT": 6.974685444976378e-06, "dsfb": 0.0, "sft": 0.0}, "dutch": {"bad-redirect": 0.0041186317125676475, "oneh-out": 0.0019793445139964015, "oneh-in": 0.007398066393355938, "sfb": 0.045439537379770883, "sfR": 0.18880787437283908, "unknown": 0.07371587989509337, "dsfb-alt": 0.04821316228598835, "roll-in": 0.211215862412569,