{"english-450k": {"oneh-out": 0.0021791485826179137, "alternate": 0.3614302394724671, "sfb": 0.02445680614114124, "sfT": 2.4264734687052162e-05, "dsfb-alt": 0.04973568979963176, "roll-out": 0.14462015750443927, "bad-redirect": 0.009703555105212475, "roll-in": 0.25376205708819677, "dsfb-red": 0.0071393865758132636, "sft": 0.0, "oneh-in": 0.01258901210956434, "redirect": 0.02066419887493488, "sfR": 0.11369548401129392, "unknown": 0.0, "dsfb": 0.0}, "shai": {"oneh-out": 0.0030616675331221845, "alternate": 0.33263700550495984, "sfb": 0.01888971208183716, "sfT": 4.3004112231947094e-05, "dsfb-alt": 0.051290808429316895, "roll-out": 0.14301514676745006, "bad-redirect": 0.008558929141484498, "roll-in": 0.28773422552964995, "dsfb-red": 0.008699510130098374, "sft": 0.0, "oneh-in": 0.017307589592997098, "redirect": 0.01498215122275503, "sfR": 0.09823378925716947, "unknown": 0.015546460696927484, "dsfb": 0.0}, "tr-quotes": {"oneh-out": 0.0037366218996324634, "alternate": 0.3248202769237882, "sfb": 0.022992996001017084, "sfT": 1.733663114583574e-05, "dsfb-alt": 0.06047594831372368, "roll-out": 0.12722197822519127, "bad-redirect": 0.00798409653036222, "roll-in": 0.29837035667229145, "dsfb-red": 0.01106886109891126, "sft": 0.0, "oneh-in": 0.024624950879545086, "redirect": 0.012172626615196134, "sfR": 0.09677191928064538, "unknown": 0.009742030928549965, "dsfb": 0.0}, "gutenberg": {"oneh-out": 0.002449985849072688, "alternate": 0.3112523930600973, "sfb": 0.019484898668373114, "sfT": 6.819724005769487e-05, "dsfb-alt": 0.057453522633716794, "roll-out": 0.12883500549177218, "bad-redirect": 0.006779373972068683, "roll-in": 0.3126057294016867, "dsfb-red": 0.008495102869853523, "sft": 0.0, "oneh-in": 0.01590700624345733, "redirect": 0.012432167425739837, "sfR": 0.09863878308844841, "unknown": 0.025597834055655768, "dsfb": 0.0}, "english-200": {"oneh-out": 0.0022271714922048997, "alternate": 0.3273942093541203, "sfb": 0.013363028953229399, "sfT": 0.0, "dsfb-alt": 0.066815144766147, "roll-out": 0.14253897550111358, "bad-redirect": 0.004454342984409799, "roll-in": 0.2984409799554566, "dsfb-red": 0.013363028953229399, "sft": 0.0, "oneh-in": 0.013363028953229399, "redirect": 0.011135857461024499, "sfR": 0.10690423162583519, "unknown": 0.0, "dsfb": 0.0}, "monkeyracer": {"oneh-out": 0.003771290489075183, "alternate": 0.3245587453274317, "sfb": 0.02304416847834587, "sfT": 1.7595445516680483e-05, "dsfb-alt": 0.060470658617076185, "roll-out": 0.1267575895021662, "bad-redirect": 0.007989309789323865, "roll-in": 0.29890849586311524, "dsfb-red": 0.01104798473497349, "sft": 0.0, "oneh-in": 0.025056891940503933, "redirect": 0.012103711465974318, "sfR": 0.09690789370786869, "unknown": 0.009365664638628651, "dsfb": 0.0}, "chained-bigrams": {"oneh-out": 0.002676433940714586, "alternate": 0.33953895471034845, "sfb": 0.018187673729586674, "sfT": 6.0385336362556154e-05, "dsfb-alt": 0.05861143594381956, "roll-out": 0.11102266138305796, "bad-redirect": 0.011122589375167602, "roll-in": 0.2709730285323961, "dsfb-red": 0.009888261155541589, "sft": 0.0, "oneh-in": 0.01959926213014793, "redirect": 0.023100962334484117, "sfR": 0.11914286586209158, "unknown": 0.01607548556628135, "dsfb": 0.0}, "english-5k": {"oneh-out": 0.0014518604554693657, "alternate": 0.35578877504459283, "sfb": 0.015555647737171776, "sfT": 0.0, "dsfb-alt": 0.046210644211224956, "roll-out": 0.15476832455303438, "bad-redirect": 0.007383747459244203, "roll-in": 0.27278383871904427, "dsfb-red": 0.008337827187124072, "sft": 0.0, "oneh-in": 0.013564524826813789, "redirect": 0.017712697556726262, "sfR": 0.10644211224955408, "unknown": 0.0, "dsfb": 0.0}, "mt-quotes": {"oneh-out": 0.0038862193853766987, "alternate": 0.3242445703493862, "sfb": 0.023184339178350725, "sfT": 8.96475060063829e-06, "dsfb-alt": 0.06181195539140101, "roll-out": 0.12486851699119064, "bad-redirect": 0.00816389954698127, "roll-in": 0.3032640656936924, "dsfb-red": 0.01128960925640382, "sft": 0.0, "oneh-in": 0.026070988871756254, "redirect": 0.011519704521820204, "sfR": 0.0964592223377679, "unknown": 0.00522794372527223, "dsfb": 0.0}, "wordle": {"oneh-out": 0.00888589700437563, "alternate": 0.34551778301357566, "sfb": 0.03278357455402221, "sfT": 2.2439133849433412e-05, "dsfb-alt": 0.06110176147200718, "roll-out": 0.1623920116683496, "bad-redirect": 0.009559071019858633, "roll-in": 0.21474251093907776, "dsfb-red": 0.007965892516548861, "sft": 0.0, "oneh-in": 0.00572197913160552, "redirect": 0.01992595085829687, "sfR": 0.13138112868843263, "unknown": 0.0, "dsfb": 0.0}, "english-1k": {"oneh-out": 0.001058574453069866, "alternate": 0.3355681016231475, "sfb": 0.013408609738884969, "sfT": 0.0, "dsfb-alt": 0.05504587155963303, "roll-out": 0.14784756527875795, "bad-redirect": 0.006351446718419196, "roll-in": 0.2953422724064926, "dsfb-red": 0.008115737473535639, "sft": 0.0, "oneh-in": 0.015172900494001412, "redirect": 0.013761467889908258, "sfR": 0.10832745236414962, "unknown": 0.0, "dsfb": 0.0}, "english-10k": {"oneh-out": 0.0033577121244283206, "alternate": 0.35198085718145156, "sfb": 0.01709731576002007, "sfT": 0.0, "dsfb-alt": 0.04619748750506551, "roll-out": 0.16174909785608152, "bad-redirect": 0.009783678431523899, "roll-in": 0.26674514193087745, "dsfb-red": 0.007834661623666082, "sft": 0.0, "oneh-in": 0.01188707280832095, "redirect": 0.017695528839659597, "sfR": 0.10567144593890508, "unknown": 0.0, "dsfb": 0.0}, "reddit": {"oneh-out": 0.0034986347709301258, "alternate": 0.3197691050131691, "sfb": 0.025675558494713917, "sfT": 5.408850475063008e-05, "dsfb-alt": 0.055102289640571775, "roll-out": 0.1296190187768394, "bad-redirect": 0.007717350854412961, "roll-in": 0.2786591070115221, "dsfb-red": 0.009454363479621388, "sft": 0.0, "oneh-in": 0.019717357596747347, "redirect": 0.013960864869197776, "sfR": 0.10397777127267367, "unknown": 0.03279448971484982, "dsfb": 0.0}, "akl": {"oneh-out": 0.004397434332937856, "alternate": 0.2761697919271517, "sfb": 0.024317123260272872, "sfT": 0.00013396461915837852, "dsfb-alt": 0.04758400047359532, "roll-out": 0.11062885715010706, "bad-redirect": 0.007406844989173499, "roll-in": 0.23381621788725146, "dsfb-red": 0.008065475541166288, "sft": 0.0, "oneh-in": 0.017967664815087193, "redirect": 0.01462413325422618, "sfR": 0.13064861186637447, "unknown": 0.12423987988349773, "dsfb": 0.0}, "french": {"oneh-out": 0.0018852246458491925, "alternate": 0.2718857878131524, "sfb": 0.025417243074169555, "sfT": 0.00022691492351853927, "dsfb-alt": 0.024464263319112722, "roll-out": 0.14831852161376632, "bad-redirect": 0.004762052225999293, "roll-in": 0.22306959499881066, "dsfb-red": 0.005239448504747363, "sft": 0.0, "oneh-in": 0.011354810188123498, "redirect": 0.024522452779230642, "sfR": 0.10898279115633469, "unknown": 0.14987089475718507, "dsfb": 0.0}, "keymash": {"oneh-out": 0.003632811056881201, "alternate": 0.3238825514237746, "sfb": 0.021755817628780073, "sfT": 2.873409875499255e-05, "dsfb-alt": 0.059795659509139495, "roll-out": 0.12804735379474821, "bad-redirect": 0.007827989475110113, "roll-in": 0.2989865072881989, "dsfb-red": 0.011419751819484182, "sft": 0.0, "oneh-in": 0.024112013726689464, "redirect": 0.01222020171337326, "sfR": 0.099723742164827, "unknown": 0.008566866300238493, "dsfb": 0.0}, "movie": {"oneh-out": 0.0026145858569960505, "alternate": 0.31133574569717837, "sfb": 0.0268504333977417, "sfT": 3.105708990593255e-05, "dsfb-alt": 0.06815452060289182, "roll-out": 0.11434272998926556, "bad-redirect": 0.006254976865757966, "roll-in": 0.2712761792515215, "dsfb-red": 0.013030291585278887, "sft": 0.0, "oneh-in": 0.034704324002300856, "redirect": 0.011246614481105116, "sfR": 0.11567713207251198, "unknown": 0.024481409107544254, "dsfb": 0.0}, "dutch": {"oneh-out": 0.0024204061905851925, "alternate": 0.28219641757793057, "sfb": 0.04125547619904028, "sfT": 0.0003432491940376953, "dsfb-alt": 0.04689863782983741, "roll-out": 0.15416855642295574, "bad-redirect": 0.007758457426682148, "roll-in": 0.18611734076710593, "dsfb-red": 0.005819349614948745,