{"english-450k": {"redirect": 0.014845340089259142, "alternate": 0.3560215424068629, "sfR": 0.11369548401129392, "sfT": 0.0009735128494925746, "bad-redirect": 0.001164414918777455, "sft": 0.0, "dsfb-red": 0.008098574461454447, "dsfb-alt": 0.08719400854001723, "unknown": 0.0, "oneh-in": 0.0006390687954927232, "dsfb": 0.0, "roll-in": 0.11818182881258912, "roll-out": 0.21386440164625992, "sfb": 0.08202678943647931, "oneh-out": 0.003295034032021264}, "shai": {"redirect": 0.014412697975280782, "alternate": 0.3066298632073675, "sfR": 0.09823378925716947, "sfT": 0.0007410749147039307, "bad-redirect": 0.0010856728922450322, "sft": 0.0, "dsfb-red": 0.01677312484111972, "dsfb-alt": 0.08435593533382896, "unknown": 0.016772683614515952, "oneh-in": 0.0002514565896496599, "dsfb": 0.0, "roll-in": 0.11616698785899203, "roll-out": 0.27045890353485985, "sfb": 0.07053467452803461, "oneh-out": 0.0035831354522324983}, "tr-quotes": {"redirect": 0.014136289036314463, "alternate": 0.30091190679827096, "sfR": 0.09677191928064538, "sfT": 0.0006044705392848062, "bad-redirect": 0.0010401978687501444, "sft": 0.0, "dsfb-red": 0.027132983518642656, "dsfb-alt": 0.07509303992048265, "unknown": 0.010735997780911213, "oneh-in": 0.0001675874344097455, "dsfb": 0.0, "roll-in": 0.12260581123876009, "roll-out": 0.2814879452624766, "sfb": 0.06462287048380759, "oneh-out": 0.004688980837243707}, "gutenberg": {"redirect": 0.015251744428569643, "alternate": 0.27469961957306255, "sfR": 0.09863878308844841, "sfT": 0.0005802448508242205, "bad-redirect": 0.0011432509548560791, "sft": 0.0, "dsfb-red": 0.019308343591334858, "dsfb-alt": 0.07146388785645845, "unknown": 0.030721151714990094, "oneh-in": 0.0002794192474586109, "dsfb": 0.0, "roll-in": 0.11389280075835331, "roll-out": 0.30368818251703134, "sfb": 0.06548621032862356, "oneh-out": 0.00484636108998891}, "english-200": {"redirect": 0.008908685968819599, "alternate": 0.30066815144766146, "sfR": 0.10690423162583519, "sfT": 0.0, "bad-redirect": 0.0, "sft": 0.0, "dsfb-red": 0.015590200445434299, "dsfb-alt": 0.08240534521158129, "unknown": 0.0, "oneh-in": 0.0, "dsfb": 0.0, "roll-in": 0.12472160356347439, "roll-out": 0.3028953229398664, "sfb": 0.051224944320712694, "oneh-out": 0.0066815144766146995}, "monkeyracer": {"redirect": 0.0140841766113518, "alternate": 0.30006393011871063, "sfR": 0.09690789370786869, "sfT": 0.0006011777218199165, "bad-redirect": 0.0010674570280119493, "sft": 0.0, "dsfb-red": 0.027510479065329933, "dsfb-alt": 0.07528993384112485, "unknown": 0.01033830176580071, "oneh-in": 0.00017204435616309806, "dsfb": 0.0, "roll-in": 0.12327369128986346, "roll-out": 0.2811488261882791, "sfb": 0.0648177111844472, "oneh-out": 0.0047243771212287095}, "chained-bigrams": {"redirect": 0.016241707567451396, "alternate": 0.32588537564549, "sfR": 0.11914286586209158, "sfT": 0.0020024556703454105, "bad-redirect": 0.0016219631207920998, "sft": 0.0, "dsfb-red": 0.00885846391391778, "dsfb-alt": 0.07224358795383963, "unknown": 0.017076064096761982, "oneh-in": 0.0011252450313581702, "dsfb": 0.0, "roll-in": 0.09996110664894498, "roll-out": 0.2595504603894919, "sfb": 0.06848865891959595, "oneh-out": 0.007802045179919084}, "english-5k": {"redirect": 0.01269340855353217, "alternate": 0.34284647612726593, "sfR": 0.10644211224955408, "sfT": 0.0007466710913842452, "bad-redirect": 0.0017007508192641142, "sft": 0.0, "dsfb-red": 0.00954079727879869, "dsfb-alt": 0.09582279006097814, "unknown": 0.0, "oneh-in": 8.296345459824948e-05, "dsfb": 0.0, "roll-in": 0.1105073215248683, "roll-out": 0.23951549342514622, "sfb": 0.07761231177666238, "oneh-out": 0.002488903637947484}, "mt-quotes": {"redirect": 0.013952140184793392, "alternate": 0.29835437061474285, "sfR": 0.0964592223377679, "sfT": 0.0005782264137411697, "bad-redirect": 0.0009711813150691481, "sft": 0.0, "dsfb-red": 0.029234051708681465, "dsfb-alt": 0.07453741886900707, "unknown": 0.006137865911237016, "oneh-in": 0.00012550650840893607, "dsfb": 0.0, "roll-in": 0.1249985058748999, "roll-out": 0.28630126343218465, "sfb": 0.06353617575692377, "oneh-out": 0.004814071072542762}, "wordle": {"redirect": 0.020038146527544036, "alternate": 0.31329518680578927, "sfR": 0.13138112868843263, "sfT": 0.0030292830696735107, "bad-redirect": 0.0011219566924716706, "sft": 0.0, "dsfb-red": 0.014046897789745315, "dsfb-alt": 0.08273308650286099, "unknown": 0.0, "oneh-in": 0.002176595983395041, "dsfb": 0.0, "roll-in": 0.139683608212723, "roll-out": 0.19095702905867834, "sfb": 0.09776730618198137, "oneh-out": 0.003769774486704813}, "english-1k": {"redirect": 0.010232886379675371, "alternate": 0.31510232886379674, "sfR": 0.10832745236414962, "sfT": 0.001058574453069866, "bad-redirect": 0.00035285815102328866, "sft": 0.0, "dsfb-red": 0.011997177134791814, "dsfb-alt": 0.10127028934368384, "unknown": 0.0, "oneh-in": 0.00035285815102328866, "dsfb": 0.0, "roll-in": 0.11115031757233593, "roll-out": 0.2692307692307692, "sfb": 0.06598447424135498, "oneh-out": 0.004940014114326041}, "english-10k": {"redirect": 0.015148298952162251, "alternate": 0.33656239748364564, "sfR": 0.10567144593890508, "sfT": 0.0009841570019876113, "bad-redirect": 0.0011771289631616526, "sft": 0.0, "dsfb-red": 0.01011173076551977, "dsfb-alt": 0.09332124042376642, "unknown": 0.0, "oneh-in": 0.00021226915729144556, "dsfb": 0.0, "roll-in": 0.12056888134154108, "roll-out": 0.23189440574284556, "sfb": 0.08145346481156288, "oneh-out": 0.002894579417610621}, "reddit": {"redirect": 0.014855685014618692, "alternate": 0.2871085255507317, "sfR": 0.10397777127267367, "sfT": 0.0010027349530293403, "bad-redirect": 0.0014518493380432285, "sft": 0.0, "dsfb-red": 0.022902024329713635, "dsfb-alt": 0.07369262858708577, "unknown": 0.041052351042636465, "oneh-in": 0.0003344947004315281, "dsfb": 0.0, "roll-in": 0.12078719750563593, "roll-out": 0.2652629126472521, "sfb": 0.06383151505685006, "oneh-out": 0.0037403100012978995}, "akl": {"redirect": 0.015577599623337546, "alternate": 0.24500811928869878, "sfR": 0.13064861186637447, "sfT": 0.0010428337662887648, "bad-redirect": 0.0010455763101335784, "sft": 0.0, "dsfb-red": 0.02308428803302359, "dsfb-alt": 0.06175741764838824, "unknown": 0.13144916288543582, "oneh-in": 0.0003932461967032004, "dsfb": 0.0, "roll-in": 0.10906607660300514, "roll-out": 0.21583194956348214, "sfb": 0.06103748753532353, "oneh-out": 0.004057630679805214}, "french": {"redirect": 0.014825383003580824, "alternate": 0.24177758133591346, "sfR": 0.10898279115633469, "sfT": 0.0007377207017678854, "bad-redirect": 0.00038979746996602106, "sft": 0.0, "dsfb-red": 0.008138299387259292, "dsfb-alt": 0.06876519973045275, "unknown": 0.15037208219521925, "oneh-in": 0.0009120643545465228, "dsfb": 0.0, "roll-in": 0.13123516582640277, "roll-out": 0.1932655647854167, "sfb": 0.07834921655397853, "oneh-out": 0.002249133499161309}, "keymash": {"redirect": 0.014613341652539068, "alternate": 0.29823121097806765, "sfR": 0.099723742164827, "sfT": 0.0004966894213362998, "bad-redirect": 0.0010795811389375772, "sft": 0.0, "dsfb-red": 0.02634095881582674, "dsfb-alt": 0.07673646316083296, "unknown": 0.009691601022933916, "oneh-in": 0.0002134533050370875, "dsfb": 0.0, "roll-in": 0.12337190544018586, "roll-out": 0.2809455981413143, "sfb": 0.0643602763399326, "oneh-out": 0.004195178418228912}, "movie": {"redirect": 0.017043762466427748, "alternate": 0.29117390404333043, "sfR": 0.11567713207251198, "sfT": 0.0004867804049239174, "bad-redirect": 0.0013869096208416235, "sft": 0.0, "dsfb-red": 0.040188927120985395, "dsfb-alt": 0.06592314765185371, "unknown": 0.024744473186874588, "oneh-in": 0.0002806981897006531, "dsfb": 0.0, "roll-in": 0.12035346126661077, "roll-out": 0.2572517975935756, "sfb": 0.06071042566768466, "oneh-out": 0.00477858071467891}, "dutch": {"redirect": 0.01720873908180491, "alternate": 0.2558229806007813, "sfR": 0.18880787437283908, "sfT": 0.0015360594189224891, "bad-redirect": 0.0009120498487555437, "sft": 0.0, "dsfb-red": 0.009672910396342634, "dsfb-alt": 0.05971888674584021,