{"english-450k": {"sft": 0.0, "roll-out": 0.1948136614549135, "alternate": 0.3066208813536331, "unknown": 0.00015377410175167997, "sfT": 4.9406507977250786e-05, "oneh-out": 0.00952113107575801, "dsfb-red": 0.01845640036461418, "oneh-in": 0.010697532188778466, "redirect": 0.04005756881391053, "sfR": 0.11369548401129392, "dsfb-alt": 0.04613339991030819, "roll-in": 0.2197133720906437, "sfb": 0.03649240689212016, "bad-redirect": 0.0035949812342973547, "dsfb": 0.0}, "shai": {"sft": 0.0, "roll-out": 0.2309783224595488, "alternate": 0.2869437641985947, "unknown": 0.023260762136131256, "sfT": 6.546409452714906e-05, "oneh-out": 0.009372756130495322, "dsfb-red": 0.014348967823898258, "oneh-in": 0.011275909677663065, "redirect": 0.030506624127261517, "sfR": 0.09823378925716947, "dsfb-alt": 0.047767106974693406, "roll-in": 0.2243480993041624, "sfb": 0.01994960805144114, "bad-redirect": 0.00294882576441348, "dsfb": 0.0}, "tr-quotes": {"sft": 0.0, "roll-out": 0.25709068213864683, "alternate": 0.27942141882989296, "unknown": 0.013835787429786644, "sfT": 2.080395737500289e-05, "oneh-out": 0.011341624095605742, "dsfb-red": 0.015570606319779941, "oneh-in": 0.009062434987633204, "redirect": 0.03326321629181018, "sfR": 0.09677191928064538, "dsfb-alt": 0.043753033910450524, "roll-in": 0.21793301125725248, "sfb": 0.018871500889947067, "bad-redirect": 0.003063960611174037, "dsfb": 0.0}, "gutenberg": {"sft": 0.0, "roll-out": 0.2601220806371744, "alternate": 0.26903564934949303, "unknown": 0.032975828246008664, "sfT": 1.9511988127618252e-05, "oneh-out": 0.010317295236839543, "dsfb-red": 0.012391249081705219, "oneh-in": 0.006997794577031246, "redirect": 0.03259278708101794, "sfR": 0.09863878308844841, "dsfb-alt": 0.04417362562670422, "roll-in": 0.20922022896844475, "sfb": 0.01992136100474236, "bad-redirect": 0.0035938051142625814, "dsfb": 0.0}, "english-200": {"sft": 0.0, "roll-out": 0.2583518930957684, "alternate": 0.29398663697104677, "unknown": 0.0, "sfT": 0.0, "oneh-out": 0.004454342984409799, "dsfb-red": 0.013363028953229399, "oneh-in": 0.0066815144766146995, "redirect": 0.0334075723830735, "sfR": 0.10690423162583519, "dsfb-alt": 0.0467706013363029, "roll-in": 0.22048997772828507, "sfb": 0.013363028953229399, "bad-redirect": 0.0022271714922048997, "dsfb": 0.0}, "monkeyracer": {"sft": 0.0, "roll-out": 0.2579932198883276, "alternate": 0.2787402052019957, "unknown": 0.013436077701487402, "sfT": 2.052801976946056e-05, "oneh-out": 0.011393050972050612, "dsfb-red": 0.01563257581681968, "oneh-in": 0.008998115332280213, "redirect": 0.03311365093764174, "sfR": 0.09690789370786869, "dsfb-alt": 0.04368753616841579, "roll-in": 0.21820209737710558, "sfb": 0.018783138089056416, "bad-redirect": 0.0030919107871811313, "dsfb": 0.0}, "chained-bigrams": {"sft": 0.0, "roll-out": 0.20878717025872845, "alternate": 0.27147753827813487, "unknown": 0.022916559801936097, "sfT": 0.00010323944603920891, "oneh-out": 0.011997852100078631, "dsfb-red": 0.022796438433903055, "oneh-in": 0.008026704603375475, "redirect": 0.04050752251950998, "sfR": 0.11914286586209158, "dsfb-alt": 0.05437602143744372, "roll-in": 0.21243821054224085, "sfb": 0.022458799994026397, "bad-redirect": 0.00497107672249172, "dsfb": 0.0}, "english-5k": {"sft": 0.0, "roll-out": 0.1967063508524495, "alternate": 0.3140996391089725, "unknown": 0.002157049819554486, "sfT": 0.0, "oneh-out": 0.011448956734558428, "dsfb-red": 0.015472684282573526, "oneh-in": 0.018086033102418384, "redirect": 0.0316920396565313, "sfR": 0.10644211224955408, "dsfb-alt": 0.046708424938814455, "roll-in": 0.23155100178371427, "sfb": 0.022151242377732607, "bad-redirect": 0.003484465093126478, "dsfb": 0.0}, "mt-quotes": {"sft": 0.0, "roll-out": 0.26355022053286475, "alternate": 0.27859904854113626, "unknown": 0.007977133909467972, "sfT": 8.96475060063829e-06, "oneh-out": 0.011610846152926691, "dsfb-red": 0.015664407549515307, "oneh-in": 0.008766031962324141, "redirect": 0.03286477570193997, "sfR": 0.0964592223377679, "dsfb-alt": 0.043543287792400284, "roll-in": 0.21986050848065405, "sfb": 0.01815212584119243, "bad-redirect": 0.0029434264472095717, "dsfb": 0.0}, "wordle": {"sft": 0.0, "roll-out": 0.20715808369796926, "alternate": 0.28365309099068775, "unknown": 0.0, "sfT": 6.731740154830023e-05, "oneh-out": 0.010927858184674072, "dsfb-red": 0.02210254684169191, "oneh-in": 0.007876135981151127, "redirect": 0.038797262425670366, "sfR": 0.13138112868843263, "dsfb-alt": 0.05959833950409514, "roll-in": 0.19364972512061035, "sfb": 0.04086166273981824, "bad-redirect": 0.003926848423650847, "dsfb": 0.0}, "english-1k": {"sft": 0.0, "roll-out": 0.24135497529992944, "alternate": 0.28334509527170076, "unknown": 0.0, "sfT": 0.0, "oneh-out": 0.013408609738884969, "dsfb-red": 0.010938602681721948, "oneh-in": 0.008468595624558928, "redirect": 0.04022582921665491, "sfR": 0.10832745236414962, "dsfb-alt": 0.043048694424841216, "roll-in": 0.23218066337332394, "sfb": 0.016231474947071278, "bad-redirect": 0.0024700070571630206, "dsfb": 0.0}, "english-10k": {"sft": 0.0, "roll-out": 0.18417243974450512, "alternate": 0.3042395939869937, "unknown": 0.0, "sfT": 0.0, "oneh-out": 0.009069682175179946, "dsfb-red": 0.015167596148279654, "oneh-in": 0.018428822292120953, "redirect": 0.033577121244283206, "sfR": 0.10567144593890508, "dsfb-alt": 0.050249898689720386, "roll-in": 0.2534879681982208, "sfb": 0.02371625402828969, "bad-redirect": 0.002219177553501476, "dsfb": 0.0}, "reddit": {"sft": 0.0, "roll-out": 0.23904991518705201, "alternate": 0.2708154872170022, "unknown": 0.039285409944231534, "sfT": 0.00012435861203053455, "oneh-out": 0.010058551555540822, "dsfb-red": 0.015973376768949752, "oneh-in": 0.009743347422939332, "redirect": 0.0300877046602828, "sfR": 0.10397777127267367, "dsfb-alt": 0.049027446357706686, "roll-in": 0.21016871380794497, "sfb": 0.019167782429364216, "bad-redirect": 0.002520134764281435, "dsfb": 0.0}, "akl": {"sft": 0.0, "roll-out": 0.19752364103678732, "alternate": 0.23383084478775712, "unknown": 0.13277008071454782, "sfT": 0.0002637289459418171, "oneh-out": 0.007488157708031896, "dsfb-red": 0.014415774044826954, "oneh-in": 0.006905008880776999, "redirect": 0.022493010404643073, "sfR": 0.13064861186637447, "dsfb-alt": 0.040212017911133824, "roll-in": 0.18505210820951346, "sfb": 0.02606607558999345, "bad-redirect": 0.0023309398996718164, "dsfb": 0.0}, "french": {"sft": 0.0, "roll-out": 0.17490765906483693, "alternate": 0.21292726498765505, "unknown": 0.15807953387545715, "sfT": 4.69980268769086e-05, "oneh-out": 0.017500614967009318, "dsfb-red": 0.015965141337239638, "oneh-in": 0.013366032094423696, "redirect": 0.03160680980285054, "sfR": 0.10898279115633469, "dsfb-alt": 0.036683570525048864, "roll-in": 0.17767568853495194, "sfb": 0.05032537331782234, "bad-redirect": 0.0019325223094929288, "dsfb": 0.0}, "keymash": {"sft": 0.0, "roll-out": 0.2602159983252125, "alternate": 0.2772183750456667, "unknown": 0.01232282349464109, "sfT": 4.104871250713221e-06, "oneh-out": 0.011325339780717777, "dsfb-red": 0.015742181246485205, "oneh-in": 0.008591495527742772, "redirect": 0.033397232495802766, "sfR": 0.099723742164827, "dsfb-alt": 0.043798976245110074, "roll-in": 0.21563709654246693, "sfb": 0.018652534963240878, "bad-redirect": 0.003370099296835555, "dsfb": 0.0}, "movie": {"sft": 0.0, "roll-out": 0.25990191486698944, "alternate": 0.265938834114213, "unknown": 0.030236445784519856, "sfT": 1.7765708208902093e-05, "oneh-out": 0.012537194484102916, "dsfb-red": 0.01973980738550758, "oneh-in": 0.006303668066034216, "redirect": 0.032313322873059803, "sfR": 0.11567713207251198, "dsfb-alt": 0.04365087146062678, "roll-in": 0.1957633655041796, "sfb": 0.015519596299942531, "bad-redirect": 0.0024000813801033807, "dsfb": 0.0}, "dutch": {"sft": 0.0, "roll-out": 0.13957984706395257, "alternate": 0.21574068040693867, "unknown": 0.07290361491625476, "sfT": 0.0002770845633111062, "oneh-out": 0.005013611445211615, "dsfb-red": 0.013341550896792537, "oneh-in": 0.004556376192222991,