{"english-450k": {"roll-in": 0.1531426339574145, "oneh-in": 0.001285446246011667, "oneh-out": 0.002752731829075701, "redirect": 0.014598307549372889, "dsfb-alt": 0.10139004771674694, "sfT": 0.0003344440539998515, "sfb": 0.06377240029678986, "dsfb": 0.0, "roll-out": 0.20650955592027367, "unknown": 0.00015377410175167997, "bad-redirect": 0.002346662955818888, "dsfb-red": 0.014546854617988296, "alternate": 0.3254716567434621, "sft": 0.0, "sfR": 0.11369548401129392}, "shai": {"roll-in": 0.14769848462658142, "oneh-in": 0.0008106842170611955, "oneh-out": 0.009861902265675388, "redirect": 0.0146881394882948, "dsfb-alt": 0.08597486928081302, "sfT": 0.0002663228298695239, "sfb": 0.05008095347056461, "dsfb": 0.0, "roll-out": 0.26778097542352336, "unknown": 0.023621906111313578, "bad-redirect": 0.0009294786745119337, "dsfb-red": 0.01198590520966314, "alternate": 0.2880665891449586, "sft": 0.0, "sfR": 0.09823378925716947}, "tr-quotes": {"roll-in": 0.13938535863710963, "oneh-in": 0.000570953052402857, "oneh-out": 0.01939853447678047, "redirect": 0.014118952405168628, "dsfb-alt": 0.0730819907075657, "sfT": 0.00043110422782644876, "sfb": 0.051249393217909896, "dsfb": 0.0, "roll-out": 0.2867825524144148, "unknown": 0.01476965396084233, "bad-redirect": 0.0006842190425556505, "dsfb-red": 0.013937495665842214, "alternate": 0.28881787291093597, "sft": 0.0, "sfR": 0.09677191928064538}, "gutenberg": {"roll-in": 0.1231132570509316, "oneh-in": 0.0016710218181914622, "oneh-out": 0.01106898037169769, "redirect": 0.01484672859733811, "dsfb-alt": 0.06689561995648258, "sfT": 0.00039175525677586937, "sfb": 0.052893211078414326, "dsfb": 0.0, "roll-out": 0.31339833288057944, "unknown": 0.03802431837805746, "bad-redirect": 0.0004893151974139607, "dsfb-red": 0.013004455931890658, "alternate": 0.2655642203937784, "sft": 0.0, "sfR": 0.09863878308844841}, "english-200": {"roll-in": 0.1291759465478842, "oneh-in": 0.0, "oneh-out": 0.011135857461024499, "redirect": 0.011135857461024499, "dsfb-alt": 0.07126948775055679, "sfT": 0.0, "sfb": 0.028953229398663696, "dsfb": 0.0, "roll-out": 0.3363028953229399, "unknown": 0.0, "bad-redirect": 0.0, "dsfb-red": 0.013363028953229399, "alternate": 0.29175946547884185, "sft": 0.0, "sfR": 0.10690423162583519}, "monkeyracer": {"roll-in": 0.13977430908550603, "oneh-in": 0.000573807028793969, "oneh-out": 0.019812471651782224, "redirect": 0.014140873046905547, "dsfb-alt": 0.07270340335017282, "sfT": 0.0004134929696419913, "sfb": 0.05129854387913102, "dsfb": 0.0, "roll-out": 0.2869993118225753, "unknown": 0.014352018393105714, "bad-redirect": 0.0006656943553810783, "dsfb-red": 0.013953188294727623, "alternate": 0.2884049924144079, "sft": 0.0, "sfR": 0.09690789370786869}, "chained-bigrams": {"roll-in": 0.12652935603908555, "oneh-in": 0.0032004228272154763, "oneh-out": 0.005961915682591297, "redirect": 0.01888957210171488, "dsfb-alt": 0.09784761987625551, "sfT": 0.0005954124026286451, "sfb": 0.04836735581702334, "dsfb": 0.0, "roll-out": 0.2577259142047738, "unknown": 0.02365222201805197, "bad-redirect": 0.0008168253026246844, "dsfb-red": 0.017665632757161993, "alternate": 0.2796048851087813, "sft": 0.0, "sfR": 0.11914286586209158}, "english-5k": {"roll-in": 0.16750321483386568, "oneh-in": 0.0006637076367859958, "oneh-out": 0.0029037209109387314, "redirect": 0.014228232463599784, "dsfb-alt": 0.10254282988343634, "sfT": 0.00016592690919649896, "sfb": 0.046915833575310074, "dsfb": 0.0, "roll-out": 0.22412577259717095, "unknown": 0.002157049819554486, "bad-redirect": 0.0012029700916746174, "dsfb-red": 0.01182229228025055, "alternate": 0.31932633674866223, "sft": 0.0, "sfR": 0.10644211224955408}, "mt-quotes": {"roll-in": 0.13912396457130563, "oneh-in": 0.0004631787810329783, "oneh-out": 0.02143621281122626, "redirect": 0.014173270699609136, "dsfb-alt": 0.07125632014917345, "sfT": 0.0004004255268285103, "sfb": 0.0510617252961356, "dsfb": 0.0, "roll-out": 0.29431425634405517, "unknown": 0.008869126594231481, "bad-redirect": 0.0005856970392417016, "dsfb-red": 0.014164305949008499, "alternate": 0.2876922939003837, "sft": 0.0, "sfR": 0.0964592223377679}, "wordle": {"roll-in": 0.1431167956916863, "oneh-in": 0.0013912262986648714, "oneh-out": 0.006350274879389655, "redirect": 0.019095702905867835, "dsfb-alt": 0.09505217098619993, "sfT": 0.0012117132278694042, "sfb": 0.08670481319421071, "dsfb": 0.0, "roll-out": 0.2051610007853697, "unknown": 0.0, "bad-redirect": 0.00473465724223045, "dsfb-red": 0.017076180859418828, "alternate": 0.2887243352406597, "sft": 0.0, "sfR": 0.13138112868843263}, "english-1k": {"roll-in": 0.1397318278052223, "oneh-in": 0.0, "oneh-out": 0.007410021171489062, "redirect": 0.012350035285815103, "dsfb-alt": 0.09421312632321807, "sfT": 0.00035285815102328866, "sfb": 0.046224417784050814, "dsfb": 0.0, "roll-out": 0.2706422018348624, "unknown": 0.0, "bad-redirect": 0.0007057163020465773, "dsfb-red": 0.008821453775582216, "alternate": 0.3112208892025406, "sft": 0.0, "sfR": 0.10832745236414962}, "english-10k": {"roll-in": 0.1789043052044538, "oneh-in": 0.0004824299029351035, "oneh-out": 0.002605121475849559, "redirect": 0.01802358117365547, "dsfb-alt": 0.10304702726693811, "sfT": 0.0001929719611740414, "sfb": 0.05418652669767083, "dsfb": 0.0, "roll-out": 0.21263580401767623, "unknown": 0.0, "bad-redirect": 0.0012929121398660775, "dsfb-red": 0.010999401786920361, "alternate": 0.31195847243395536, "sft": 0.0, "sfR": 0.10567144593890508}, "reddit": {"roll-in": 0.13961022190333477, "oneh-in": 0.001248530498855957, "oneh-out": 0.014576814572881545, "redirect": 0.014276443575931889, "dsfb-alt": 0.07266629546370124, "sfT": 0.0003343074133652171, "sfb": 0.04859518780866079, "dsfb": 0.0, "roll-out": 0.273381956801489, "unknown": 0.041217688064775854, "bad-redirect": 0.0010736418363347022, "dsfb-red": 0.015103016314389059, "alternate": 0.27393812447360627, "sft": 0.0, "sfR": 0.10397777127267367}, "akl": {"roll-in": 0.11853123780911465, "oneh-in": 0.0020732149010659427, "oneh-out": 0.013513823026314115, "redirect": 0.014887812784963586, "dsfb-alt": 0.06010262599067293, "sfT": 0.0004922495587407553, "sfb": 0.049679798123077115, "dsfb": 0.0, "roll-out": 0.22961249115560495, "unknown": 0.13295000147380848, "bad-redirect": 0.0012457573032027749, "dsfb-red": 0.01491281687839558, "alternate": 0.23134955912866467, "sft": 0.0, "sfR": 0.13064861186637447}, "french": {"roll-in": 0.13249245668184972, "oneh-in": 0.0010736434810583045, "oneh-out": 0.0060067733190778145, "redirect": 0.010328764007475757, "dsfb-alt": 0.07751321499269119, "sfT": 0.0012995096758929472, "sfb": 0.07015729716729543, "dsfb": 0.0, "roll-out": 0.19723037346591782, "unknown": 0.15822382396052298, "bad-redirect": 0.001753234650061636, "dsfb-red": 0.009512358690738945, "alternate": 0.22542575875108278, "sft": 0.0, "sfR": 0.10898279115633469}, "keymash": {"roll-in": 0.13767327687767072, "oneh-in": 0.0006198355588576965, "oneh-out": 0.01868126906199587, "redirect": 0.014260322724977731, "dsfb-alt": 0.0729928205801825, "sfT": 0.0005048991638377262, "sfb": 0.05204566258779293, "dsfb": 0.0, "roll-out": 0.2883015274225924, "unknown": 0.013394194891077241, "bad-redirect": 0.0006362550438605493, "dsfb-red": 0.01312327338853017, "alternate": 0.28804292053379743, "sft": 0.0, "sfR": 0.099723742164827}, "movie": {"roll-in": 0.1207749691435968, "oneh-in": 0.001621416969199131, "oneh-out": 0.03248532124808969, "redirect": 0.013473644703469932, "dsfb-alt": 0.0634572673524581, "sfT": 0.00106488970982545, "sfb": 0.04867080261126959, "dsfb": 0.0, "roll-out": 0.27532189160312354, "unknown": 0.030451476652766863, "bad-redirect": 0.0005617911729170595, "dsfb-red": 0.013746447022855518, "alternate": 0.2826929497379163, "sft": 0.0, "sfR": 0.11567713207251198}, "dutch": {"roll-in": 0.11229973947631824, "oneh-in": 0.0012163354269209142, "oneh-out": 0.0033513909580527358, "redirect": 0.012225574125204065, "dsfb-alt": 0.06735340652277108, "sfT": 0.0012392330511588152, "sfb": 0.09333130810989382, "dsfb": 0.0,