{"english-450k": {"unknown": 0.00015377410175167997, "oneh-in": 0.02500203180609729, "alternate": 0.20442834331500712, "oneh-out": 0.018495282409353674, "dsfb-red": 0.028056464914655372, "roll-out": 0.24114585678193487, "sft": 0.0, "dsfb": 0.0, "sfR": 0.11369548401129392, "bad-redirect": 0.015267780349774688, "dsfb-alt": 0.024727518723312445, "roll-in": 0.2333016235153929, "sfb": 0.03063642013891122, "sfT": 0.00010407524757338036, "redirect": 0.06498534468494142}, "shai": {"unknown": 0.023260762136131256, "oneh-in": 0.03626570340964438, "alternate": 0.1872662156969538, "oneh-out": 0.01978960922185276, "dsfb-red": 0.024736758015539227, "roll-out": 0.2585826121729621, "sft": 0.0, "dsfb": 0.0, "sfR": 0.09823378925716947, "bad-redirect": 0.01708419346718342, "dsfb-alt": 0.022610045785388, "roll-in": 0.21811223210191374, "sfb": 0.0210262590207618, "sfT": 2.7042546320278495e-05, "redirect": 0.0730047771681798}, "tr-quotes": {"unknown": 0.013835787429786644, "oneh-in": 0.04155012597951966, "alternate": 0.18188668777883082, "oneh-out": 0.021719331499503017, "dsfb-red": 0.025355400938489633, "roll-out": 0.25830193476803587, "sft": 0.0, "dsfb": 0.0, "sfR": 0.09677191928064538, "bad-redirect": 0.020612098656988972, "dsfb-alt": 0.022974503594461525, "roll-in": 0.21735743510321073, "sfb": 0.015790203647627194, "sfT": 1.0401978687501445e-05, "redirect": 0.08383416934421303}, "gutenberg": {"unknown": 0.032975828246008664, "oneh-in": 0.04554249578408451, "alternate": 0.1882168050881203, "oneh-out": 0.019418216922538922, "dsfb-red": 0.023929085478799562, "roll-out": 0.2536285667630142, "sft": 0.0, "dsfb": 0.0, "sfR": 0.09863878308844841, "bad-redirect": 0.019851458833683222, "dsfb-alt": 0.024410254894762187, "roll-in": 0.2117281824715665, "sfb": 0.015837672382732003, "sfT": 7.1985975616455695e-06, "redirect": 0.06581545144867987}, "english-200": {"unknown": 0.0, "oneh-in": 0.0400890868596882, "alternate": 0.20044543429844097, "oneh-out": 0.015590200445434299, "dsfb-red": 0.028953229398663696, "roll-out": 0.23385300668151449, "sft": 0.0, "dsfb": 0.0, "sfR": 0.10690423162583519, "bad-redirect": 0.024498886414253896, "dsfb-alt": 0.024498886414253896, "roll-in": 0.22048997772828507, "sfb": 0.0022271714922048997, "sfT": 0.0, "redirect": 0.10244988864142539}, "monkeyracer": {"unknown": 0.013436077701487402, "oneh-in": 0.041670902607254014, "alternate": 0.18160357070241018, "oneh-out": 0.021960093529568167, "dsfb-red": 0.025325711247008775, "roll-out": 0.257867119195458, "sft": 0.0, "dsfb": 0.0, "sfR": 0.09690789370786869, "bad-redirect": 0.02080661432347467, "dsfb-alt": 0.02297378669627915, "roll-in": 0.2172284827251826, "sfb": 0.01567754195536231, "sfT": 8.797722758340242e-06, "redirect": 0.08453340788588767}, "chained-bigrams": {"unknown": 0.022916559801936097, "oneh-in": 0.03207370387420631, "alternate": 0.1915280022388026, "oneh-out": 0.022728910745927724, "dsfb-red": 0.03241978327507988, "roll-out": 0.23999600028309684, "sft": 0.0, "dsfb": 0.0, "sfR": 0.11914286586209158, "bad-redirect": 0.016723491648967703, "dsfb-alt": 0.02936999913642476, "roll-in": 0.20095525706297412, "sfb": 0.01994923735917393, "sfT": 7.856586774053006e-05, "redirect": 0.07211762284357795}, "english-5k": {"unknown": 0.002157049819554486, "oneh-in": 0.0273364582901232, "alternate": 0.2003982245820716, "oneh-out": 0.018459368648110507, "dsfb-red": 0.025967561289252084, "roll-out": 0.2582652341643506, "sft": 0.0, "dsfb": 0.0, "sfR": 0.10644211224955408, "bad-redirect": 0.014850458373086656, "dsfb-alt": 0.02592607956195296, "roll-in": 0.22192724105031733, "sfb": 0.025884597834653834, "sfT": 0.0, "redirect": 0.07238561413697267}, "mt-quotes": {"unknown": 0.007977133909467972, "oneh-in": 0.0431025208878689, "alternate": 0.18148838765972197, "oneh-out": 0.022189251861679873, "dsfb-red": 0.025295537944801043, "roll-out": 0.2596834247737895, "sft": 0.0, "dsfb": 0.0, "sfR": 0.0964592223377679, "bad-redirect": 0.02116278791790679, "dsfb-alt": 0.02307526804604296, "roll-in": 0.21828570062514194, "sfb": 0.014256941705215095, "sfT": 2.9882502002127633e-06, "redirect": 0.08702083408039589}, "wordle": {"unknown": 0.0, "oneh-in": 0.025939638729945026, "alternate": 0.20935711881521374, "oneh-out": 0.015752271962302253, "dsfb-red": 0.03249186581397958, "roll-out": 0.20841467519353754, "sft": 0.0, "dsfb": 0.0, "sfR": 0.13138112868843263, "bad-redirect": 0.02080107707842477, "dsfb-alt": 0.031863570066195446, "roll-in": 0.21781667227645013, "sfb": 0.043778750140244585, "sfT": 0.0006956131493324357, "redirect": 0.061707618085941884}, "english-1k": {"unknown": 0.0, "oneh-in": 0.03669724770642202, "alternate": 0.2113620324629499, "oneh-out": 0.015172900494001412, "dsfb-red": 0.024347212420606917, "roll-out": 0.23465067043048696, "sft": 0.0, "dsfb": 0.0, "sfR": 0.10832745236414962, "bad-redirect": 0.02328863796753705, "dsfb-alt": 0.022582921665490474, "roll-in": 0.23570924488355682, "sfb": 0.020112914608327453, "sfT": 0.0, "redirect": 0.06774876499647142}, "english-10k": {"unknown": 0.0, "oneh-in": 0.027151154937187626, "alternate": 0.2012890527006426, "oneh-out": 0.01715520734837228, "dsfb-red": 0.026302078308021844, "roll-out": 0.2571930298527624, "sft": 0.0, "dsfb": 0.0, "sfR": 0.10567144593890508, "bad-redirect": 0.01333436251712626, "dsfb-alt": 0.02288647459524131, "roll-in": 0.23339958704000308, "sfb": 0.027228343721657243, "sfT": 0.0, "redirect": 0.06838926304008028}, "reddit": {"unknown": 0.039285409944231534, "oneh-in": 0.0357430623720244, "alternate": 0.18102332529309959, "oneh-out": 0.02078710386210278, "dsfb-red": 0.023614763989266953, "roll-out": 0.24305006726414988, "sft": 0.0, "dsfb": 0.0, "sfR": 0.10397777127267367, "bad-redirect": 0.019396909426289147, "dsfb-alt": 0.025586709510455954, "roll-in": 0.21012410202874968, "sfb": 0.01986898520563277, "sfT": 7.607600633554688e-05, "redirect": 0.0774657138249881}, "akl": {"unknown": 0.13277008071454782, "oneh-in": 0.02733911008603113, "alternate": 0.1556336804446716, "oneh-out": 0.018269517591232142, "dsfb-red": 0.019754740975010905, "roll-out": 0.20381711205537528, "sft": 0.0, "dsfb": 0.0, "sfR": 0.13064861186637447, "bad-redirect": 0.016699398886275182, "dsfb-alt": 0.026568010528798775, "roll-in": 0.17834804625747402, "sfb": 0.022522066544836773, "sfT": 0.0001504445898294664, "redirect": 0.06747917945954245}, "french": {"unknown": 0.15807953387545715, "oneh-in": 0.017436672480968307, "alternate": 0.1532548276015142, "oneh-out": 0.013316951592017335, "dsfb-red": 0.029391894822460945, "roll-out": 0.18429628275271442, "sft": 0.0, "dsfb": 0.0, "sfR": 0.10898279115633469, "bad-redirect": 0.015944601236873607, "dsfb-alt": 0.015679317825362794, "roll-in": 0.19789711021762424, "sfb": 0.05109475064400556, "sfT": 2.5274361281907815e-05, "redirect": 0.054599991433384835}, "keymash": {"unknown": 0.01232282349464109, "oneh-in": 0.041151334288400045, "alternate": 0.18337691338311174, "oneh-out": 0.021275547692446627, "dsfb-red": 0.025532299179436238, "roll-out": 0.25512185310307745, "sft": 0.0, "dsfb": 0.0, "sfR": 0.099723742164827, "bad-redirect": 0.019756745329682735, "dsfb-alt": 0.02292570593523334, "roll-in": 0.22045621539080426, "sfb": 0.016292233994080776, "sfT": 8.209742501426442e-06, "redirect": 0.0820563763017573}, "movie": {"unknown": 0.030236445784519856, "oneh-in": 0.03218435699124703, "alternate": 0.17663719883999138, "oneh-out": 0.02394435832828107, "dsfb-red": 0.0283899965113413, "roll-out": 0.238228672036999, "sft": 0.0, "dsfb": 0.0, "sfR": 0.11567713207251198, "bad-redirect": 0.02052689405808123, "dsfb-alt": 0.025751459847722875, "roll-in": 0.20458542140720465, "sfb": 0.014899902078048309, "sfT": 2.092405633492913e-05, "redirect": 0.08891723798771639}, "dutch": {"unknown": 0.07290361491625476, "oneh-in": 0.026216685973948207, "alternate": 0.16254288283922222, "oneh-out": 0.025062785572553033, "dsfb-red": 0.02805548892273187, "roll-out": 0.20709742793873795, "sft": 0.0, "dsfb": 0.0, "sfR": 0.18880787437283908, "bad-redirect": 0.008031722730821231,