{"english-450k": {"roll-out": 0.19328995305504704, "dsfb-red": 0.006910479500392037, "redirect": 0.017064832447621792, "sft": 0.0, "sfR": 0.11369548401129392, "roll-in": 0.18342999273227345, "oneh-out": 0.00623749854557765, "dsfb": 0.0, "unknown": 0.00015377410175167997, "oneh-in": 0.002524994138458669, "sfb": 0.04123981685095197, "dsfb-alt": 0.056128131831765286, "alternate": 0.37485682344803634, "bad-redirect": 0.002731098210198088, "sfT": 0.0017371211266320958}, "shai": {"roll-out": 0.23747197049943444, "dsfb-red": 0.008310174097180701, "redirect": 0.014647976256125695, "sft": 0.0, "sfR": 0.09823378925716947, "roll-in": 0.19328607538379747, "oneh-out": 0.014078433989248934, "dsfb": 0.0, "unknown": 0.023621906111313578, "oneh-in": 0.0034374958393105347, "sfb": 0.020680825034918828, "dsfb-alt": 0.05431877244256546, "alternate": 0.3295284479691655, "bad-redirect": 0.0021839633171942445, "sfT": 0.00020016980257509136}, "tr-quotes": {"roll-out": 0.2575483692008969, "dsfb-red": 0.010813434733362612, "redirect": 0.015399551559141028, "sft": 0.0, "sfR": 0.09677191928064538, "roll-in": 0.1810129215690807, "oneh-out": 0.02353967776981577, "dsfb": 0.0, "unknown": 0.01476965396084233, "oneh-in": 0.0027831071866114975, "sfb": 0.023887566168142207, "dsfb-alt": 0.05509234645523682, "alternate": 0.31607105707218974, "bad-redirect": 0.002123159427660017, "sfT": 0.000187235616375026}, "gutenberg": {"roll-out": 0.27105845526431543, "dsfb-red": 0.011057614165021408, "redirect": 0.014922503308513326, "sft": 0.0, "sfR": 0.09863878308844841, "roll-in": 0.18622563511521356, "oneh-out": 0.018123795418888287, "dsfb": 0.0, "unknown": 0.03802431837805746, "oneh-in": 0.0027547896247749966, "sfb": 0.020037675186396316, "dsfb-alt": 0.04597441163778324, "alternate": 0.29115921289776514, "bad-redirect": 0.0019320656981900832, "sfT": 9.074021663232178e-05}, "english-200": {"roll-out": 0.2828507795100223, "dsfb-red": 0.0066815144766146995, "redirect": 0.017817371937639197, "sft": 0.0, "sfR": 0.10690423162583519, "roll-in": 0.1714922048997773, "oneh-out": 0.015590200445434299, "dsfb": 0.0, "unknown": 0.0, "oneh-in": 0.0, "sfb": 0.015590200445434299, "dsfb-alt": 0.053452115812917596, "alternate": 0.32962138084632514, "bad-redirect": 0.0, "sfT": 0.0}, "monkeyracer": {"roll-out": 0.25826692681858704, "dsfb-red": 0.01080555859674367, "redirect": 0.015388194629088008, "sft": 0.0, "sfR": 0.09690789370786869, "roll-in": 0.18113729139621815, "oneh-out": 0.023959131645213256, "dsfb": 0.0, "unknown": 0.014352018393105714, "oneh-in": 0.0027751927678808827, "sfb": 0.023765581744529772, "dsfb-alt": 0.05501509298215431, "alternate": 0.3152976758371522, "bad-redirect": 0.002155442075793359, "sfT": 0.00017399940566495143}, "chained-bigrams": {"roll-out": 0.2251639332021305, "dsfb-red": 0.013297110788911694, "redirect": 0.02201922071749467, "sft": 0.0, "sfR": 0.11914286586209158, "roll-in": 0.17459738239306438, "oneh-out": 0.00881885632770148, "dsfb": 0.0, "unknown": 0.02365222201805197, "oneh-in": 0.004733431205193918, "sfb": 0.021399784041259418, "dsfb-alt": 0.06222546585988394, "alternate": 0.32184215532796706, "bad-redirect": 0.003016669599359526, "sfT": 9.090265688986949e-05}, "english-5k": {"roll-out": 0.19479819139668975, "dsfb-red": 0.006720039822458207, "redirect": 0.015389720827975278, "sft": 0.0, "sfR": 0.10644211224955408, "roll-in": 0.2104782843157589, "oneh-out": 0.008379308914423197, "dsfb": 0.0, "unknown": 0.002157049819554486, "oneh-in": 0.0009125980005807441, "sfb": 0.020160119467374622, "dsfb-alt": 0.05317957439747791, "alternate": 0.3781889077861202, "bad-redirect": 0.002820757456340482, "sfT": 0.0003733355456921226}, "mt-quotes": {"roll-out": 0.2643704952128232, "dsfb-red": 0.011246279628500735, "redirect": 0.01518329926728105, "sft": 0.0, "sfR": 0.0964592223377679, "roll-in": 0.18166917679683484, "oneh-out": 0.025455409330512425, "dsfb": 0.0, "unknown": 0.008869126594231481, "oneh-in": 0.002853778941203189, "sfb": 0.023167903802249555, "dsfb-alt": 0.0555814537239574, "alternate": 0.31298783184518475, "bad-redirect": 0.002023045385544041, "sfT": 0.00013297713390946798}, "wordle": {"roll-out": 0.19492875575002805, "dsfb-red": 0.014091776057444183, "redirect": 0.025086951643666554, "sft": 0.0, "sfR": 0.13138112868843263, "roll-in": 0.17738135307977113, "oneh-out": 0.007113205430270391, "dsfb": 0.0, "unknown": 0.0, "oneh-in": 0.00769662291035566, "sfb": 0.039627510378099404, "dsfb-alt": 0.06006956131493325, "alternate": 0.3412543475821833, "bad-redirect": 0.0008302479524290362, "sfT": 0.0005385392123864019}, "english-1k": {"roll-out": 0.24982357092448837, "dsfb-red": 0.008468595624558928, "redirect": 0.013761467889908258, "sft": 0.0, "sfR": 0.10832745236414962, "roll-in": 0.18419195483415668, "oneh-out": 0.014467184191954835, "dsfb": 0.0, "unknown": 0.0, "oneh-in": 0.00035285815102328866, "sfb": 0.016937191249117856, "dsfb-alt": 0.05081157374735357, "alternate": 0.3507410021171489, "bad-redirect": 0.002117148906139732, "sfT": 0.0}, "english-10k": {"roll-out": 0.187317882711642, "dsfb-red": 0.006715424248856641, "redirect": 0.014936029794870805, "sft": 0.0, "sfR": 0.10567144593890508, "roll-in": 0.222844020763783, "oneh-out": 0.007275042936261362, "dsfb": 0.0, "unknown": 0.0, "oneh-in": 0.005055865382759885, "sfb": 0.023002257771945735, "dsfb-alt": 0.05615484070164605, "alternate": 0.36842206827347984, "bad-redirect": 0.0022384747496188803, "sfT": 0.00036664672623067866}, "reddit": {"roll-out": 0.24430777482925506, "dsfb-red": 0.01109447377672048, "redirect": 0.01600431659230434, "sft": 0.0, "sfR": 0.10397777127267367, "roll-in": 0.1739548117512146, "oneh-out": 0.01747388328682059, "dsfb": 0.0, "unknown": 0.041217688064775854, "oneh-in": 0.0026380881586441315, "sfb": 0.02367357212808862, "dsfb-alt": 0.05357593750755001, "alternate": 0.30981704488353273, "bad-redirect": 0.002024236070103047, "sfT": 0.00024040167831685863}, "akl": {"roll-out": 0.20467318105659243, "dsfb-red": 0.008897207554211011, "redirect": 0.018348754871505273, "sft": 0.0, "sfR": 0.13064861186637447, "roll-in": 0.15458417562578736, "oneh-out": 0.015799819797574076, "dsfb": 0.0, "unknown": 0.13295000147380848, "oneh-in": 0.00275726957572822, "sfb": 0.022770896806648656, "dsfb-alt": 0.04395643031777954, "alternate": 0.26297304155994117, "bad-redirect": 0.001361215928309212, "sfT": 0.0002793935657401225}, "french": {"roll-out": 0.1686327707668018, "dsfb-red": 0.008445651800832699, "redirect": 0.02000213251486951, "sft": 0.0, "sfR": 0.10898279115633469, "roll-in": 0.19430642800418407, "oneh-out": 0.009136059857118507, "dsfb": 0.0, "unknown": 0.15822382396052298, "oneh-in": 0.0031777378032367153, "sfb": 0.02517184056213775, "dsfb-alt": 0.03463404005810976, "alternate": 0.2617113667042696, "bad-redirect": 0.00741950074731657, "sfT": 0.00015585606426537463}, "keymash": {"roll-out": 0.2608850923390788, "dsfb-red": 0.01099695008066072, "redirect": 0.015894061482761592, "sft": 0.0, "sfR": 0.099723742164827, "roll-in": 0.1804214060825982, "oneh-out": 0.022843608510219077, "dsfb": 0.0, "unknown": 0.013394194891077241, "oneh-in": 0.002852885519245689, "sfb": 0.022901076707729062, "dsfb-alt": 0.05426229306317807, "alternate": 0.3135382758719773, "bad-redirect": 0.002130428179120162, "sfT": 0.0001559851075271024}, "movie": {"roll-out": 0.2537426096298824, "dsfb-red": 0.013919234984916914, "redirect": 0.01702494397551017, "sft": 0.0, "sfR": 0.11567713207251198, "roll-in": 0.14888347787820594, "oneh-out": 0.033218058013327965, "dsfb": 0.0, "unknown": 0.030451476652766863, "oneh-in": 0.0018197349119459122, "sfb": 0.025703031843123794, "dsfb-alt": 0.05488998486493259, "alternate": 0.30234616574563533, "bad-redirect": 0.002225319450463218, "sfT": 9.882997677692943e-05}, "dutch": {"roll-out": 0.1374368481909747, "dsfb-red": 0.007061953655423712, "redirect": 0.011790357887535834, "sft": 0.0, "sfR": 0.18880787437283908, "roll-in": 0.1790975782705168, "oneh-out": 0.004326108932659074, "dsfb": 0.0, "unknown": 0.07325981014373002,