{"english-450k": {"sft": 0.0, "unknown": 0.00015377410175167997, "sfT": 6.928604964857063e-05, "redirect": 0.03444598348477841, "oneh-in": 0.009705309182418766, "sfR": 0.11369548401129392, "sfb": 0.021292450860988795, "roll-in": 0.22942715931289287, "dsfb-red": 0.014884806826400733, "alternate": 0.31940956591851377, "oneh-out": 0.006880952534086105, "roll-out": 0.2123672967506889, "bad-redirect": 0.003832658695750046, "dsfb-alt": 0.03383527227078742, "dsfb": 0.0}, "shai": {"sft": 0.0, "unknown": 0.023260762136131256, "sfT": 2.758827396177832e-05, "redirect": 0.027468268066371627, "oneh-in": 0.007773274858164999, "sfR": 0.09823378925716947, "sfb": 0.01112249441345193, "roll-in": 0.22274656671516546, "dsfb-red": 0.01042260838925042, "alternate": 0.295878850631016, "oneh-out": 0.008886462486604515, "roll-out": 0.2594587604845504, "bad-redirect": 0.004523010044794563, "dsfb-alt": 0.03019756424336759, "dsfb": 0.0}, "tr-quotes": {"sft": 0.0, "unknown": 0.013835787429786644, "sfT": 1.9648181965280506e-05, "redirect": 0.030696239106816764, "oneh-in": 0.006401839994452278, "sfR": 0.09677191928064538, "sfb": 0.009855296918702757, "roll-in": 0.20923002242204294, "dsfb-red": 0.011265342918564064, "alternate": 0.29231178197452673, "oneh-out": 0.010901273664501514, "roll-out": 0.2879441067011858, "bad-redirect": 0.0038764707242088716, "dsfb-alt": 0.026890270682600956, "dsfb": 0.0}, "gutenberg": {"sft": 0.0, "unknown": 0.032975828246008664, "sfT": 1.875424101586609e-05, "redirect": 0.027858383126790415, "oneh-in": 0.0052295916917575675, "sfR": 0.09863878308844841, "sfb": 0.010332450179074587, "roll-in": 0.2045883103110817, "dsfb-red": 0.018804820635575543, "alternate": 0.27089705512951223, "oneh-out": 0.013499643669420698, "roll-out": 0.2881157216234126, "bad-redirect": 0.003996737140936795, "dsfb-alt": 0.025043920916964935, "dsfb": 0.0}, "english-200": {"sft": 0.0, "unknown": 0.0, "sfT": 0.0, "redirect": 0.035634743875278395, "oneh-in": 0.004454342984409799, "sfR": 0.10690423162583519, "sfb": 0.0, "roll-in": 0.20935412026726058, "dsfb-red": 0.015590200445434299, "alternate": 0.2962138084632517, "oneh-out": 0.0066815144766146995, "roll-out": 0.29175946547884185, "bad-redirect": 0.004454342984409799, "dsfb-alt": 0.028953229398663696, "dsfb": 0.0}, "monkeyracer": {"sft": 0.0, "unknown": 0.013436077701487402, "sfT": 2.1505544520387257e-05, "redirect": 0.030767591535417676, "oneh-in": 0.006458506029372663, "sfR": 0.09690789370786869, "sfb": 0.009751786915244694, "roll-in": 0.20933497036144955, "dsfb-red": 0.011209276318876395, "alternate": 0.2919749128047922, "oneh-out": 0.010990310774668815, "roll-out": 0.28844898102819966, "bad-redirect": 0.0038602452414095126, "dsfb-alt": 0.026837942036692368, "dsfb": 0.0}, "chained-bigrams": {"sft": 0.0, "unknown": 0.022916559801936097, "sfT": 2.9868015835242832e-05, "redirect": 0.03560072696153324, "oneh-in": 0.0077488021951693025, "sfR": 0.11914286586209158, "sfb": 0.012354320376025333, "roll-in": 0.19448363719710748, "dsfb-red": 0.017382535911419257, "alternate": 0.30060599606910937, "oneh-out": 0.007831263891062257, "roll-out": 0.2328666347641628, "bad-redirect": 0.007215073738287355, "dsfb-alt": 0.041821715216260665, "dsfb": 0.0}, "english-5k": {"sft": 0.0, "unknown": 0.002157049819554486, "sfT": 4.148172729912474e-05, "redirect": 0.028000165926909196, "oneh-in": 0.011283029825361928, "sfR": 0.10644211224955408, "sfb": 0.01331563446301904, "roll-in": 0.25946820425602524, "dsfb-red": 0.011117102916165428, "alternate": 0.32015597129464474, "oneh-out": 0.005019289003194093, "roll-out": 0.20832123449620443, "bad-redirect": 0.0035259468204256023, "dsfb-alt": 0.031152777201642678, "dsfb": 0.0}, "mt-quotes": {"sft": 0.0, "unknown": 0.007977133909467972, "sfT": 1.792950120127658e-05, "redirect": 0.03128847372132774, "oneh-in": 0.006200619165441484, "sfR": 0.0964592223377679, "sfb": 0.00884522059262978, "roll-in": 0.20877410023786472, "dsfb-red": 0.011138702621293076, "alternate": 0.2916786196674675, "oneh-out": 0.01114916149699382, "roll-out": 0.29606686508647995, "bad-redirect": 0.0038847252602765923, "dsfb-alt": 0.02651922640178817, "dsfb": 0.0}, "wordle": {"sft": 0.0, "unknown": 0.0, "sfT": 0.00011219566924716706, "redirect": 0.034556266128127455, "oneh-in": 0.008122966453494895, "sfR": 0.13138112868843263, "sfb": 0.025490856052956357, "roll-in": 0.19250532929428923, "dsfb-red": 0.01985863345674857, "alternate": 0.29693705822955235, "oneh-out": 0.01525861101761472, "roll-out": 0.2294177044766072, "bad-redirect": 0.004577583305284416, "dsfb-alt": 0.041781667227645015, "dsfb": 0.0}, "english-1k": {"sft": 0.0, "unknown": 0.0, "sfT": 0.00035285815102328866, "redirect": 0.029640084685956247, "oneh-in": 0.01058574453069866, "sfR": 0.10832745236414962, "sfb": 0.009880028228652082, "roll-in": 0.24417784050811575, "dsfb-red": 0.017642907551164433, "alternate": 0.30980945659844744, "oneh-out": 0.009880028228652082, "roll-out": 0.23535638673253353, "bad-redirect": 0.0017642907551164433, "dsfb-alt": 0.022582921665490474, "dsfb": 0.0}, "english-10k": {"sft": 0.0, "unknown": 0.0, "sfT": 1.929719611740414e-05, "redirect": 0.028077420350823026, "oneh-in": 0.010304702726693812, "sfR": 0.10567144593890508, "sfb": 0.013353659713243666, "roll-in": 0.25601590088960074, "dsfb-red": 0.010285405530576407, "alternate": 0.31601088361861024, "oneh-out": 0.007101368171204724, "roll-out": 0.21516373670905617, "bad-redirect": 0.0053646205206383515, "dsfb-alt": 0.032631558634530405, "dsfb": 0.0}, "reddit": {"sft": 0.0, "unknown": 0.039285409944231534, "sfT": 3.513505363995223e-05, "redirect": 0.028999454432775837, "oneh-in": 0.007522759592515784, "sfR": 0.10397777127267367, "sfb": 0.011176617884004505, "roll-in": 0.20409199765441677, "dsfb-red": 0.01004394316436856, "alternate": 0.2837158578019203, "oneh-out": 0.009322401012698624, "roll-out": 0.2674821894682115, "bad-redirect": 0.00409705440520718, "dsfb-alt": 0.030249408313335755, "dsfb": 0.0}, "akl": {"sft": 0.0, "unknown": 0.13277008071454782, "sfT": 0.00012563815721511524, "redirect": 0.026450007020665165, "oneh-in": 0.007559933292438957, "sfR": 0.13064861186637447, "sfb": 0.01688779435309234, "roll-in": 0.17443364554765425, "dsfb-red": 0.008861134454990939, "alternate": 0.23611656977539283, "oneh-out": 0.007480251275326126, "roll-out": 0.2281939535901789, "bad-redirect": 0.003770083605337267, "dsfb-alt": 0.026702296346785823, "dsfb": 0.0}, "french": {"sft": 0.0, "unknown": 0.15807953387545715, "sfT": 0.0003001611311695454, "redirect": 0.026774133190909984, "oneh-in": 0.006384645245724097, "sfR": 0.10898279115633469, "sfb": 0.04003768951107864, "roll-in": 0.17756569187784954, "dsfb-red": 0.01375196425009764, "alternate": 0.2069329715399156, "oneh-out": 0.014264058466444345, "roll-out": 0.21694675737810218, "bad-redirect": 0.003827709877839139, "dsfb-alt": 0.026151892499077456, "dsfb": 0.0}, "keymash": {"sft": 0.0, "unknown": 0.01232282349464109, "sfT": 2.873409875499255e-05, "redirect": 0.03077421976659702, "oneh-in": 0.006387179666109772, "sfR": 0.099723742164827, "sfb": 0.00976138383419604, "roll-in": 0.20903646357132008, "dsfb-red": 0.012175048129615415, "alternate": 0.2922175745957728, "oneh-out": 0.011276081325709219, "roll-out": 0.28549790035835526, "bad-redirect": 0.0039119423019297, "dsfb-alt": 0.0268869066921716, "dsfb": 0.0}, "movie": {"sft": 0.0, "unknown": 0.030236445784519856, "sfT": 2.631956771689199e-05, "redirect": 0.030644530681970268, "oneh-in": 0.0057147677383687576, "sfR": 0.11567713207251198, "sfb": 0.012392568459498593, "roll-in": 0.1780706940956919, "dsfb-red": 0.013148729640004901, "alternate": 0.28401471842865866, "oneh-out": 0.01120897749926996, "roll-out": 0.28718596314286693, "bad-redirect": 0.0030517538767736263, "dsfb-alt": 0.028627399012147666, "dsfb": 0.0}, "dutch": {"sft": 0.0, "unknown": 0.07290361491625476, "sfT": 1.653219228452986e-05, "redirect": 0.022767859080023305, "oneh-in": 0.005803193969343147, "sfR": 0.18880787437283908, "sfb": 0.019502302833972786,