{"english-450k": {"dsfb-alt": 0.03383527227078742, "sfb": 0.021292450860988795, "dsfb": 0.0, "roll-out": 0.2123672967506889, "sft": 0.0, "oneh-in": 0.009705309182418766, "alternate": 0.31940956591851377, "unknown": 0.00015377410175167997, "dsfb-red": 0.014884806826400733, "oneh-out": 0.006880952534086105, "roll-in": 0.22942715931289287, "bad-redirect": 0.003832658695750046, "sfT": 6.928604964857063e-05, "sfR": 0.11369548401129392, "redirect": 0.03444598348477841}, "shai": {"dsfb-alt": 0.03019756424336759, "sfb": 0.01112249441345193, "dsfb": 0.0, "roll-out": 0.2594587604845504, "sft": 0.0, "oneh-in": 0.007773274858164999, "alternate": 0.295878850631016, "unknown": 0.023260762136131256, "dsfb-red": 0.01042260838925042, "oneh-out": 0.008886462486604515, "roll-in": 0.22274656671516546, "bad-redirect": 0.004523010044794563, "sfT": 2.758827396177832e-05, "sfR": 0.09823378925716947, "redirect": 0.027468268066371627}, "tr-quotes": {"dsfb-alt": 0.026890270682600956, "sfb": 0.009855296918702757, "dsfb": 0.0, "roll-out": 0.2879441067011858, "sft": 0.0, "oneh-in": 0.006401839994452278, "alternate": 0.29231178197452673, "unknown": 0.013835787429786644, "dsfb-red": 0.011265342918564064, "oneh-out": 0.010901273664501514, "roll-in": 0.20923002242204294, "bad-redirect": 0.0038764707242088716, "sfT": 1.9648181965280506e-05, "sfR": 0.09677191928064538, "redirect": 0.030696239106816764}, "gutenberg": {"dsfb-alt": 0.025043920916964935, "sfb": 0.010332450179074587, "dsfb": 0.0, "roll-out": 0.2881157216234126, "sft": 0.0, "oneh-in": 0.0052295916917575675, "alternate": 0.27089705512951223, "unknown": 0.032975828246008664, "dsfb-red": 0.018804820635575543, "oneh-out": 0.013499643669420698, "roll-in": 0.2045883103110817, "bad-redirect": 0.003996737140936795, "sfT": 1.875424101586609e-05, "sfR": 0.09863878308844841, "redirect": 0.027858383126790415}, "english-200": {"dsfb-alt": 0.028953229398663696, "sfb": 0.0, "dsfb": 0.0, "roll-out": 0.29175946547884185, "sft": 0.0, "oneh-in": 0.004454342984409799, "alternate": 0.2962138084632517, "unknown": 0.0, "dsfb-red": 0.015590200445434299, "oneh-out": 0.0066815144766146995, "roll-in": 0.20935412026726058, "bad-redirect": 0.004454342984409799, "sfT": 0.0, "sfR": 0.10690423162583519, "redirect": 0.035634743875278395}, "monkeyracer": {"dsfb-alt": 0.026837942036692368, "sfb": 0.009751786915244694, "dsfb": 0.0, "roll-out": 0.28844898102819966, "sft": 0.0, "oneh-in": 0.006458506029372663, "alternate": 0.2919749128047922, "unknown": 0.013436077701487402, "dsfb-red": 0.011209276318876395, "oneh-out": 0.010990310774668815, "roll-in": 0.20933497036144955, "bad-redirect": 0.0038602452414095126, "sfT": 2.1505544520387257e-05, "sfR": 0.09690789370786869, "redirect": 0.030767591535417676}, "chained-bigrams": {"dsfb-alt": 0.041821715216260665, "sfb": 0.012354320376025333, "dsfb": 0.0, "roll-out": 0.2328666347641628, "sft": 0.0, "oneh-in": 0.0077488021951693025, "alternate": 0.30060599606910937, "unknown": 0.022916559801936097, "dsfb-red": 0.017382535911419257, "oneh-out": 0.007831263891062257, "roll-in": 0.19448363719710748, "bad-redirect": 0.007215073738287355, "sfT": 2.9868015835242832e-05, "sfR": 0.11914286586209158, "redirect": 0.03560072696153324}, "english-5k": {"dsfb-alt": 0.031152777201642678, "sfb": 0.01331563446301904, "dsfb": 0.0, "roll-out": 0.20832123449620443, "sft": 0.0, "oneh-in": 0.011283029825361928, "alternate": 0.32015597129464474, "unknown": 0.002157049819554486, "dsfb-red": 0.011117102916165428, "oneh-out": 0.005019289003194093, "roll-in": 0.25946820425602524, "bad-redirect": 0.0035259468204256023, "sfT": 4.148172729912474e-05, "sfR": 0.10644211224955408, "redirect": 0.028000165926909196}, "mt-quotes": {"dsfb-alt": 0.02651922640178817, "sfb": 0.00884522059262978, "dsfb": 0.0, "roll-out": 0.29606686508647995, "sft": 0.0, "oneh-in": 0.006200619165441484, "alternate": 0.2916786196674675, "unknown": 0.007977133909467972, "dsfb-red": 0.011138702621293076, "oneh-out": 0.01114916149699382, "roll-in": 0.20877410023786472, "bad-redirect": 0.0038847252602765923, "sfT": 1.792950120127658e-05, "sfR": 0.0964592223377679, "redirect": 0.03128847372132774}, "wordle": {"dsfb-alt": 0.041781667227645015, "sfb": 0.025490856052956357, "dsfb": 0.0, "roll-out": 0.2294177044766072, "sft": 0.0, "oneh-in": 0.008122966453494895, "alternate": 0.29693705822955235, "unknown": 0.0, "dsfb-red": 0.01985863345674857, "oneh-out": 0.01525861101761472, "roll-in": 0.19250532929428923, "bad-redirect": 0.004577583305284416, "sfT": 0.00011219566924716706, "sfR": 0.13138112868843263, "redirect": 0.034556266128127455}, "english-1k": {"dsfb-alt": 0.022582921665490474, "sfb": 0.009880028228652082, "dsfb": 0.0, "roll-out": 0.23535638673253353, "sft": 0.0, "oneh-in": 0.01058574453069866, "alternate": 0.30980945659844744, "unknown": 0.0, "dsfb-red": 0.017642907551164433, "oneh-out": 0.009880028228652082, "roll-in": 0.24417784050811575, "bad-redirect": 0.0017642907551164433, "sfT": 0.00035285815102328866, "sfR": 0.10832745236414962, "redirect": 0.029640084685956247}, "english-10k": {"dsfb-alt": 0.032631558634530405, "sfb": 0.013353659713243666, "dsfb": 0.0, "roll-out": 0.21516373670905617, "sft": 0.0, "oneh-in": 0.010304702726693812, "alternate": 0.31601088361861024, "unknown": 0.0, "dsfb-red": 0.010285405530576407, "oneh-out": 0.007101368171204724, "roll-in": 0.25601590088960074, "bad-redirect": 0.0053646205206383515, "sfT": 1.929719611740414e-05, "sfR": 0.10567144593890508, "redirect": 0.028077420350823026}, "reddit": {"dsfb-alt": 0.030249408313335755, "sfb": 0.011176617884004505, "dsfb": 0.0, "roll-out": 0.2674821894682115, "sft": 0.0, "oneh-in": 0.007522759592515784, "alternate": 0.2837158578019203, "unknown": 0.039285409944231534, "dsfb-red": 0.01004394316436856, "oneh-out": 0.009322401012698624, "roll-in": 0.20409199765441677, "bad-redirect": 0.00409705440520718, "sfT": 3.513505363995223e-05, "sfR": 0.10397777127267367, "redirect": 0.028999454432775837}, "akl": {"dsfb-alt": 0.026702296346785823, "sfb": 0.01688779435309234, "dsfb": 0.0, "roll-out": 0.2281939535901789, "sft": 0.0, "oneh-in": 0.007559933292438957, "alternate": 0.23611656977539283, "unknown": 0.13277008071454782, "dsfb-red": 0.008861134454990939, "oneh-out": 0.007480251275326126, "roll-in": 0.17443364554765425, "bad-redirect": 0.003770083605337267, "sfT": 0.00012563815721511524, "sfR": 0.13064861186637447, "redirect": 0.026450007020665165}, "french": {"dsfb-alt": 0.026151892499077456, "sfb": 0.04003768951107864, "dsfb": 0.0, "roll-out": 0.21694675737810218, "sft": 0.0, "oneh-in": 0.006384645245724097, "alternate": 0.2069329715399156, "unknown": 0.15807953387545715, "dsfb-red": 0.01375196425009764, "oneh-out": 0.014264058466444345, "roll-in": 0.17756569187784954, "bad-redirect": 0.003827709877839139, "sfT": 0.0003001611311695454, "sfR": 0.10898279115633469, "redirect": 0.026774133190909984}, "keymash": {"dsfb-alt": 0.0268869066921716, "sfb": 0.00976138383419604, "dsfb": 0.0, "roll-out": 0.28549790035835526, "sft": 0.0, "oneh-in": 0.006387179666109772, "alternate": 0.2922175745957728, "unknown": 0.01232282349464109, "dsfb-red": 0.012175048129615415, "oneh-out": 0.011276081325709219, "roll-in": 0.20903646357132008, "bad-redirect": 0.0039119423019297, "sfT": 2.873409875499255e-05, "sfR": 0.099723742164827, "redirect": 0.03077421976659702}, "movie": {"dsfb-alt": 0.028627399012147666, "sfb": 0.012392568459498593, "dsfb": 0.0, "roll-out": 0.28718596314286693, "sft": 0.0, "oneh-in": 0.0057147677383687576, "alternate": 0.28401471842865866, "unknown": 0.030236445784519856, "dsfb-red": 0.013148729640004901, "oneh-out": 0.01120897749926996, "roll-in": 0.1780706940956919, "bad-redirect": 0.0030517538767736263, "sfT": 2.631956771689199e-05, "sfR": 0.11567713207251198, "redirect": 0.030644530681970268}, "dutch": {"dsfb-alt": 0.024656760667899135, "sfb": 0.019502302833972786, "dsfb": 0.0, "roll-out": 0.18088206884356312, "sft": 0.0, "oneh-in": 0.005803193969343147, "alternate": 0.24666328539702848,