{"english-450k": {"sft": 0.0, "dsfb-alt": 0.036826558599918964, "roll-out": 0.23448796439924902, "sfT": 0.00013594098348770187, "roll-in": 0.19261083283001063, "sfR": 0.11369548401129392, "oneh-out": 0.014364430588533832, "dsfb-red": 0.023944323250702653, "sfb": 0.02628192347428903, "oneh-in": 0.01308746238235258, "dsfb": 0.0, "redirect": 0.0387387951009793, "unknown": 0.00015377410175167997, "alternate": 0.29792533594963694, "bad-redirect": 0.0077471743277937625}, "shai": {"sft": 0.0, "dsfb-alt": 0.029290932592031353, "roll-out": 0.2702562257073791, "sfT": 2.7607626005803135e-05, "roll-in": 0.2111260590599613, "sfR": 0.09823378925716947, "oneh-out": 0.012346189954090758, "dsfb-red": 0.023814408634046037, "sfb": 0.014556607515466927, "oneh-in": 0.0076928748560594964, "dsfb": 0.0, "redirect": 0.037761697691347594, "unknown": 0.023260762136131256, "alternate": 0.26559210442796444, "bad-redirect": 0.006040740542346453}, "tr-quotes": {"sft": 0.0, "dsfb-alt": 0.02469429740412843, "roll-out": 0.28968701601904717, "sfT": 2.080395737500289e-05, "roll-in": 0.20963801114167496, "sfR": 0.09677191928064538, "oneh-out": 0.017344721573703797, "dsfb-red": 0.029882573218372205, "sfb": 0.011958808164397493, "oneh-in": 0.007551836527126049, "dsfb": 0.0, "redirect": 0.04048681260257507, "unknown": 0.013835787429786644, "alternate": 0.25260974087515314, "bad-redirect": 0.005517671806014655}, "gutenberg": {"sft": 0.0, "dsfb-alt": 0.022387070106383907, "roll-out": 0.2767978213255043, "sfT": 0.00015401210046362757, "roll-in": 0.2166357316408294, "sfR": 0.09863878308844841, "oneh-out": 0.017004224061274463, "dsfb-red": 0.028149168580925307, "sfb": 0.01219688694754079, "oneh-in": 0.006910464222401809, "dsfb": 0.0, "redirect": 0.03794399718421173, "unknown": 0.032975828246008664, "alternate": 0.24465380997142155, "bad-redirect": 0.0055522025245860526}, "english-200": {"sft": 0.0, "dsfb-alt": 0.017817371937639197, "roll-out": 0.28507795100222716, "sfT": 0.0, "roll-in": 0.23608017817371937, "sfR": 0.10690423162583519, "oneh-out": 0.013363028953229399, "dsfb-red": 0.031180400890868598, "sfb": 0.008908685968819599, "oneh-in": 0.004454342984409799, "dsfb": 0.0, "redirect": 0.0378619153674833, "unknown": 0.0, "alternate": 0.25389755011135856, "bad-redirect": 0.004454342984409799}, "monkeyracer": {"sft": 0.0, "dsfb-alt": 0.024574972238297074, "roll-out": 0.2903307161737335, "sfT": 1.8572970267607176e-05, "roll-in": 0.20985208095468977, "sfR": 0.09690789370786869, "oneh-out": 0.017354974427952516, "dsfb-red": 0.02995135836839389, "sfb": 0.011886700971268593, "oneh-in": 0.0075552887999124135, "dsfb": 0.0, "redirect": 0.040329738648982594, "unknown": 0.013436077701487402, "alternate": 0.25225514960038786, "bad-redirect": 0.005546475436758059}, "chained-bigrams": {"sft": 0.0, "dsfb-alt": 0.04398325053616335, "roll-out": 0.23249198595683812, "sfT": 3.0517320527313326e-05, "roll-in": 0.19694450198005467, "sfR": 0.11914286586209158, "oneh-out": 0.01745136220877873, "dsfb-red": 0.03364696914309312, "sfb": 0.015565781383006008, "oneh-in": 0.013030895865162791, "dsfb": 0.0, "redirect": 0.040114693180807334, "unknown": 0.022916559801936097, "alternate": 0.25748761938278397, "bad-redirect": 0.0071929973787569585}, "english-5k": {"sft": 0.0, "dsfb-alt": 0.03347575393039366, "roll-out": 0.21753017795661012, "sfT": 0.0, "roll-in": 0.22433318123366658, "sfR": 0.10644211224955408, "oneh-out": 0.011863774007549675, "dsfb-red": 0.02480607292487659, "sfb": 0.018542332102708756, "oneh-in": 0.009706724187995189, "dsfb": 0.0, "redirect": 0.044095076118969595, "unknown": 0.002157049819554486, "alternate": 0.30074252291865433, "bad-redirect": 0.00630522254946696}, "mt-quotes": {"sft": 0.0, "dsfb-alt": 0.024052425861512534, "roll-out": 0.29786877995720823, "sfT": 7.470625500531909e-06, "roll-in": 0.21096149938442046, "sfR": 0.0964592223377679, "oneh-out": 0.017663546933457643, "dsfb-red": 0.031139061211317102, "sfb": 0.011113302494591267, "oneh-in": 0.00728834223831893, "dsfb": 0.0, "redirect": 0.040289083324368584, "unknown": 0.007977133909467972, "alternate": 0.24959808034807138, "bad-redirect": 0.005582051373997442}, "wordle": {"sft": 0.0, "dsfb-alt": 0.044945585100415124, "roll-out": 0.2183327723549871, "sfT": 0.0001795130707954673, "roll-in": 0.2041512397621452, "sfR": 0.13138112868843263, "oneh-out": 0.013463480309660047, "dsfb-red": 0.021923033770896442, "sfb": 0.0284079434533827, "oneh-in": 0.013822506451250981, "dsfb": 0.0, "redirect": 0.03473577919892292, "unknown": 0.0, "alternate": 0.2779535509929317, "bad-redirect": 0.010703466846179737}, "english-1k": {"sft": 0.0, "dsfb-alt": 0.027170077628793227, "roll-out": 0.21877205363443897, "sfT": 0.0, "roll-in": 0.25405786873676783, "sfR": 0.10832745236414962, "oneh-out": 0.015172900494001412, "dsfb-red": 0.02611150317572336, "sfb": 0.011291460832745237, "oneh-in": 0.008821453775582216, "dsfb": 0.0, "redirect": 0.04022582921665491, "unknown": 0.0, "alternate": 0.2854622441778405, "bad-redirect": 0.0045871559633027525}, "english-10k": {"sft": 0.0, "dsfb-alt": 0.036240134308484974, "roll-out": 0.24391655892398834, "sfT": 7.718878446961657e-05, "roll-in": 0.2110920283282839, "sfR": 0.10567144593890508, "oneh-out": 0.011462534493738059, "dsfb-red": 0.0228285830068891, "sfb": 0.016807857818259008, "oneh-in": 0.009783678431523899, "dsfb": 0.0, "redirect": 0.04231875108546728, "unknown": 0.0, "alternate": 0.29210165762914647, "bad-redirect": 0.007699581250844252}, "reddit": {"sft": 0.0, "dsfb-alt": 0.027899068003371916, "roll-out": 0.2759464411430729, "sfT": 8.618950791634337e-05, "roll-in": 0.20402333821590715, "sfR": 0.10397777127267367, "oneh-out": 0.012674839499666348, "dsfb-red": 0.027748976148430245, "sfb": 0.013535236282299294, "oneh-in": 0.007731809415932173, "dsfb": 0.0, "redirect": 0.03944909884018739, "unknown": 0.039285409944231534, "alternate": 0.2421110848284928, "bad-redirect": 0.005530736897818237}, "akl": {"sft": 0.0, "dsfb-alt": 0.026478371347997114, "roll-out": 0.22826113356057573, "sfT": 0.0001177070169071404, "roll-in": 0.17791645386214783, "sfR": 0.13064861186637447, "oneh-out": 0.009408136060219147, "dsfb-red": 0.027542700728204687, "sfb": 0.01883359214958437, "oneh-in": 0.007914067354850805, "dsfb": 0.0, "redirect": 0.032030416639601544, "unknown": 0.13277008071454782, "alternate": 0.2032719635203125, "bad-redirect": 0.004806765178676855}, "french": {"sft": 0.0, "dsfb-alt": 0.0228575210843531, "roll-out": 0.17955656844768214, "sfT": 4.7567336733881034e-05, "roll-in": 0.1835505018219189, "sfR": 0.10898279115633469, "oneh-out": 0.014033757647460654, "dsfb-red": 0.024794672781893512, "sfb": 0.046806184436947236, "oneh-in": 0.007188735491344295, "dsfb": 0.0, "redirect": 0.04232796313832538, "unknown": 0.15807953387545715, "alternate": 0.20631234888662395, "bad-redirect": 0.005461853894925146}, "keymash": {"sft": 0.0, "dsfb-alt": 0.02489604413557569, "roll-out": 0.2872629949961619, "sfT": 2.462922750427933e-05, "roll-in": 0.21033770775779617, "sfR": 0.099723742164827, "oneh-out": 0.016710930861653525, "dsfb-red": 0.02975210682516943, "sfb": 0.012786673945971685, "oneh-in": 0.007934716127628657, "dsfb": 0.0, "redirect": 0.03976799267690969, "unknown": 0.01232282349464109, "alternate": 0.2529503762114501, "bad-redirect": 0.005529261574710709}, "movie": {"sft": 0.0, "dsfb-alt": 0.024643406046841725, "roll-out": 0.2849424831906791, "sfT": 1.3686175212783836e-05, "roll-in": 0.1912677201424573, "sfR": 0.11567713207251198, "oneh-out": 0.01957517848943842, "dsfb-red": 0.03251269359851526, "sfb": 0.010902617731045339, "oneh-in": 0.007361188296898936, "dsfb": 0.0, "redirect": 0.04067939226538968, "unknown": 0.030236445784519856, "alternate": 0.23701060244306124, "bad-redirect": 0.0051774537634284076}, "dutch": {"sft": 0.0, "dsfb-alt": 0.021487564510066687, "roll-out": 0.1729258885488533, "sfT": 3.41043706346809e-05, "roll-in": 0.22491771468871657, "sfR": 0.18880787437283908, "oneh-out": 0.008490500032114053, "dsfb-red": 0.01402347693233804,