{"english-450k": {"sft": 0.0, "unknown": 0.00015377410175167997, "sfT": 4.092846814683497e-05, "redirect": 0.027289348483103267, "oneh-in": 0.0028427744589987376, "sfR": 0.11369548401129392, "sfb": 0.029696234756338213, "roll-in": 0.19413834173049072, "dsfb-red": 0.006454127080554826, "alternate": 0.3791885171089767, "oneh-out": 0.006921003963629794, "roll-out": 0.19042320620756228, "bad-redirect": 0.004908785061810758, "dsfb-alt": 0.04424747456734224, "dsfb": 0.0}, "shai": {"sft": 0.0, "unknown": 0.023260762136131256, "sfT": 3.324294122582968e-05, "redirect": 0.024564350655322136, "oneh-in": 0.002525836526936652, "sfR": 0.09823378925716947, "sfb": 0.013828966789725025, "roll-in": 0.22683244117830106, "dsfb-red": 0.005018329482018545, "alternate": 0.34763853973501013, "oneh-out": 0.015470612295576619, "roll-out": 0.2050588526622065, "bad-redirect": 0.004875298524631127, "dsfb-alt": 0.03265897781574563, "dsfb": 0.0}, "tr-quotes": {"sft": 0.0, "unknown": 0.013835787429786644, "sfT": 1.271352950694621e-05, "redirect": 0.022971036268232357, "oneh-in": 0.002126626753889184, "sfR": 0.09677191928064538, "sfb": 0.012134486026675297, "roll-in": 0.22957513695938606, "dsfb-red": 0.005721088278125795, "alternate": 0.35291948868495876, "oneh-out": 0.02468967430248954, "roll-out": 0.20389149580453525, "bad-redirect": 0.004364207947111717, "dsfb-alt": 0.03098633873465708, "dsfb": 0.0}, "gutenberg": {"sft": 0.0, "unknown": 0.032975828246008664, "sfT": 9.092965341025981e-06, "redirect": 0.019639857952726433, "oneh-in": 0.002270589220365363, "sfR": 0.09863878308844841, "sfb": 0.011487446214162825, "roll-in": 0.23270622182364725, "dsfb-red": 0.004619794703575013, "alternate": 0.331738465099873, "oneh-out": 0.015577765123401012, "roll-out": 0.21438332835114607, "bad-redirect": 0.0045320854753897, "dsfb-alt": 0.03142074173591528, "dsfb": 0.0}, "english-200": {"sft": 0.0, "unknown": 0.0, "sfT": 0.0, "redirect": 0.0200445434298441, "oneh-in": 0.0022271714922048997, "sfR": 0.10690423162583519, "sfb": 0.008908685968819599, "roll-in": 0.26057906458797325, "dsfb-red": 0.0022271714922048997, "alternate": 0.34966592427616927, "oneh-out": 0.015590200445434299, "roll-out": 0.2026726057906459, "bad-redirect": 0.004454342984409799, "dsfb-alt": 0.026726057906458798, "dsfb": 0.0}, "monkeyracer": {"sft": 0.0, "unknown": 0.013436077701487402, "sfT": 1.4662871263900401e-05, "redirect": 0.0229317531319893, "oneh-in": 0.0021446893035331656, "sfR": 0.09690789370786869, "sfb": 0.012063632951186324, "roll-in": 0.22902231884511315, "dsfb-red": 0.005666710981122042, "alternate": 0.35300764815365127, "oneh-out": 0.0252093858016485, "roll-out": 0.2042322911616122, "bad-redirect": 0.004394951280166414, "dsfb-alt": 0.03096798410935765, "dsfb": 0.0}, "chained-bigrams": {"sft": 0.0, "unknown": 0.022916559801936097, "sfT": 5.519089882599218e-05, "redirect": 0.030645882856343284, "oneh-in": 0.009716844716834977, "sfR": 0.11914286586209158, "sfb": 0.015054129285654456, "roll-in": 0.1903079587224021, "dsfb-red": 0.01244197650945485, "alternate": 0.3548722850135932, "oneh-out": 0.0075325837327098275, "roll-out": 0.185158323209591, "bad-redirect": 0.005283392279377628, "dsfb-alt": 0.046872007111184985, "dsfb": 0.0}, "english-5k": {"sft": 0.0, "unknown": 0.002157049819554486, "sfT": 0.0, "redirect": 0.027294976562824078, "oneh-in": 0.002447421910648359, "sfR": 0.10644211224955408, "sfb": 0.016177873646658646, "roll-in": 0.22072427095864272, "dsfb-red": 0.00543410627618534, "alternate": 0.36483179159580204, "oneh-out": 0.006761521549757332, "roll-out": 0.20247231094702783, "bad-redirect": 0.006595594640560833, "dsfb-alt": 0.038660969842784255, "dsfb": 0.0}, "mt-quotes": {"sft": 0.0, "unknown": 0.007977133909467972, "sfT": 7.470625500531909e-06, "redirect": 0.022550830135905617, "oneh-in": 0.002094763390349147, "sfR": 0.0964592223377679, "sfb": 0.011171573373495416, "roll-in": 0.2311052939840547, "dsfb-red": 0.005761346386010208, "alternate": 0.3556391269528215, "oneh-out": 0.026862875174812638, "roll-out": 0.2051418821195061, "bad-redirect": 0.004371810042911273, "dsfb-alt": 0.030856671567396996, "dsfb": 0.0}, "wordle": {"sft": 0.0, "unknown": 0.0, "sfT": 8.975653539773365e-05, "redirect": 0.02564792998990239, "oneh-in": 0.0019522046449007068, "sfR": 0.13138112868843263, "sfb": 0.028587456524178167, "roll-in": 0.18799506339055314, "dsfb-red": 0.008437114327386962, "alternate": 0.3550768540334343, "oneh-out": 0.008930775272074499, "roll-out": 0.19575900370245708, "bad-redirect": 0.0046000224391338496, "dsfb-alt": 0.05154269045214855, "dsfb": 0.0}, "english-1k": {"sft": 0.0, "unknown": 0.0, "sfT": 0.0, "redirect": 0.02646436132674665, "oneh-in": 0.0028228652081863093, "sfR": 0.10832745236414962, "sfb": 0.011291460832745237, "roll-in": 0.25052928722653495, "dsfb-red": 0.00529287226534933, "alternate": 0.34227240649259, "oneh-out": 0.009174311926605505, "roll-out": 0.20889202540578689, "bad-redirect": 0.0045871559633027525, "dsfb-alt": 0.030345800988002825, "dsfb": 0.0}, "english-10k": {"sft": 0.0, "unknown": 0.0, "sfT": 1.929719611740414e-05, "redirect": 0.026707319426487332, "oneh-in": 0.0023735551224407093, "sfR": 0.10567144593890508, "sfb": 0.016769263426024198, "roll-in": 0.21641805445668744, "dsfb-red": 0.005518998089577585, "alternate": 0.3686922290191235, "oneh-out": 0.009204762548001776, "roll-out": 0.205032708747419, "bad-redirect": 0.0059821307963952835, "dsfb-alt": 0.03761023523282067, "dsfb": 0.0}, "reddit": {"sft": 0.0, "unknown": 0.039285409944231534, "sfT": 7.221789276953933e-05, "redirect": 0.023584760601243922, "oneh-in": 0.0018828717924514696, "sfR": 0.10397777127267367, "sfb": 0.013628317954255884, "roll-in": 0.21966900007622583, "dsfb-red": 0.005090724664227065, "alternate": 0.3416812797400156, "oneh-out": 0.01941964607613931, "roll-out": 0.1946165081937155, "bad-redirect": 0.004216168979381005, "dsfb-alt": 0.03287532281266967, "dsfb": 0.0}, "akl": {"sft": 0.0, "unknown": 0.13277008071454782, "sfT": 0.00012964078877241092, "redirect": 0.021037806757544027, "oneh-in": 0.0029914976446366354, "sfR": 0.13064861186637447, "sfb": 0.017754932360097588, "roll-in": 0.18807009240371442, "dsfb-red": 0.006895027009485965, "alternate": 0.2955036636061936, "oneh-out": 0.016374123303239393, "roll-out": 0.1563437275168541, "bad-redirect": 0.004126762550776285, "dsfb-alt": 0.02735403347776327, "dsfb": 0.0}, "french": {"sft": 0.0, "unknown": 0.15807953387545715, "sfT": 1.6734713427321298e-05, "redirect": 0.020998379819056247, "oneh-in": 0.00034317398904764695, "sfR": 0.10898279115633469, "sfb": 0.035812091970569136, "roll-in": 0.12307476822758995, "dsfb-red": 0.006134478509099736, "alternate": 0.25870969546522077, "oneh-out": 0.012397651009551926, "roll-out": 0.23967360686844177, "bad-redirect": 0.003694011952480665, "dsfb-alt": 0.03208308244372301, "dsfb": 0.0}, "keymash": {"sft": 0.0, "unknown": 0.01232282349464109, "sfT": 0.0, "redirect": 0.02382877761039025, "oneh-in": 0.0023438814841572494, "sfR": 0.099723742164827, "sfb": 0.011317130038216352, "roll-in": 0.22970449031866116, "dsfb-red": 0.005623673613477113, "alternate": 0.35082282144220545, "oneh-out": 0.02404223091542734, "roll-out": 0.20477150234182906, "bad-redirect": 0.004634399642055227, "dsfb-alt": 0.03086452693411271, "dsfb": 0.0}, "movie": {"sft": 0.0, "unknown": 0.030236445784519856, "sfT": 1.3028186019861535e-05, "redirect": 0.0219693379668055, "oneh-in": 0.0017261688487123612, "sfR": 0.11567713207251198, "sfb": 0.01251521764505931, "roll-in": 0.21549988294372258, "dsfb-red": 0.00593111458500161, "alternate": 0.3428392154715894, "oneh-out": 0.03574960563417722, "roll-out": 0.18355266525760475, "bad-redirect": 0.0027685553281398684, "dsfb-alt": 0.03152163027613569, "dsfb": 0.0}, "dutch": {"sft": 0.0, "unknown": 0.07290361491625476, "sfT": 1.776941708673437e-05, "redirect": 0.018161222871560037, "oneh-in": 0.001118451221192879, "sfR": 0.18880787437283908, "sfb": 0.01971383241356129, "roll-in": 0.16516897317047535,