{"english-450k": {"alternate": 0.24979228802415482, "roll-in": 0.2149887651354937, "dsfb-red": 0.023858665813795348, "sfT": 6.460851043178949e-05, "sft": 0.0, "bad-redirect": 0.010553405511661397, "dsfb": 0.0, "roll-out": 0.23085907100563, "oneh-out": 0.008794066073749591, "sfR": 0.11369548401129392, "oneh-in": 0.010339115746292612, "dsfb-alt": 0.041495035084467585, "redirect": 0.05394869090294632, "unknown": 0.00015377410175167997, "sfb": 0.04145703007833124}, "shai": {"alternate": 0.24644226991116328, "roll-in": 0.22106514114761647, "dsfb-red": 0.024528189425857366, "sfT": 5.855154440148463e-05, "sft": 0.0, "bad-redirect": 0.0073302020693992165, "dsfb": 0.0, "roll-out": 0.253110330183027, "oneh-out": 0.00783109876571115, "sfR": 0.09823378925716947, "oneh-in": 0.006895918979029506, "dsfb-alt": 0.04301220138634947, "redirect": 0.0462197291456955, "unknown": 0.023621906111313578, "sfb": 0.021650672073266528}, "tr-quotes": {"alternate": 0.24585307782991608, "roll-in": 0.2193326552784263, "dsfb-red": 0.026894893784239846, "sfT": 3.0050160652781953e-05, "sft": 0.0, "bad-redirect": 0.007410831927139918, "dsfb": 0.0, "roll-out": 0.26666743718360647, "oneh-out": 0.010151175423591688, "sfR": 0.09677191928064538, "oneh-in": 0.005938374055153603, "dsfb-alt": 0.0414229906844502, "redirect": 0.046741869119992605, "unknown": 0.01476965396084233, "sfb": 0.01801507131134278}, "gutenberg": {"alternate": 0.23281249585607047, "roll-in": 0.21976560608592172, "dsfb-red": 0.025160803408952707, "sfT": 0.00011252544609519653, "sft": 0.0, "bad-redirect": 0.006965400888003841, "dsfb": 0.0, "roll-out": 0.2616019607464264, "oneh-out": 0.010139414102355722, "sfR": 0.09863878308844841, "oneh-in": 0.006592778745799713, "dsfb-alt": 0.03784757386424127, "redirect": 0.0437367844167791, "unknown": 0.03802431837805746, "sfb": 0.018601554972848027}, "english-200": {"alternate": 0.2739420935412027, "roll-in": 0.21158129175946547, "dsfb-red": 0.031180400890868598, "sfT": 0.0, "sft": 0.0, "bad-redirect": 0.008908685968819599, "dsfb": 0.0, "roll-out": 0.2516703786191537, "oneh-out": 0.0066815144766146995, "sfR": 0.10690423162583519, "oneh-in": 0.008908685968819599, "dsfb-alt": 0.042316258351893093, "redirect": 0.042316258351893093, "unknown": 0.0, "sfb": 0.015590200445434299}, "monkeyracer": {"alternate": 0.24600583386771352, "roll-in": 0.21960289034518354, "dsfb-red": 0.02693276193753226, "sfT": 2.9325742527800803e-05, "sft": 0.0, "bad-redirect": 0.007490772166351252, "dsfb": 0.0, "roll-out": 0.26688087492375306, "oneh-out": 0.010115426122589423, "sfR": 0.09690789370786869, "oneh-in": 0.005916957317359276, "dsfb-alt": 0.0412456793406009, "redirect": 0.04669049220326259, "unknown": 0.014352018393105714, "sfb": 0.01782907393215196}, "chained-bigrams": {"alternate": 0.23429185856325754, "roll-in": 0.20709248501242444, "dsfb-red": 0.0323775784700953, "sfT": 8.181239120088253e-05, "sft": 0.0, "bad-redirect": 0.007068330877879423, "dsfb": 0.0, "roll-out": 0.23395032429522847, "oneh-out": 0.009605813614490923, "sfR": 0.11914286586209158, "oneh-in": 0.008441610301608523, "dsfb-alt": 0.05060875561405069, "redirect": 0.048558900701184134, "unknown": 0.02365222201805197, "sfb": 0.025127442278436135}, "english-5k": {"alternate": 0.25581781225370226, "roll-in": 0.23939104824324886, "dsfb-red": 0.02480607292487659, "sfT": 0.0, "sft": 0.0, "bad-redirect": 0.00866968100551707, "dsfb": 0.0, "roll-out": 0.2206827892313436, "oneh-out": 0.009416352096901314, "sfR": 0.10644211224955408, "oneh-in": 0.010038578006388186, "dsfb-alt": 0.044095076118969595, "redirect": 0.05322105612477704, "unknown": 0.002157049819554486, "sfb": 0.025262371925166963}, "mt-quotes": {"alternate": 0.24671292477976595, "roll-in": 0.22062998290720887, "dsfb-red": 0.027420183837152317, "sfT": 1.792950120127658e-05, "sft": 0.0, "bad-redirect": 0.007380977994525526, "dsfb": 0.0, "roll-out": 0.2721085691062741, "oneh-out": 0.010230274560428396, "sfR": 0.0964592223377679, "oneh-in": 0.0057284756338078675, "dsfb-alt": 0.041363359271345074, "redirect": 0.04643143161090592, "unknown": 0.008869126594231481, "sfb": 0.016647541865385303}, "wordle": {"alternate": 0.2584763828116235, "roll-in": 0.20464490070683272, "dsfb-red": 0.02643329967463256, "sfT": 2.2439133849433412e-05, "sft": 0.0, "bad-redirect": 0.010748345113878604, "dsfb": 0.0, "roll-out": 0.21005273196454616, "oneh-out": 0.010568832043083136, "sfR": 0.13138112868843263, "oneh-in": 0.009132727476719399, "dsfb-alt": 0.04620217659598339, "redirect": 0.05549197800964883, "unknown": 0.0, "sfb": 0.036845057780769665}, "english-1k": {"alternate": 0.2681721947776994, "roll-in": 0.24523641496118562, "dsfb-red": 0.016937191249117856, "sfT": 0.0, "sft": 0.0, "bad-redirect": 0.007410021171489062, "dsfb": 0.0, "roll-out": 0.22230063514467185, "oneh-out": 0.010938602681721948, "sfR": 0.10832745236414962, "oneh-in": 0.010938602681721948, "dsfb-alt": 0.04481298517995766, "redirect": 0.05045871559633028, "unknown": 0.0, "sfb": 0.014467184191954835}, "english-10k": {"alternate": 0.26259624476563553, "roll-in": 0.2260087609270373, "dsfb-red": 0.02273209702630208, "sfT": 1.929719611740414e-05, "sft": 0.0, "bad-redirect": 0.00787325601590089, "dsfb": 0.0, "roll-out": 0.2325505104108373, "oneh-out": 0.008471469095540418, "sfR": 0.10567144593890508, "oneh-in": 0.008799521429536288, "dsfb-alt": 0.047876343567279676, "redirect": 0.05040427625865962, "unknown": 0.0, "sfb": 0.026996777368248393}, "reddit": {"alternate": 0.2395773530231972, "roll-in": 0.21084658061575118, "dsfb-red": 0.025907607169873302, "sfT": 7.746193062624863e-05, "sft": 0.0, "bad-redirect": 0.006234636607841672, "dsfb": 0.0, "roll-out": 0.2491688855501848, "oneh-out": 0.008551602362588884, "sfR": 0.10397777127267367, "oneh-in": 0.005582652872599659, "dsfb-alt": 0.043223045598594745, "redirect": 0.04475614006600371, "unknown": 0.041217688064775854, "sfb": 0.020878574865289094}, "akl": {"alternate": 0.21009190412669584, "roll-in": 0.17989834946546215, "dsfb-red": 0.021623475760223887, "sfT": 0.00021952704559612563, "sft": 0.0, "bad-redirect": 0.00492471927160605, "dsfb": 0.0, "roll-out": 0.2088820222618955, "oneh-out": 0.006466152450402392, "sfR": 0.13064861186637447, "oneh-in": 0.00431666518132798, "dsfb-alt": 0.03836932493864546, "redirect": 0.04006359934468521, "unknown": 0.13295000147380848, "sfb": 0.021545646813276472}, "french": {"alternate": 0.19591631642499538, "roll-in": 0.2389072858372802, "dsfb-red": 0.017543163387898835, "sfT": 5.020414028196389e-05, "sft": 0.0, "bad-redirect": 0.007559820645221933, "dsfb": 0.0, "roll-out": 0.15062967992366094, "oneh-out": 0.0034242789349824623, "sfR": 0.10898279115633469, "oneh-in": 0.008606691581164191, "dsfb-alt": 0.027838158331753123, "redirect": 0.03882458009690043, "unknown": 0.15822382396052298, "sfb": 0.04349320557900288}, "keymash": {"alternate": 0.24857868832944055, "roll-in": 0.22044390077705212, "dsfb-red": 0.026702187485889504, "sfT": 3.283897000570577e-05, "sft": 0.0, "bad-redirect": 0.007117846748736726, "dsfb": 0.0, "roll-out": 0.2623176924055777, "oneh-out": 0.009248274927856888, "sfR": 0.099723742164827, "oneh-in": 0.005964377927286311, "dsfb-alt": 0.04111028557589291, "redirect": 0.047242963224458465, "unknown": 0.013394194891077241, "sfb": 0.018123006571898873}, "movie": {"alternate": 0.23582319514551364, "roll-in": 0.20998303835458484, "dsfb-red": 0.02922656397122271, "sfT": 2.3819208783787253e-05, "sft": 0.0, "bad-redirect": 0.00835922630472348, "dsfb": 0.0, "roll-out": 0.2503018525422531, "oneh-out": 0.009375161618595512, "sfR": 0.11567713207251198, "oneh-in": 0.004959790938409711, "dsfb-alt": 0.04219224101775663, "redirect": 0.046163995384074216, "unknown": 0.030451476652766863, "sfb": 0.017462506788803497}, "dutch": {"alternate": 0.19307490133849434, "roll-in": 0.2303650361848807, "dsfb-red": 0.02436936589790299, "sfT": 0.00021741088009753204, "sft": 0.0, "bad-redirect": 0.003946424364736167, "dsfb": 0.0, "roll-out": 0.1437124110036407, "oneh-out": 0.004500378321827561,