{"english-450k": {"roll-out": 0.0, "unknown": 0.0001543587941537776, "dsfb-red": 0.27121249417500193, "oneh-out": 0.052484913474294875, "sfT": 0.03924952391421159, "dsfb": 0.0, "sfR": 0.11369548401129392, "oneh-in": 0.051192158573256985, "alternate": 0.0, "dsfb-alt": 0.0, "redirect": 0.2269872379189394, "sfb": 0.24229974723747458, "bad-redirect": 0.002724081901372916, "sft": 0.0, "roll-in": 0.0}, "shai": {"roll-out": 0.0, "unknown": 0.031793109309943265, "dsfb-red": 0.23716147856428269, "oneh-out": 0.07694894048333045, "sfT": 0.03654542946520549, "dsfb": 0.0, "sfR": 0.09823378925716947, "oneh-in": 0.08013122543645051, "alternate": 0.0, "dsfb-alt": 0.0, "redirect": 0.21921981924881248, "sfb": 0.2147110600492378, "bad-redirect": 0.005255148185567834, "sft": 0.0, "roll-in": 0.0}, "tr-quotes": {"roll-out": 0.0, "unknown": 0.039616513719054114, "dsfb-red": 0.22163149256836412, "oneh-out": 0.07649615126788563, "sfT": 0.04428700214974226, "dsfb": 0.0, "sfR": 0.09677191928064538, "oneh-in": 0.08855666766833868, "alternate": 0.0, "dsfb-alt": 0.0, "redirect": 0.21504472850835626, "sfb": 0.2123043850119045, "bad-redirect": 0.005291139825709068, "sft": 0.0, "roll-in": 0.0}, "gutenberg": {"roll-out": 0.0, "unknown": 0.04011588984327138, "dsfb-red": 0.21053984556356115, "oneh-out": 0.08949372263348947, "sfT": 0.032740547767809616, "dsfb": 0.0, "sfR": 0.09863878308844841, "oneh-in": 0.0990635003445855, "alternate": 0.0, "dsfb-alt": 0.0, "redirect": 0.21273996430253356, "sfb": 0.21089257684408177, "bad-redirect": 0.005775169612219127, "sft": 0.0, "roll-in": 0.0}, "english-200": {"roll-out": 0.0, "unknown": 0.0, "dsfb-red": 0.26057906458797325, "oneh-out": 0.06904231625835189, "sfT": 0.0400890868596882, "dsfb": 0.0, "sfR": 0.10690423162583519, "oneh-in": 0.0801781737193764, "alternate": 0.0, "dsfb-alt": 0.0, "redirect": 0.21158129175946547, "sfb": 0.22717149220489977, "bad-redirect": 0.004454342984409799, "sft": 0.0, "roll-in": 0.0}, "monkeyracer": {"roll-out": 0.0, "unknown": 0.03912933825484461, "dsfb-red": 0.22157260271830082, "oneh-out": 0.0764522107699767, "sfT": 0.04475303814692588, "dsfb": 0.0, "sfR": 0.09690789370786869, "oneh-in": 0.08848749550338615, "alternate": 0.0, "dsfb-alt": 0.0, "redirect": 0.21484527738242332, "sfb": 0.21252463362372334, "bad-redirect": 0.005327509892550479, "sft": 0.0, "roll-in": 0.0}, "chained-bigrams": {"roll-out": 0.0, "unknown": 0.033665798979163164, "dsfb-red": 0.25535530277402446, "oneh-out": 0.059885371749661874, "sfT": 0.0339488958249059, "dsfb": 0.0, "sfR": 0.11914286586209158, "oneh-in": 0.07548167045319519, "alternate": 0.0, "dsfb-alt": 0.0, "redirect": 0.22207064564910664, "sfb": 0.1939219886384665, "bad-redirect": 0.006527460069384699, "sft": 0.0, "roll-in": 0.0}, "english-5k": {"roll-out": 0.0, "unknown": 0.0022400132741527356, "dsfb-red": 0.2683452938980379, "oneh-out": 0.061724810221097604, "sfT": 0.033392790475795416, "dsfb": 0.0, "sfR": 0.10644211224955408, "oneh-in": 0.05633218567221139, "alternate": 0.0, "dsfb-alt": 0.0, "redirect": 0.23097025760152654, "sfb": 0.23773177915128385, "bad-redirect": 0.002820757456340482, "sft": 0.0, "roll-in": 0.0}, "mt-quotes": {"roll-out": 0.0, "unknown": 0.03468910244916987, "dsfb-red": 0.2214158927098648, "oneh-out": 0.07725523242610058, "sfT": 0.04588159357406677, "dsfb": 0.0, "sfR": 0.0964592223377679, "oneh-in": 0.09155400963411865, "alternate": 0.0, "dsfb-alt": 0.0, "redirect": 0.21578901758286417, "sfb": 0.21175936218787728, "bad-redirect": 0.005196567098169996, "sft": 0.0, "roll-in": 0.0}, "wordle": {"roll-out": 0.0, "unknown": 0.0, "dsfb-red": 0.2324245484124313, "oneh-out": 0.05921687422865477, "sfT": 0.06691349713901043, "dsfb": 0.0, "sfR": 0.13138112868843263, "oneh-in": 0.04826657691013127, "alternate": 0.0, "dsfb-alt": 0.0, "redirect": 0.1837540670930102, "sfb": 0.2747223157186133, "bad-redirect": 0.003320991809716145, "sft": 0.0, "roll-in": 0.0}, "english-1k": {"roll-out": 0.0, "unknown": 0.0, "dsfb-red": 0.24523641496118562, "oneh-out": 0.06457304163726182, "sfT": 0.04163726182074806, "dsfb": 0.0, "sfR": 0.10832745236414962, "oneh-in": 0.07304163726182075, "alternate": 0.0, "dsfb-alt": 0.0, "redirect": 0.21277346506704306, "sfb": 0.2508821453775582, "bad-redirect": 0.0035285815102328866, "sft": 0.0, "roll-in": 0.0}, "english-10k": {"roll-out": 0.0, "unknown": 0.0, "dsfb-red": 0.2646417475540804, "oneh-out": 0.07356091159954459, "sfT": 0.03340344647922657, "dsfb": 0.0, "sfR": 0.10567144593890508, "oneh-in": 0.05316377530344841, "alternate": 0.0, "dsfb-alt": 0.0, "redirect": 0.22938577024758303, "sfb": 0.23735551224407095, "bad-redirect": 0.002817390633141005, "sft": 0.0, "roll-in": 0.0}, "reddit": {"roll-out": 0.0, "unknown": 0.06027826737738363, "dsfb-red": 0.2184930245868588, "oneh-out": 0.06843278370197983, "sfT": 0.04544943932807394, "dsfb": 0.0, "sfR": 0.10397777127267367, "oneh-in": 0.08023913561774859, "alternate": 0.0, "dsfb-alt": 0.0, "redirect": 0.20560527715021004, "sfb": 0.2124566126100007, "bad-redirect": 0.005067688355070807, "sft": 0.0, "roll-in": 0.0}, "akl": {"roll-out": 0.0, "unknown": 0.15113620503040356, "dsfb-red": 0.18648119592108126, "oneh-out": 0.05349156345333511, "sfT": 0.04595184097950027, "dsfb": 0.0, "sfR": 0.13064861186637447, "oneh-in": 0.068816033692077, "alternate": 0.0, "dsfb-alt": 0.0, "redirect": 0.17266033152215904, "sfb": 0.186889414924721, "bad-redirect": 0.00392480261034829, "sft": 0.0, "roll-in": 0.0}, "french": {"roll-out": 0.0, "unknown": 0.1845785256052277, "dsfb-red": 0.17162919836243112, "oneh-out": 0.07164043923573868, "sfT": 0.03620108042126472, "dsfb": 0.0, "sfR": 0.10898279115633469, "oneh-in": 0.030308363837479833, "alternate": 0.0, "dsfb-alt": 0.0, "redirect": 0.17548120878206, "sfb": 0.218178983618004, "bad-redirect": 0.002999408981459271, "sft": 0.0, "roll-in": 0.0}, "keymash": {"roll-out": 0.0, "unknown": 0.03457533054475746, "dsfb-red": 0.2202838107982743, "oneh-out": 0.07714695028590428, "sfT": 0.04383592008636649, "dsfb": 0.0, "sfR": 0.099723742164827, "oneh-in": 0.0891988522779983, "alternate": 0.0, "dsfb-alt": 0.0, "redirect": 0.21427838415848086, "sfb": 0.21537027991117058, "bad-redirect": 0.005586729772220694, "sft": 0.0, "roll-in": 0.0}, "movie": {"roll-out": 0.0, "unknown": 0.08496732886260383, "dsfb-red": 0.19223206910360421, "oneh-out": 0.06327605712872729, "sfT": 0.05584209522709115, "dsfb": 0.0, "sfR": 0.11567713207251198, "oneh-in": 0.07894646455168762, "alternate": 0.0, "dsfb-alt": 0.0, "redirect": 0.19964247499213375, "sfb": 0.20462740111771308, "bad-redirect": 0.004788976943927082, "sft": 0.0, "roll-in": 0.0}, "dutch": {"roll-out": 0.0, "unknown": 0.07489956334571263, "dsfb-red": 0.1766984738634826, "oneh-out": 0.07258026890381775, "sfT": 0.04054950496842585, "dsfb": 0.0, "sfR": 0.18880787437283908, "oneh-in": 0.03183807962054423, "alternate": 0.0, "dsfb-alt": 0.0, "redirect": 0.16365102385373004, "sfb": 0.24206758697304848, "bad-redirect": 0.008907624098399321, "sft": 0.0, "roll-in": 0.0}}