{"english-450k": {"unknown": 0.00015377410175167997, "sfT": 0.00012863232846148135, "alternate": 0.3380694392390579, "sfb": 0.030334718859428837, "redirect": 0.03913317012619416, "sfR": 0.11369548401129392, "bad-redirect": 0.003632109201830555, "roll-out": 0.19340016757284245, "dsfb-alt": 0.0472574710533409, "dsfb-red": 0.017610642804979943, "sft": 0.0, "roll-in": 0.20858404456291613, "oneh-in": 0.00352423345364354, "oneh-out": 0.004476112684258502, "dsfb": 0.0}, "shai": {"unknown": 0.023621906111313578, "sfT": 3.6006413112573474e-05, "alternate": 0.3244846086227135, "sfb": 0.017411742293938662, "redirect": 0.035343853310887026, "sfR": 0.09823378925716947, "bad-redirect": 0.0027417705045743586, "roll-out": 0.19884216333558644, "dsfb-alt": 0.039540951711850854, "dsfb-red": 0.015060275424483216, "sft": 0.0, "roll-in": 0.2274440586592966, "oneh-in": 0.0039766128225714814, "oneh-out": 0.0132622615325023, "dsfb": 0.0}, "tr-quotes": {"unknown": 0.01476965396084233, "sfT": 1.0401978687501445e-05, "alternate": 0.3327119114213726, "sfb": 0.014640207114953422, "redirect": 0.03236286724763644, "sfR": 0.09677191928064538, "bad-redirect": 0.0026016504472850836, "roll-out": 0.19392293289567972, "dsfb-alt": 0.038449180555234504, "dsfb-red": 0.014515383370703405, "sft": 0.0, "roll-in": 0.22984905573149025, "oneh-in": 0.004504056771688126, "oneh-out": 0.024890779223781235, "dsfb": 0.0}, "gutenberg": {"unknown": 0.03802431837805746, "sfT": 5.683103338141238e-06, "alternate": 0.31294766278586483, "sfb": 0.0162131360766052, "redirect": 0.030371261986138532, "sfR": 0.09863878308844841, "bad-redirect": 0.0037552052490657925, "roll-out": 0.20384117165889407, "dsfb-alt": 0.042144189424653984, "dsfb-red": 0.011377194009402883, "sft": 0.0, "roll-in": 0.22353141979455202, "oneh-in": 0.004061524518991605, "oneh-out": 0.015088449925987051, "dsfb": 0.0}, "english-200": {"unknown": 0.0, "sfT": 0.0, "alternate": 0.3518930957683742, "sfb": 0.004454342984409799, "redirect": 0.026726057906458798, "sfR": 0.10690423162583519, "bad-redirect": 0.0022271714922048997, "roll-out": 0.20935412026726058, "dsfb-alt": 0.051224944320712694, "dsfb-red": 0.0066815144766146995, "sft": 0.0, "roll-in": 0.21380846325167038, "oneh-in": 0.008908685968819599, "oneh-out": 0.017817371937639197, "dsfb": 0.0}, "monkeyracer": {"unknown": 0.014352018393105714, "sfT": 8.797722758340242e-06, "alternate": 0.3324982013544583, "sfb": 0.014582714234324412, "redirect": 0.03234531648341336, "sfR": 0.09690789370786869, "bad-redirect": 0.0026226989067363185, "roll-out": 0.19408265167274036, "dsfb-alt": 0.03840890251341164, "dsfb-red": 0.014496692056242865, "sft": 0.0, "roll-in": 0.2297192939925239, "oneh-in": 0.0045464676165600515, "oneh-out": 0.025428351345856078, "dsfb": 0.0}, "chained-bigrams": {"unknown": 0.02365222201805197, "sfT": 5.843742228634467e-05, "alternate": 0.3207097679449961, "sfb": 0.018697377912862013, "redirect": 0.040088720993124514, "sfR": 0.11914286586209158, "bad-redirect": 0.007853989555284723, "roll-out": 0.1791171923545671, "dsfb-alt": 0.05433121941369085, "dsfb-red": 0.018667509897026768, "sft": 0.0, "roll-in": 0.20616138208399534, "oneh-in": 0.005037305801082911, "oneh-out": 0.0064820087409397644, "dsfb": 0.0}, "english-5k": {"unknown": 0.002157049819554486, "sfT": 0.0, "alternate": 0.34085535321690796, "sfb": 0.019620857012486, "redirect": 0.03579873065914465, "sfR": 0.10644211224955408, "bad-redirect": 0.003608910275023852, "roll-out": 0.21508275604596175, "dsfb-alt": 0.04368025884597835, "dsfb-red": 0.017463807192931512, "sft": 0.0, "roll-in": 0.20670344713153857, "oneh-in": 0.0025718670925457335, "oneh-out": 0.006014850458373086, "dsfb": 0.0}, "mt-quotes": {"unknown": 0.008869126594231481, "sfT": 0.0, "alternate": 0.33563129773729694, "sfb": 0.01386249267878701, "redirect": 0.03179049975496348, "sfR": 0.0964592223377679, "bad-redirect": 0.0024817417912767, "roll-out": 0.19328450532506186, "dsfb-alt": 0.03830787344162752, "dsfb-red": 0.01432417733471988, "sft": 0.0, "roll-in": 0.23308052736639534, "oneh-in": 0.004709482315535315, "oneh-out": 0.02719905332233657, "dsfb": 0.0}, "wordle": {"unknown": 0.0, "sfT": 0.00022439133849433412, "alternate": 0.3030853809042971, "sfb": 0.03973970604734657, "redirect": 0.03810164927633793, "sfR": 0.13138112868843263, "bad-redirect": 0.001413665432514305, "roll-out": 0.20118927409401996, "dsfb-alt": 0.05890272635476271, "dsfb-red": 0.022663525187927747, "sft": 0.0, "roll-in": 0.1922809379557949, "oneh-in": 0.004644900706832716, "oneh-out": 0.006372714013239089, "dsfb": 0.0}, "english-1k": {"unknown": 0.0, "sfT": 0.0, "alternate": 0.3158080451658433, "sfb": 0.016231474947071278, "redirect": 0.035285815102328866, "sfR": 0.10832745236414962, "bad-redirect": 0.0024700070571630206, "roll-out": 0.23782639378969656, "dsfb-alt": 0.05222300635144672, "dsfb-red": 0.014114326040931546, "sft": 0.0, "roll-in": 0.20042342978122796, "oneh-in": 0.00529287226534933, "oneh-out": 0.011997177134791814, "dsfb": 0.0}, "english-10k": {"unknown": 0.0, "sfT": 3.859439223480828e-05, "alternate": 0.3312363713552421, "sfb": 0.02111113255244013, "redirect": 0.03840142027363424, "sfR": 0.10567144593890508, "bad-redirect": 0.002334960730205901, "roll-out": 0.20215742652592578, "dsfb-alt": 0.04228015669323247, "dsfb-red": 0.016885046602728625, "sft": 0.0, "roll-in": 0.23143127303602787, "oneh-in": 0.003550684085602362, "oneh-out": 0.004901487813820652, "dsfb": 0.0}, "reddit": {"unknown": 0.041217688064775854, "sfT": 6.165490222959633e-05, "alternate": 0.32253683327911375, "sfb": 0.016472084769122805, "redirect": 0.03188633473030756, "sfR": 0.10397777127267367, "bad-redirect": 0.002405702366765386, "roll-out": 0.1864109374148429, "dsfb-alt": 0.03960297389386854, "dsfb-red": 0.013377915146598014, "sft": 0.0, "roll-in": 0.21835634248586497, "oneh-in": 0.004610895200338166, "oneh-out": 0.019082866473498786, "dsfb": 0.0}, "akl": {"unknown": 0.13295000147380848, "sfT": 0.0010904453157388192, "alternate": 0.2752781686863608, "sfb": 0.023662618877848405, "redirect": 0.025091731297018412, "sfR": 0.13064861186637447, "bad-redirect": 0.0018270036450878458, "roll-out": 0.1579274106954219, "dsfb-alt": 0.03431097773837629, "dsfb-red": 0.012937938234107644, "sft": 0.0, "roll-in": 0.18253810968510087, "oneh-in": 0.004447739011028312, "oneh-out": 0.017289243473727775, "dsfb": 0.0}, "french": {"unknown": 0.15822382396052298, "sfT": 3.6540703714625464e-05, "alternate": 0.2425683377454098, "sfb": 0.050458906442959056, "redirect": 0.0218119385865082, "sfR": 0.10898279115633469, "bad-redirect": 0.0018645347270997469, "roll-out": 0.2248369425405899, "dsfb-alt": 0.038241951385642514, "dsfb-red": 0.011616977377259304, "sft": 0.0, "roll-in": 0.12843729253431174, "oneh-in": 0.0004377992800118021, "oneh-out": 0.01248216355963565, "dsfb": 0.0}, "keymash": {"unknown": 0.013394194891077241, "sfT": 4.104871250713221e-06, "alternate": 0.3266451297755046, "sfb": 0.015787334830243048, "redirect": 0.03231354648561448, "sfR": 0.099723742164827, "bad-redirect": 0.002984241399268512, "roll-out": 0.1992873943508762, "dsfb-alt": 0.039201520444311265, "dsfb-red": 0.01476932676006617, "sft": 0.0, "roll-in": 0.2272661967957375, "oneh-in": 0.004326534298251736, "oneh-out": 0.024296732932971556, "dsfb": 0.0}, "movie": {"unknown": 0.030451476652766863, "sfT": 1.5528544952966275e-05, "alternate": 0.3185731004279693, "sfb": 0.0136255086091964, "redirect": 0.029916794634598204, "sfR": 0.11567713207251198, "bad-redirect": 0.0020206848114643827, "roll-out": 0.18514657827853973, "dsfb-alt": 0.044042375030415554, "dsfb-red": 0.014056491530560506, "sft": 0.0, "roll-in": 0.20549976318968946, "oneh-in": 0.004070321147417347, "oneh-out": 0.036904245069917276, "dsfb": 0.0}, "dutch": {"unknown": 0.07325981014373002, "sfT": 0.00032730871796291547, "alternate": 0.28239335149101186, "sfb": 0.031766464028370245, "redirect": 0.03051805041056319, "sfR": 0.18880787437283908, "bad-redirect": 0.0008357184576977957, "roll-out": 0.19828564393552386,