{"english-450k": {"sfR": 0.11369548401129392, "dsfb-red": 0.011381622299232709, "oneh-out": 0.008099451500057591, "dsfb-alt": 0.035431774874715036, "alternate": 0.33422362496426067, "bad-redirect": 0.00630210705600944, "oneh-in": 0.00466993821555387, "sfT": 0.00020990457235305364, "redirect": 0.03226595786355735, "roll-out": 0.2734854858881565, "dsfb": 0.0, "sft": 0.0, "unknown": 0.00015377410175167997, "roll-in": 0.15422723836330565, "sfb": 0.025853636289752506}, "shai": {"sfR": 0.09823378925716947, "dsfb-red": 0.010902186873864616, "oneh-out": 0.01140662499423309, "dsfb-alt": 0.02924933343819561, "alternate": 0.2839933786594328, "bad-redirect": 0.006218721291242689, "oneh-in": 0.003525261229371882, "sfT": 3.765520726348783e-05, "redirect": 0.029467365177405606, "roll-out": 0.35269303818731107, "dsfb": 0.0, "sft": 0.0, "unknown": 0.023260762136131256, "roll-in": 0.13465812524209408, "sfb": 0.016353758306284338}, "tr-quotes": {"sfR": 0.09677191928064538, "dsfb-red": 0.013022121541342087, "oneh-out": 0.014555835510043687, "dsfb-alt": 0.029016897436490142, "alternate": 0.27078084186680845, "bad-redirect": 0.004848477843785395, "oneh-in": 0.005279582071611845, "sfT": 2.4271283604170037e-05, "redirect": 0.03376251126881025, "roll-out": 0.37624881533020504, "dsfb": 0.0, "sft": 0.0, "unknown": 0.013835787429786644, "roll-in": 0.1268267030350662, "sfb": 0.015026236101800698}, "gutenberg": {"sfR": 0.09863878308844841, "dsfb-red": 0.016054577493471063, "oneh-out": 0.016192298031032018, "dsfb-alt": 0.025423741656730708, "alternate": 0.25700546676653774, "bad-redirect": 0.004980671765546982, "oneh-in": 0.0034526747146987405, "sfT": 0.00016784098525310457, "redirect": 0.02982019039911677, "roll-out": 0.38952804857765183, "dsfb": 0.0, "sft": 0.0, "unknown": 0.032975828246008664, "roll-in": 0.11093986026385512, "sfb": 0.014820018011648846}, "english-200": {"sfR": 0.10690423162583519, "dsfb-red": 0.011135857461024499, "oneh-out": 0.017817371937639197, "dsfb-alt": 0.022271714922048998, "alternate": 0.24721603563474387, "bad-redirect": 0.0, "oneh-in": 0.0022271714922048997, "sfT": 0.0, "redirect": 0.0378619153674833, "roll-out": 0.41870824053452116, "dsfb": 0.0, "sft": 0.0, "unknown": 0.0, "roll-in": 0.12249443207126949, "sfb": 0.013363028953229399}, "monkeyracer": {"sfR": 0.09690789370786869, "dsfb-red": 0.013121314731689006, "oneh-out": 0.01472250027370693, "dsfb-alt": 0.0289190922314153, "alternate": 0.2697538201667266, "bad-redirect": 0.004850477814098253, "oneh-in": 0.005306004348030092, "sfT": 2.1505544520387257e-05, "redirect": 0.03378912054053208, "roll-out": 0.3772786101944101, "dsfb": 0.0, "sft": 0.0, "unknown": 0.013436077701487402, "roll-in": 0.12681135336346716, "sfb": 0.015082229382047953}, "chained-bigrams": {"sfR": 0.11914286586209158, "dsfb-red": 0.01791042062607257, "oneh-out": 0.01350229107160597, "dsfb-alt": 0.04046466840983333, "alternate": 0.28618948399106814, "bad-redirect": 0.006116450199304075, "oneh-in": 0.004962635761494803, "sfT": 3.895828152422978e-05, "redirect": 0.03935046155824036, "roll-out": 0.3202013623711049, "dsfb": 0.0, "sft": 0.0, "unknown": 0.022916559801936097, "roll-in": 0.11226348264960467, "sfb": 0.01694035941611925}, "english-5k": {"sfR": 0.10644211224955408, "dsfb-red": 0.008462272369021445, "oneh-out": 0.007674119550338076, "dsfb-alt": 0.03397353465798316, "alternate": 0.31385074874517777, "bad-redirect": 0.006803003277056457, "oneh-in": 0.004604471730202846, "sfT": 0.0, "redirect": 0.03073795992865143, "roll-out": 0.2971750943709296, "dsfb": 0.0, "sft": 0.0, "unknown": 0.002157049819554486, "roll-in": 0.1707387895631974, "sfb": 0.017380843738333263}, "mt-quotes": {"sfR": 0.0964592223377679, "dsfb-red": 0.013621938537669883, "oneh-out": 0.015395465031496157, "dsfb-alt": 0.028873967559555826, "alternate": 0.26665800074108603, "bad-redirect": 0.004710976440635422, "oneh-in": 0.005248861476673719, "sfT": 8.96475060063829e-06, "redirect": 0.03459497256786316, "roll-out": 0.38671842316013433, "dsfb": 0.0, "sft": 0.0, "unknown": 0.007977133909467972, "roll-in": 0.12522262463991585, "sfb": 0.014509448847133073}, "wordle": {"sfR": 0.13138112868843263, "dsfb-red": 0.015415684954560754, "oneh-out": 0.0094693144844609, "dsfb-alt": 0.04364411533714799, "alternate": 0.30021317177156964, "bad-redirect": 0.007472231571861326, "oneh-in": 0.003163917872770111, "sfT": 0.00029170874004263433, "redirect": 0.0375406709301021, "roll-out": 0.27182766745203635, "dsfb": 0.0, "sft": 0.0, "unknown": 0.0, "roll-in": 0.14215191293616067, "sfb": 0.03742847526085493}, "english-1k": {"sfR": 0.10832745236414962, "dsfb-red": 0.010938602681721948, "oneh-out": 0.011644318983768526, "dsfb-alt": 0.02646436132674665, "alternate": 0.30804516584333097, "bad-redirect": 0.0045871559633027525, "oneh-in": 0.004234297812279464, "sfT": 0.0, "redirect": 0.026817219477769938, "roll-out": 0.33450952717007765, "dsfb": 0.0, "sft": 0.0, "unknown": 0.0, "roll-in": 0.15031757233592097, "sfb": 0.014114326040931546}, "english-10k": {"sfR": 0.10567144593890508, "dsfb-red": 0.0077574728391964646, "oneh-out": 0.00741012330908319, "dsfb-alt": 0.03228420910441713, "alternate": 0.3165319079137801, "bad-redirect": 0.00852936068389263, "oneh-in": 0.0035699812817197663, "sfT": 7.718878446961657e-05, "redirect": 0.030914108180081435, "roll-out": 0.30115204260820905, "dsfb": 0.0, "sft": 0.0, "unknown": 0.0, "roll-in": 0.16740317631848092, "sfb": 0.018698983037764613}, "reddit": {"sfR": 0.10397777127267367, "dsfb-red": 0.012880967644848286, "oneh-out": 0.012107809177703025, "dsfb-alt": 0.029990090641321483, "alternate": 0.2631268287411481, "bad-redirect": 0.005219390878782754, "oneh-in": 0.00518354413429082, "sfT": 9.810096533372589e-05, "redirect": 0.03111029204234111, "roll-out": 0.35492820631243566, "dsfb": 0.0, "sft": 0.0, "unknown": 0.039285409944231534, "roll-in": 0.1257271560814826, "sfb": 0.016364432163407217}, "akl": {"sfR": 0.13064861186637447, "dsfb-red": 0.010853160175209514, "oneh-out": 0.009116932260624782, "dsfb-alt": 0.02829045160135282, "alternate": 0.22182299953107443, "bad-redirect": 0.00436778521029122, "oneh-in": 0.005422775116865106, "sfT": 0.000375481430717425, "redirect": 0.028371541951791368, "roll-out": 0.29523024928018726, "dsfb": 0.0, "sft": 0.0, "unknown": 0.13277008071454782, "roll-in": 0.10862867792116065, "sfb": 0.024101252939803162}, "french": {"sfR": 0.10898279115633469, "dsfb-red": 0.008942164905304369, "oneh-out": 0.01305458963898309, "dsfb-alt": 0.03172495658001066, "alternate": 0.2202379226794215, "bad-redirect": 0.007807650215065039, "oneh-in": 0.0005956179650998975, "sfT": 6.332823066901265e-05, "redirect": 0.020393368241316306, "roll-out": 0.2756267228833183, "dsfb": 0.0, "sft": 0.0, "unknown": 0.15807953387545715, "roll-in": 0.10667669670779946, "sfb": 0.047814656921220534}, "keymash": {"sfR": 0.099723742164827, "dsfb-red": 0.013094539289775177, "oneh-out": 0.014695439077553333, "dsfb-alt": 0.028516540578704747, "alternate": 0.27136893351340036, "bad-redirect": 0.005069515994630828, "oneh-in": 0.0051310890633915265, "sfT": 2.462922750427933e-05, "redirect": 0.032104198051828105, "roll-out": 0.37782876940064775, "dsfb": 0.0, "sft": 0.0, "unknown": 0.01232282349464109, "roll-in": 0.12444327683662201, "sfb": 0.015676503306473792}, "movie": {"sfR": 0.11567713207251198, "dsfb-red": 0.01638853682811572, "oneh-out": 0.014509056497452464, "dsfb-alt": 0.03265508245986365, "alternate": 0.2658573750521292, "bad-redirect": 0.003915562089242022, "oneh-in": 0.007739795278506428, "sfT": 1.6712925500226416e-05, "redirect": 0.032863665034020016, "roll-out": 0.35617560362941575, "dsfb": 0.0, "sft": 0.0, "unknown": 0.030236445784519856, "roll-in": 0.11080432730540661, "sfb": 0.013160705043316087}, "dutch": {"sfR": 0.18880787437283908, "dsfb-red": 0.007043467006567584, "oneh-out": 0.013622024380214029, "dsfb-alt": 0.02491564547506187, "alternate": 0.2534533006270865, "bad-redirect": 0.004198280300558842, "oneh-in": 0.002212391046666721,