{"monkeyracer": {"sfR": 0.09690789370786869, "bad-redirect": 0.004562108012574878, "alternate": 0.29808835259708777, "sft": 0.0, "dsfb-red": 0.015167274035378576, "roll-out": 0.20382270829097393, "dsfb": 0.0, "oneh-in": 0.003256134945336816, "unknown": 0.014352018393105714, "sfT": 3.225831678058088e-05, "oneh-out": 0.020141897492844518, "redirect": 0.042291630824092465, "dsfb-alt": 0.03274121400753867, "roll-in": 0.2522991382141796, "sfb": 0.016337371162237827}, "english-450k": {"sfR": 0.11369548401129392, "bad-redirect": 0.004939481412920883, "alternate": 0.33846469130287593, "sft": 0.0, "dsfb-red": 0.016466399774074856, "roll-out": 0.20232900524527553, "dsfb": 0.0, "oneh-in": 0.004452432641973547, "unknown": 0.00015377410175167997, "sfT": 0.00025609527211876737, "oneh-out": 0.004504470265760238, "redirect": 0.03440154686221899, "dsfb-alt": 0.04678825540065754, "roll-in": 0.1953711656603136, "sfb": 0.038177198048764516}, "shai": {"sfR": 0.09823378925716947, "bad-redirect": 0.005369944510723045, "alternate": 0.3050731886564201, "sft": 0.0, "dsfb-red": 0.014730849449457569, "roll-out": 0.2046793242452006, "dsfb": 0.0, "oneh-in": 0.003168815930478788, "unknown": 0.023621906111313578, "sfT": 7.812033131937901e-05, "oneh-out": 0.010993803320686902, "redirect": 0.036652291452310526, "dsfb-alt": 0.03392385063566046, "roll-in": 0.24325408645502444, "sfb": 0.02022002964423512}, "tr-quotes": {"sfR": 0.09677191928064538, "bad-redirect": 0.004549132012667299, "alternate": 0.29781789602644415, "sft": 0.0, "dsfb-red": 0.015171863803425719, "roll-out": 0.20384526478814638, "dsfb": 0.0, "oneh-in": 0.0031795381521462747, "unknown": 0.01476965396084233, "sfT": 3.1205936062504334e-05, "oneh-out": 0.01965973971937773, "redirect": 0.042296756894200316, "dsfb-alt": 0.03269688634104621, "roll-in": 0.2527888860636601, "sfb": 0.016421257021335615}, "gutenberg": {"sfR": 0.09863878308844841, "bad-redirect": 0.004642716553705516, "alternate": 0.2862778060038577, "sft": 0.0, "dsfb-red": 0.013669568459231122, "roll-out": 0.19865022506983587, "dsfb": 0.0, "oneh-in": 0.0022260715775499233, "unknown": 0.03802431837805746, "sfT": 0.0001206712275465323, "oneh-out": 0.011037912740115853, "redirect": 0.03332439191741466, "dsfb-alt": 0.0318371237738231, "roll-in": 0.2621801217926933, "sfb": 0.019370289417720597}, "english-200": {"sfR": 0.10690423162583519, "bad-redirect": 0.004454342984409799, "alternate": 0.3028953229398664, "sft": 0.0, "dsfb-red": 0.013363028953229399, "roll-out": 0.20489977728285078, "dsfb": 0.0, "oneh-in": 0.004454342984409799, "unknown": 0.0, "sfT": 0.0, "oneh-out": 0.015590200445434299, "redirect": 0.035634743875278395, "dsfb-alt": 0.024498886414253896, "roll-in": 0.27839643652561247, "sfb": 0.008908685968819599}, "chained-bigrams": {"sfR": 0.11914286586209158, "bad-redirect": 0.0035620855406987427, "alternate": 0.3138492145685792, "sft": 0.0, "dsfb-red": 0.02040634786239156, "roll-out": 0.17684267801824416, "dsfb": 0.0, "oneh-in": 0.005708037547991733, "unknown": 0.02365222201805197, "sfT": 9.739570381057445e-05, "oneh-out": 0.0071001468077908775, "redirect": 0.044578013634099925, "dsfb-alt": 0.05117235208676788, "roll-in": 0.21190772860881923, "sfb": 0.021980911740662513}, "english-5k": {"sfR": 0.10644211224955408, "bad-redirect": 0.00551706973078359, "alternate": 0.32911602439125565, "sft": 0.0, "dsfb-red": 0.015555647737171776, "roll-out": 0.2185257394117891, "dsfb": 0.0, "oneh-in": 0.004148172729912474, "unknown": 0.002157049819554486, "sfT": 4.148172729912474e-05, "oneh-out": 0.005143734185091467, "redirect": 0.03301945493010329, "dsfb-alt": 0.03878541502468163, "roll-in": 0.21939685568507072, "sfb": 0.022151242377732607}, "mt-quotes": {"sfR": 0.0964592223377679, "bad-redirect": 0.004576505181625847, "alternate": 0.2990102915336895, "sft": 0.0, "dsfb-red": 0.015308805775689986, "roll-out": 0.2038569345334146, "dsfb": 0.0, "oneh-in": 0.0032781104696334015, "unknown": 0.008869126594231481, "sfT": 1.6435376101170198e-05, "oneh-out": 0.021676766952343385, "redirect": 0.04311148563846954, "dsfb-alt": 0.032220807783794124, "roll-in": 0.25634853755035203, "sfb": 0.015266970272887008}, "wordle": {"sfR": 0.13138112868843263, "bad-redirect": 0.003478065746662179, "alternate": 0.3091215079097947, "sft": 0.0, "dsfb-red": 0.019836194322899136, "roll-out": 0.20753954897340962, "dsfb": 0.0, "oneh-in": 0.003971726691349714, "unknown": 0.0, "sfT": 0.00022439133849433412, "oneh-out": 0.007202961965668125, "redirect": 0.03451138786042859, "dsfb-alt": 0.051811960058341745, "roll-in": 0.19367216425445977, "sfb": 0.037248962190059465}, "english-1k": {"sfR": 0.10832745236414962, "bad-redirect": 0.00529287226534933, "alternate": 0.305575158786168, "sft": 0.0, "dsfb-red": 0.014467184191954835, "roll-out": 0.23465067043048696, "dsfb": 0.0, "oneh-in": 0.005998588567395907, "unknown": 0.0, "sfT": 0.0, "oneh-out": 0.0077628793225123505, "redirect": 0.032462949894142556, "dsfb-alt": 0.030345800988002825, "roll-in": 0.23147494707127736, "sfb": 0.02364149611856034}, "english-10k": {"sfR": 0.10567144593890508, "bad-redirect": 0.007120665367322128, "alternate": 0.33195036761158603, "sft": 0.0, "dsfb-red": 0.014511491480287915, "roll-out": 0.21487427876729512, "dsfb": 0.0, "oneh-in": 0.004013816792420062, "unknown": 0.0, "sfT": 5.789158835221242e-05, "oneh-out": 0.00461202987205959, "redirect": 0.033557824048165805, "dsfb-alt": 0.039211902510565215, "roll-in": 0.2194284170510025, "sfb": 0.02498986897203836}, "reddit": {"sfR": 0.10397777127267367, "bad-redirect": 0.004043939793201367, "alternate": 0.2887324542453015, "sft": 0.0, "dsfb-red": 0.017164073021728857, "roll-out": 0.19501175881845834, "dsfb": 0.0, "oneh-in": 0.0023483925244742057, "unknown": 0.041217688064775854, "sfT": 0.00016353906630280535, "oneh-out": 0.01574507383511659, "redirect": 0.04240992007149871, "dsfb-alt": 0.03265522305234093, "roll-in": 0.23759900228434036, "sfb": 0.01893116394978684}, "akl": {"sfR": 0.13064861186637447, "bad-redirect": 0.0033280646018803524, "alternate": 0.2417902753002573, "sft": 0.0, "dsfb-red": 0.01649222564178182, "roll-out": 0.1686804803740968, "dsfb": 0.0, "oneh-in": 0.002061083468383028, "unknown": 0.13295000147380848, "sfT": 0.0002109288000286015, "oneh-out": 0.014737714101564997, "redirect": 0.037660043802131345, "dsfb-alt": 0.028683253061216323, "roll-in": 0.19663419206499047, "sfb": 0.026123125443486016}, "french": {"sfR": 0.10898279115633469, "bad-redirect": 0.006265015266568179, "alternate": 0.22842871842822898, "sft": 0.0, "dsfb-red": 0.02323774515961898, "roll-out": 0.22005496446959655, "dsfb": 0.0, "oneh-in": 0.001835664724615908, "unknown": 0.15822382396052298, "sfT": 0.00042639810103401203, "oneh-out": 0.010722471737248879, "redirect": 0.020504893045929538, "dsfb-alt": 0.0387685929670187, "roll-in": 0.1583114527329817, "sfb": 0.024237468250300914}, "keymash": {"sfR": 0.099723742164827, "bad-redirect": 0.004909426015853013, "alternate": 0.29794797486176844, "sft": 0.0, "dsfb-red": 0.015434315902681713, "roll-out": 0.20470171953056693, "dsfb": 0.0, "oneh-in": 0.0031607508630491807, "unknown": 0.013394194891077241, "sfT": 2.052435625356611e-05, "oneh-out": 0.01914101464207575, "redirect": 0.04108155147713792, "dsfb-alt": 0.03246132185064016, "roll-in": 0.25128379848366056, "sfb": 0.016739664960408518}, "movie": {"sfR": 0.11567713207251198, "bad-redirect": 0.0031636120395704174, "alternate": 0.2764216547401739, "sft": 0.0, "dsfb-red": 0.017549492960107826, "roll-out": 0.20058524190775281, "dsfb": 0.0, "oneh-in": 0.0017597262975513985, "unknown": 0.030451476652766863, "sfT": 3.5794612094973106e-05, "oneh-out": 0.030117218142762334, "redirect": 0.045840264701156444, "dsfb-alt": 0.035265457186024994, "roll-in": 0.2264811961822414, "sfb": 0.01665173250528464}, "dutch": {"sfR": 0.18880787437283908, "bad-redirect": 0.005141493869694551, "alternate": 0.2529370192686825, "sft": 0.0, "dsfb-red": 0.01156394574873241, "roll-out": 0.1958611315930589, "dsfb": 0.0, "oneh-in": 0.0030515522168576073,