{"english-450k": {"unknown": 0.0, "sft": 0.0, "sfT": 3.537389032690737e-05, "bad-redirect": 0.011367004989180267, "redirect": 0.05336809134766336, "sfb": 0.030867373637739788, "dsfb-alt": 0.042361549224376294, "sfR": 0.11369548401129392, "roll-out": 0.1956196599312051, "dsfb": 0.0, "roll-in": 0.2404316550127726, "oneh-in": 0.012257491517574977, "alternate": 0.26475924413305024, "dsfb-red": 0.021057404515345546, "oneh-out": 0.014179667789470976}, "shai": {"unknown": 0.016772683614515952, "sft": 0.0, "sfT": 7.05730341497006e-05, "bad-redirect": 0.008385345176990699, "redirect": 0.05083394150357022, "sfb": 0.01996694361247857, "dsfb-alt": 0.042350961394065516, "sfR": 0.09823378925716947, "roll-out": 0.22437238611941357, "dsfb": 0.0, "roll-in": 0.2332338380243204, "oneh-in": 0.015004804725490482, "alternate": 0.2518452638426719, "dsfb-red": 0.024591319663875122, "oneh-out": 0.014338150031288384}, "tr-quotes": {"unknown": 0.010735997780911213, "sft": 0.0, "sfT": 3.467326229167148e-05, "bad-redirect": 0.00801299091560528, "redirect": 0.053683456230785236, "sfb": 0.017337786921245463, "dsfb-alt": 0.03908601280599154, "sfR": 0.09677191928064538, "roll-out": 0.2421048981761864, "dsfb": 0.0, "roll-in": 0.22499364323524654, "oneh-in": 0.014357042139571438, "alternate": 0.25211391322438226, "dsfb-red": 0.025921730889253602, "oneh-out": 0.014845935137884006}, "gutenberg": {"unknown": 0.030721151714990094, "sft": 0.0, "sfT": 0.00011157826220550633, "bad-redirect": 0.006611532986815579, "redirect": 0.049910150136223984, "sfb": 0.017558894947077047, "dsfb-alt": 0.041575500217283984, "sfR": 0.09863878308844841, "roll-out": 0.2430917143005445, "dsfb": 0.0, "roll-in": 0.2213572538941571, "oneh-in": 0.014570340338326509, "alternate": 0.23347230415362868, "dsfb-red": 0.0286490922379038, "oneh-out": 0.0137317037223948}, "english-200": {"unknown": 0.0, "sft": 0.0, "sfT": 0.0, "bad-redirect": 0.015590200445434299, "redirect": 0.05790645879732739, "sfb": 0.015590200445434299, "dsfb-alt": 0.0400890868596882, "sfR": 0.10690423162583519, "roll-out": 0.24276169265033407, "dsfb": 0.0, "roll-in": 0.21380846325167038, "oneh-in": 0.0200445434298441, "alternate": 0.24944320712694878, "dsfb-red": 0.024498886414253896, "oneh-out": 0.013363028953229399}, "monkeyracer": {"unknown": 0.01033830176580071, "sft": 0.0, "sfT": 3.421336628243427e-05, "bad-redirect": 0.007978557017063672, "redirect": 0.05387725417207564, "sfb": 0.017206390665811658, "dsfb-alt": 0.03895533884917966, "sfR": 0.09690789370786869, "roll-out": 0.24240561021005053, "dsfb": 0.0, "roll-in": 0.2249773214257785, "oneh-in": 0.01444781581869653, "alternate": 0.2522629697983953, "dsfb-red": 0.02570792342462111, "oneh-out": 0.014900409778375588}, "chained-bigrams": {"unknown": 0.017076064096761982, "sft": 0.0, "sfT": 8.116308650881204e-05, "bad-redirect": 0.009107147610980781, "redirect": 0.05730828142683408, "sfb": 0.021803651559727265, "dsfb-alt": 0.05014515206391236, "sfR": 0.11914286586209158, "roll-out": 0.2286364146953235, "dsfb": 0.0, "roll-in": 0.20518028269427682, "oneh-in": 0.014342491343145193, "alternate": 0.2385798667496911, "dsfb-red": 0.02580077124411324, "oneh-out": 0.01279584756663327}, "english-5k": {"unknown": 0.0, "sft": 0.0, "sfT": 8.296345459824948e-05, "bad-redirect": 0.00875264446011532, "redirect": 0.04807732193968557, "sfb": 0.0194549301032895, "dsfb-alt": 0.042933587754594105, "sfR": 0.10644211224955408, "roll-out": 0.20263823785622434, "dsfb": 0.0, "roll-in": 0.24275106815447794, "oneh-in": 0.012195627825942672, "alternate": 0.2755631144480856, "dsfb-red": 0.025801634380055585, "oneh-out": 0.015306757373377028}, "mt-quotes": {"unknown": 0.006137865911237016, "sft": 0.0, "sfT": 2.689425180191487e-05, "bad-redirect": 0.007926333656064355, "redirect": 0.0545744134064857, "sfb": 0.016214245586354453, "dsfb-alt": 0.03898022973667539, "sfR": 0.0964592223377679, "roll-out": 0.246530641517553, "dsfb": 0.0, "roll-in": 0.22585493838228088, "oneh-in": 0.014551284349936052, "alternate": 0.25239657666057064, "dsfb-red": 0.025447938705011892, "oneh-out": 0.014899415498260838}, "wordle": {"unknown": 0.0, "sft": 0.0, "sfT": 0.0001570739369460339, "bad-redirect": 0.008324918658139795, "redirect": 0.048692920453270505, "sfb": 0.03412992258498822, "dsfb-alt": 0.048782676988668235, "sfR": 0.13138112868843263, "roll-out": 0.1897901940985078, "dsfb": 0.0, "roll-in": 0.22775720857174914, "oneh-in": 0.014091776057444183, "alternate": 0.2627846965107147, "dsfb-red": 0.02241669471558398, "oneh-out": 0.011690788735554807}, "english-1k": {"unknown": 0.0, "sft": 0.0, "sfT": 0.0, "bad-redirect": 0.010232886379675371, "redirect": 0.05010585744530699, "sfb": 0.014820042342978124, "dsfb-alt": 0.03669724770642202, "sfR": 0.10832745236414962, "roll-out": 0.24417784050811575, "dsfb": 0.0, "roll-in": 0.22653493295695132, "oneh-in": 0.016231474947071278, "alternate": 0.24629498941425548, "dsfb-red": 0.02928722653493296, "oneh-out": 0.017290049400141144}, "english-10k": {"unknown": 0.0, "sft": 0.0, "sfT": 1.929719611740414e-05, "bad-redirect": 0.008066227977074932, "redirect": 0.0451940333069605, "sfb": 0.022018100769958124, "dsfb-alt": 0.044402848266146926, "sfR": 0.10567144593890508, "roll-out": 0.19034754250207445, "dsfb": 0.0, "roll-in": 0.25624746724300956, "oneh-in": 0.014974624187105613, "alternate": 0.27442542598560427, "dsfb-red": 0.024295169911811815, "oneh-out": 0.014337816715231277}, "reddit": {"unknown": 0.041052351042636465, "sft": 0.0, "sfT": 8.59647634367701e-05, "bad-redirect": 0.009171110520532561, "redirect": 0.05359564010692593, "sfb": 0.018298096208242243, "dsfb-alt": 0.040812473768105276, "sfR": 0.10397777127267367, "roll-out": 0.22297188240544766, "dsfb": 0.0, "roll-in": 0.21651392469973668, "oneh-in": 0.014155680875574526, "alternate": 0.24218925844997102, "dsfb-red": 0.023736238380476296, "oneh-out": 0.013439607506240873}, "akl": {"unknown": 0.13144916288543582, "sft": 0.0, "sfT": 0.00030348347789051336, "bad-redirect": 0.007501079783985387, "redirect": 0.043608522571123486, "sfb": 0.020560307637319974, "dsfb-alt": 0.032289278187908874, "sfR": 0.13064861186637447, "roll-out": 0.18498636128004453, "dsfb": 0.0, "roll-in": 0.18795201477277418, "oneh-in": 0.01422905869495977, "alternate": 0.21525243275375147, "dsfb-red": 0.020725972110108046, "oneh-out": 0.010493713978323478}, "french": {"unknown": 0.15037208219521925, "sft": 0.0, "sfT": 8.274469315944093e-05, "bad-redirect": 0.008276686628018618, "redirect": 0.039019898323357005, "sfb": 0.04058287860832146, "dsfb-alt": 0.029640323665837708, "sfR": 0.10898279115633469, "roll-out": 0.1471048578715695, "dsfb": 0.0, "roll-in": 0.22033115465941988, "oneh-in": 0.01701031932544932, "alternate": 0.2074918090918874, "dsfb-red": 0.018106135927252867, "oneh-out": 0.012998317854172868}, "keymash": {"unknown": 0.009691601022933916, "sft": 0.0, "sfT": 2.873409875499255e-05, "bad-redirect": 0.0073928731225345115, "redirect": 0.05093324247884965, "sfb": 0.017950601979368916, "dsfb-alt": 0.03997734111069606, "sfR": 0.099723742164827, "roll-out": 0.24011033893921918, "dsfb": 0.0, "roll-in": 0.22569403110671435, "oneh-in": 0.014083813261197063, "alternate": 0.25358663125531067, "dsfb-red": 0.026156239609544645, "oneh-out": 0.014670809850049054}, "movie": {"unknown": 0.024744473186874588, "sft": 0.0, "sfT": 2.724075258698321e-05, "bad-redirect": 0.0076513615309776704, "redirect": 0.05676354329285954, "sfb": 0.016357479738209786, "dsfb-alt": 0.042512944950386954, "sfR": 0.11567713207251198, "roll-out": 0.22906617252555597, "dsfb": 0.0, "roll-in": 0.20265632869139505, "oneh-in": 0.013634325664381558, "alternate": 0.24794572484023694, "dsfb-red": 0.028014021486505496, "oneh-out": 0.014949251267517482}, "dutch": {"unknown": 0.06864641402584021, "sft": 0.0, "sfT": 0.00013191685318577676, "bad-redirect": 0.005345474584910182, "redirect": 0.025134670126640536, "sfb": 0.06920594445993865, "dsfb-alt": 0.03770085761912978, "sfR": 0.18880787437283908, "roll-out": 0.13529209210016185,