{"english-450k": {"oneh-out": 0.005313976896464423, "alternate": 0.3442034472294643, "bad-redirect": 0.002976376672878049, "sfb": 0.04251941617294266, "sfT": 0.001357363411469677, "dsfb-red": 0.009670519984493958, "dsfb-alt": 0.04089250956410597, "dsfb": 0.0, "unknown": 0.00015377410175167997, "oneh-in": 0.008196802785006849, "sfR": 0.11369548401129392, "roll-out": 0.17892815358232264, "roll-in": 0.22516884454841574, "redirect": 0.026923331039390142, "sft": 0.0}, "shai": {"oneh-out": 0.01098248624534119, "alternate": 0.29922280643032817, "bad-redirect": 0.003852643628548507, "sfb": 0.03139926425076781, "sfT": 0.0002411767838636774, "dsfb-red": 0.010276028266988849, "dsfb-alt": 0.03529739292359225, "dsfb": 0.0, "unknown": 0.02357661071706909, "oneh-in": 0.006047242829138791, "sfR": 0.09823378925716947, "roll-out": 0.24266506055022352, "roll-in": 0.21835693482819873, "redirect": 0.019848563288769962, "sft": 0.0}, "tr-quotes": {"oneh-out": 0.014558147060863133, "alternate": 0.29233952058436, "bad-redirect": 0.003349437137375465, "sfb": 0.030032824021636116, "sfT": 0.00018492406555558125, "dsfb-red": 0.010508310025195904, "dsfb-alt": 0.033635375973740785, "dsfb": 0.0, "unknown": 0.01476503085920344, "oneh-in": 0.005162848755229884, "sfR": 0.09677191928064538, "roll-out": 0.2762037400892259, "roll-in": 0.2030154180439657, "redirect": 0.019472504103002705, "sft": 0.0}, "gutenberg": {"oneh-out": 0.014578675556555782, "alternate": 0.2722685774017837, "bad-redirect": 0.0033937598767600097, "sfb": 0.03259960680502371, "sfT": 0.00019114170893948367, "dsfb-red": 0.009083114628573204, "dsfb-alt": 0.02954361270332723, "dsfb": 0.0, "unknown": 0.03800726906804304, "oneh-in": 0.005546329984469973, "sfR": 0.09863878308844841, "roll-out": 0.2907977675254594, "roll-in": 0.18775325329250592, "redirect": 0.01759810836011022, "sft": 0.0}, "english-200": {"oneh-out": 0.0200445434298441, "alternate": 0.2873051224944321, "bad-redirect": 0.0022271714922048997, "sfb": 0.035634743875278395, "sfT": 0.0, "dsfb-red": 0.017817371937639197, "dsfb-alt": 0.035634743875278395, "dsfb": 0.0, "unknown": 0.0, "oneh-in": 0.004454342984409799, "sfR": 0.10690423162583519, "roll-out": 0.26057906458797325, "roll-in": 0.21380846325167038, "redirect": 0.015590200445434299, "sft": 0.0}, "monkeyracer": {"oneh-out": 0.014792882055773652, "alternate": 0.2917178237952985, "bad-redirect": 0.003319674054147051, "sfb": 0.029984594209925396, "sfT": 0.00017693197991773153, "dsfb-red": 0.010533806715986048, "dsfb-alt": 0.03365324460015327, "dsfb": 0.0, "unknown": 0.014345175719849227, "oneh-in": 0.005166218308647575, "sfR": 0.09690789370786869, "roll-out": 0.2772494799568325, "roll-in": 0.20279826235200274, "redirect": 0.019354012543597605, "sft": 0.0}, "chained-bigrams": {"oneh-out": 0.008494853286358304, "alternate": 0.3028733680538196, "bad-redirect": 0.006648230742109812, "sfb": 0.03733307187997733, "sfT": 0.00030452390058106275, "dsfb-red": 0.014743112338152689, "dsfb-alt": 0.04338329300069021, "dsfb": 0.0, "unknown": 0.02361326373652774, "oneh-in": 0.006709265383164438, "sfR": 0.11914286586209158, "roll-out": 0.22563143258042126, "roll-in": 0.18112743968121736, "redirect": 0.02999527955488865, "sft": 0.0}, "english-5k": {"oneh-out": 0.00543410627618534, "alternate": 0.3370805160326876, "bad-redirect": 0.0018666777284606132, "sfb": 0.03094536856514705, "sfT": 0.0003733355456921226, "dsfb-red": 0.008171900277927573, "dsfb-alt": 0.038702451570083375, "dsfb": 0.0, "unknown": 0.002157049819554486, "oneh-in": 0.009665242460696064, "sfR": 0.10644211224955408, "roll-out": 0.17915958020491973, "roll-in": 0.25731115443647073, "redirect": 0.02269050483262123, "sft": 0.0}, "mt-quotes": {"oneh-out": 0.015519477414804988, "alternate": 0.2904549312104804, "bad-redirect": 0.0033797109764406356, "sfb": 0.029576206356605825, "sfT": 0.00015240076021085094, "dsfb-red": 0.010563464457752119, "dsfb-alt": 0.033682062131698165, "dsfb": 0.0, "unknown": 0.008864644218931163, "oneh-in": 0.004891765577748294, "sfR": 0.0964592223377679, "roll-out": 0.2857603901459461, "roll-in": 0.2017442416418642, "redirect": 0.018951482769749346, "sft": 0.0}, "wordle": {"oneh-out": 0.011690788735554807, "alternate": 0.3077527207449792, "bad-redirect": 0.005834174800852687, "sfb": 0.04972512061034444, "sfT": 0.000875126220127903, "dsfb-red": 0.01539324582071132, "dsfb-alt": 0.04896219005946371, "dsfb": 0.0, "unknown": 0.0, "oneh-in": 0.00578929653315382, "sfR": 0.13138112868843263, "roll-out": 0.21348591944350948, "roll-in": 0.18175698418041064, "redirect": 0.02735330416245933, "sft": 0.0}, "english-1k": {"oneh-out": 0.009527170077628794, "alternate": 0.3108680310515173, "bad-redirect": 0.001058574453069866, "sfb": 0.03634438955539873, "sfT": 0.0, "dsfb-red": 0.009880028228652082, "dsfb-alt": 0.032462949894142556, "dsfb": 0.0, "unknown": 0.0, "oneh-in": 0.008115737473535639, "sfR": 0.10832745236414962, "roll-out": 0.21912491178546226, "roll-in": 0.24347212420606917, "redirect": 0.02081863091037403, "sft": 0.0}, "english-10k": {"oneh-out": 0.006252291542038942, "alternate": 0.33332046853592173, "bad-redirect": 0.004361166322533336, "sfb": 0.03047027266938114, "sfT": 0.00044383551070029527, "dsfb-red": 0.008471469095540418, "dsfb-alt": 0.03988730437467436, "dsfb": 0.0, "unknown": 0.0, "oneh-in": 0.00820130834989676, "sfR": 0.10567144593890508, "roll-out": 0.17983057061808919, "roll-in": 0.2595472877790857, "redirect": 0.02354257926323305, "sft": 0.0}, "reddit": {"oneh-out": 0.013272060496719012, "alternate": 0.28146110881060166, "bad-redirect": 0.004040119137048622, "sfb": 0.031770441493674285, "sfT": 0.00023392154582249644, "dsfb-red": 0.011434362344661766, "dsfb-alt": 0.036223341324872455, "dsfb": 0.0, "unknown": 0.040159553597531705, "oneh-in": 0.004966103850303695, "sfR": 0.10397777127267367, "roll-out": 0.2507731865602052, "roll-in": 0.20309151014618318, "redirect": 0.01859651941970226, "sft": 0.0}, "akl": {"oneh-out": 0.010184103015085993, "alternate": 0.2424208627237468, "bad-redirect": 0.004349896906294417, "sfb": 0.03424402013639931, "sfT": 0.000466504237242594, "dsfb-red": 0.009977670998658797, "dsfb-alt": 0.03324978622364882, "dsfb": 0.0, "unknown": 0.13242029519012413, "oneh-in": 0.006331644263995491, "sfR": 0.13064861186637447, "roll-out": 0.21184051054998554, "roll-in": 0.16687766547156818, "redirect": 0.01698842841687546, "sft": 0.0}, "french": {"oneh-out": 0.007981139903058217, "alternate": 0.2506343797263486, "bad-redirect": 0.0036226834201373557, "sfb": 0.05587298325541354, "sfT": 0.00011915056032899397, "dsfb-red": 0.005953378047229137, "dsfb-alt": 0.032331136741141235, "dsfb": 0.0, "unknown": 0.1582127523819887, "oneh-in": 0.0055413325473261665, "sfR": 0.10898279115633469, "roll-out": 0.18240364209688625, "roll-in": 0.1718176698887657, "redirect": 0.016526960275041382, "sft": 0.0}, "keymash": {"oneh-out": 0.014289056823732724, "alternate": 0.2913473418906216, "bad-redirect": 0.003353679811832702, "sfb": 0.03157877453173681, "sfT": 0.00016829972127924207, "dsfb-red": 0.010286807354287332, "dsfb-alt": 0.034095060608424016, "dsfb": 0.0, "unknown": 0.013394194891077241, "oneh-in": 0.005722190523494231, "sfR": 0.099723742164827, "roll-out": 0.27580629933542133, "roll-in": 0.2008800843961529, "redirect": 0.01935446794711284, "sft": 0.0}, "movie": {"oneh-out": 0.01477422614220015, "alternate": 0.27828692250427, "bad-redirect": 0.0027631598167579055, "sfb": 0.029558058926616965, "sfT": 0.00010225152058012539, "dsfb-red": 0.01273235407872367, "dsfb-alt": 0.036499450118431476, "dsfb": 0.0, "unknown": 0.030313825313607518, "oneh-in": 0.004474721305387392, "sfR": 0.11567713207251198, "roll-out": 0.2789339890765898, "roll-in": 0.1763167581030382, "redirect": 0.019567151021284767, "sft": 0.0}, "dutch": {"oneh-out": 0.0072875230468981, "alternate": 0.25563967409131844, "bad-redirect": 0.003482106448024778, "sfb": 0.0416085156067302, "sfT": 9.07298188283309e-05, "dsfb-red": 0.011553312787751145, "dsfb-alt": 0.03404835483349124, "dsfb": 0.0,