{"english-450k": {"alternate": 0.33436541287176935, "roll-in": 0.23667851448370783, "dsfb-red": 0.014529313845925367, "sfT": 0.00045138253441937996, "sft": 0.0, "bad-redirect": 0.004341048739373947, "dsfb": 0.0, "roll-out": 0.17154904312164934, "oneh-out": 0.005408989411805291, "sfR": 0.11369548401129392, "oneh-in": 0.007807689991410869, "dsfb-alt": 0.040697806994207456, "redirect": 0.03254134798494534, "unknown": 0.00015377410175167997, "sfb": 0.037780191907740214}, "shai": {"alternate": 0.29501372137329535, "roll-in": 0.28743648659151055, "dsfb-red": 0.01525202708790751, "sfT": 0.00018185889851881002, "sft": 0.0, "bad-redirect": 0.0028801260081253812, "dsfb": 0.0, "roll-out": 0.15633817371819028, "oneh-out": 0.012940096444394766, "sfR": 0.09823378925716947, "oneh-in": 0.007566370544269271, "dsfb-alt": 0.04377154076020402, "redirect": 0.03018747408761305, "unknown": 0.023260762136131256, "sfb": 0.02693757309267028}, "tr-quotes": {"alternate": 0.29205057673192947, "roll-in": 0.2899308846304986, "dsfb-red": 0.017119345368807933, "sfT": 0.0001340699475277964, "sft": 0.0, "bad-redirect": 0.0023635607128822725, "dsfb": 0.0, "roll-out": 0.15303275467511154, "oneh-out": 0.02163958299623217, "sfR": 0.09677191928064538, "oneh-in": 0.007138068930445436, "dsfb-alt": 0.04333579898754074, "redirect": 0.034334620096622824, "unknown": 0.013835787429786644, "sfb": 0.02831303021196921}, "gutenberg": {"alternate": 0.27560796892327544, "roll-in": 0.29662200126316446, "dsfb-red": 0.01622526003039324, "sfT": 0.00012578602055085943, "sft": 0.0, "bad-redirect": 0.0027331938320900597, "dsfb": 0.0, "roll-out": 0.15697792265902555, "oneh-out": 0.013281033627680199, "sfR": 0.09863878308844841, "oneh-in": 0.006791497925856718, "dsfb-alt": 0.04300745282171764, "redirect": 0.027012358476519123, "unknown": 0.032975828246008664, "sfb": 0.03000091308526966}, "english-200": {"alternate": 0.2962138084632517, "roll-in": 0.30066815144766146, "dsfb-red": 0.024498886414253896, "sfT": 0.0, "sft": 0.0, "bad-redirect": 0.0, "dsfb": 0.0, "roll-out": 0.1514476614699332, "oneh-out": 0.011135857461024499, "sfR": 0.10690423162583519, "oneh-in": 0.0022271714922048997, "dsfb-alt": 0.0400890868596882, "redirect": 0.0400890868596882, "unknown": 0.0, "sfb": 0.026726057906458798}, "monkeyracer": {"alternate": 0.291937766864257, "roll-in": 0.2897256283529099, "dsfb-red": 0.017151649279759762, "sfT": 0.00013294336612603032, "sft": 0.0, "bad-redirect": 0.002372452570499085, "dsfb": 0.0, "roll-out": 0.15301683688630996, "oneh-out": 0.02210183461845254, "sfR": 0.09690789370786869, "oneh-in": 0.007241503354864945, "dsfb-alt": 0.043291638644290475, "redirect": 0.03429938846051582, "unknown": 0.013436077701487402, "sfb": 0.028384386192658397}, "chained-bigrams": {"alternate": 0.30124296397203054, "roll-in": 0.2486525304377807, "dsfb-red": 0.01987651523366203, "sfT": 0.00034348218210529253, "sft": 0.0, "bad-redirect": 0.005427537921017279, "dsfb": 0.0, "roll-out": 0.14137181199512502, "oneh-out": 0.0057495930482842445, "sfR": 0.11914286586209158, "oneh-in": 0.013300357312372047, "dsfb-alt": 0.056207060669082515, "redirect": 0.03530204680318082, "unknown": 0.022916559801936097, "sfb": 0.030466674761331827}, "english-5k": {"alternate": 0.3260463765711204, "roll-in": 0.26743269589745716, "dsfb-red": 0.014435641100095408, "sfT": 0.00016592690919649896, "sft": 0.0, "bad-redirect": 0.004314099639108972, "dsfb": 0.0, "roll-out": 0.17169286929107727, "oneh-out": 0.007300784004645953, "sfR": 0.10644211224955408, "oneh-in": 0.00472891691210022, "dsfb-alt": 0.03820467084249388, "redirect": 0.029659435018874185, "unknown": 0.002157049819554486, "sfb": 0.02741942174472145}, "mt-quotes": {"alternate": 0.2923255758358136, "roll-in": 0.2948670826310945, "dsfb-red": 0.01745138116924254, "sfT": 0.00011355350760808502, "sft": 0.0, "bad-redirect": 0.0021425753935525515, "dsfb": 0.0, "roll-out": 0.15196148743141966, "oneh-out": 0.02368636521198647, "sfR": 0.0964592223377679, "oneh-in": 0.007404883996127228, "dsfb-alt": 0.043104015012969, "redirect": 0.0350252805966938, "unknown": 0.007977133909467972, "sfb": 0.027481442966256677}, "wordle": {"alternate": 0.30723662066644225, "roll-in": 0.20457758330528442, "dsfb-red": 0.0187366767642769, "sfT": 0.0010995175586222372, "sft": 0.0, "bad-redirect": 0.0017726915741052395, "dsfb": 0.0, "roll-out": 0.18198137551890498, "oneh-out": 0.006619544485582857, "sfR": 0.13138112868843263, "oneh-in": 0.011533714798608773, "dsfb-alt": 0.04723437675305733, "redirect": 0.03128015258611017, "unknown": 0.0, "sfb": 0.0565466173005722}, "english-1k": {"alternate": 0.3136908962597036, "roll-in": 0.2611150317572336, "dsfb-red": 0.016937191249117856, "sfT": 0.00035285815102328866, "sft": 0.0, "bad-redirect": 0.002117148906139732, "dsfb": 0.0, "roll-out": 0.18913196894848272, "oneh-out": 0.009880028228652082, "sfR": 0.10832745236414962, "oneh-in": 0.006351446718419196, "dsfb-alt": 0.03634438955539873, "redirect": 0.027170077628793227, "unknown": 0.0, "sfb": 0.02858151023288638}, "english-10k": {"alternate": 0.3217614480615967, "roll-in": 0.2769147642847494, "dsfb-red": 0.014086953165705024, "sfT": 0.00025086354952625386, "sft": 0.0, "bad-redirect": 0.0032419289477238957, "dsfb": 0.0, "roll-out": 0.1626174716813647, "oneh-out": 0.006425966307095579, "sfR": 0.10567144593890508, "oneh-in": 0.00912757376353216, "dsfb-alt": 0.04042762586596168, "redirect": 0.028579147449875532, "unknown": 0.0, "sfb": 0.03089481098396403}, "reddit": {"alternate": 0.27880350533964793, "roll-in": 0.27811189166117445, "dsfb-red": 0.01747639293350916, "sfT": 0.00020212020196288082, "sft": 0.0, "bad-redirect": 0.0027952594646923614, "dsfb": 0.0, "roll-out": 0.14993078806464474, "oneh-out": 0.01678005962096469, "sfR": 0.10397777127267367, "oneh-in": 0.006080799011573779, "dsfb-alt": 0.0435688149804182, "redirect": 0.034502809961499396, "unknown": 0.039285409944231534, "sfb": 0.028484377543007196}, "akl": {"alternate": 0.23292466876926715, "roll-in": 0.22740086426698364, "dsfb-red": 0.019402558813173293, "sfT": 0.000355492980533152, "sft": 0.0, "bad-redirect": 0.0024734286415911025, "dsfb": 0.0, "roll-out": 0.13244895600868256, "oneh-out": 0.014454268489063168, "sfR": 0.13064861186637447, "oneh-in": 0.005427741344908417, "dsfb-alt": 0.03633201018358415, "redirect": 0.03127344983083075, "unknown": 0.13277008071454782, "sfb": 0.03408786809046036}, "french": {"alternate": 0.23176697164745524, "roll-in": 0.19064357827545347, "dsfb-red": 0.011099085189474486, "sfT": 7.931385217926494e-05, "sft": 0.0, "bad-redirect": 0.00628793747923049, "dsfb": 0.0, "roll-out": 0.19023655169139486, "oneh-out": 0.009517287715553258, "sfR": 0.10898279115633469, "oneh-in": 0.0035614676286744775, "dsfb-alt": 0.030678415244511918, "redirect": 0.018793277942780254, "unknown": 0.15807953387545715, "sfb": 0.04027378830150045}, "keymash": {"alternate": 0.2917331997881886, "roll-in": 0.2861752041147229, "dsfb-red": 0.0177905120005911, "sfT": 0.00016008997877781564, "sft": 0.0, "bad-redirect": 0.0024916568491829254, "dsfb": 0.0, "roll-out": 0.1568799694597579, "oneh-out": 0.02103746515990526, "sfR": 0.099723742164827, "oneh-in": 0.007290251341266681, "dsfb-alt": 0.04268245126491608, "redirect": 0.03334797404079421, "unknown": 0.01232282349464109, "sfb": 0.02836466034242836}, "movie": {"alternate": 0.2821457659250821, "roll-in": 0.2525646773767129, "dsfb-red": 0.021048021498875694, "sfT": 0.0003191247585673154, "sft": 0.0, "bad-redirect": 0.0021657056295844575, "dsfb": 0.0, "roll-out": 0.14264218718766075, "oneh-out": 0.03094352097123416, "sfR": 0.11567713207251198, "oneh-in": 0.005055857360576367, "dsfb-alt": 0.04849196114863331, "redirect": 0.03378498150194982, "unknown": 0.030236445784519856, "sfb": 0.03492461878409124}, "dutch": {"alternate": 0.25807160978259663, "roll-in": 0.2029215790617669, "dsfb-red": 0.008992114000833926, "sfT": 0.0001936705085305933, "sft": 0.0, "bad-redirect": 0.0022289770313339554, "dsfb": 0.0, "roll-out": 0.1481412813180597,