{"english-450k": {"bad-redirect": 0.001381628146156729, "oneh-in": 0.002965267517238194, "redirect": 0.03383030238536959, "sfT": 0.00014208025370972713, "oneh-out": 0.004572879276805662, "dsfb-red": 0.013192999360931204, "sft": 0.0, "sfb": 0.024354192624573102, "roll-in": 0.21624965430061727, "unknown": 0.0001543587941537776, "roll-out": 0.1755039025294378, "dsfb-alt": 0.05074019134643551, "sfR": 0.11369548401129392, "alternate": 0.36321705945327754, "dsfb": 0.0}, "shai": {"bad-redirect": 0.0007333379675028091, "oneh-in": 0.0027917761863344845, "redirect": 0.038487333545328524, "sfT": 3.664116015658745e-05, "oneh-out": 0.00695343325387126, "dsfb-red": 0.00889690871996911, "sft": 0.0, "sfb": 0.013656946470388431, "roll-in": 0.2098304977686319, "unknown": 0.031793109309943265, "roll-out": 0.2154167129825587, "dsfb-alt": 0.04369174067146329, "sfR": 0.09823378925716947, "alternate": 0.32947777270668216, "dsfb": 0.0}, "tr-quotes": {"bad-redirect": 0.001331453272000185, "oneh-in": 0.002890594299715679, "redirect": 0.04419338434155475, "sfT": 2.6582834423614803e-05, "oneh-out": 0.008297311666396986, "dsfb-red": 0.008165553269688633, "sft": 0.0, "sfb": 0.010940570028432075, "roll-in": 0.19876216453618734, "unknown": 0.039616513719054114, "roll-out": 0.22399274173042694, "dsfb-alt": 0.043759968562908855, "sfR": 0.09677191928064538, "alternate": 0.32125124245856546, "dsfb": 0.0}, "gutenberg": {"bad-redirect": 0.0010955128868156928, "oneh-in": 0.0033240471424788105, "redirect": 0.032285141753646565, "sfT": 0.00016803042203104263, "oneh-out": 0.008387881653540593, "dsfb-red": 0.0070279150247233935, "sft": 0.0, "sfb": 0.011190598783133913, "roll-in": 0.2103183939701516, "unknown": 0.04011588984327138, "roll-out": 0.2343160555625647, "dsfb-alt": 0.0409257320689565, "sfR": 0.09863878308844841, "alternate": 0.3122060178002374, "dsfb": 0.0}, "english-200": {"bad-redirect": 0.0, "oneh-in": 0.004454342984409799, "redirect": 0.035634743875278395, "sfT": 0.0, "oneh-out": 0.013363028953229399, "dsfb-red": 0.0022271714922048997, "sft": 0.0, "sfb": 0.008908685968819599, "roll-in": 0.2516703786191537, "unknown": 0.0, "roll-out": 0.20044543429844097, "dsfb-alt": 0.042316258351893093, "sfR": 0.10690423162583519, "alternate": 0.33407572383073497, "dsfb": 0.0}, "monkeyracer": {"bad-redirect": 0.0013949278195723915, "oneh-in": 0.002947237124043981, "redirect": 0.04452038725620533, "sfT": 2.4438118773167336e-05, "oneh-out": 0.008425285828237171, "dsfb-red": 0.008136916026713797, "sft": 0.0, "sfb": 0.010842704537278884, "roll-in": 0.19815404226035002, "unknown": 0.03912933825484461, "roll-out": 0.22459804182241894, "dsfb-alt": 0.0438126593365344, "sfR": 0.09690789370786869, "alternate": 0.3211061279071586, "dsfb": 0.0}, "chained-bigrams": {"bad-redirect": 0.0021199798196101707, "oneh-in": 0.005414551827175869, "redirect": 0.036883103728372474, "sfT": 2.077775014625588e-05, "oneh-out": 0.006166446660593503, "dsfb-red": 0.017750691671823228, "sft": 0.0, "sfb": 0.014698959619091895, "roll-in": 0.17221962861070222, "unknown": 0.033665798979163164, "roll-out": 0.20256293548054066, "dsfb-alt": 0.05917373380715261, "sfR": 0.11914286586209158, "alternate": 0.3301805261835364, "dsfb": 0.0}, "english-5k": {"bad-redirect": 0.0008296345459824947, "oneh-in": 0.002862239183639607, "redirect": 0.03463724229476915, "sfT": 0.0, "oneh-out": 0.004977807275894968, "dsfb-red": 0.010536358733977683, "sft": 0.0, "sfb": 0.015970465010163023, "roll-in": 0.23121914796532128, "unknown": 0.0022400132741527356, "roll-out": 0.18687518148255694, "dsfb-alt": 0.046708424938814455, "sfR": 0.10644211224955408, "alternate": 0.3567013730451736, "dsfb": 0.0}, "mt-quotes": {"bad-redirect": 0.00143286597100202, "oneh-in": 0.002977791324512019, "redirect": 0.045694827936553474, "sfT": 7.470625500531909e-06, "oneh-out": 0.008519501320806588, "dsfb-red": 0.007911392405063292, "sft": 0.0, "sfb": 0.010056956048816056, "roll-in": 0.19749644398226174, "unknown": 0.03468910244916987, "roll-out": 0.22822910316634992, "dsfb-alt": 0.04439792734966113, "sfR": 0.0964592223377679, "alternate": 0.32212739508253546, "dsfb": 0.0}, "wordle": {"bad-redirect": 0.0018400089756535397, "oneh-in": 0.003119039605071244, "redirect": 0.03556602715135196, "sfT": 0.0001795130707954673, "oneh-out": 0.006260518343991922, "dsfb-red": 0.016223493773140356, "sft": 0.0, "sfb": 0.030696735106024907, "roll-in": 0.19537753842701672, "unknown": 0.0, "roll-out": 0.1989229215752272, "dsfb-alt": 0.05535734320655223, "sfR": 0.13138112868843263, "alternate": 0.32507573207674184, "dsfb": 0.0}, "english-1k": {"bad-redirect": 0.0, "oneh-in": 0.004234297812279464, "redirect": 0.03387438249823571, "sfT": 0.0, "oneh-out": 0.0077628793225123505, "dsfb-red": 0.01058574453069866, "sft": 0.0, "sfb": 0.011644318983768526, "roll-in": 0.24700070571630206, "unknown": 0.0, "roll-out": 0.21383203952011293, "dsfb-alt": 0.03916725476358504, "sfR": 0.10832745236414962, "alternate": 0.32357092448835567, "dsfb": 0.0}, "english-10k": {"bad-redirect": 0.0008490766291657822, "oneh-in": 0.0023928523185581135, "redirect": 0.03666467262306787, "sfT": 7.718878446961657e-05, "oneh-out": 0.004669921460411802, "dsfb-red": 0.01034329711892862, "sft": 0.0, "sfb": 0.01611315875803246, "roll-in": 0.22778410296983848, "unknown": 0.0, "roll-out": 0.18998089577584376, "dsfb-alt": 0.04895698654985431, "sfR": 0.10567144593890508, "alternate": 0.35649640107292413, "dsfb": 0.0}, "reddit": {"bad-redirect": 0.0007052107194876126, "oneh-in": 0.002984606688732829, "redirect": 0.03987764910532032, "sfT": 9.929960255811659e-05, "oneh-out": 0.007864783233013017, "dsfb-red": 0.009040234318594404, "sft": 0.0, "sfb": 0.012536247070596173, "roll-in": 0.1926063186535858, "unknown": 0.06027826737738363, "roll-out": 0.21201622580227691, "dsfb-alt": 0.0452802816497818, "sfR": 0.10397777127267367, "alternate": 0.31273310450599573, "dsfb": 0.0}, "akl": {"bad-redirect": 0.0010298375675286565, "oneh-in": 0.00365418024339113, "redirect": 0.03322979777346454, "sfT": 0.0002237520455732711, "oneh-out": 0.006538100988024893, "dsfb-red": 0.010052831524568017, "sft": 0.0, "sfb": 0.01910376977970183, "roll-in": 0.1657797831675655, "unknown": 0.15113620503040356, "roll-out": 0.17285772055617898, "dsfb-alt": 0.03944860241818739, "sfR": 0.13064861186637447, "alternate": 0.26629680703903774, "dsfb": 0.0}, "french": {"bad-redirect": 0.0013988692277729783, "oneh-in": 0.0022383465755555156, "redirect": 0.028403872547523627, "sfT": 4.193416551752221e-05, "oneh-out": 0.005237186247157814, "dsfb-red": 0.007759633423180916, "sft": 0.0, "sfb": 0.034688558967834036, "roll-in": 0.17753575816484346, "unknown": 0.1845785256052277, "roll-out": 0.16078724646440976, "dsfb-alt": 0.036057749173852745, "sfR": 0.10898279115633469, "alternate": 0.25228952828078927, "dsfb": 0.0}, "keymash": {"bad-redirect": 0.0013669221264875028, "oneh-in": 0.0033618895543341284, "redirect": 0.04360194242507584, "sfT": 2.873409875499255e-05, "oneh-out": 0.00809070123515576, "dsfb-red": 0.00844782503396781, "sft": 0.0, "sfb": 0.011436171304487035, "roll-in": 0.20216080422637545, "unknown": 0.03457533054475746, "roll-out": 0.22345687627507563, "dsfb-alt": 0.04298210686621814, "sfR": 0.099723742164827, "alternate": 0.32076695414448325, "dsfb": 0.0}, "movie": {"bad-redirect": 0.002350468994957039, "oneh-in": 0.002453641700407256, "redirect": 0.048877411217847194, "sfT": 1.7239316854564252e-05, "oneh-out": 0.009062485154118834, "dsfb-red": 0.007607407852890461, "sft": 0.0, "sfb": 0.009906948484315314, "roll-in": 0.18105454348775593, "unknown": 0.08496732886260383, "roll-out": 0.20160130881946342, "dsfb-alt": 0.042870233082143765, "sfR": 0.11567713207251198, "alternate": 0.2935538509541304, "dsfb": 0.0}, "dutch": {"bad-redirect": 0.0012037121477795813, "oneh-in": 0.0028351813228256967, "redirect": 0.022558355680183342, "sfT": 4.5131809089112425e-05, "oneh-out": 0.0012998391356726015, "dsfb-red": 0.00965110655055306, "sft": 0.0, "sfb": 0.02787105277323222,