{"english-450k": {"sfT": 0.00014208025370972713, "dsfb-alt": 0.05074019134643551, "sfR": 0.11369548401129392, "roll-out": 0.1755039025294378, "redirect": 0.03383030238536959, "unknown": 0.0001543587941537776, "sfb": 0.024354192624573102, "dsfb": 0.0, "bad-redirect": 0.001381628146156729, "alternate": 0.36321705945327754, "dsfb-red": 0.013192999360931204, "sft": 0.0, "oneh-out": 0.004572879276805662, "roll-in": 0.21624965430061727, "oneh-in": 0.002965267517238194}, "shai": {"sfT": 3.664116015658745e-05, "dsfb-alt": 0.04369174067146329, "sfR": 0.09823378925716947, "roll-out": 0.2154167129825587, "redirect": 0.038487333545328524, "unknown": 0.031793109309943265, "sfb": 0.013656946470388431, "dsfb": 0.0, "bad-redirect": 0.0007333379675028091, "alternate": 0.32947777270668216, "dsfb-red": 0.00889690871996911, "sft": 0.0, "oneh-out": 0.00695343325387126, "roll-in": 0.2098304977686319, "oneh-in": 0.0027917761863344845}, "tr-quotes": {"sfT": 2.6582834423614803e-05, "dsfb-alt": 0.043759968562908855, "sfR": 0.09677191928064538, "roll-out": 0.22399274173042694, "redirect": 0.04419338434155475, "unknown": 0.039616513719054114, "sfb": 0.010940570028432075, "dsfb": 0.0, "bad-redirect": 0.001331453272000185, "alternate": 0.32125124245856546, "dsfb-red": 0.008165553269688633, "sft": 0.0, "oneh-out": 0.008297311666396986, "roll-in": 0.19876216453618734, "oneh-in": 0.002890594299715679}, "gutenberg": {"sfT": 0.00016803042203104263, "dsfb-alt": 0.0409257320689565, "sfR": 0.09863878308844841, "roll-out": 0.2343160555625647, "redirect": 0.032285141753646565, "unknown": 0.04011588984327138, "sfb": 0.011190598783133913, "dsfb": 0.0, "bad-redirect": 0.0010955128868156928, "alternate": 0.3122060178002374, "dsfb-red": 0.0070279150247233935, "sft": 0.0, "oneh-out": 0.008387881653540593, "roll-in": 0.2103183939701516, "oneh-in": 0.0033240471424788105}, "english-200": {"sfT": 0.0, "dsfb-alt": 0.042316258351893093, "sfR": 0.10690423162583519, "roll-out": 0.20044543429844097, "redirect": 0.035634743875278395, "unknown": 0.0, "sfb": 0.008908685968819599, "dsfb": 0.0, "bad-redirect": 0.0, "alternate": 0.33407572383073497, "dsfb-red": 0.0022271714922048997, "sft": 0.0, "oneh-out": 0.013363028953229399, "roll-in": 0.2516703786191537, "oneh-in": 0.004454342984409799}, "monkeyracer": {"sfT": 2.4438118773167336e-05, "dsfb-alt": 0.0438126593365344, "sfR": 0.09690789370786869, "roll-out": 0.22459804182241894, "redirect": 0.04452038725620533, "unknown": 0.03912933825484461, "sfb": 0.010842704537278884, "dsfb": 0.0, "bad-redirect": 0.0013949278195723915, "alternate": 0.3211061279071586, "dsfb-red": 0.008136916026713797, "sft": 0.0, "oneh-out": 0.008425285828237171, "roll-in": 0.19815404226035002, "oneh-in": 0.002947237124043981}, "chained-bigrams": {"sfT": 2.077775014625588e-05, "dsfb-alt": 0.05917373380715261, "sfR": 0.11914286586209158, "roll-out": 0.20256293548054066, "redirect": 0.036883103728372474, "unknown": 0.033665798979163164, "sfb": 0.014698959619091895, "dsfb": 0.0, "bad-redirect": 0.0021199798196101707, "alternate": 0.3301805261835364, "dsfb-red": 0.017750691671823228, "sft": 0.0, "oneh-out": 0.006166446660593503, "roll-in": 0.17221962861070222, "oneh-in": 0.005414551827175869}, "english-5k": {"sfT": 0.0, "dsfb-alt": 0.046708424938814455, "sfR": 0.10644211224955408, "roll-out": 0.18687518148255694, "redirect": 0.03463724229476915, "unknown": 0.0022400132741527356, "sfb": 0.015970465010163023, "dsfb": 0.0, "bad-redirect": 0.0008296345459824947, "alternate": 0.3567013730451736, "dsfb-red": 0.010536358733977683, "sft": 0.0, "oneh-out": 0.004977807275894968, "roll-in": 0.23121914796532128, "oneh-in": 0.002862239183639607}, "mt-quotes": {"sfT": 7.470625500531909e-06, "dsfb-alt": 0.04439792734966113, "sfR": 0.0964592223377679, "roll-out": 0.22822910316634992, "redirect": 0.045694827936553474, "unknown": 0.03468910244916987, "sfb": 0.010056956048816056, "dsfb": 0.0, "bad-redirect": 0.00143286597100202, "alternate": 0.32212739508253546, "dsfb-red": 0.007911392405063292, "sft": 0.0, "oneh-out": 0.008519501320806588, "roll-in": 0.19749644398226174, "oneh-in": 0.002977791324512019}, "wordle": {"sfT": 0.0001795130707954673, "dsfb-alt": 0.05535734320655223, "sfR": 0.13138112868843263, "roll-out": 0.1989229215752272, "redirect": 0.03556602715135196, "unknown": 0.0, "sfb": 0.030696735106024907, "dsfb": 0.0, "bad-redirect": 0.0018400089756535397, "alternate": 0.32507573207674184, "dsfb-red": 0.016223493773140356, "sft": 0.0, "oneh-out": 0.006260518343991922, "roll-in": 0.19537753842701672, "oneh-in": 0.003119039605071244}, "english-1k": {"sfT": 0.0, "dsfb-alt": 0.03916725476358504, "sfR": 0.10832745236414962, "roll-out": 0.21383203952011293, "redirect": 0.03387438249823571, "unknown": 0.0, "sfb": 0.011644318983768526, "dsfb": 0.0, "bad-redirect": 0.0, "alternate": 0.32357092448835567, "dsfb-red": 0.01058574453069866, "sft": 0.0, "oneh-out": 0.0077628793225123505, "roll-in": 0.24700070571630206, "oneh-in": 0.004234297812279464}, "english-10k": {"sfT": 7.718878446961657e-05, "dsfb-alt": 0.04895698654985431, "sfR": 0.10567144593890508, "roll-out": 0.18998089577584376, "redirect": 0.03666467262306787, "unknown": 0.0, "sfb": 0.01611315875803246, "dsfb": 0.0, "bad-redirect": 0.0008490766291657822, "alternate": 0.35649640107292413, "dsfb-red": 0.01034329711892862, "sft": 0.0, "oneh-out": 0.004669921460411802, "roll-in": 0.22778410296983848, "oneh-in": 0.0023928523185581135}, "reddit": {"sfT": 9.929960255811659e-05, "dsfb-alt": 0.0452802816497818, "sfR": 0.10397777127267367, "roll-out": 0.21201622580227691, "redirect": 0.03987764910532032, "unknown": 0.06027826737738363, "sfb": 0.012536247070596173, "dsfb": 0.0, "bad-redirect": 0.0007052107194876126, "alternate": 0.31273310450599573, "dsfb-red": 0.009040234318594404, "sft": 0.0, "oneh-out": 0.007864783233013017, "roll-in": 0.1926063186535858, "oneh-in": 0.002984606688732829}, "akl": {"sfT": 0.0002237520455732711, "dsfb-alt": 0.03944860241818739, "sfR": 0.13064861186637447, "roll-out": 0.17285772055617898, "redirect": 0.03322979777346454, "unknown": 0.15113620503040356, "sfb": 0.01910376977970183, "dsfb": 0.0, "bad-redirect": 0.0010298375675286565, "alternate": 0.26629680703903774, "dsfb-red": 0.010052831524568017, "sft": 0.0, "oneh-out": 0.006538100988024893, "roll-in": 0.1657797831675655, "oneh-in": 0.00365418024339113}, "french": {"sfT": 4.193416551752221e-05, "dsfb-alt": 0.036057749173852745, "sfR": 0.10898279115633469, "roll-out": 0.16078724646440976, "redirect": 0.028403872547523627, "unknown": 0.1845785256052277, "sfb": 0.034688558967834036, "dsfb": 0.0, "bad-redirect": 0.0013988692277729783, "alternate": 0.25228952828078927, "dsfb-red": 0.007759633423180916, "sft": 0.0, "oneh-out": 0.005237186247157814, "roll-in": 0.17753575816484346, "oneh-in": 0.0022383465755555156}, "keymash": {"sfT": 2.873409875499255e-05, "dsfb-alt": 0.04298210686621814, "sfR": 0.099723742164827, "roll-out": 0.22345687627507563, "redirect": 0.04360194242507584, "unknown": 0.03457533054475746, "sfb": 0.011436171304487035, "dsfb": 0.0, "bad-redirect": 0.0013669221264875028, "alternate": 0.32076695414448325, "dsfb-red": 0.00844782503396781, "sft": 0.0, "oneh-out": 0.00809070123515576, "roll-in": 0.20216080422637545, "oneh-in": 0.0033618895543341284}, "movie": {"sfT": 1.7239316854564252e-05, "dsfb-alt": 0.042870233082143765, "sfR": 0.11567713207251198, "roll-out": 0.20160130881946342, "redirect": 0.048877411217847194, "unknown": 0.08496732886260383, "sfb": 0.009906948484315314, "dsfb": 0.0, "bad-redirect": 0.002350468994957039, "alternate": 0.2935538509541304, "dsfb-red": 0.007607407852890461, "sft": 0.0, "oneh-out": 0.009062485154118834, "roll-in": 0.18105454348775593, "oneh-in": 0.002453641700407256}, "dutch": {"sfT": 4.5131809089112425e-05, "dsfb-alt": 0.03544790711590383, "sfR": 0.18880787437283908, "roll-out": 0.14173478784589086, "redirect": 0.022558355680183342, "unknown": 0.07489956334571263, "sfb": 0.02787105277323222, "dsfb": 0.0,