{"english-450k": {"sfb": 0.042951503858092814, "oneh-out": 0.005822659286289372, "sfT": 0.0017967597516460553, "sft": 0.0, "bad-redirect": 0.0022934559472280024, "oneh-in": 0.0026074357671544367, "sfR": 0.11369548401129392, "redirect": 0.019651803980702813, "unknown": 0.0, "dsfb-red": 0.006943222274909505, "dsfb-alt": 0.05778485775310896, "alternate": 0.3640847429779904, "roll-out": 0.20229363135494863, "dsfb": 0.0, "roll-in": 0.18007444303663508}, "shai": {"sfb": 0.022374968765800946, "oneh-out": 0.01421849247267414, "sfT": 0.00028014405971204777, "sft": 0.0, "bad-redirect": 0.0021207401893651692, "oneh-in": 0.0034698872905992726, "sfR": 0.09823378925716947, "redirect": 0.014994056600239098, "unknown": 0.016772683614515952, "dsfb-red": 0.007977249272595369, "dsfb-alt": 0.05679106960450305, "alternate": 0.3282478458078673, "roll-out": 0.24588108385689644, "dsfb": 0.0, "roll-in": 0.1886379892080617}, "tr-quotes": {"sfb": 0.022379279258454496, "oneh-out": 0.024896558100829847, "sfT": 0.00021150689997919604, "sft": 0.0, "bad-redirect": 0.0018654215112919258, "oneh-in": 0.0027969764915281663, "sfR": 0.09677191928064538, "redirect": 0.016440905203300896, "unknown": 0.010735997780911213, "dsfb-red": 0.008978063382723469, "dsfb-alt": 0.0549259147962368, "alternate": 0.3160121125262939, "roll-out": 0.2700030050160653, "dsfb": 0.0, "roll-in": 0.17398233975173943}, "gutenberg": {"sfb": 0.021695436430132116, "oneh-out": 0.017654749956713695, "sfT": 9.471838896902065e-05, "sft": 0.0, "bad-redirect": 0.0017877148734012957, "oneh-in": 0.002789077681581782, "sfR": 0.09863878308844841, "redirect": 0.015942052047375865, "unknown": 0.030721151714990094, "dsfb-red": 0.010870829501974499, "dsfb-alt": 0.04985104586150732, "alternate": 0.28958631933054557, "roll-out": 0.278483429775597, "dsfb": 0.0, "roll-in": 0.18188469134876334}, "english-200": {"sfb": 0.015590200445434299, "oneh-out": 0.015590200445434299, "sfT": 0.0, "sft": 0.0, "bad-redirect": 0.0, "oneh-in": 0.0, "sfR": 0.10690423162583519, "redirect": 0.017817371937639197, "unknown": 0.0, "dsfb-red": 0.0066815144766146995, "dsfb-alt": 0.062360801781737196, "alternate": 0.3207126948775056, "roll-out": 0.29175946547884185, "dsfb": 0.0, "roll-in": 0.16258351893095768}, "monkeyracer": {"sfb": 0.022334485509173094, "oneh-out": 0.02530322817773746, "sfT": 0.00019843752443811878, "sft": 0.0, "bad-redirect": 0.0018905328682922251, "oneh-in": 0.0027849680153901497, "sfR": 0.09690789370786869, "redirect": 0.01644294383533791, "unknown": 0.01033830176580071, "dsfb-red": 0.009027441074808015, "dsfb-alt": 0.05501216040790153, "alternate": 0.31502592395639456, "roll-out": 0.27055245788823373, "dsfb": 0.0, "roll-in": 0.1741812252686238}, "chained-bigrams": {"sfb": 0.024168419248248012, "oneh-out": 0.009007803993093996, "sfT": 0.0001538852120207076, "sft": 0.0, "bad-redirect": 0.002584232674440575, "oneh-in": 0.004158796552711529, "sfR": 0.11914286586209158, "redirect": 0.022966556263225524, "unknown": 0.017076064096761982, "dsfb-red": 0.013404246063103326, "dsfb-alt": 0.06360523833053375, "alternate": 0.3235842398167922, "roll-out": 0.2274683155542887, "dsfb": 0.0, "roll-in": 0.17267933633268814}, "english-5k": {"sfb": 0.0233127307421081, "oneh-out": 0.007674119550338076, "sfT": 0.00045629900029037207, "sft": 0.0, "bad-redirect": 0.0026133488198448584, "oneh-in": 0.0009540797278798689, "sfR": 0.10644211224955408, "redirect": 0.015389720827975278, "unknown": 0.0, "dsfb-red": 0.006346704276766085, "dsfb-alt": 0.05421661757995603, "alternate": 0.37553407723897625, "roll-out": 0.2029286099473182, "dsfb": 0.0, "roll-in": 0.20413158003899282}, "mt-quotes": {"sfb": 0.021437706936326364, "oneh-out": 0.02693608730471785, "sfT": 0.0001628596359115956, "sft": 0.0, "bad-redirect": 0.001773526493826275, "oneh-in": 0.002853778941203189, "sfR": 0.0964592223377679, "redirect": 0.016284469466059454, "unknown": 0.006137865911237016, "dsfb-red": 0.009184386990353928, "dsfb-alt": 0.05510183956682325, "alternate": 0.31277417195586954, "roll-out": 0.2764131435196806, "dsfb": 0.0, "roll-in": 0.17448094094022304}, "wordle": {"sfb": 0.04252215864467632, "oneh-out": 0.006484909682486256, "sfT": 0.0005609783462358353, "sft": 0.0, "bad-redirect": 0.0007180522831818692, "oneh-in": 0.007741501178054527, "sfR": 0.13138112868843263, "redirect": 0.026792325816223494, "unknown": 0.0, "dsfb-red": 0.01586446763154942, "dsfb-alt": 0.06076517446426568, "alternate": 0.33093234601144395, "roll-out": 0.1995960955907102, "dsfb": 0.0, "roll-in": 0.17664086166273982}, "english-1k": {"sfb": 0.01834862385321101, "oneh-out": 0.013408609738884969, "sfT": 0.0, "sft": 0.0, "bad-redirect": 0.0017642907551164433, "oneh-in": 0.00035285815102328866, "sfR": 0.10832745236414962, "redirect": 0.011997177134791814, "unknown": 0.0, "dsfb-red": 0.008115737473535639, "dsfb-alt": 0.053987297106563165, "alternate": 0.34897671136203245, "roll-out": 0.2611150317572336, "dsfb": 0.0, "roll-in": 0.17360621030345802}, "english-10k": {"sfb": 0.025298624109916828, "oneh-out": 0.006561046679917408, "sfT": 0.0004824299029351035, "sft": 0.0, "bad-redirect": 0.0021226915729144554, "oneh-in": 0.005152351363346906, "sfR": 0.10567144593890508, "redirect": 0.014607977460874935, "unknown": 0.0, "dsfb-red": 0.006387371914860771, "dsfb-alt": 0.05710040331139885, "alternate": 0.36463981783446864, "roll-out": 0.19499816676636886, "dsfb": 0.0, "roll-in": 0.21697767314409216}, "reddit": {"sfb": 0.024122798885342297, "oneh-out": 0.018204939621459127, "sfT": 0.0002949396720266352, "sft": 0.0, "bad-redirect": 0.0020423654581219566, "oneh-in": 0.002626326530879798, "sfR": 0.10397777127267367, "redirect": 0.016529694270720083, "unknown": 0.041052351042636465, "dsfb-red": 0.00971922484879847, "dsfb-alt": 0.053473341652624816, "alternate": 0.30765796212568575, "roll-out": 0.2536408886621467, "dsfb": 0.0, "roll-in": 0.16665739595688428}, "akl": {"sfb": 0.024647488609363, "oneh-out": 0.016321001958497505, "sfT": 0.00031793742518074783, "sft": 0.0, "bad-redirect": 0.001355557887404146, "oneh-in": 0.0026339045179160137, "sfR": 0.13064861186637447, "redirect": 0.018826698728569027, "unknown": 0.13144916288543582, "dsfb-red": 0.008035925248928474, "dsfb-alt": 0.04432165809358168, "alternate": 0.25961085575941495, "roll-out": 0.21307161624508045, "dsfb": 0.0, "roll-in": 0.14875958077425372}, "french": {"sfb": 0.02869261751787704, "oneh-out": 0.008172038487204079, "sfT": 0.0003075921229868698, "sft": 0.0, "bad-redirect": 0.005468326049088623, "oneh-in": 0.0036099039120321584, "sfR": 0.10898279115633469, "redirect": 0.012400512540675129, "unknown": 0.15037208219521925, "dsfb-red": 0.005855636533889975, "dsfb-alt": 0.03958072845982821, "alternate": 0.2635354804315243, "roll-out": 0.16383627529445569, "dsfb": 0.0, "roll-in": 0.209186015298884}, "keymash": {"sfb": 0.022408492157643477, "oneh-out": 0.024029916301675197, "sfT": 0.00019703382003423463, "sft": 0.0, "bad-redirect": 0.0019621284578409197, "oneh-in": 0.002836466034242836, "sfR": 0.099723742164827, "redirect": 0.016481058071613583, "unknown": 0.009691601022933916, "dsfb-red": 0.009244170056606174, "dsfb-alt": 0.054787716583269364, "alternate": 0.31290612569936743, "roll-out": 0.2718820424197395, "dsfb": 0.0, "roll-in": 0.17384950721020634}, "movie": {"sfb": 0.02050754917580932, "oneh-out": 0.03692398474570494, "sfT": 0.00011975403311185856, "sft": 0.0, "bad-redirect": 0.0020693760117406327, "oneh-in": 0.0017988108556109832, "sfR": 0.11567713207251198, "redirect": 0.01890481909968918, "unknown": 0.024744473186874588, "dsfb-red": 0.010539012903036476, "dsfb-alt": 0.05074741650413237, "alternate": 0.30700104449204485, "roll-out": 0.271178796850969, "dsfb": 0.0, "roll-in": 0.13978783006876383}, "dutch": {"sfb": 0.05188818614918586, "oneh-out": 0.005053597116355326, "sfT": 0.0002968263677636739, "sft": 0.0, "bad-redirect": 0.0016462979418783346, "oneh-in": 0.004377695827672731, "sfR": 0.18880787437283908, "redirect": 0.014452417392024075, "unknown": 0.06864641402584021,