{"english-450k": {"sfb": 0.025851005173943065, "dsfb": 0.0, "roll-in": 0.25063979966099537, "dsfb-red": 0.03241739319570064, "roll-out": 0.20131661035104348, "sfT": 5.145293138459254e-05, "sfR": 0.11369548401129392, "bad-redirect": 0.002962928747629803, "alternate": 0.26239328632796216, "oneh-out": 0.009127925435347345, "oneh-in": 0.01625971100993334, "dsfb-alt": 0.028616015543462818, "sft": 0.0, "redirect": 0.05651461350955183, "unknown": 0.00015377410175167997}, "shai": {"sfb": 0.017140709176553498, "dsfb": 0.0, "roll-in": 0.30273521016164995, "dsfb-red": 0.02988879851054284, "roll-out": 0.1770476088149954, "sfT": 6.69890355963046e-05, "sfR": 0.09823378925716947, "bad-redirect": 0.0026267458252996548, "alternate": 0.25658728871051295, "oneh-out": 0.007075467243491753, "oneh-in": 0.016852274701181218, "dsfb-alt": 0.022193369184672067, "sft": 0.0, "redirect": 0.04629098724220368, "unknown": 0.023260762136131256}, "tr-quotes": {"sfb": 0.016188946163981414, "dsfb": 0.0, "roll-in": 0.31065624927764035, "dsfb-red": 0.031134277987101545, "roll-out": 0.19060123436813758, "sfT": 1.271352950694621e-05, "sfR": 0.09677191928064538, "bad-redirect": 0.0026594392177712025, "alternate": 0.241661080418853, "oneh-out": 0.006961235292757911, "oneh-in": 0.015320958831279905, "dsfb-alt": 0.02185224567162109, "sft": 0.0, "redirect": 0.05234391253091699, "unknown": 0.013835787429786644}, "gutenberg": {"sfb": 0.019474100772030645, "dsfb": 0.0, "roll-in": 0.31550297548347106, "dsfb-red": 0.028559299205161166, "roll-out": 0.180167446956755, "sfT": 0.00010608459564530312, "sfR": 0.09863878308844841, "bad-redirect": 0.0021307848782470885, "alternate": 0.2340241334877622, "oneh-out": 0.007787556504254939, "oneh-in": 0.010420538280815775, "dsfb-alt": 0.020246055642128162, "sft": 0.0, "redirect": 0.049966412859271586, "unknown": 0.032975828246008664}, "english-200": {"sfb": 0.008908685968819599, "dsfb": 0.0, "roll-in": 0.30734966592427615, "dsfb-red": 0.035634743875278395, "roll-out": 0.20044543429844097, "sfT": 0.0, "sfR": 0.10690423162583519, "bad-redirect": 0.004454342984409799, "alternate": 0.26280623608017817, "oneh-out": 0.0022271714922048997, "oneh-in": 0.0066815144766146995, "dsfb-alt": 0.008908685968819599, "sft": 0.0, "redirect": 0.0556792873051225, "unknown": 0.0}, "monkeyracer": {"sfb": 0.01627480957817852, "dsfb": 0.0, "roll-in": 0.3107472981215884, "dsfb-red": 0.030974826782614137, "roll-out": 0.19132212177612337, "sfT": 1.4662871263900401e-05, "sfR": 0.09690789370786869, "bad-redirect": 0.0026168337582307584, "alternate": 0.2412775466474811, "oneh-out": 0.006991257018627712, "oneh-in": 0.015376464332076888, "dsfb-alt": 0.021810532242676383, "sft": 0.0, "redirect": 0.05224967546178269, "unknown": 0.013436077701487402}, "chained-bigrams": {"sfb": 0.017542264865668598, "dsfb": 0.0, "roll-in": 0.2898340312276599, "dsfb-red": 0.03440925285158388, "roll-out": 0.14656689883638105, "sfT": 6.947560205154311e-05, "sfR": 0.11914286586209158, "bad-redirect": 0.004734729814578059, "alternate": 0.2507192672726411, "oneh-out": 0.00733974023916489, "oneh-in": 0.013902262761921396, "dsfb-alt": 0.03393526042637242, "sft": 0.0, "redirect": 0.05888739043794952, "unknown": 0.022916559801936097}, "english-5k": {"sfb": 0.019994192558178123, "dsfb": 0.0, "roll-in": 0.27025345335379763, "dsfb-red": 0.030364624382959306, "roll-out": 0.1816070021155681, "sfT": 4.148172729912474e-05, "sfR": 0.10644211224955408, "bad-redirect": 0.0023229767287509854, "alternate": 0.2811216659061683, "oneh-out": 0.008711162732816195, "oneh-in": 0.022897913469116855, "dsfb-alt": 0.02567718919815821, "sft": 0.0, "redirect": 0.048409175758078564, "unknown": 0.002157049819554486}, "mt-quotes": {"sfb": 0.015879561563930625, "dsfb": 0.0, "roll-in": 0.3159730937951973, "dsfb-red": 0.030959766199304337, "roll-out": 0.19319336369395537, "sfT": 1.1953000800851053e-05, "sfR": 0.0964592223377679, "bad-redirect": 0.0025938011737846787, "alternate": 0.24067665937533617, "oneh-out": 0.00687148133538925, "oneh-in": 0.015123534263276795, "dsfb-alt": 0.021428742185725727, "sft": 0.0, "redirect": 0.05285168716606304, "unknown": 0.007977133909467972}, "wordle": {"sfb": 0.030023561090541905, "dsfb": 0.0, "roll-in": 0.2468753506114664, "dsfb-red": 0.03325479636486032, "roll-out": 0.20354538314821047, "sfT": 0.0, "sfR": 0.13138112868843263, "bad-redirect": 0.003253674408167845, "alternate": 0.24142264108605407, "oneh-out": 0.013687871648154382, "oneh-in": 0.015348367553012453, "dsfb-alt": 0.030606978570627174, "sft": 0.0, "redirect": 0.050600246830472345, "unknown": 0.0}, "english-1k": {"sfb": 0.01834862385321101, "dsfb": 0.0, "roll-in": 0.28334509527170076, "dsfb-red": 0.03705010585744531, "roll-out": 0.19724770642201836, "sfT": 0.0, "sfR": 0.10832745236414962, "bad-redirect": 0.0035285815102328866, "alternate": 0.25617501764290757, "oneh-out": 0.012702893436838392, "oneh-in": 0.011997177134791814, "dsfb-alt": 0.015172900494001412, "sft": 0.0, "redirect": 0.0561044460127029, "unknown": 0.0}, "english-10k": {"sfb": 0.019683140039752224, "dsfb": 0.0, "roll-in": 0.2842862932015978, "dsfb-red": 0.029582601647980548, "roll-out": 0.18179888462206442, "sfT": 9.64859805870207e-05, "sfR": 0.10567144593890508, "bad-redirect": 0.00191042241562301, "alternate": 0.2731132166496208, "oneh-out": 0.008953898998475521, "oneh-in": 0.02334960730205901, "dsfb-alt": 0.024449547480751045, "sft": 0.0, "redirect": 0.04710445572258351, "unknown": 0.0}, "reddit": {"sfb": 0.017304163747329522, "dsfb": 0.0, "roll-in": 0.30018434665936994, "dsfb-red": 0.026011401662022884, "roll-out": 0.17664271826949748, "sfT": 0.00013694430288663681, "sfR": 0.10397777127267367, "bad-redirect": 0.002841706657137501, "alternate": 0.23937152453732136, "oneh-out": 0.00670510171841502, "oneh-in": 0.01668885081967121, "dsfb-alt": 0.02341399225418151, "sft": 0.0, "redirect": 0.047436068155261725, "unknown": 0.039285409944231534}, "akl": {"sfb": 0.021430756463020763, "dsfb": 0.0, "roll-in": 0.2498045566896537, "dsfb-red": 0.024247818436086362, "roll-out": 0.16032513524385525, "sfT": 0.00023585877065398033, "sfR": 0.13064861186637447, "bad-redirect": 0.0031625977899099244, "alternate": 0.1956163623921337, "oneh-out": 0.0059652552308897015, "oneh-in": 0.014155578286000527, "dsfb-alt": 0.023017058647422345, "sft": 0.0, "redirect": 0.03862032946945143, "unknown": 0.13277008071454782}, "french": {"sfb": 0.022740527908745263, "dsfb": 0.0, "roll-in": 0.20900804604122675, "dsfb-red": 0.030987940024644823, "roll-out": 0.176032989888173, "sfT": 0.0004024721052028284, "sfR": 0.10898279115633469, "bad-redirect": 0.00413194606903754, "alternate": 0.19291510962293515, "oneh-out": 0.019765479396429076, "oneh-in": 0.015684696305327348, "dsfb-alt": 0.016840470224173096, "sft": 0.0, "redirect": 0.044427997382313275, "unknown": 0.15807953387545715}, "keymash": {"sfb": 0.01632507296408648, "dsfb": 0.0, "roll-in": 0.30869042292488497, "dsfb-red": 0.031911269103044586, "roll-out": 0.1913814123220025, "sfT": 2.052435625356611e-05, "sfR": 0.099723742164827, "bad-redirect": 0.00257375427419719, "alternate": 0.2410257252281282, "oneh-out": 0.007524229002557335, "oneh-in": 0.014572292940031937, "dsfb-alt": 0.021956956320065023, "sft": 0.0, "redirect": 0.0519717749052801, "unknown": 0.01232282349464109}, "movie": {"sfb": 0.01625904455494861, "dsfb": 0.0, "roll-in": 0.2816541164001306, "dsfb-red": 0.03267692770106867, "roll-out": 0.19544292476722647, "sfT": 1.4870555760043975e-05, "sfR": 0.11567713207251198, "bad-redirect": 0.0026334043479136282, "alternate": 0.22725420188608655, "oneh-out": 0.006469744538327805, "oneh-in": 0.015289168484581141, "dsfb-alt": 0.02679871544717801, "sft": 0.0, "redirect": 0.049593303459746656, "unknown": 0.030236445784519856}, "dutch": {"sfb": 0.02720443963596328, "dsfb": 0.0, "roll-in": 0.23545345490364009, "dsfb-red": 0.026017887258266446, "roll-out": 0.17438113387815932, "sfT": 0.00010787165811684559, "sfR": 0.18880787437283908, "bad-redirect": 0.004212678728329425,