{"english-450k": {"sfT": 0.0003911592170033228, "alternate": 0.34723946252735627, "oneh-out": 0.0030997467697206514, "sft": 0.0, "dsfb-alt": 0.0899885458758429, "redirect": 0.009831602741271858, "dsfb": 0.0, "dsfb-red": 0.004994150152517013, "unknown": 0.013218725826623501, "bad-redirect": 0.0028506678064270556, "oneh-in": 0.001409693381457416, "sfb": 0.09069046910456113, "sfR": 0.11369548401129392, "roll-in": 0.16126459611495286, "roll-out": 0.16132569647097206}, "shai": {"sfT": 0.00044809270898581974, "alternate": 0.30258616458897963, "oneh-out": 0.0037459790322925237, "sft": 0.0, "dsfb-alt": 0.08156228586963286, "redirect": 0.008477097088121157, "dsfb": 0.0, "dsfb-red": 0.005783633155841546, "unknown": 0.03443766675656336, "bad-redirect": 0.002590689096872617, "oneh-in": 0.0017558496584596454, "sfb": 0.10999452569378626, "sfR": 0.09823378925716947, "roll-in": 0.1826839071188584, "roll-out": 0.1677003199744367}, "tr-quotes": {"sfT": 0.0006298975982986986, "alternate": 0.28556667668338687, "oneh-out": 0.0031390860128059916, "sft": 0.0, "dsfb-alt": 0.08967083516331106, "redirect": 0.009834492961327755, "dsfb": 0.0, "dsfb-red": 0.007201636577980167, "unknown": 0.02170199486835718, "bad-redirect": 0.0021358729571669633, "oneh-in": 0.002180948198146136, "sfb": 0.13009754744458057, "sfR": 0.09677191928064538, "roll-in": 0.18016804974457362, "roll-out": 0.17090104250941957}, "gutenberg": {"sfT": 0.000362392556195473, "alternate": 0.2647513471796463, "oneh-out": 0.003115098376413151, "sft": 0.0, "dsfb-alt": 0.07937874587548775, "redirect": 0.009916825888278524, "dsfb": 0.0, "dsfb-red": 0.010183742308393223, "unknown": 0.044105238949868585, "bad-redirect": 0.00267901491359978, "oneh-in": 0.0016757577376399133, "sfb": 0.11957779846427392, "sfR": 0.09863878308844841, "roll-in": 0.194369332761992, "roll-out": 0.17124592189976293}, "english-200": {"sfT": 0.0, "alternate": 0.2806236080178174, "oneh-out": 0.0022271714922048997, "sft": 0.0, "dsfb-alt": 0.10244988864142539, "redirect": 0.0066815144766146995, "dsfb": 0.0, "dsfb-red": 0.008908685968819599, "unknown": 0.0, "bad-redirect": 0.0, "oneh-in": 0.004454342984409799, "sfb": 0.10467706013363029, "sfR": 0.10690423162583519, "roll-in": 0.20489977728285078, "roll-out": 0.17817371937639198}, "monkeyracer": {"sfT": 0.0006295259395967906, "alternate": 0.2846855107371319, "oneh-out": 0.003138831975225613, "sft": 0.0, "dsfb-alt": 0.08993716470901043, "redirect": 0.009851494439839216, "dsfb": 0.0, "dsfb-red": 0.007223907909348265, "unknown": 0.021106714422009166, "bad-redirect": 0.0021505544520387257, "oneh-in": 0.002203340788588767, "sfb": 0.13085537325805088, "sfR": 0.09690789370786869, "roll-in": 0.17972379060637816, "roll-out": 0.17158589705491342}, "chained-bigrams": {"sfT": 0.001397303697335708, "alternate": 0.31102603776745674, "oneh-out": 0.0029484926066921237, "sft": 0.0, "dsfb-alt": 0.07902882198597631, "redirect": 0.016830626923159335, "dsfb": 0.0, "dsfb-red": 0.009391543066107658, "unknown": 0.03443457573457463, "bad-redirect": 0.0016615707070084, "oneh-in": 0.0029049891923234004, "sfb": 0.10329593554741905, "sfR": 0.11914286586209158, "roll-in": 0.1606074634977135, "roll-out": 0.1573297734121416}, "english-5k": {"sfT": 0.0003733355456921226, "alternate": 0.3443398183100344, "oneh-out": 0.0026133488198448584, "sft": 0.0, "dsfb-alt": 0.08379308914423196, "redirect": 0.009125980005807442, "dsfb": 0.0, "dsfb-red": 0.004480026548305471, "unknown": 0.01767121582942714, "bad-redirect": 0.003774837184220351, "oneh-in": 0.0009955614551789937, "sfb": 0.08814867051064006, "sfR": 0.10644211224955408, "roll-in": 0.16712987928817355, "roll-out": 0.17111212510888954}, "mt-quotes": {"sfT": 0.0006320149173449994, "alternate": 0.28150362773574306, "oneh-out": 0.0030435328289166994, "sft": 0.0, "dsfb-alt": 0.09168698676802811, "redirect": 0.009907543538805417, "dsfb": 0.0, "dsfb-red": 0.007403389871027122, "unknown": 0.014850109369957327, "bad-redirect": 0.00211418701665053, "oneh-in": 0.002320376280465211, "sfb": 0.13535129869353701, "sfR": 0.0964592223377679, "roll-in": 0.18149137590992218, "roll-out": 0.17323633473183442}, "wordle": {"sfT": 0.0009424436216762033, "alternate": 0.3165264220801077, "oneh-out": 0.003119039605071244, "sft": 0.0, "dsfb-alt": 0.09271850106585885, "redirect": 0.011668349601705374, "dsfb": 0.0, "dsfb-red": 0.007449792438011893, "unknown": 0.019185459441265568, "bad-redirect": 0.0023112307864916414, "oneh-in": 0.0015034219679120385, "sfb": 0.09882194547290475, "sfR": 0.13138112868843263, "roll-in": 0.15691686300908786, "roll-out": 0.15745540222147425}, "english-1k": {"sfT": 0.0, "alternate": 0.3168666196189132, "oneh-out": 0.0014114326040931546, "sft": 0.0, "dsfb-alt": 0.08892025405786874, "redirect": 0.0077628793225123505, "dsfb": 0.0, "dsfb-red": 0.004940014114326041, "unknown": 0.014467184191954835, "bad-redirect": 0.004234297812279464, "oneh-in": 0.001058574453069866, "sfb": 0.09809456598447425, "sfR": 0.10832745236414962, "roll-in": 0.17043048694424842, "roll-out": 0.1834862385321101}, "english-10k": {"sfT": 0.0003280523339958704, "alternate": 0.33827984793809457, "oneh-out": 0.004206788753594102, "sft": 0.0, "dsfb-alt": 0.08232183863684607, "redirect": 0.009474923293645434, "dsfb": 0.0, "dsfb-red": 0.003859439223480828, "unknown": 0.014704463441461955, "bad-redirect": 0.00438046351865074, "oneh-in": 0.0010227513942224194, "sfb": 0.09494220489762838, "sfR": 0.10567144593890508, "roll-in": 0.17078018563902664, "roll-out": 0.1700275949904479}, "reddit": {"sfT": 0.0007219167258025579, "alternate": 0.28051193795853724, "oneh-out": 0.0027097067328014754, "sft": 0.0, "dsfb-alt": 0.08184081460884066, "redirect": 0.008848826936824514, "dsfb": 0.0, "dsfb-red": 0.006430950910748911, "unknown": 0.055340031842547016, "bad-redirect": 0.00204835864424391, "oneh-in": 0.0014818901834795202, "sfb": 0.11952653080488303, "sfR": 0.10397777127267367, "roll-in": 0.1683499840899637, "roll-out": 0.16821127928865376}, "akl": {"sfT": 0.0006787919553924997, "alternate": 0.23420123645242022, "oneh-out": 0.0017254306924209158, "sft": 0.0, "dsfb-alt": 0.07201319741747247, "redirect": 0.009235454628404704, "dsfb": 0.0, "dsfb-red": 0.005406739883033717, "unknown": 0.14869077010211132, "bad-redirect": 0.0018065457504616677, "oneh-in": 0.001427061688186947, "sfb": 0.11462889440917119, "sfR": 0.13064861186637447, "roll-in": 0.1422619014234371, "roll-out": 0.1372753637311128}, "french": {"sfT": 0.0005571745679159168, "alternate": 0.24397375403653798, "oneh-out": 0.005557572860088222, "sft": 0.0, "dsfb-alt": 0.05411633274621007, "redirect": 0.00794414974419335, "dsfb": 0.0, "dsfb-red": 0.004819387721331754, "unknown": 0.19008123497330978, "bad-redirect": 0.0019466352012105085, "oneh-in": 0.0010276492373502684, "sfb": 0.0599111280345957, "sfR": 0.10898279115633469, "roll-in": 0.1380950499661538, "roll-out": 0.182987139754768}, "keymash": {"sfT": 0.0004597455800798808, "alternate": 0.283769749561805, "oneh-out": 0.0032715823868184374, "sft": 0.0, "dsfb-alt": 0.08988436577686741, "redirect": 0.00946583310414469, "dsfb": 0.0, "dsfb-red": 0.007864933316366533, "unknown": 0.02063108290608465, "bad-redirect": 0.0023808253254136683, "oneh-in": 0.0019333943590859272, "sfb": 0.12795704662723253, "sfR": 0.099723742164827, "roll-in": 0.18277760218050762, "roll-out": 0.16988009671076668}, "movie": {"sfT": 0.0008344618944640605, "alternate": 0.2719520657504913, "oneh-out": 0.004326015747786952, "sft": 0.0, "dsfb-alt": 0.08854784285480982, "redirect": 0.009245537747589818, "dsfb": 0.0, "dsfb-red": 0.0071247069809626615, "unknown": 0.035754211558527677, "bad-redirect": 0.0022353208861956367, "oneh-in": 0.0014595516277402453, "sfb": 0.1375786971524465, "sfR": 0.11567713207251198, "roll-in": 0.1647440441779208, "roll-out": 0.16052041154855257}, "dutch": {"sfT": 0.0011793621292086577, "alternate": 0.24770872242409706, "oneh-out": 0.0024711324074755776, "sft": 0.0, "dsfb-alt": 0.08523845930152599, "redirect": 0.00998646619512742, "dsfb": 0.0,