{"english-450k": {"dsfb-red": 0.017047291675558865, "dsfb-alt": 0.03333945311380862, "redirect": 0.04087993867746087, "sft": 0.0, "oneh-out": 0.00719727112362093, "alternate": 0.32140541343307405, "unknown": 0.00015377410175167997, "dsfb": 0.0, "roll-in": 0.25748245484274407, "roll-out": 0.168564773101343, "bad-redirect": 0.0033596425424530538, "oneh-in": 0.015675310954036747, "sfR": 0.11369548401129392, "sfb": 0.021170834841352487, "sfT": 2.835758150173566e-05}, "shai": {"dsfb-red": 0.010871858350468923, "dsfb-alt": 0.031598211004160534, "redirect": 0.0281036343757944, "sft": 0.0, "oneh-out": 0.009451782137475063, "alternate": 0.317143557797434, "unknown": 0.02357661071706909, "dsfb": 0.0, "roll-in": 0.27253225830922584, "roll-out": 0.18124863181048745, "bad-redirect": 0.0027260527744174027, "oneh-in": 0.01426955477603802, "sfR": 0.09823378925716947, "sfb": 0.010231901736203463, "sfT": 1.2156954056389689e-05}, "tr-quotes": {"dsfb-red": 0.012421118328286447, "dsfb-alt": 0.030003929636393055, "redirect": 0.029383278241372136, "sft": 0.0, "oneh-out": 0.012778252929890663, "alternate": 0.3057858117010702, "unknown": 0.01476503085920344, "dsfb": 0.0, "roll-in": 0.27933820300039297, "roll-out": 0.19700307436258988, "bad-redirect": 0.0025357712489309076, "oneh-in": 0.011888305864404428, "sfR": 0.09677191928064538, "sfb": 0.00731952566977185, "sfT": 5.778877048611914e-06}, "gutenberg": {"dsfb-red": 0.008968315941142752, "dsfb-alt": 0.03495979962135377, "redirect": 0.02682765761802953, "sft": 0.0, "oneh-out": 0.010865335835414297, "alternate": 0.28953289815916705, "unknown": 0.03800726906804304, "dsfb": 0.0, "roll-in": 0.2821715744052727, "roll-out": 0.1860127081768112, "bad-redirect": 0.004122902035043531, "oneh-in": 0.01120253330014401, "sfR": 0.09863878308844841, "sfb": 0.008688138946572388, "sfT": 2.083804557318454e-06}, "english-200": {"dsfb-red": 0.008908685968819599, "dsfb-alt": 0.035634743875278395, "redirect": 0.026726057906458798, "sft": 0.0, "oneh-out": 0.011135857461024499, "alternate": 0.3273942093541203, "unknown": 0.0, "dsfb": 0.0, "roll-in": 0.2739420935412027, "roll-out": 0.19821826280623608, "bad-redirect": 0.0022271714922048997, "oneh-in": 0.008908685968819599, "sfR": 0.10690423162583519, "sfb": 0.0, "sfT": 0.0}, "monkeyracer": {"dsfb-red": 0.012415541861519934, "dsfb-alt": 0.029999257081189296, "redirect": 0.02924167539922111, "sft": 0.0, "oneh-out": 0.012891596415221234, "alternate": 0.3051636767442952, "unknown": 0.014345175719849227, "dsfb": 0.0, "roll-in": 0.2797548758934576, "roll-out": 0.19770340335017283, "bad-redirect": 0.002588485540453884, "oneh-in": 0.011774285624912022, "sfR": 0.09690789370786869, "sfb": 0.007209245038084364, "sfT": 4.887623754633467e-06}, "chained-bigrams": {"dsfb-red": 0.01661895359354435, "dsfb-alt": 0.04273528691800386, "redirect": 0.03709217983921917, "sft": 0.0, "oneh-out": 0.006291113161471039, "alternate": 0.3014065887544323, "unknown": 0.02361326373652774, "dsfb": 0.0, "roll-in": 0.26989713065763526, "roll-out": 0.1513152640494926, "bad-redirect": 0.0072105286054428615, "oneh-in": 0.013041934044927988, "sfR": 0.11914286586209158, "sfb": 0.011612814417680827, "sfT": 2.2076359530396875e-05}, "english-5k": {"dsfb-red": 0.01165636537105405, "dsfb-alt": 0.0318579665657278, "redirect": 0.031152777201642678, "sft": 0.0, "oneh-out": 0.006554112913261708, "alternate": 0.3420168415812834, "unknown": 0.002157049819554486, "dsfb": 0.0, "roll-in": 0.26842825735263615, "roll-out": 0.15974613182892936, "bad-redirect": 0.002862239183639607, "oneh-in": 0.02497199983407309, "sfR": 0.10644211224955408, "sfb": 0.012154146098643548, "sfT": 0.0}, "mt-quotes": {"dsfb-red": 0.012469968085487861, "dsfb-alt": 0.030015479136037103, "redirect": 0.028703637298143698, "sft": 0.0, "oneh-out": 0.01328426626504584, "alternate": 0.30549031209285094, "unknown": 0.008864644218931163, "dsfb": 0.0, "roll-in": 0.2840645581573254, "roll-out": 0.20048021180717418, "bad-redirect": 0.0024966830422777637, "oneh-in": 0.011374774387109885, "sfR": 0.0964592223377679, "sfb": 0.0062962431718482925, "sfT": 0.0}, "wordle": {"dsfb-red": 0.019230337708964432, "dsfb-alt": 0.043778750140244585, "redirect": 0.038393358016380566, "sft": 0.0, "oneh-out": 0.01590934589924829, "alternate": 0.3045663637383597, "unknown": 0.0, "dsfb": 0.0, "roll-in": 0.20558734432850892, "roll-out": 0.20552002692696061, "bad-redirect": 0.0024458655895882417, "oneh-in": 0.00756198810725906, "sfR": 0.13138112868843263, "sfb": 0.025513295186805788, "sfT": 0.00011219566924716706}, "english-1k": {"dsfb-red": 0.007410021171489062, "dsfb-alt": 0.032815808045165845, "redirect": 0.03599153140437544, "sft": 0.0, "oneh-out": 0.011997177134791814, "alternate": 0.3083980239943543, "unknown": 0.0, "dsfb": 0.0, "roll-in": 0.28440366972477066, "roll-out": 0.18736767819336628, "bad-redirect": 0.0014114326040931546, "oneh-in": 0.013408609738884969, "sfR": 0.10832745236414962, "sfb": 0.008468595624558928, "sfT": 0.0}, "english-10k": {"dsfb-red": 0.011153779355859594, "dsfb-alt": 0.03330696049863955, "redirect": 0.03197545396653866, "sft": 0.0, "oneh-out": 0.008587252272244843, "alternate": 0.331853881630999, "unknown": 0.0, "dsfb": 0.0, "roll-in": 0.2723027344126898, "roll-out": 0.1682136585554119, "bad-redirect": 0.002199880357384072, "oneh-in": 0.022114586750545145, "sfR": 0.10567144593890508, "sfb": 0.012620366260782308, "sfT": 0.0}, "reddit": {"dsfb-red": 0.012523136975954401, "dsfb-alt": 0.031230043392540395, "redirect": 0.027947313151653642, "sft": 0.0, "oneh-out": 0.010146314274814178, "alternate": 0.3034319043892035, "unknown": 0.040159553597531705, "dsfb": 0.0, "roll-in": 0.26484915806035775, "roll-out": 0.18123421052976582, "bad-redirect": 0.0024860485182128245, "oneh-in": 0.012489500218844938, "sfR": 0.10397777127267367, "sfb": 0.009492457668909054, "sfT": 3.2587949538122004e-05}, "akl": {"dsfb-red": 0.010994314706609701, "dsfb-alt": 0.027404338155853726, "redirect": 0.021416944913387873, "sft": 0.0, "oneh-out": 0.008150296739537868, "alternate": 0.2608600721269265, "unknown": 0.13242029519012413, "dsfb": 0.0, "roll-in": 0.22762451748214807, "roll-out": 0.15403047826036145, "bad-redirect": 0.0025314420915696846, "oneh-in": 0.008726576853379629, "sfR": 0.13064861186637447, "sfb": 0.015083324041215937, "sfT": 0.00010878757251094441}, "french": {"dsfb-red": 0.012822805618003603, "dsfb-alt": 0.02486814371711964, "redirect": 0.029338589441642315, "sft": 0.0, "oneh-out": 0.013642476975498837, "alternate": 0.23365923775732486, "unknown": 0.1582127523819887, "dsfb": 0.0, "roll-in": 0.18258141659064508, "roll-out": 0.17444143923749156, "bad-redirect": 0.0018804604212566338, "oneh-in": 0.014611472315742603, "sfR": 0.10898279115633469, "sfb": 0.04493342468059807, "sfT": 2.4989706353421596e-05}, "keymash": {"dsfb-red": 0.012528067057176752, "dsfb-alt": 0.030527927491554228, "redirect": 0.02900091538628891, "sft": 0.0, "oneh-out": 0.012926239568495933, "alternate": 0.3029271836888836, "unknown": 0.013394194891077241, "dsfb": 0.0, "roll-in": 0.27844983642088067, "roll-out": 0.19856083213949993, "bad-redirect": 0.0027174247679721524, "oneh-in": 0.011764561004544092, "sfR": 0.099723742164827, "sfb": 0.007479075418799489, "sfT": 0.0}, "movie": {"dsfb-red": 0.01705205313025857, "dsfb-alt": 0.03295328316209603, "redirect": 0.028449083940865722, "sft": 0.0, "oneh-out": 0.014654866902604044, "alternate": 0.2892881070164151, "unknown": 0.030313825313607518, "dsfb": 0.0, "roll-in": 0.24859766053258434, "roll-out": 0.20517103178890547, "bad-redirect": 0.0022159760039237213, "oneh-in": 0.008282636362667324, "sfR": 0.11567713207251198, "sfb": 0.007339869447048254, "sfT": 4.474326511871638e-06}, "dutch": {"dsfb-red": 0.01057353832917058, "dsfb-alt": 0.0253169007884493, "redirect": 0.035536879716897146, "sft": 0.0, "oneh-out": 0.009808736162671607, "alternate": 0.22942743495434048, "unknown": 0.07324141314884507, "dsfb": 0.0, "roll-in": 0.21306800587226338, "roll-out": 0.18337869884044064,