{"english-450k": {"sfb": 0.027765872790812846, "dsfb": 0.0, "sfT": 1.92948492692222e-05, "unknown": 0.00015377410175167997, "dsfb-alt": 0.04917233867021068, "roll-out": 0.19875653466845894, "redirect": 0.02201074547696575, "dsfb-red": 0.008576852846370317, "bad-redirect": 0.003866278508870661, "sfR": 0.11369548401129392, "sft": 0.0, "roll-in": 0.20352236243795682, "alternate": 0.3628165451578406, "oneh-in": 0.003968892025438797, "oneh-out": 0.005675024454759718}, "shai": {"sfb": 0.021389098235000695, "dsfb": 0.0, "sfT": 8.813307889781904e-05, "unknown": 0.023215439649025137, "dsfb-alt": 0.04595150594510274, "roll-out": 0.23818023982910752, "redirect": 0.02100552137038481, "dsfb-red": 0.007748597131624553, "bad-redirect": 0.008711574194343444, "sfR": 0.09823378925716947, "sft": 0.0, "roll-in": 0.21787346271232674, "alternate": 0.30352018325301977, "oneh-in": 0.005382020186194531, "oneh-out": 0.00870043515780276}, "tr-quotes": {"sfb": 0.023961535794364438, "dsfb": 0.0, "sfT": 9.130625736806823e-05, "unknown": 0.01310649314625182, "dsfb-alt": 0.03920390189778322, "roll-out": 0.25510390420933404, "redirect": 0.027606851436628835, "dsfb-red": 0.009629920713806892, "bad-redirect": 0.016169297982016134, "sfR": 0.09677191928064538, "sft": 0.0, "roll-in": 0.20808811631723723, "alternate": 0.29574674649222166, "oneh-in": 0.004724809874945101, "oneh-out": 0.009795196597397193}, "gutenberg": {"sfb": 0.021049267580585458, "dsfb": 0.0, "sfT": 3.978172336698867e-05, "unknown": 0.0329585894992163, "dsfb-alt": 0.03836738838290325, "roll-out": 0.2727218996113894, "redirect": 0.02372335713795885, "dsfb-red": 0.01343580347525558, "bad-redirect": 0.0074738491999895434, "sfR": 0.09863878308844841, "sft": 0.0, "roll-in": 0.20446460809508818, "alternate": 0.26936773202121844, "oneh-in": 0.004679846162181372, "oneh-out": 0.013079094022398248}, "english-200": {"sfb": 0.011135857461024499, "dsfb": 0.0, "sfT": 0.0, "unknown": 0.0, "dsfb-alt": 0.026726057906458798, "roll-out": 0.29398663697104677, "redirect": 0.035634743875278395, "dsfb-red": 0.004454342984409799, "bad-redirect": 0.0022271714922048997, "sfR": 0.10690423162583519, "sft": 0.0, "roll-in": 0.20489977728285078, "alternate": 0.30066815144766146, "oneh-in": 0.0022271714922048997, "oneh-out": 0.011135857461024499}, "monkeyracer": {"sfb": 0.0240852323380828, "dsfb": 0.0, "sfT": 0.00010166257409637611, "unknown": 0.012961000672537028, "dsfb-alt": 0.03911272033407886, "roll-out": 0.2550508703880382, "redirect": 0.027586725995902218, "dsfb-red": 0.009634483945133492, "bad-redirect": 0.01653971878567965, "sfR": 0.09690789370786869, "sft": 0.0, "roll-in": 0.20830563679872374, "alternate": 0.29522127250261976, "oneh-in": 0.004763478111265778, "oneh-out": 0.00972930384597338}, "chained-bigrams": {"sfb": 0.022470487478483667, "dsfb": 0.0, "sfT": 8.376030527709402e-05, "unknown": 0.022876952215719795, "dsfb-alt": 0.05652846649165741, "roll-out": 0.2191494238394815, "redirect": 0.03042836578449967, "dsfb-red": 0.014558060500912597, "bad-redirect": 0.005009385699323879, "sfR": 0.11914286586209158, "sft": 0.0, "roll-in": 0.19184875875668542, "alternate": 0.3047316780825253, "oneh-in": 0.005974252471740636, "oneh-out": 0.007197542511601452}, "english-5k": {"sfb": 0.019496411830588627, "dsfb": 0.0, "sfT": 0.0, "unknown": 0.002157049819554486, "dsfb-alt": 0.04737213257560045, "roll-out": 0.20251379267432695, "redirect": 0.018791222466503506, "dsfb-red": 0.006554112913261708, "bad-redirect": 0.004397063093707222, "sfR": 0.10644211224955408, "sft": 0.0, "roll-in": 0.233127307421081, "alternate": 0.3494005890405276, "oneh-in": 0.002447421910648359, "oneh-out": 0.007300784004645953}, "mt-quotes": {"sfb": 0.02378049509329317, "dsfb": 0.0, "sfT": 8.367100560595738e-05, "unknown": 0.007926333656064355, "dsfb-alt": 0.03770125865098433, "roll-out": 0.2613075387576051, "redirect": 0.028709613798544125, "dsfb-red": 0.009801460656697864, "bad-redirect": 0.017705382436260624, "sfR": 0.0964592223377679, "sft": 0.0, "roll-in": 0.2084887223437444, "alternate": 0.2932653805237805, "oneh-in": 0.004733388317137017, "oneh-out": 0.010037532422514673}, "wordle": {"sfb": 0.03632895770223269, "dsfb": 0.0, "sfT": 8.975653539773365e-05, "unknown": 0.0, "dsfb-alt": 0.05690564344216313, "roll-out": 0.20536295299001459, "redirect": 0.025603051722203524, "dsfb-red": 0.013104454168069112, "bad-redirect": 0.003119039605071244, "sfR": 0.13138112868843263, "sft": 0.0, "roll-in": 0.18687310669808146, "alternate": 0.3225625490856053, "oneh-in": 0.009873218893750701, "oneh-out": 0.008796140468977897}, "english-1k": {"sfb": 0.014114326040931546, "dsfb": 0.0, "sfT": 0.0, "unknown": 0.0, "dsfb-alt": 0.03952011291460833, "roll-out": 0.24841213832039521, "redirect": 0.01834862385321101, "dsfb-red": 0.0067043048694424845, "bad-redirect": 0.0028228652081863093, "sfR": 0.10832745236414962, "sft": 0.0, "roll-in": 0.20959774170783346, "alternate": 0.33627381792519406, "oneh-in": 0.003175723359209598, "oneh-out": 0.012702893436838392}, "english-10k": {"sfb": 0.023426796086528628, "dsfb": 0.0, "sfT": 0.0, "unknown": 0.0, "dsfb-alt": 0.049130661314910944, "roll-out": 0.19264390884004554, "redirect": 0.018158661546477297, "dsfb-red": 0.006213697149804133, "bad-redirect": 0.003299820536076108, "sfR": 0.10567144593890508, "sft": 0.0, "roll-in": 0.2455182262017329, "alternate": 0.3432971189286197, "oneh-in": 0.006387371914860771, "oneh-out": 0.006252291542038942}, "reddit": {"sfb": 0.02416033121343103, "dsfb": 0.0, "sfT": 0.00016241534390493907, "unknown": 0.038048678530553166, "dsfb-alt": 0.04106909450636467, "roll-out": 0.24818589065394464, "redirect": 0.025369119396815784, "dsfb-red": 0.008510062091281094, "bad-redirect": 0.0121609612471221, "sfR": 0.10397777127267367, "sft": 0.0, "roll-in": 0.20087545466276435, "alternate": 0.28266071992773717, "oneh-in": 0.005176427225771, "oneh-out": 0.009643073927636399}, "akl": {"sfb": 0.023307002359304226, "dsfb": 0.0, "sfT": 0.00013833786474875715, "unknown": 0.13217981609785773, "dsfb-alt": 0.03249442540902138, "roll-out": 0.21238185411430868, "redirect": 0.02437763217807421, "dsfb-red": 0.00934263620677229, "bad-redirect": 0.010872827426565115, "sfR": 0.13064861186637447, "sft": 0.0, "roll-in": 0.1714142777277298, "alternate": 0.23757122985524334, "oneh-in": 0.006556137537634929, "oneh-out": 0.008715211356365085}, "french": {"sfb": 0.04125265667321118, "dsfb": 0.0, "sfT": 0.00038049374835602415, "unknown": 0.15806784804155086, "dsfb-alt": 0.038428400363800984, "roll-out": 0.20068944022952895, "redirect": 0.010933580821317262, "dsfb-red": 0.006839673639828486, "bad-redirect": 0.006737407611310227, "sfR": 0.10898279115633469, "sft": 0.0, "roll-in": 0.18107984686104195, "alternate": 0.23374613241970488, "oneh-in": 0.0031921653135594643, "oneh-out": 0.009669563120455044}, "keymash": {"sfb": 0.023771309412880266, "dsfb": 0.0, "sfT": 7.79925537635512e-05, "unknown": 0.01232282349464109, "dsfb-alt": 0.03959969295563045, "roll-out": 0.25774897070353386, "redirect": 0.026640614417128807, "dsfb-red": 0.010102088148005239, "bad-redirect": 0.015479469486439558, "sfR": 0.099723742164827, "sft": 0.0, "roll-in": 0.2059331809057809, "alternate": 0.2936542795335224, "oneh-in": 0.0047164970670694915, "oneh-out": 0.010229339156777349}, "movie": {"sfb": 0.028047842131021704, "dsfb": 0.0, "sfT": 0.00012988706668286198, "unknown": 0.03009879444536051, "dsfb-alt": 0.03748735509268501, "roll-out": 0.24693347426584528, "redirect": 0.0272374626410186, "dsfb-red": 0.013216634124714481, "bad-redirect": 0.026642245617101087, "sfR": 0.11567713207251198, "sft": 0.0, "roll-in": 0.17331014228489905, "alternate": 0.28649244253352685, "oneh-in": 0.005547638483366494, "oneh-out": 0.009178949241266082}, "dutch": {"sfb": 0.05934605174131501, "dsfb": 0.0, "sfT": 0.00017860864137332096, "unknown": 0.07288478758230817, "dsfb-alt": 0.037101413237064576, "roll-out": 0.15357262647656056, "redirect": 0.019515876445208566, "dsfb-red": 0.006754906734946175,