{"english-450k": {"dsfb-alt": 0.04043264898985617, "oneh-in": 0.01573114907843707, "dsfb-red": 0.02125707697066189, "sfR": 0.11369548401129392, "dsfb": 0.0, "sfT": 0.0001432496385139224, "alternate": 0.25622390444722887, "sft": 0.0, "roll-in": 0.28027902690812906, "bad-redirect": 0.0012813533991969835, "sfb": 0.03435243270044279, "oneh-out": 0.00808015665078837, "unknown": 0.00015377410175167997, "roll-out": 0.17986307673327678, "redirect": 0.048506666370422516}, "shai": {"dsfb-alt": 0.03458106540278725, "oneh-in": 0.016875435227470117, "dsfb-red": 0.016559749203702092, "sfR": 0.09823378925716947, "dsfb": 0.0, "sfT": 3.3432591257272886e-05, "alternate": 0.23507693443806155, "sft": 0.0, "roll-in": 0.32450368586771317, "bad-redirect": 0.0005974750072221828, "sfb": 0.016810629102439814, "oneh-out": 0.00951524136024124, "unknown": 0.040541947800260894, "roll-out": 0.16671532415602638, "redirect": 0.03995529058564858}, "tr-quotes": {"dsfb-alt": 0.03205889831487945, "oneh-in": 0.014489956311689513, "dsfb-red": 0.015702364716488292, "sfR": 0.09677191928064538, "dsfb": 0.0, "sfT": 2.542705901389242e-05, "alternate": 0.22962830262823328, "sft": 0.0, "roll-in": 0.3367571253554009, "bad-redirect": 0.0007905503802501098, "sfb": 0.013231316890501837, "oneh-out": 0.011879059661126649, "unknown": 0.03985229190263748, "roll-out": 0.16643743787707171, "redirect": 0.042375349622061444}, "gutenberg": {"dsfb-alt": 0.037260698726189215, "oneh-in": 0.013048026390816408, "dsfb-red": 0.013687564953135235, "sfR": 0.09863878308844841, "dsfb": 0.0, "sfT": 0.00017049310014423716, "alternate": 0.21796879824717938, "sft": 0.0, "roll-in": 0.3418435911454219, "bad-redirect": 0.0011131305071639306, "sfb": 0.015201922555971938, "oneh-out": 0.011594856867253693, "unknown": 0.04774791875283919, "roll-out": 0.16256308718297283, "redirect": 0.03916112848246365}, "english-200": {"dsfb-alt": 0.042316258351893093, "oneh-in": 0.0066815144766146995, "dsfb-red": 0.011135857461024499, "sfR": 0.10690423162583519, "dsfb": 0.0, "sfT": 0.0, "alternate": 0.24498886414253898, "sft": 0.0, "roll-in": 0.35412026726057905, "bad-redirect": 0.0, "sfb": 0.004454342984409799, "oneh-out": 0.011135857461024499, "unknown": 0.0, "roll-out": 0.18040089086859687, "redirect": 0.0378619153674833}, "monkeyracer": {"dsfb-alt": 0.03198851994932512, "oneh-in": 0.014389164333640929, "dsfb-red": 0.01568047452961509, "sfR": 0.09690789370786869, "dsfb": 0.0, "sfT": 2.248306927131395e-05, "alternate": 0.22912789151821325, "sft": 0.0, "roll-in": 0.33738973520809545, "bad-redirect": 0.0008348061372913962, "sfb": 0.013115449583183445, "oneh-out": 0.011916026713796393, "unknown": 0.03993481864960821, "roll-out": 0.16643336409277884, "redirect": 0.04225937250731188}, "chained-bigrams": {"dsfb-alt": 0.04580844602557351, "oneh-in": 0.01533203169386063, "dsfb-red": 0.02501770978547622, "sfR": 0.11914286586209158, "dsfb": 0.0, "sfT": 4.155550029251176e-05, "alternate": 0.24336654093963478, "sft": 0.0, "roll-in": 0.3030467324066024, "bad-redirect": 0.003317946976480236, "sfb": 0.01772861531229283, "oneh-out": 0.005797641595497461, "unknown": 0.03547930698411606, "roll-out": 0.13392753370053678, "redirect": 0.05199307321754499}, "english-5k": {"dsfb-alt": 0.03575724893184552, "oneh-in": 0.025635707470859085, "dsfb-red": 0.019952710830879, "sfR": 0.10644211224955408, "dsfb": 0.0, "sfT": 0.0, "alternate": 0.2578089351640602, "sft": 0.0, "roll-in": 0.311278881652632, "bad-redirect": 0.0003318538183929979, "sfb": 0.02173642510474136, "oneh-out": 0.009291906915003941, "unknown": 0.002157049819554486, "roll-out": 0.17173435101837642, "redirect": 0.037872817024100884}, "mt-quotes": {"dsfb-alt": 0.03170234637405721, "oneh-in": 0.014094082069303498, "dsfb-red": 0.015535912790906157, "sfR": 0.0964592223377679, "dsfb": 0.0, "sfT": 8.96475060063829e-06, "alternate": 0.23011618316778426, "sft": 0.0, "roll-in": 0.3436457847742676, "bad-redirect": 0.0008053334289573398, "sfb": 0.012142754688564563, "oneh-out": 0.01204115418175733, "unknown": 0.035089527975998375, "roll-out": 0.16623486451273592, "redirect": 0.04212386894729922}, "wordle": {"dsfb-alt": 0.05006170761808594, "oneh-in": 0.009491753618310334, "dsfb-red": 0.023000112195669248, "sfR": 0.13138112868843263, "dsfb": 0.0, "sfT": 0.00026926960619320093, "alternate": 0.2398967799842926, "sft": 0.0, "roll-in": 0.24420509368338383, "bad-redirect": 0.003096600471221811, "sfb": 0.038415797150230004, "oneh-out": 0.013687871648154382, "unknown": 0.0, "roll-out": 0.20388197015595197, "redirect": 0.042611915180074046}, "english-1k": {"dsfb-alt": 0.038108680310515175, "oneh-in": 0.01305575158786168, "dsfb-red": 0.01834862385321101, "sfR": 0.10832745236414962, "dsfb": 0.0, "sfT": 0.0, "alternate": 0.221242060691602, "sft": 0.0, "roll-in": 0.3200423429781228, "bad-redirect": 0.0, "sfb": 0.01587861679604799, "oneh-out": 0.01799576570218772, "unknown": 0.0, "roll-out": 0.20148200423429782, "redirect": 0.04551870148200424}, "english-10k": {"dsfb-alt": 0.03620153991625017, "oneh-in": 0.022056695162192934, "dsfb-red": 0.019355087705756353, "sfR": 0.10567144593890508, "dsfb": 0.0, "sfT": 7.718878446961657e-05, "alternate": 0.25059338878061016, "sft": 0.0, "roll-in": 0.3131934929854692, "bad-redirect": 0.0005789158835221242, "sfb": 0.02207599235831034, "oneh-out": 0.009745084039289092, "unknown": 0.0, "roll-out": 0.1808147276200768, "redirect": 0.039636440825148105}, "reddit": {"dsfb-alt": 0.032999494137633895, "oneh-in": 0.013470846988901556, "dsfb-red": 0.015529918453338457, "sfR": 0.10397777127267367, "dsfb": 0.0, "sfT": 3.794435963461792e-05, "alternate": 0.22719760302521053, "sft": 0.0, "roll-in": 0.31219929890959597, "bad-redirect": 0.0006039258740265989, "sfb": 0.014230895361405043, "oneh-out": 0.009910257656435736, "unknown": 0.06784818585319653, "roll-out": 0.16263821551384922, "redirect": 0.03935564259409817}, "akl": {"dsfb-alt": 0.029574555103178576, "oneh-in": 0.009604956819388392, "dsfb-red": 0.01402233018730611, "sfR": 0.13064861186637447, "dsfb": 0.0, "sfT": 0.001022252333651559, "alternate": 0.1953285188264393, "sft": 0.0, "roll-in": 0.26928818114566333, "bad-redirect": 0.0007674675397081434, "sfb": 0.02255989388381344, "oneh-out": 0.008562296006315065, "unknown": 0.14666469730605353, "roll-out": 0.1410070764302249, "redirect": 0.030949162551883184}, "french": {"dsfb-alt": 0.028004411791827416, "oneh-in": 0.025492511829996647, "dsfb-red": 0.020333231142214008, "sfR": 0.10898279115633469, "dsfb": 0.0, "sfT": 5.753025923089864e-05, "alternate": 0.17686355304214244, "sft": 0.0, "roll-in": 0.2292702183241876, "bad-redirect": 0.0012710741467210082, "sfb": 0.04984676351016862, "oneh-out": 0.011554083619902192, "unknown": 0.1702962791870369, "roll-out": 0.13712524560663958, "redirect": 0.040902306383598014}, "keymash": {"dsfb-alt": 0.03326587661577995, "oneh-in": 0.014395783476251268, "dsfb-red": 0.015364533091419587, "sfR": 0.099723742164827, "dsfb": 0.0, "sfT": 2.462922750427933e-05, "alternate": 0.22554625574168866, "sft": 0.0, "roll-in": 0.3383522225825387, "bad-redirect": 0.0009112814176583351, "sfb": 0.01382520637240213, "oneh-out": 0.01222020171337326, "unknown": 0.037136770205202514, "roll-out": 0.16671113610521607, "redirect": 0.04252236128613826}, "movie": {"dsfb-alt": 0.03277852123245587, "oneh-in": 0.011322283238291181, "dsfb-red": 0.01855963796908214, "sfR": 0.11567713207251198, "dsfb": 0.0, "sfT": 1.8028903886071013e-05, "alternate": 0.21199582729573416, "sft": 0.0, "roll-in": 0.3054172645046809, "bad-redirect": 0.0010058022803010275, "sfb": 0.0108512945739974, "oneh-out": 0.011645882323370368, "unknown": 0.07941324208514669, "roll-out": 0.1613592161716899, "redirect": 0.039955867348852314}, "dutch": {"dsfb-alt": 0.025803524613188838, "oneh-in": 0.00938903006201652, "dsfb-red": 0.017211715593647894, "sfR": 0.18880787437283908, "dsfb": 0.0, "sfT": 4.428906176007457e-05, "alternate": 0.17748678330122347, "sft": 0.0, "roll-in": 0.2931731836078544, "bad-redirect": 0.0023581325422075655,