{"english-450k": {"sfb": 0.02987047309216331, "sfR": 0.11369548401129392, "roll-in": 0.22977972883135775, "oneh-in": 0.013589128463352357, "dsfb-red": 0.01892327724768915, "bad-redirect": 0.0015447573263419714, "dsfb-alt": 0.0454113047937176, "redirect": 0.03881217399744256, "sfT": 0.0002107816109562001, "alternate": 0.31478143320970986, "dsfb": 0.0, "roll-out": 0.18875449409197562, "sft": 0.0, "oneh-out": 0.004472604529845916, "unknown": 0.0001543587941537776}, "shai": {"sfb": 0.019491630318367443, "sfR": 0.09823378925716947, "roll-in": 0.2221996198948921, "oneh-in": 0.014086240603808545, "dsfb-red": 0.01683781098347707, "bad-redirect": 0.0012875418042855025, "dsfb-alt": 0.04005695848413736, "redirect": 0.026787575399433928, "sfT": 0.00010235683125605912, "alternate": 0.28299454225913595, "dsfb": 0.0, "roll-out": 0.23920335530383793, "sft": 0.0, "oneh-out": 0.006134009653728458, "unknown": 0.03258456920647021}, "tr-quotes": {"sfb": 0.018663461316197037, "sfR": 0.09677191928064538, "roll-in": 0.22191696909456554, "oneh-in": 0.010938258477612631, "dsfb-red": 0.020578581170107024, "bad-redirect": 0.0012829107047918448, "dsfb-alt": 0.03848963269457479, "redirect": 0.02905041492337209, "sfT": 9.477358359723538e-05, "alternate": 0.2643454843854742, "dsfb": 0.0, "roll-out": 0.25135110145396544, "sft": 0.0, "oneh-out": 0.006845657751785673, "unknown": 0.03967083516331107}, "gutenberg": {"sfb": 0.019244692833947676, "sfR": 0.09863878308844841, "roll-in": 0.21018919808759784, "oneh-in": 0.009988243553561165, "dsfb-red": 0.018563857054038357, "bad-redirect": 0.0016679908297444535, "dsfb-alt": 0.0362930556644817, "redirect": 0.029684174792557257, "sfT": 0.00025573965021635575, "alternate": 0.25762359897294956, "dsfb": 0.0, "roll-out": 0.2699218345966872, "sft": 0.0, "oneh-out": 0.007823928365619043, "unknown": 0.04010490251015097}, "english-200": {"sfb": 0.008908685968819599, "sfR": 0.10690423162583519, "roll-in": 0.22271714922049, "oneh-in": 0.004454342984409799, "dsfb-red": 0.024498886414253896, "bad-redirect": 0.0022271714922048997, "dsfb-alt": 0.028953229398663696, "redirect": 0.028953229398663696, "sfT": 0.0, "alternate": 0.2962138084632517, "dsfb": 0.0, "roll-out": 0.2739420935412027, "sft": 0.0, "oneh-out": 0.0022271714922048997, "unknown": 0.0}, "monkeyracer": {"sfb": 0.018638464425919266, "sfR": 0.09690789370786869, "roll-in": 0.22249049845942098, "oneh-in": 0.010794805824483476, "dsfb-red": 0.020738187590909802, "bad-redirect": 0.001278602374212115, "dsfb-alt": 0.038354161127359745, "redirect": 0.02900804698374963, "sfT": 9.384237608896257e-05, "alternate": 0.2640186824530397, "dsfb": 0.0, "roll-out": 0.25162757871029295, "sft": 0.0, "oneh-out": 0.006871021474263729, "unknown": 0.03917821449239095}, "chained-bigrams": {"sfb": 0.01952134556709947, "sfR": 0.11914286586209158, "roll-in": 0.21047471315341967, "oneh-in": 0.008657179459375927, "dsfb-red": 0.027833094930293893, "bad-redirect": 0.002909534325167894, "dsfb-alt": 0.05370399108115075, "redirect": 0.03833170249638175, "sfT": 7.661795366431856e-05, "alternate": 0.27058344571715376, "dsfb": 0.0, "roll-out": 0.206314617991324, "sft": 0.0, "oneh-out": 0.008581860115095749, "unknown": 0.03386903134778123}, "english-5k": {"sfb": 0.020284564649271995, "sfR": 0.10644211224955408, "roll-in": 0.24499108142863069, "oneh-in": 0.02538681710706434, "dsfb-red": 0.016219355373957772, "bad-redirect": 0.0012029700916746174, "dsfb-alt": 0.042975069481893224, "redirect": 0.029742398473472435, "sfT": 0.0, "alternate": 0.32073671547683247, "dsfb": 0.0, "roll-out": 0.1859625834819762, "sft": 0.0, "oneh-out": 0.0038163189115194758, "unknown": 0.0022400132741527356}, "mt-quotes": {"sfb": 0.017939960076977325, "sfR": 0.0964592223377679, "roll-in": 0.22371385711382843, "oneh-in": 0.010476805201945948, "dsfb-red": 0.0213286358040186, "bad-redirect": 0.0012729945852906373, "dsfb-alt": 0.03811961367901412, "redirect": 0.028857532183454656, "sfT": 7.769450520553185e-05, "alternate": 0.26205161305745805, "dsfb": 0.0, "roll-out": 0.25797713390946797, "sft": 0.0, "oneh-out": 0.007022387970499994, "unknown": 0.034702549575070823}, "wordle": {"sfb": 0.03444407045888029, "sfR": 0.13138112868843263, "roll-in": 0.188039941658252, "oneh-in": 0.0054302703915628855, "dsfb-red": 0.021160103220015707, "bad-redirect": 0.0019970829125995735, "dsfb-alt": 0.05461685178952092, "redirect": 0.036486031639178726, "sfT": 0.0007404914170313026, "alternate": 0.2984853584651632, "dsfb": 0.0, "roll-out": 0.21539324582071132, "sft": 0.0, "oneh-out": 0.011825423538651408, "unknown": 0.0}, "english-1k": {"sfb": 0.015172900494001412, "sfR": 0.10832745236414962, "roll-in": 0.22971065631616092, "oneh-in": 0.01587861679604799, "dsfb-red": 0.017642907551164433, "bad-redirect": 0.002117148906139732, "dsfb-alt": 0.03669724770642202, "redirect": 0.02858151023288638, "sfT": 0.0, "alternate": 0.30804516584333097, "dsfb": 0.0, "roll-out": 0.23147494707127736, "sft": 0.0, "oneh-out": 0.006351446718419196, "unknown": 0.0}, "english-10k": {"sfb": 0.02018486713880473, "sfR": 0.10567144593890508, "roll-in": 0.24794967291252581, "oneh-in": 0.022056695162192934, "dsfb-red": 0.015727214835684376, "bad-redirect": 0.0011385345709268443, "dsfb-alt": 0.042531020242758726, "redirect": 0.029794870805271993, "sfT": 7.718878446961657e-05, "alternate": 0.31371451728063915, "dsfb": 0.0, "roll-out": 0.19509465274695587, "sft": 0.0, "oneh-out": 0.0060593195808649, "unknown": 0.0}, "reddit": {"sfb": 0.01790284558349941, "sfR": 0.10397777127267367, "roll-in": 0.21219530969508354, "oneh-in": 0.010996672470692852, "dsfb-red": 0.01965023391218147, "bad-redirect": 0.0011169051486525539, "dsfb-alt": 0.03785217694057962, "redirect": 0.028137933927745024, "sfT": 0.00015080354579365422, "alternate": 0.2569860229535283, "dsfb": 0.0, "roll-out": 0.24010145714956202, "sft": 0.0, "oneh-out": 0.0057987821471226055, "unknown": 0.0651330852528853}, "akl": {"sfb": 0.022073376488784366, "sfR": 0.13064861186637447, "roll-in": 0.18412001391630986, "oneh-in": 0.007894375395893, "dsfb-red": 0.017691186746407322, "bad-redirect": 0.001370505986738491, "dsfb-alt": 0.03295672935388904, "redirect": 0.02411669519118162, "sfT": 0.0002143878643373756, "alternate": 0.21933815597726436, "dsfb": 0.0, "roll-out": 0.19848234541756626, "sft": 0.0, "oneh-out": 0.004060521469263261, "unknown": 0.15703309432599058}, "french": {"sfb": 0.04503633492816501, "sfR": 0.10898279115633469, "roll-in": 0.20737557999003497, "oneh-in": 0.014210902904009129, "dsfb-red": 0.01644628307557305, "bad-redirect": 0.0029835731783324324, "dsfb-alt": 0.03139027729330258, "redirect": 0.023548603323364267, "sfT": 0.0004569011238970614, "alternate": 0.22248522839430515, "dsfb": 0.0, "roll-out": 0.13706302603200782, "sft": 0.0, "oneh-out": 0.005107338654253075, "unknown": 0.18491315994642074}, "keymash": {"sfb": 0.01880852007076798, "sfR": 0.099723742164827, "roll-in": 0.22271799944994725, "oneh-in": 0.011058523149421419, "dsfb-red": 0.020380685759791146, "bad-redirect": 0.001334083156481797, "dsfb-alt": 0.038811557675493505, "redirect": 0.028890083862519653, "sfT": 0.00011083152376925698, "alternate": 0.2659751326899632, "dsfb": 0.0, "roll-out": 0.2508363675173328, "sft": 0.0, "oneh-out": 0.006723779108668257, "unknown": 0.03462869387101673}, "movie": {"sfb": 0.01847607334158101, "sfR": 0.11567713207251198, "roll-in": 0.20220336893098734, "oneh-in": 0.007281834800232507, "dsfb-red": 0.021982497750663944, "bad-redirect": 0.0013655907709909409, "dsfb-alt": 0.038205616095679, "redirect": 0.029565033612061944, "sfT": 7.501076799314217e-05, "alternate": 0.23548551509170593, "dsfb": 0.0, "roll-out": 0.23960084269991916, "sft": 0.0, "oneh-out": 0.005201930961405117, "unknown": 0.084879553104268}, "dutch": {"sfb": 0.028367897150685627, "sfR": 0.18880787437283908, "roll-in": 0.2419752971751217, "oneh-in": 0.006202978957603318, "dsfb-red": 0.015526794720987697, "bad-redirect": 0.002737117809155313, "dsfb-alt": 0.035168545341724894,