{"english-450k": {"alternate": 0.32462706856863205, "bad-redirect": 0.0009708817336831353, "roll-out": 0.1709050044407388, "sfT": 0.0004279948383354743, "unknown": 0.00015377410175167997, "roll-in": 0.22093420982622358, "dsfb": 0.0, "redirect": 0.04728582863484264, "dsfb-red": 0.018304672686269844, "sft": 0.0, "oneh-out": 0.004918140140244319, "dsfb-alt": 0.05228816448098902, "sfR": 0.11369548401129392, "sfb": 0.04107230247775099, "oneh-in": 0.0044164740592445425}, "shai": {"alternate": 0.2902843062973409, "bad-redirect": 0.0005744538156502611, "roll-out": 0.20108206180083, "sfT": 0.00010856883738802521, "unknown": 0.024458529808185636, "roll-in": 0.22708392873122116, "dsfb": 0.0, "redirect": 0.04717966019668489, "dsfb-red": 0.021618168380122448, "sft": 0.0, "oneh-out": 0.013198879717912221, "dsfb-alt": 0.04381630590844223, "sfR": 0.09823378925716947, "sfb": 0.02760344209388497, "oneh-in": 0.0047579051551677855}, "tr-quotes": {"alternate": 0.2897147546288805, "bad-redirect": 0.0006541688819028687, "roll-out": 0.21194031575784195, "sfT": 5.432144425695199e-05, "unknown": 0.01477543283789094, "roll-in": 0.2208305402094265, "dsfb": 0.0, "redirect": 0.046518804465916185, "dsfb-red": 0.02180832620605164, "sft": 0.0, "oneh-out": 0.0227202330043226, "dsfb-alt": 0.042464344328610064, "sfR": 0.09677191928064538, "sfb": 0.02651811100067035, "oneh-in": 0.00522872795358406}, "gutenberg": {"alternate": 0.26892842813318013, "bad-redirect": 0.000889973982752918, "roll-out": 0.21993079495628368, "sfT": 2.746833280101599e-05, "unknown": 0.03782294708310933, "roll-in": 0.21915277810929215, "dsfb": 0.0, "redirect": 0.043225683989902265, "dsfb-red": 0.019226885776821502, "sft": 0.0, "oneh-out": 0.014572045269327951, "dsfb-alt": 0.04636616689455911, "sfR": 0.09863878308844841, "sfb": 0.02688297315718744, "oneh-in": 0.0043350712263341366}, "english-200": {"alternate": 0.2739420935412027, "bad-redirect": 0.0, "roll-out": 0.21380846325167038, "sfT": 0.0, "unknown": 0.0, "roll-in": 0.2561247216035635, "dsfb": 0.0, "redirect": 0.0467706013363029, "dsfb-red": 0.013363028953229399, "sft": 0.0, "oneh-out": 0.017817371937639197, "dsfb-alt": 0.0467706013363029, "sfR": 0.10690423162583519, "sfb": 0.013363028953229399, "oneh-in": 0.011135857461024499}, "monkeyracer": {"alternate": 0.28941770805636796, "bad-redirect": 0.0006617842563773715, "roll-out": 0.21238289253483897, "sfT": 5.669643555374822e-05, "unknown": 0.014362771165365907, "roll-in": 0.2203340788588767, "dsfb": 0.0, "redirect": 0.04672177299529224, "dsfb-red": 0.021673678777546647, "sft": 0.0, "oneh-out": 0.02328072946807013, "dsfb-alt": 0.04249593349703615, "sfR": 0.09690789370786869, "sfb": 0.026390235700767945, "oneh-in": 0.005313824546037506}, "chained-bigrams": {"alternate": 0.29117159889332506, "bad-redirect": 0.0013369183609731519, "roll-out": 0.19718993915365732, "sfT": 0.00020063514984978336, "unknown": 0.02358923946292113, "roll-in": 0.18827628434091354, "dsfb": 0.0, "redirect": 0.051815813036609745, "dsfb-red": 0.02820904234700271, "sft": 0.0, "oneh-out": 0.006662515445335362, "dsfb-alt": 0.0575387845925191, "sfR": 0.11914286586209158, "sfb": 0.029185596603876738, "oneh-in": 0.005680766750924772}, "english-5k": {"alternate": 0.31148629028912767, "bad-redirect": 0.0004977807275894969, "roll-out": 0.1787862446592276, "sfT": 0.00016592690919649896, "unknown": 0.002157049819554486, "roll-in": 0.24764591197577468, "dsfb": 0.0, "redirect": 0.04894843821296719, "dsfb-red": 0.019620857012486, "sft": 0.0, "oneh-out": 0.00551706973078359, "dsfb-alt": 0.04413655784626872, "sfR": 0.10644211224955408, "sfb": 0.03040610611025843, "oneh-in": 0.0041896544572115986}, "mt-quotes": {"alternate": 0.29067606172529614, "bad-redirect": 0.0006529326687464888, "roll-out": 0.21639413824840725, "sfT": 3.735312750265954e-05, "unknown": 0.008887056095432758, "roll-in": 0.2205687237781045, "dsfb": 0.0, "redirect": 0.04675266850742879, "dsfb-red": 0.021563213444735302, "sft": 0.0, "oneh-out": 0.02493246554547519, "dsfb-alt": 0.042174669200702834, "sfR": 0.0964592223377679, "sfb": 0.025356797073905403, "oneh-in": 0.005544698246494783}, "wordle": {"alternate": 0.3081341860204196, "bad-redirect": 0.0013239088971165713, "roll-out": 0.16142712891282396, "sfT": 0.00044878267698866825, "unknown": 0.0, "roll-in": 0.21656008078088185, "dsfb": 0.0, "redirect": 0.03525187927745989, "dsfb-red": 0.022394255581734544, "sft": 0.0, "oneh-out": 0.00789857511500056, "dsfb-alt": 0.06307640525075732, "sfR": 0.13138112868843263, "sfb": 0.04631437226523056, "oneh-in": 0.00578929653315382}, "english-1k": {"alternate": 0.2819336626676076, "bad-redirect": 0.0007057163020465773, "roll-out": 0.2081863091037403, "sfT": 0.0, "unknown": 0.0, "roll-in": 0.24805928016937193, "dsfb": 0.0, "redirect": 0.04516584333098095, "dsfb-red": 0.02117148906139732, "sft": 0.0, "oneh-out": 0.009174311926605505, "dsfb-alt": 0.04199011997177135, "sfR": 0.10832745236414962, "sfb": 0.027875793930839804, "oneh-in": 0.007410021171489062}, "english-10k": {"alternate": 0.3261805059724822, "bad-redirect": 0.00040524111846548696, "roll-out": 0.17089596881573108, "sfT": 0.00011578317670442484, "unknown": 0.0, "roll-in": 0.241272843055904, "dsfb": 0.0, "redirect": 0.045869435171069645, "dsfb-red": 0.019798923216456647, "sft": 0.0, "oneh-out": 0.005345323324520947, "dsfb-alt": 0.04693078095752687, "sfR": 0.10567144593890508, "sfb": 0.033519229655930995, "oneh-in": 0.003994519596302658}, "reddit": {"alternate": 0.28154167970652866, "bad-redirect": 0.0004391507130861406, "roll-out": 0.19876690195540808, "sfT": 0.00020657763414108372, "unknown": 0.045571775239788316, "roll-in": 0.2110779176000586, "dsfb": 0.0, "redirect": 0.04472872123949577, "dsfb-red": 0.02127858258151623, "sft": 0.0, "oneh-out": 0.018204415217673457, "dsfb-alt": 0.043308598330485636, "sfR": 0.10397777127267367, "sfb": 0.0254023066649661, "oneh-in": 0.005495601844178285}, "akl": {"alternate": 0.24589633288038534, "bad-redirect": 0.0005603931256236045, "roll-out": 0.16290389239364853, "sfT": 0.00027598391663575953, "unknown": 0.13721786914078055, "roll-in": 0.17797335547002718, "dsfb": 0.0, "redirect": 0.03517769571614404, "dsfb-red": 0.01783046350003989, "sft": 0.0, "oneh-out": 0.01669984362311488, "dsfb-alt": 0.038358330055664004, "sfR": 0.13064861186637447, "sfb": 0.03098471679145694, "oneh-in": 0.005472511520104835}, "french": {"alternate": 0.20350801842220778, "bad-redirect": 0.004755415271614062, "roll-out": 0.17501456946324104, "sfT": 0.0002587213663172887, "unknown": 0.15854320679028452, "roll-in": 0.2039690695153254, "dsfb": 0.0, "redirect": 0.043094688679122174, "dsfb-red": 0.0195709552074046, "sft": 0.0, "oneh-out": 0.012657121467786284, "dsfb-alt": 0.034461943681082324, "sfR": 0.10898279115633469, "sfb": 0.031934028134064624, "oneh-in": 0.003249470845215242}, "keymash": {"alternate": 0.28974644210284345, "bad-redirect": 0.0007881352801369385, "roll-out": 0.21060041951784184, "sfT": 6.567794001141154e-05, "unknown": 0.013447558217336513, "roll-in": 0.22069429792334563, "dsfb": 0.0, "redirect": 0.0456707975354353, "dsfb-red": 0.02169013968876866, "sft": 0.0, "oneh-out": 0.02240028241514205, "dsfb-alt": 0.04351574012881086, "sfR": 0.099723742164827, "sfb": 0.026636509545878092, "oneh-in": 0.00502025753962227}, "movie": {"alternate": 0.276185041826399, "bad-redirect": 0.0007856390963492259, "roll-out": 0.1986469373432423, "sfT": 8.330143182396315e-05, "unknown": 0.030480296579416862, "roll-in": 0.19714330043957626, "dsfb": 0.0, "redirect": 0.042169474591681515, "dsfb-red": 0.023748277548790227, "sft": 0.0, "oneh-out": 0.034434943226718466, "dsfb-alt": 0.047195590840737794, "sfR": 0.11567713207251198, "sfb": 0.02843987209216481, "oneh-in": 0.0050101929105875595}, "dutch": {"alternate": 0.25172656514227065, "bad-redirect": 0.0012055590195857706, "roll-out": 0.1863553720605735, "sfT": 0.0002958222432865224, "unknown": 0.073948872635381, "roll-in": 0.17234415979149212, "dsfb": 0.0, "redirect": 0.02542405521479675,