{"english-450k": {"sfb": 0.038760136373655864, "roll-in": 0.257194493834711, "bad-redirect": 0.0014614386590430573, "redirect": 0.04998856926353899, "unknown": 0.00015377410175167997, "dsfb": 0.0, "dsfb-alt": 0.044080544886543366, "sfR": 0.11369548401129392, "dsfb-red": 0.0228541642669916, "sfT": 0.00025609527211876737, "roll-out": 0.20940524504166225, "alternate": 0.2495803370283944, "sft": 0.0, "oneh-in": 0.006858149530404297, "oneh-out": 0.00571156772989082}, "shai": {"sfb": 0.01947520430339918, "roll-in": 0.2480471271813237, "bad-redirect": 0.0007035900054278613, "redirect": 0.04647768028131989, "unknown": 0.023260762136131256, "dsfb": 0.0, "dsfb-alt": 0.04313856249301391, "sfR": 0.09823378925716947, "dsfb-red": 0.020740851205075003, "sfT": 5.291235877265312e-05, "roll-out": 0.2482168213849685, "alternate": 0.2369789384738142, "sft": 0.0, "oneh-in": 0.007794697570900471, "oneh-out": 0.00687906334868389}, "tr-quotes": {"sfb": 0.018661149765377593, "roll-in": 0.2330320612098657, "bad-redirect": 0.0007316058343542683, "redirect": 0.04674071334458288, "unknown": 0.013835787429786644, "dsfb": 0.0, "dsfb-alt": 0.04862347148702064, "sfR": 0.09677191928064538, "dsfb-red": 0.022407017868287835, "sfT": 3.467326229167148e-05, "roll-out": 0.2616640854349183, "alternate": 0.23975867409444995, "sft": 0.0, "oneh-in": 0.00841520075818867, "oneh-out": 0.00932364023023046}, "gutenberg": {"sfb": 0.01641356018766365, "roll-in": 0.23123562411651422, "bad-redirect": 0.0010843361169173484, "redirect": 0.04230521068590132, "unknown": 0.032975828246008664, "dsfb": 0.0, "dsfb-alt": 0.038243496730131776, "sfR": 0.09863878308844841, "dsfb-red": 0.023756698010875946, "sfT": 2.06486087952465e-05, "roll-out": 0.2729120941364392, "alternate": 0.22695965716489677, "sft": 0.0, "oneh-in": 0.005781042152335206, "oneh-out": 0.009673020755072264}, "english-200": {"sfb": 0.011135857461024499, "roll-in": 0.26948775055679286, "bad-redirect": 0.0, "redirect": 0.0378619153674833, "unknown": 0.0, "dsfb": 0.0, "dsfb-alt": 0.051224944320712694, "sfR": 0.10690423162583519, "dsfb-red": 0.026726057906458798, "sfT": 0.0, "roll-out": 0.24721603563474387, "alternate": 0.23162583518930957, "sft": 0.0, "oneh-in": 0.008908685968819599, "oneh-out": 0.008908685968819599}, "monkeyracer": {"sfb": 0.01857688036661088, "roll-in": 0.23281609240345966, "bad-redirect": 0.0007497614839607738, "redirect": 0.04693682844049611, "unknown": 0.013436077701487402, "dsfb": 0.0, "dsfb-alt": 0.048707125764424354, "sfR": 0.09690789370786869, "dsfb-red": 0.022504574815834337, "sfT": 3.421336628243427e-05, "roll-out": 0.26205679027792983, "alternate": 0.23934986783865367, "sft": 0.0, "oneh-in": 0.008459499194519606, "oneh-out": 0.009464394638472247}, "chained-bigrams": {"sfb": 0.019865477053896834, "roll-in": 0.20946699227132626, "bad-redirect": 0.002500472369163481, "redirect": 0.05578371400985255, "unknown": 0.022916559801936097, "dsfb": 0.0, "dsfb-alt": 0.051809969294381114, "sfR": 0.11914286586209158, "dsfb-red": 0.02848045170828818, "sfT": 0.0001071352741916319, "roll-out": 0.21997469010310308, "alternate": 0.255655281541761, "sft": 0.0, "oneh-in": 0.00750855945910322, "oneh-out": 0.006787831250904968}, "english-5k": {"sfb": 0.022897913469116855, "roll-in": 0.28497946654498696, "bad-redirect": 0.0012859335462728667, "redirect": 0.041149873480731736, "unknown": 0.002157049819554486, "dsfb": 0.0, "dsfb-alt": 0.04384618575517484, "sfR": 0.10644211224955408, "dsfb-red": 0.02161197992284399, "sfT": 8.296345459824948e-05, "roll-out": 0.21927241050317337, "alternate": 0.24374662960965696, "sft": 0.0, "oneh-in": 0.007757083004936325, "oneh-out": 0.004770398639399345}, "mt-quotes": {"sfb": 0.017555969926249984, "roll-in": 0.23124574174346468, "bad-redirect": 0.000688791671149042, "redirect": 0.046945410645342515, "unknown": 0.007977133909467972, "dsfb": 0.0, "dsfb-alt": 0.050118932357968465, "sfR": 0.0964592223377679, "dsfb-red": 0.02269127789531562, "sfT": 2.0917751401489345e-05, "roll-out": 0.2665997298621819, "alternate": 0.2413355685444831, "sft": 0.0, "oneh-in": 0.008640525453915205, "oneh-out": 0.009720777901292119}, "wordle": {"sfb": 0.04214069336923595, "roll-in": 0.23381577471109616, "bad-redirect": 0.0007853696847301694, "redirect": 0.05084707730281611, "unknown": 0.0, "dsfb": 0.0, "dsfb-alt": 0.0475485246269494, "sfR": 0.13138112868843263, "dsfb-red": 0.028991360933467967, "sfT": 0.000381465275440368, "roll-out": 0.2281386738471895, "alternate": 0.21810838101649277, "sft": 0.0, "oneh-in": 0.006933692359474925, "oneh-out": 0.010927858184674072}, "english-1k": {"sfb": 0.01834862385321101, "roll-in": 0.29675370501058573, "bad-redirect": 0.0, "redirect": 0.04163726182074806, "unknown": 0.0, "dsfb": 0.0, "dsfb-alt": 0.04128440366972477, "sfR": 0.10832745236414962, "dsfb-red": 0.028228652081863093, "sfT": 0.0, "roll-out": 0.2392378263937897, "alternate": 0.20783345095271702, "sft": 0.0, "oneh-in": 0.010232886379675371, "oneh-out": 0.008115737473535639}, "english-10k": {"sfb": 0.022982960575828333, "roll-in": 0.2875475193454391, "bad-redirect": 0.0005982130796395284, "redirect": 0.04455722583508616, "unknown": 0.0, "dsfb": 0.0, "dsfb-alt": 0.04237664267381949, "sfR": 0.10567144593890508, "dsfb-red": 0.0209760521796183, "sfT": 9.64859805870207e-05, "roll-out": 0.21886879836359777, "alternate": 0.2432218598637618, "sft": 0.0, "oneh-in": 0.007525906485787615, "oneh-out": 0.005576889677929797}, "reddit": {"sfb": 0.018847109514426443, "roll-in": 0.22814898386465737, "bad-redirect": 0.0008634682905204464, "redirect": 0.04354435528955798, "unknown": 0.039285409944231534, "dsfb": 0.0, "dsfb-alt": 0.05050645232036501, "sfR": 0.10397777127267367, "dsfb-red": 0.0189861139750425, "sfT": 0.00012042558363800256, "roll-out": 0.23969466964153444, "alternate": 0.23990945044917994, "sft": 0.0, "oneh-in": 0.008039372236228174, "oneh-out": 0.008076417617944498}, "akl": {"sfb": 0.021964020641422697, "roll-in": 0.19937419102677703, "bad-redirect": 0.0008106070131589972, "redirect": 0.03362311809297436, "unknown": 0.13277008071454782, "dsfb": 0.0, "dsfb-alt": 0.047835079127207907, "sfR": 0.13064861186637447, "dsfb-red": 0.017315952391711954, "sfT": 0.000293007454555369, "roll-out": 0.20061073239435714, "alternate": 0.20071163824176452, "sft": 0.0, "oneh-in": 0.00789652495728488, "oneh-out": 0.006146436077862845}, "french": {"sfb": 0.04717972661231286, "roll-in": 0.18181457119514155, "bad-redirect": 0.0018583771915414399, "redirect": 0.043796183295780604, "unknown": 0.15807953387545715, "dsfb": 0.0, "dsfb-alt": 0.029873530961459626, "sfR": 0.10898279115633469, "dsfb-red": 0.013162144256435858, "sfT": 6.076633631263669e-05, "roll-out": 0.2124523407122333, "alternate": 0.18461398761658174, "sft": 0.0, "oneh-in": 0.004321990688397943, "oneh-out": 0.013804056102010617}, "keymash": {"sfb": 0.018278991679425975, "roll-in": 0.23581253873972244, "bad-redirect": 0.0008127645076412178, "redirect": 0.04606076030425306, "unknown": 0.01232282349464109, "dsfb": 0.0, "dsfb-alt": 0.0470664537606778, "sfR": 0.099723742164827, "dsfb-red": 0.022864132866472642, "sfT": 1.6419485002852885e-05, "roll-out": 0.26166091300546357, "alternate": 0.23713430728245208, "sft": 0.0, "oneh-in": 0.008414986063962104, "oneh-out": 0.009831166645458165}, "movie": {"sfb": 0.016245358379735828, "roll-in": 0.2202451694052396, "bad-redirect": 0.0005229698105346438, "redirect": 0.04443308901317281, "unknown": 0.030236445784519856, "dsfb": 0.0, "dsfb-alt": 0.05531215073111153, "sfR": 0.11567713207251198, "dsfb-red": 0.02194670313856897, "sfT": 3.303105748469945e-05, "roll-out": 0.23861056896457108, "alternate": 0.2366950308261357, "sft": 0.0, "oneh-in": 0.009241721410270869, "oneh-out": 0.010800629406142381}, "dutch": {"sfb": 0.03104148615586687, "roll-in": 0.22486367127489273, "bad-redirect": 0.0009968983670748444, "redirect": 0.032760385883602104, "unknown": 0.07290361491625476, "dsfb": 0.0, "dsfb-alt": 0.028121474245516108, "sfR": 0.18880787437283908, "dsfb-red": 0.029432932535852892,