{"english-450k": {"roll-in": 0.22075997149039847, "dsfb": 0.0, "unknown": 0.00015377410175167997, "sfb": 0.03497191430046524, "roll-out": 0.19580500742267004, "oneh-out": 0.007206041509652395, "redirect": 0.041665180573478004, "dsfb-red": 0.018791136764815083, "dsfb-alt": 0.03899459802689702, "alternate": 0.31375968323704423, "oneh-in": 0.01109863117661745, "sfT": 0.0004817865393284574, "bad-redirect": 0.002616790845587999, "sfR": 0.11369548401129392, "sft": 0.0}, "shai": {"roll-in": 0.23268057469687733, "dsfb": 0.0, "unknown": 0.023260762136131256, "sfb": 0.021625924679367595, "roll-out": 0.22208834177134057, "oneh-out": 0.007171681735974335, "redirect": 0.03110855784542702, "dsfb-red": 0.014230235292988398, "dsfb-alt": 0.04049900561456983, "alternate": 0.29421186555871826, "oneh-in": 0.012143260550037728, "sfT": 9.133003657071871e-05, "bad-redirect": 0.002654670824827465, "sfR": 0.09823378925716947, "sft": 0.0}, "tr-quotes": {"roll-in": 0.23148563371165715, "dsfb": 0.0, "unknown": 0.013835787429786644, "sfb": 0.021314810106100184, "roll-out": 0.24275444395645038, "oneh-out": 0.008530778299160907, "redirect": 0.03394165645731721, "dsfb-red": 0.015883821455814705, "dsfb-alt": 0.038003051247081664, "alternate": 0.2851714014932618, "oneh-in": 0.00988072397771665, "sfT": 6.0100321305563905e-05, "bad-redirect": 0.0023658722637017173, "sfR": 0.09677191928064538, "sft": 0.0}, "gutenberg": {"roll-in": 0.22255619926172698, "dsfb": 0.0, "unknown": 0.032975828246008664, "sfb": 0.021849448530595745, "roll-out": 0.24652563477422734, "oneh-out": 0.007087587609773877, "redirect": 0.033126619921247345, "dsfb-red": 0.012382534989920068, "dsfb-alt": 0.04203564215089549, "alternate": 0.27117363282530177, "oneh-in": 0.008405878147444706, "sfT": 2.595283857751166e-05, "bad-redirect": 0.003216257615832065, "sfR": 0.09863878308844841, "sft": 0.0}, "english-200": {"roll-in": 0.22494432071269488, "dsfb": 0.0, "unknown": 0.0, "sfb": 0.013363028953229399, "roll-out": 0.2561247216035635, "oneh-out": 0.004454342984409799, "redirect": 0.031180400890868598, "dsfb-red": 0.013363028953229399, "dsfb-alt": 0.031180400890868598, "alternate": 0.30957683741648107, "oneh-in": 0.0066815144766146995, "sfT": 0.0, "bad-redirect": 0.0022271714922048997, "sfR": 0.10690423162583519, "sft": 0.0}, "monkeyracer": {"roll-in": 0.23190112923659226, "dsfb": 0.0, "unknown": 0.013436077701487402, "sfb": 0.021157545709057354, "roll-out": 0.24352780862411436, "oneh-out": 0.008636431174437336, "redirect": 0.033895670738383094, "dsfb-red": 0.01586620423229116, "dsfb-alt": 0.037883971722164005, "alternate": 0.2845437696482475, "oneh-in": 0.009811415925051222, "sfT": 5.8651485055601606e-05, "bad-redirect": 0.0023734300952500116, "sfR": 0.09690789370786869, "sft": 0.0}, "chained-bigrams": {"roll-in": 0.22189338546817142, "dsfb": 0.0, "unknown": 0.022916559801936097, "sfb": 0.023398993188144476, "roll-out": 0.19966054350698553, "oneh-out": 0.010581069261980807, "redirect": 0.03973420063125402, "dsfb-red": 0.02273735170692464, "dsfb-alt": 0.0502763116117106, "alternate": 0.27557724810386797, "oneh-in": 0.008968845711569766, "sfT": 0.0001759615715511045, "bad-redirect": 0.004936663573811983, "sfR": 0.11914286586209158, "sft": 0.0}, "english-5k": {"roll-in": 0.23777326087858297, "dsfb": 0.0, "unknown": 0.002157049819554486, "sfb": 0.0231468038329116, "roll-out": 0.1896959389388974, "oneh-out": 0.008130418550628448, "redirect": 0.03426390674907703, "dsfb-red": 0.015348239100676153, "dsfb-alt": 0.037872817024100884, "alternate": 0.3229352470236861, "oneh-in": 0.019040112830298255, "sfT": 0.00016592690919649896, "bad-redirect": 0.0030281660928361057, "sfR": 0.10644211224955408, "sft": 0.0}, "mt-quotes": {"roll-in": 0.23376633078734416, "dsfb": 0.0, "unknown": 0.007977133909467972, "sfb": 0.02028723060924445, "roll-out": 0.24897503018132702, "oneh-out": 0.008876597219732014, "redirect": 0.03381952164090795, "dsfb-red": 0.015888526314531262, "dsfb-alt": 0.03773562352828678, "alternate": 0.28440671280524976, "oneh-in": 0.009496659136276162, "sfT": 3.436487730244678e-05, "bad-redirect": 0.002277046652562126, "sfR": 0.0964592223377679, "sft": 0.0}, "wordle": {"roll-in": 0.19894536070907662, "dsfb": 0.0, "unknown": 0.0, "sfb": 0.042567036912375185, "roll-out": 0.2004039044092898, "oneh-out": 0.007427353304162459, "redirect": 0.0390216537641647, "dsfb-red": 0.024099629754291484, "dsfb-alt": 0.05194659486143835, "alternate": 0.2913048356333445, "oneh-in": 0.010277123303040503, "sfT": 0.0005609783462358353, "bad-redirect": 0.002064400314147874, "sfR": 0.13138112868843263, "sft": 0.0}, "english-1k": {"roll-in": 0.2392378263937897, "dsfb": 0.0, "unknown": 0.0, "sfb": 0.01587861679604799, "roll-out": 0.23465067043048696, "oneh-out": 0.010938602681721948, "redirect": 0.04163726182074806, "dsfb-red": 0.011644318983768526, "dsfb-alt": 0.035285815102328866, "alternate": 0.2911079745942131, "oneh-in": 0.009527170077628794, "sfT": 0.0, "bad-redirect": 0.0017642907551164433, "sfR": 0.10832745236414962, "sft": 0.0}, "english-10k": {"roll-in": 0.2558808205167789, "dsfb": 0.0, "unknown": 0.0, "sfb": 0.02493197738368615, "roll-out": 0.18108488836572045, "oneh-out": 0.006889099013913279, "redirect": 0.035005113756971115, "dsfb-red": 0.014878138206518593, "dsfb-alt": 0.04181702398641477, "alternate": 0.3126724686902993, "oneh-in": 0.019046332567877886, "sfT": 9.64859805870207e-05, "bad-redirect": 0.002026205592327435, "sfR": 0.10567144593890508, "sft": 0.0}, "reddit": {"roll-in": 0.22110650322498965, "dsfb": 0.0, "unknown": 0.039285409944231534, "sfb": 0.020124182562188203, "roll-out": 0.2277931384386664, "oneh-out": 0.0077589660405472756, "redirect": 0.03135852232002977, "dsfb-red": 0.016149913557654542, "dsfb-alt": 0.038218472984870765, "alternate": 0.28162446058983814, "oneh-in": 0.010290487858460422, "sfT": 0.00019627684549397618, "bad-redirect": 0.002115894360355673, "sfR": 0.10397777127267367, "sft": 0.0}, "akl": {"roll-in": 0.19188600861114294, "dsfb": 0.0, "unknown": 0.13277008071454782, "sfb": 0.024515426475574448, "roll-out": 0.1925007584616187, "oneh-out": 0.0058231618106057035, "redirect": 0.023543503527615552, "dsfb-red": 0.014617511616835098, "dsfb-alt": 0.03159531576476218, "alternate": 0.24244754693412876, "oneh-in": 0.007823563407971952, "sfT": 0.00026039341964407067, "bad-redirect": 0.0015681173891783124, "sfR": 0.13064861186637447, "sft": 0.0}, "french": {"roll-in": 0.17747481204647073, "dsfb": 0.0, "unknown": 0.15807953387545715, "sfb": 0.05099476185491519, "roll-out": 0.17548658726202454, "oneh-out": 0.015610701005759273, "redirect": 0.03005144029176351, "dsfb-red": 0.015848417834721948, "dsfb-alt": 0.029634555658076274, "alternate": 0.21997627985462762, "oneh-in": 0.014098299407035319, "sfT": 9.257277911138612e-05, "bad-redirect": 0.003669246973702364, "sfR": 0.10898279115633469, "sft": 0.0}, "keymash": {"roll-in": 0.22862080430847287, "dsfb": 0.0, "unknown": 0.01232282349464109, "sfb": 0.021456162027478007, "roll-out": 0.2462060727465283, "oneh-out": 0.008349308123950691, "redirect": 0.03384876833338123, "dsfb-red": 0.016316863221585053, "dsfb-alt": 0.038388755936670044, "alternate": 0.2826285953541067, "oneh-in": 0.009387840550381138, "sfT": 3.694384125641899e-05, "bad-redirect": 0.0027133198967214394, "sfR": 0.099723742164827, "sft": 0.0}, "movie": {"roll-in": 0.20800341206875883, "dsfb": 0.0, "unknown": 0.030236445784519856, "sfb": 0.018344343905157965, "roll-out": 0.24570224488804907, "oneh-out": 0.00988734040636623, "redirect": 0.03277628406919993, "dsfb-red": 0.020350289758700887, "dsfb-alt": 0.03943526629941219, "alternate": 0.27015443927542754, "oneh-in": 0.007509104267467869, "sfT": 7.737952908766245e-05, "bad-redirect": 0.001846317675339973, "sfR": 0.11567713207251198, "sft": 0.0}, "dutch": {"roll-in": 0.232243591704483, "dsfb": 0.0, "unknown": 0.07290361491625476, "sfb": 0.06474008291701316, "roll-out": 0.13884043490209017, "oneh-out": 0.004375042070125974, "redirect": 0.03164986007346103,