{"english-450k": {"sft": 0.0, "roll-in": 0.21944529062428192, "oneh-in": 0.010801315090150799, "alternate": 0.31424234681497587, "sfT": 0.00040782295046310564, "oneh-out": 0.007311578488231019, "dsfb-alt": 0.03851193444896542, "bad-redirect": 0.002447522395180731, "dsfb": 0.0, "dsfb-red": 0.019062434039388388, "redirect": 0.041447090307495583, "unknown": 0.00015377410175167997, "roll-out": 0.19747284249965358, "sfR": 0.11369548401129392, "sfb": 0.035000564228168024}, "shai": {"sft": 0.0, "roll-in": 0.22837762061509775, "oneh-in": 0.01154327751790993, "alternate": 0.29534999023108816, "sfT": 8.603144691672397e-05, "oneh-out": 0.0078064016871266795, "dsfb-alt": 0.03936088094219994, "bad-redirect": 0.002448134199768209, "dsfb": 0.0, "dsfb-red": 0.014388020248740337, "redirect": 0.031857880601294325, "unknown": 0.023260762136131256, "roll-out": 0.22661891072453125, "sfR": 0.09823378925716947, "sfb": 0.020668300392025968}, "tr-quotes": {"sft": 0.0, "roll-in": 0.22544901874667714, "oneh-in": 0.009426504241695754, "alternate": 0.2865583319849287, "sfT": 5.200989343750722e-05, "oneh-out": 0.009957005154758327, "dsfb-alt": 0.03661612075541481, "bad-redirect": 0.002291902637479485, "dsfb": 0.0, "dsfb-red": 0.015571762095189663, "redirect": 0.0348859249670604, "unknown": 0.013835787429786644, "roll-out": 0.24928919812302072, "sfR": 0.09677191928064538, "sfb": 0.019294514689905458}, "gutenberg": {"sft": 0.0, "roll-in": 0.21506245920005396, "oneh-in": 0.007826391043732239, "alternate": 0.27220170621917156, "sfT": 2.61422753554497e-05, "oneh-out": 0.008698747406136917, "dsfb-alt": 0.041007568757025735, "bad-redirect": 0.0032143632480526848, "dsfb": 0.0, "dsfb-red": 0.012117323500806812, "redirect": 0.03503652151641867, "unknown": 0.032975828246008664, "roll-out": 0.2545950732040541, "sfR": 0.09863878308844841, "sfb": 0.01859909229473483}, "english-200": {"sft": 0.0, "roll-in": 0.22271714922049, "oneh-in": 0.0066815144766146995, "alternate": 0.30957683741648107, "sfT": 0.0, "oneh-out": 0.004454342984409799, "dsfb-alt": 0.031180400890868598, "bad-redirect": 0.0022271714922048997, "dsfb": 0.0, "dsfb-red": 0.013363028953229399, "redirect": 0.031180400890868598, "unknown": 0.0, "roll-out": 0.2583518930957684, "sfR": 0.10690423162583519, "sfb": 0.013363028953229399}, "monkeyracer": {"sft": 0.0, "roll-in": 0.22581897023632638, "oneh-in": 0.009361754539624944, "alternate": 0.285936742418318, "sfT": 5.1808811799114756e-05, "oneh-out": 0.010067527409794016, "dsfb-alt": 0.03649099895209347, "bad-redirect": 0.002299138214179583, "dsfb": 0.0, "dsfb-red": 0.015589564727778907, "redirect": 0.03475784756870044, "unknown": 0.013436077701487402, "roll-out": 0.2501133928711075, "sfR": 0.09690789370786869, "sfb": 0.019168282840921532}, "chained-bigrams": {"sft": 0.0, "roll-in": 0.21828390068495152, "oneh-in": 0.008256558464368432, "alternate": 0.27630836518713936, "sfT": 0.0001623261730176241, "oneh-out": 0.011147912258158352, "dsfb-alt": 0.049545194528439224, "bad-redirect": 0.004715250673815944, "dsfb": 0.0, "dsfb-red": 0.02331133705471496, "redirect": 0.04051336626173862, "unknown": 0.022916559801936097, "roll-out": 0.20344534055706448, "sfR": 0.11914286586209158, "sfb": 0.02225102249256384}, "english-5k": {"sft": 0.0, "roll-in": 0.23640436387771188, "oneh-in": 0.018791222466503506, "alternate": 0.3229767287509852, "sfT": 0.00016592690919649896, "oneh-out": 0.008462272369021445, "dsfb-alt": 0.03783133529680176, "bad-redirect": 0.002779275729041357, "dsfb": 0.0, "dsfb-red": 0.015140830464180528, "redirect": 0.03368316256688929, "unknown": 0.002157049819554486, "roll-out": 0.19118928112166592, "sfR": 0.10644211224955408, "sfb": 0.023976438378894096}, "mt-quotes": {"sft": 0.0, "roll-in": 0.22767030037891012, "oneh-in": 0.009094739484347546, "alternate": 0.2858156727746501, "sfT": 3.137662710223402e-05, "oneh-out": 0.010296016064833076, "dsfb-alt": 0.03632666355888646, "bad-redirect": 0.002208316897957232, "dsfb": 0.0, "dsfb-red": 0.015586713044309773, "redirect": 0.03456210181566082, "unknown": 0.007977133909467972, "roll-out": 0.2555969926249985, "sfR": 0.0964592223377679, "sfb": 0.018374750481108284}, "wordle": {"sft": 0.0, "roll-in": 0.19580388197015594, "oneh-in": 0.009222484012117131, "alternate": 0.29235947492426795, "sfT": 0.00044878267698866825, "oneh-out": 0.007606866374957927, "dsfb-alt": 0.05089195557051498, "bad-redirect": 0.001413665432514305, "dsfb": 0.0, "dsfb-red": 0.025535734320655222, "redirect": 0.03931336250420734, "unknown": 0.0, "roll-out": 0.20464490070683272, "sfR": 0.13138112868843263, "sfb": 0.04137776281835521}, "english-1k": {"sft": 0.0, "roll-in": 0.23747353563867327, "oneh-in": 0.009174311926605505, "alternate": 0.29146083274523643, "sfT": 0.0, "oneh-out": 0.011291460832745237, "dsfb-alt": 0.03493295695130558, "bad-redirect": 0.0017642907551164433, "dsfb": 0.0, "dsfb-red": 0.011644318983768526, "redirect": 0.04022582921665491, "unknown": 0.0, "roll-out": 0.2364149611856034, "sfR": 0.10832745236414962, "sfb": 0.017290049400141144}, "english-10k": {"sft": 0.0, "roll-in": 0.2543949364157388, "oneh-in": 0.018756874626116825, "alternate": 0.31269176588641673, "sfT": 9.64859805870207e-05, "oneh-out": 0.007159259759556937, "dsfb-alt": 0.04179772679029737, "bad-redirect": 0.0017367476505663728, "dsfb": 0.0, "dsfb-red": 0.01495532699098821, "redirect": 0.03463846703074043, "unknown": 0.0, "roll-out": 0.1827444472318172, "sfR": 0.10567144593890508, "sfb": 0.025356515698269043}, "reddit": {"sft": 0.0, "roll-in": 0.2160468682137702, "oneh-in": 0.009886472199014232, "alternate": 0.2820683309369953, "sfT": 0.0001775481388628716, "oneh-out": 0.008378848772623576, "dsfb-alt": 0.03777460263771359, "bad-redirect": 0.0020558501268963516, "dsfb": 0.0, "dsfb-red": 0.016137852270584112, "redirect": 0.03185816675553438, "unknown": 0.039285409944231534, "roll-out": 0.23314434195471886, "sfR": 0.10397777127267367, "sfb": 0.0192079367763813}, "akl": {"sft": 0.0, "roll-in": 0.18806085176048953, "oneh-in": 0.0076025786138457, "alternate": 0.2427435687161532, "sfT": 0.00022990423852244785, "oneh-out": 0.006109695873383224, "dsfb-alt": 0.03129929398273774, "bad-redirect": 0.001499677331068997, "dsfb": 0.0, "dsfb-red": 0.014607356792328625, "redirect": 0.023889854695332658, "unknown": 0.13277008071454782, "roll-out": 0.1969130914786865, "sfR": 0.13064861186637447, "sfb": 0.023625433936529085}, "french": {"sft": 0.0, "roll-in": 0.17274868626881407, "oneh-in": 0.013359949468057096, "alternate": 0.22063540583245664, "sfT": 8.12015638102788e-05, "oneh-out": 0.01749063706267396, "dsfb-alt": 0.02897542968024727, "bad-redirect": 0.0018094165438418104, "dsfb": 0.0, "dsfb-red": 0.01582564544044305, "redirect": 0.03127355379078489, "unknown": 0.15807953387545715, "roll-out": 0.18007947955131132, "sfR": 0.10898279115633469, "sfb": 0.050658269765767795}, "keymash": {"sft": 0.0, "roll-in": 0.22277957251870795, "oneh-in": 0.008989668039061954, "alternate": 0.28404067106435205, "sfT": 3.283897000570577e-05, "oneh-out": 0.009650552310426783, "dsfb-alt": 0.036976680226424696, "bad-redirect": 0.0026476419567100277, "dsfb": 0.0, "dsfb-red": 0.016058256332790122, "redirect": 0.03500223715483164, "unknown": 0.01232282349464109, "roll-out": 0.25255220370013093, "sfR": 0.099723742164827, "sfb": 0.019223112067090015}, "movie": {"sft": 0.0, "roll-in": 0.2013498253499285, "oneh-in": 0.0067435996404220655, "alternate": 0.27043066313861636, "sfT": 7.382638744588204e-05, "oneh-out": 0.011854201701849568, "dsfb-alt": 0.03915904243622341, "bad-redirect": 0.0017313011644171552, "dsfb": 0.0, "dsfb-red": 0.01999300162694408, "redirect": 0.033633512389739106, "unknown": 0.030236445784519856, "roll-out": 0.252899067484556, "sfR": 0.11567713207251198, "sfb": 0.016218380822826013}, "dutch": {"sft": 0.0, "roll-in": 0.24689500505092543, "oneh-in": 0.0044298744388961385, "alternate": 0.22258249770154115, "sfT": 0.00021213922659248674, "oneh-out": 0.005022487188357865, "dsfb-alt": 0.02669378854694904,