{"english-450k": {"roll-out": 0.19969350424282042, "dsfb-red": 0.006661400537098441, "redirect": 0.01891392216925559, "sft": 0.0, "sfR": 0.11369548401129392, "roll-in": 0.17999521721615083, "oneh-out": 0.0060781698660060425, "dsfb": 0.0, "unknown": 0.00015377410175167997, "oneh-in": 0.002400454656811871, "sfb": 0.03845697336316824, "dsfb-alt": 0.060097608549606184, "alternate": 0.371453328975426, "bad-redirect": 0.002293163601026954, "sfT": 0.00010699870958386857}, "shai": {"roll-out": 0.2430126851874501, "dsfb-red": 0.007234653287231088, "redirect": 0.015703889575069366, "sft": 0.0, "sfR": 0.09823378925716947, "roll-in": 0.19231340294702215, "oneh-out": 0.014670308514930334, "dsfb": 0.0, "unknown": 0.023260762136131256, "oneh-in": 0.003453701240976916, "sfb": 0.02383827357473744, "dsfb-alt": 0.05790338639096145, "alternate": 0.31815644378169283, "bad-redirect": 0.002121285917006669, "sfT": 9.741818962092597e-05}, "tr-quotes": {"roll-out": 0.2641594045445089, "dsfb-red": 0.009629920713806892, "redirect": 0.016413166593467556, "sft": 0.0, "sfR": 0.09677191928064538, "roll-in": 0.17859735096276091, "oneh-out": 0.02433947435334366, "dsfb": 0.0, "unknown": 0.013835787429786644, "oneh-in": 0.0027703936571045512, "sfb": 0.02794433785626777, "dsfb-alt": 0.058001433161508055, "alternate": 0.3056390282240355, "bad-redirect": 0.0018642657358822034, "sfT": 3.35174868819491e-05}, "gutenberg": {"roll-out": 0.27837867123739723, "dsfb-red": 0.010647672977563487, "redirect": 0.01541920654026687, "sft": 0.0, "sfR": 0.09863878308844841, "roll-in": 0.18259375320858542, "oneh-out": 0.018324030093168797, "dsfb": 0.0, "unknown": 0.032975828246008664, "oneh-in": 0.0027496748317706694, "sfb": 0.022856873315670247, "dsfb-alt": 0.050209270808588155, "alternate": 0.2853277805624984, "bad-redirect": 0.0017998388271893303, "sfT": 7.861626284428714e-05}, "english-200": {"roll-out": 0.30734966592427615, "dsfb-red": 0.0066815144766146995, "redirect": 0.017817371937639197, "sft": 0.0, "sfR": 0.10690423162583519, "roll-in": 0.16703786191536749, "oneh-out": 0.015590200445434299, "dsfb": 0.0, "unknown": 0.0, "oneh-in": 0.0, "sfb": 0.015590200445434299, "dsfb-alt": 0.0556792873051225, "alternate": 0.30734966592427615, "bad-redirect": 0.0, "sfT": 0.0}, "monkeyracer": {"roll-out": 0.2647674664122496, "dsfb-red": 0.009624708697624223, "redirect": 0.016392112548289723, "sft": 0.0, "sfR": 0.09690789370786869, "roll-in": 0.17876386130096814, "oneh-out": 0.02481251075277226, "dsfb": 0.0, "unknown": 0.013436077701487402, "oneh-in": 0.0027634624708697624, "sfb": 0.02780080391635516, "dsfb-alt": 0.0579701503042057, "alternate": 0.30484011605173844, "bad-redirect": 0.001887600294039445, "sfT": 3.323584153150758e-05}, "chained-bigrams": {"roll-out": 0.22944609764633542, "dsfb-red": 0.012837403066925783, "redirect": 0.023280170429495574, "sft": 0.0, "sfR": 0.11914286586209158, "roll-in": 0.1706755820529586, "oneh-out": 0.008902616632978574, "dsfb": 0.0, "unknown": 0.022916559801936097, "oneh-in": 0.004047765450367474, "sfb": 0.025974784901588135, "dsfb-alt": 0.06332733592232757, "alternate": 0.31671849200283875, "bad-redirect": 0.002555013963297403, "sfT": 0.000175312266859034}, "english-5k": {"roll-out": 0.197867839216825, "dsfb-red": 0.00551706973078359, "redirect": 0.016883063010743767, "sft": 0.0, "sfR": 0.10644211224955408, "roll-in": 0.20998050358816941, "oneh-out": 0.007383747459244203, "dsfb": 0.0, "unknown": 0.002157049819554486, "oneh-in": 0.0009955614551789937, "sfb": 0.02646534201684158, "dsfb-alt": 0.05770108267308251, "alternate": 0.36595179823287843, "bad-redirect": 0.0026133488198448584, "sfT": 4.148172729912474e-05}, "mt-quotes": {"roll-out": 0.271306223927517, "dsfb-red": 0.00995535554200882, "redirect": 0.01631136371786137, "sft": 0.0, "sfR": 0.0964592223377679, "roll-in": 0.17884229210743358, "oneh-out": 0.026523708777088487, "dsfb": 0.0, "unknown": 0.007977133909467972, "oneh-in": 0.002841825940402338, "sfb": 0.027494890092157637, "dsfb-alt": 0.05826340827864836, "alternate": 0.3022271428742186, "bad-redirect": 0.0017720323687261687, "sfT": 2.540012670180849e-05}, "wordle": {"roll-out": 0.1977785257489061, "dsfb-red": 0.015011780545270952, "redirect": 0.025131829911365422, "sft": 0.0, "sfR": 0.13138112868843263, "roll-in": 0.17370133512846403, "oneh-out": 0.006529787950185123, "dsfb": 0.0, "unknown": 0.0, "oneh-in": 0.00762930550880736, "sfb": 0.047009985414563, "dsfb-alt": 0.06089980926736228, "alternate": 0.3338494334118703, "bad-redirect": 0.0007180522831818692, "sfT": 0.0003590261415909346}, "english-1k": {"roll-out": 0.2565278757939308, "dsfb-red": 0.0038814396612561752, "redirect": 0.011997177134791814, "sft": 0.0, "sfR": 0.10832745236414962, "roll-in": 0.17501764290755117, "oneh-out": 0.013761467889908258, "dsfb": 0.0, "unknown": 0.0, "oneh-in": 0.00035285815102328866, "sfb": 0.02117148906139732, "dsfb-alt": 0.05857445306986592, "alternate": 0.3486238532110092, "bad-redirect": 0.0017642907551164433, "sfT": 0.0}, "english-10k": {"roll-out": 0.1920649929565234, "dsfb-red": 0.005885644815808263, "redirect": 0.01593948399297582, "sft": 0.0, "sfR": 0.10567144593890508, "roll-in": 0.2214160282510951, "oneh-out": 0.006734721444974045, "dsfb": 0.0, "unknown": 0.0, "oneh-in": 0.005094459774994693, "sfb": 0.027440612878948688, "dsfb-alt": 0.05995638833677467, "alternate": 0.35761563844773353, "bad-redirect": 0.0021226915729144554, "sfT": 5.789158835221242e-05}, "reddit": {"roll-out": 0.2552152237415573, "dsfb-red": 0.009706302041223008, "redirect": 0.018378329987449895, "sft": 0.0, "sfR": 0.10397777127267367, "roll-in": 0.17249846752357992, "oneh-out": 0.018792833722609502, "dsfb": 0.0, "unknown": 0.039285409944231534, "oneh-in": 0.0026833741712781424, "sfb": 0.02769803406639364, "dsfb-alt": 0.05546206809495529, "alternate": 0.2939631572628894, "bad-redirect": 0.002223134934525378, "sfT": 0.00011589323663327525}, "akl": {"roll-out": 0.21115386157709168, "dsfb-red": 0.007983001565004231, "redirect": 0.02114278935931532, "sft": 0.0, "sfR": 0.13064861186637447, "roll-in": 0.15156344888774156, "oneh-out": 0.017097314819795227, "dsfb": 0.0, "unknown": 0.13277008071454782, "oneh-in": 0.0025686764480934167, "sfb": 0.028954913147466114, "dsfb-alt": 0.045116921685771035, "alternate": 0.24933916429451036, "bad-redirect": 0.0014665197289091768, "sfT": 0.00019469590537956894}, "french": {"roll-out": 0.17194306787568303, "dsfb-red": 0.006004615934356656, "redirect": 0.011072657226640291, "sft": 0.0, "sfR": 0.10898279115633469, "roll-in": 0.19697825909030905, "oneh-out": 0.004076693049234531, "dsfb": 0.0, "unknown": 0.15807953387545715, "oneh-in": 0.0032185333490402927, "sfb": 0.02813063377985354, "dsfb-alt": 0.042495744745910495, "alternate": 0.2629682530500813, "bad-redirect": 0.005831560719675377, "sfT": 0.0002176561474235665}, "keymash": {"roll-out": 0.26546202378362405, "dsfb-red": 0.009974837139233129, "redirect": 0.016333282706587907, "sft": 0.0, "sfR": 0.099723742164827, "roll-in": 0.1783648655859909, "oneh-out": 0.02342239535656964, "dsfb": 0.0, "unknown": 0.01232282349464109, "oneh-in": 0.0028282562917414096, "sfb": 0.026858172593416607, "dsfb-alt": 0.05789099924880856, "alternate": 0.30481542446421167, "bad-redirect": 0.001953918715339493, "sfT": 4.925845500855866e-05}, "movie": {"roll-out": 0.25985888237377236, "dsfb-red": 0.012531404179205199, "redirect": 0.019131562175570202, "sft": 0.0, "sfR": 0.11567713207251198, "roll-in": 0.1462771826850407, "oneh-out": 0.034678267630261134, "dsfb": 0.0, "unknown": 0.030236445784519856, "oneh-in": 0.0018072331172803886, "sfb": 0.030086161052856403, "dsfb-alt": 0.05568338823375829, "alternate": 0.2919448041817582, "bad-redirect": 0.0020447672159253387, "sfT": 4.276929753994948e-05}, "dutch": {"roll-out": 0.15356319487879302, "dsfb-red": 0.009210797967322132, "redirect": 0.014355178694888494, "sft": 0.0, "sfR": 0.18880787437283908, "roll-in": 0.17617840910749508, "oneh-out": 0.005880529484878046, "dsfb": 0.0, "unknown": 0.07290361491625476,