{"english-450k": {"sfb": 0.0223332033367226, "sfR": 0.11369548401129392, "roll-in": 0.2326464756788425, "oneh-in": 0.007094949953253843, "dsfb-red": 0.010968537117150724, "bad-redirect": 0.0018599065310726008, "dsfb-alt": 0.04393378709361685, "redirect": 0.03011838267065271, "sfT": 0.00014120321510658064, "alternate": 0.37124108563346453, "dsfb": 0.0, "roll-out": 0.16084127881583418, "sft": 0.0, "oneh-out": 0.004971931841237303, "unknown": 0.00015377410175167997}, "shai": {"sfb": 0.01164650906155591, "sfR": 0.09823378925716947, "roll-in": 0.22246323343859814, "oneh-in": 0.005825185864771632, "dsfb-red": 0.007776955616938519, "bad-redirect": 0.0009453396097946733, "dsfb-alt": 0.03656721212595982, "redirect": 0.029133975903763678, "sfT": 3.7848727703735995e-05, "alternate": 0.3431088919391151, "dsfb": 0.0, "roll-out": 0.2063516079071523, "sft": 0.0, "oneh-out": 0.013811700896046082, "unknown": 0.024097749651430984}, "tr-quotes": {"sfb": 0.008893691777813736, "sfR": 0.09677191928064538, "roll-in": 0.21437206721989782, "oneh-in": 0.005250687686368785, "dsfb-red": 0.007921684658237211, "bad-redirect": 0.0008425602736876171, "dsfb-alt": 0.0334296479508102, "redirect": 0.029220313908601282, "sfT": 2.4271283604170037e-05, "alternate": 0.34772658976907606, "dsfb": 0.0, "roll-out": 0.21772843900973163, "sft": 0.0, "oneh-out": 0.02397656087469083, "unknown": 0.013841566306835256}, "gutenberg": {"sfb": 0.008945394091012249, "sfR": 0.09863878308844841, "roll-in": 0.21277160024444922, "oneh-in": 0.0050249999715844835, "dsfb-red": 0.005833705576601981, "bad-redirect": 0.0011460925065251498, "dsfb-alt": 0.034757291705738005, "redirect": 0.024970419447124977, "sfT": 0.0001587480199120786, "alternate": 0.32470751908670253, "dsfb": 0.0, "roll-out": 0.23545116073596947, "sft": 0.0, "oneh-out": 0.014820965195538537, "unknown": 0.032773320330392895}, "english-200": {"sfb": 0.0, "sfR": 0.10690423162583519, "roll-in": 0.2583518930957684, "oneh-in": 0.0066815144766146995, "dsfb-red": 0.0022271714922048997, "bad-redirect": 0.0, "dsfb-alt": 0.031180400890868598, "redirect": 0.031180400890868598, "sfT": 0.0, "alternate": 0.34743875278396436, "dsfb": 0.0, "roll-out": 0.19821826280623608, "sft": 0.0, "oneh-out": 0.017817371937639197, "unknown": 0.0}, "monkeyracer": {"sfb": 0.008763509392057807, "sfR": 0.09690789370786869, "roll-in": 0.2139215164927976, "oneh-in": 0.005326532367799553, "dsfb-red": 0.007856366423197836, "bad-redirect": 0.0008445813848006632, "dsfb-alt": 0.033325773808592835, "redirect": 0.029195731735927554, "sfT": 2.4438118773167336e-05, "alternate": 0.34769871123136836, "dsfb": 0.0, "roll-out": 0.21811607519902404, "sft": 0.0, "oneh-out": 0.024572039664044292, "unknown": 0.013446830473747595}, "chained-bigrams": {"sfb": 0.013401648844335043, "sfR": 0.11914286586209158, "roll-in": 0.18035476709765347, "oneh-in": 0.006150863347983811, "dsfb-red": 0.014439237742263697, "bad-redirect": 0.003099131295252479, "dsfb-alt": 0.04594350140152418, "redirect": 0.037659672140088786, "sfT": 5.32429847497807e-05, "alternate": 0.3501674232148504, "dsfb": 0.0, "roll-out": 0.19932420367649303, "sft": 0.0, "oneh-out": 0.007412462364676786, "unknown": 0.022850980028036975}, "english-5k": {"sfb": 0.014020823827104161, "sfR": 0.10644211224955408, "roll-in": 0.25706226407267596, "oneh-in": 0.00796449164143195, "dsfb-red": 0.009167461733106567, "bad-redirect": 0.001410378728170241, "dsfb-alt": 0.04011283029825362, "redirect": 0.028249056290703945, "sfT": 0.0, "alternate": 0.36437549259551166, "dsfb": 0.0, "roll-out": 0.1631476334674576, "sft": 0.0, "oneh-out": 0.005890405276475713, "unknown": 0.002157049819554486}, "mt-quotes": {"sfb": 0.007744050393851377, "sfR": 0.0964592223377679, "roll-in": 0.21304580389906885, "oneh-in": 0.005275755728475634, "dsfb-red": 0.007735085643250738, "bad-redirect": 0.0007874039277560632, "dsfb-alt": 0.03321738922556508, "redirect": 0.02914141595247487, "sfT": 1.1953000800851053e-05, "alternate": 0.3502572883422383, "dsfb": 0.0, "roll-out": 0.22199113087340577, "sft": 0.0, "oneh-out": 0.0263384372646753, "unknown": 0.007995063410669249}, "wordle": {"sfb": 0.02730842589476046, "sfR": 0.13138112868843263, "roll-in": 0.1994614607876136, "oneh-in": 0.0026029395265342757, "dsfb-red": 0.01460787613598115, "bad-redirect": 0.002019522046449007, "dsfb-alt": 0.05104902950746101, "redirect": 0.03110063951531471, "sfT": 0.0001795130707954673, "alternate": 0.3358689554583193, "dsfb": 0.0, "roll-out": 0.19412094693144843, "sft": 0.0, "oneh-out": 0.010299562436889936, "unknown": 0.0}, "english-1k": {"sfb": 0.009174311926605505, "sfR": 0.10832745236414962, "roll-in": 0.27487649964714184, "oneh-in": 0.008821453775582216, "dsfb-red": 0.008468595624558928, "bad-redirect": 0.0, "dsfb-alt": 0.03211009174311927, "redirect": 0.029640084685956247, "sfT": 0.0, "alternate": 0.3320395201129146, "dsfb": 0.0, "roll-out": 0.18842625264643614, "sft": 0.0, "oneh-out": 0.008115737473535639, "unknown": 0.0}, "english-10k": {"sfb": 0.014357113911348682, "sfR": 0.10567144593890508, "roll-in": 0.2547422859458521, "oneh-in": 0.007468014897435402, "dsfb-red": 0.008683738252831863, "bad-redirect": 0.000964859805870207, "dsfb-alt": 0.04179772679029737, "redirect": 0.030161517531502674, "sfT": 7.718878446961657e-05, "alternate": 0.3648520869917601, "dsfb": 0.0, "roll-out": 0.164875243627101, "sft": 0.0, "oneh-out": 0.006348777522625962, "unknown": 0.0}, "reddit": {"sfb": 0.010769231057364718, "sfR": 0.10397777127267367, "roll-in": 0.20793947331505785, "oneh-in": 0.005196242197386709, "dsfb-red": 0.007757317914363738, "bad-redirect": 0.0009054955082006452, "dsfb-alt": 0.03473886657987784, "redirect": 0.028212361807897036, "sfT": 5.738475711770449e-05, "alternate": 0.33764048636952826, "dsfb": 0.0, "roll-out": 0.20080975435990245, "sft": 0.0, "oneh-out": 0.01835454453002839, "unknown": 0.043641070330601}, "akl": {"sfb": 0.017772202974039253, "sfR": 0.13064861186637447, "roll-in": 0.17493617346891252, "oneh-in": 0.004768196611634024, "dsfb-red": 0.009107321003366831, "bad-redirect": 0.001293591221072679, "dsfb-alt": 0.028476228062336194, "redirect": 0.02304715250690868, "sfT": 0.00013932616883697833, "alternate": 0.2904196050079641, "dsfb": 0.0, "roll-out": 0.16632102790147982, "sft": 0.0, "oneh-out": 0.01602994640451637, "unknown": 0.13704061680255808}, "french": {"sfb": 0.03525106707019949, "sfR": 0.10898279115633469, "roll-in": 0.17135512061181393, "oneh-in": 0.005458827563580188, "dsfb-red": 0.008236610210455426, "bad-redirect": 0.001231072638349524, "dsfb-alt": 0.03140406058457665, "redirect": 0.01929788123995627, "sfT": 3.973183528133937e-05, "alternate": 0.26064491450561517, "dsfb": 0.0, "roll-out": 0.18906814808282732, "sft": 0.0, "oneh-out": 0.010630543177186171, "unknown": 0.15839923132382386}, "keymash": {"sfb": 0.009063555721574792, "sfR": 0.099723742164827, "roll-in": 0.21495979278609925, "oneh-in": 0.0053568569821807535, "dsfb-red": 0.008082491492654333, "bad-redirect": 0.0008784424476526294, "dsfb-alt": 0.03308526228074857, "redirect": 0.029477080451371644, "sfT": 2.873409875499255e-05, "alternate": 0.34473119250614703, "dsfb": 0.0, "roll-out": 0.21904824455180963, "sft": 0.0, "oneh-out": 0.023188417695278987, "unknown": 0.012376186820900362}, "movie": {"sfb": 0.009785746874979026, "sfR": 0.11567713207251198, "roll-in": 0.19618329420710262, "oneh-in": 0.0032580992876740595, "dsfb-red": 0.007950878211595902, "bad-redirect": 0.0006739125313910194, "dsfb-alt": 0.03442336261692303, "redirect": 0.027161530688155366, "sfT": 2.4082404460956173e-05, "alternate": 0.336130884051908, "dsfb": 0.0, "roll-out": 0.20372266597744493, "sft": 0.0, "oneh-out": 0.03474314536468327, "unknown": 0.030265265711169855}, "dutch": {"sfb": 0.03245156381449532, "sfR": 0.18880787437283908, "roll-in": 0.17799395581615615, "oneh-in": 0.0046188470793372014, "dsfb-red": 0.0074377472409976565, "bad-redirect": 0.0007455265626965103, "dsfb-alt": 0.03691253025059468, "redirect": 0.01940929580427663,