{"english-450k": {"roll-in": 0.26867434445749605, "dsfb-red": 0.039956417028347645, "oneh-out": 0.017831071840570752, "alternate": 0.20907898668129177, "sfR": 0.11369548401129392, "bad-redirect": 0.03460531216435002, "sft": 0.0, "redirect": 0.061110588136240346, "oneh-in": 0.03439657697680116, "sfb": 0.029819312506979764, "roll-out": 0.16199867742578644, "dsfb-alt": 0.028625955314298478, "dsfb": 0.0, "sfT": 5.3499354791934286e-05, "unknown": 0.00015377410175167997}, "shai": {"roll-in": 0.3445005245178012, "dsfb-red": 0.03285567586162267, "oneh-out": 0.013078897044958359, "alternate": 0.18086730365338724, "sfR": 0.09823378925716947, "bad-redirect": 0.03766074581848774, "sft": 0.0, "redirect": 0.04297737544792241, "oneh-in": 0.05032451829666095, "sfb": 0.02403132956592901, "roll-out": 0.1338324780245929, "dsfb-alt": 0.02106491279349697, "dsfb": 0.0, "sfT": 0.00011808617263942993, "unknown": 0.02045436354533162}, "tr-quotes": {"roll-in": 0.3676174845703983, "dsfb-red": 0.0297739303298583, "oneh-out": 0.010148863872772243, "alternate": 0.16530940107718267, "sfR": 0.09677191928064538, "bad-redirect": 0.044550518943158965, "sft": 0.0, "redirect": 0.038064307343796955, "oneh-in": 0.06783245879660664, "sfb": 0.02067219897829454, "roll-out": 0.12966413166593468, "dsfb-alt": 0.016329950763967545, "dsfb": 0.0, "sfT": 5.5477219666674374e-05, "unknown": 0.013209357157717112}, "gutenberg": {"roll-in": 0.370296048007826, "dsfb-red": 0.03333746305509238, "oneh-out": 0.010348173431643444, "alternate": 0.16102751266100707, "sfR": 0.09863878308844841, "bad-redirect": 0.034068689017933224, "sft": 0.0, "redirect": 0.03538944223371725, "oneh-in": 0.06732128439650936, "sfb": 0.024784960841523634, "roll-out": 0.11886873660445184, "dsfb-alt": 0.013838735501929792, "dsfb": 0.0, "sfT": 1.4965505457105262e-05, "unknown": 0.0320652056544605}, "english-200": {"roll-in": 0.3585746102449889, "dsfb-red": 0.0400890868596882, "oneh-out": 0.008908685968819599, "alternate": 0.1870824053452116, "sfR": 0.10690423162583519, "bad-redirect": 0.062360801781737196, "sft": 0.0, "redirect": 0.026726057906458798, "oneh-in": 0.07349665924276169, "sfb": 0.011135857461024499, "roll-out": 0.11581291759465479, "dsfb-alt": 0.008908685968819599, "dsfb": 0.0, "sfT": 0.0, "unknown": 0.0}, "monkeyracer": {"roll-in": 0.36802927100114174, "dsfb-red": 0.02953982044825375, "oneh-out": 0.010121291271094984, "alternate": 0.165110773104775, "sfR": 0.09690789370786869, "bad-redirect": 0.04463573517681468, "sft": 0.0, "redirect": 0.0378947244944242, "oneh-in": 0.0685645635547492, "sfb": 0.020409739274598434, "roll-out": 0.12951616434928132, "dsfb-alt": 0.016358876706758216, "dsfb": 0.0, "sfT": 5.083128704818806e-05, "unknown": 0.012860315623191579}, "chained-bigrams": {"roll-in": 0.3089157975182276, "dsfb-red": 0.03847325091925312, "oneh-out": 0.010905721608016056, "alternate": 0.2015039195277737, "sfR": 0.11914286586209158, "bad-redirect": 0.03869076799109673, "sft": 0.0, "redirect": 0.05118988331345379, "oneh-in": 0.05114962642254542, "sfb": 0.02553910145320883, "roll-out": 0.1036666885265913, "dsfb-alt": 0.03022383480649746, "dsfb": 0.0, "sfT": 5.778811759427417e-05, "unknown": 0.020540753933650152}, "english-5k": {"roll-in": 0.29758991164392085, "dsfb-red": 0.038826896751980755, "oneh-out": 0.01584601982826565, "alternate": 0.21446053013647487, "sfR": 0.10644211224955408, "bad-redirect": 0.03140166756543743, "sft": 0.0, "redirect": 0.05811589994607375, "oneh-in": 0.034927614385863025, "sfb": 0.026216451653046834, "roll-out": 0.14904384618575517, "dsfb-alt": 0.024930518106773967, "dsfb": 0.0, "sfT": 4.148172729912474e-05, "unknown": 0.002157049819554486}, "mt-quotes": {"roll-in": 0.3750014941251001, "dsfb-red": 0.028691684297342847, "oneh-out": 0.00962963627018563, "alternate": 0.16289997728929848, "sfR": 0.0964592223377679, "bad-redirect": 0.04639407848340326, "sft": 0.0, "redirect": 0.037063267233238904, "oneh-in": 0.07217520708573888, "sfb": 0.019538673934091155, "roll-out": 0.1284170641039433, "dsfb-alt": 0.015867608563129774, "dsfb": 0.0, "sfT": 3.2870752202340395e-05, "unknown": 0.00782921552455744}, "wordle": {"roll-in": 0.25100415123976216, "dsfb-red": 0.042589476046224616, "oneh-out": 0.019207898575115002, "alternate": 0.17706720520587904, "sfR": 0.13138112868843263, "bad-redirect": 0.04315045439246045, "sft": 0.0, "redirect": 0.05394367777403792, "oneh-in": 0.042903623920116686, "sfb": 0.040323123527431844, "roll-out": 0.17134522607427352, "dsfb-alt": 0.027084034556266127, "dsfb": 0.0, "sfT": 0.0, "unknown": 0.0}, "english-1k": {"roll-in": 0.3292166549047283, "dsfb-red": 0.035638673253352154, "oneh-out": 0.014467184191954835, "alternate": 0.18560338743824983, "sfR": 0.10832745236414962, "bad-redirect": 0.03881439661256175, "sft": 0.0, "redirect": 0.043048694424841216, "oneh-in": 0.06069160197600565, "sfb": 0.025758645024700072, "roll-out": 0.1400846859562456, "dsfb-alt": 0.01834862385321101, "dsfb": 0.0, "sfT": 0.0, "unknown": 0.0}, "english-10k": {"roll-in": 0.3011713398043264, "dsfb-red": 0.03575770440554987, "oneh-out": 0.015514945678392929, "alternate": 0.20528357229694524, "sfR": 0.10567144593890508, "bad-redirect": 0.03023870631597229, "sft": 0.0, "redirect": 0.055942571544354606, "oneh-in": 0.03506300534532333, "sfb": 0.02800023156635341, "roll-out": 0.16205785299395997, "dsfb-alt": 0.025240732521564616, "dsfb": 0.0, "sfT": 5.789158835221242e-05, "unknown": 0.0}, "reddit": {"roll-in": 0.3448940020755153, "dsfb-red": 0.029716239492961472, "oneh-out": 0.01179608858453492, "alternate": 0.16707040139551338, "sfR": 0.10397777127267367, "bad-redirect": 0.04521566761190449, "sft": 0.0, "redirect": 0.03947610563514944, "oneh-in": 0.05549825195616659, "sfb": 0.02310062353482987, "roll-out": 0.12583960323609575, "dsfb-alt": 0.018938205943480134, "dsfb": 0.0, "sfT": 0.0001038319495628439, "unknown": 0.034373207311612156}, "akl": {"roll-in": 0.276407133153938, "dsfb-red": 0.031125525416426252, "oneh-out": 0.012179365431193492, "alternate": 0.14099052233674716, "sfR": 0.13064861186637447, "bad-redirect": 0.04342541453117831, "sft": 0.0, "redirect": 0.03329586590176213, "oneh-in": 0.04545106729799861, "sfb": 0.028191892976154966, "roll-out": 0.11189956913153742, "dsfb-alt": 0.018026617153949584, "dsfb": 0.0, "sfT": 0.000979285813416144, "unknown": 0.12737912898932344}, "french": {"roll-in": 0.2690991059543024, "dsfb-red": 0.03436955068403104, "oneh-out": 0.012834985852575144, "alternate": 0.14023480106358469, "sfR": 0.10898279115633469, "bad-redirect": 0.011709670011077422, "sft": 0.0, "redirect": 0.06827833492987294, "oneh-in": 0.040526876496601374, "sfb": 0.027552949075248277, "roll-out": 0.11317767592824436, "dsfb-alt": 0.01861343595533033, "dsfb": 0.0, "sfT": 2.7326873134676853e-05, "unknown": 0.15459249601966266}, "keymash": {"roll-in": 0.36715199927754266, "dsfb-red": 0.02925952227508384, "oneh-out": 0.010340170680546604, "alternate": 0.1658285887863127, "sfR": 0.099723742164827, "bad-redirect": 0.04286306559994746, "sft": 0.0, "redirect": 0.03814656853287797, "oneh-in": 0.06839946965063441, "sfb": 0.021107247971167385, "roll-out": 0.12821154864477677, "dsfb-alt": 0.016854601355428486, "dsfb": 0.0, "sfT": 7.79925537635512e-05, "unknown": 0.012035482507091164}, "movie": {"roll-in": 0.35146308502970625, "dsfb-red": 0.02706612225518163, "oneh-out": 0.007902318609158236, "alternate": 0.14822943662044116, "sfR": 0.11567713207251198, "bad-redirect": 0.04561404801662976, "sft": 0.0, "redirect": 0.03194169057689729, "oneh-in": 0.07684603145004106, "sfb": 0.021818526843787708, "roll-out": 0.12744645316847458, "dsfb-alt": 0.015743312625536115, "dsfb": 0.0, "sfT": 3.6847394803648786e-05, "unknown": 0.03021499533683059}, "dutch": {"roll-in": 0.2630675593954869, "dsfb-red": 0.027995671793164416, "oneh-out": 0.02340832911929784, "alternate": 0.13260690187111066, "sfR": 0.18880787437283908, "bad-redirect": 0.03126942241218026, "sft": 0.0, "redirect": 0.039247047936794954, "oneh-in": 0.032880575997358295,