{"english-450k": {"sft": 0.0, "oneh-out": 0.007476169399421505, "sfT": 0.0003452608634386579, "sfR": 0.11369548401129392, "redirect": 0.055006691804542006, "roll-in": 0.26710473770406495, "dsfb-alt": 0.0417028932334133, "oneh-in": 0.013514580182084908, "alternate": 0.24514339873507646, "dsfb": 0.0, "dsfb-red": 0.026198312460789065, "unknown": 0.00015377410175167997, "bad-redirect": 0.0021215563810112956, "sfb": 0.0402148510700748, "roll-out": 0.18732229005303744}, "shai": {"sft": 0.0, "oneh-out": 0.009391303129488706, "sfT": 7.226440279746956e-05, "sfR": 0.09823378925716947, "redirect": 0.04608085500736461, "roll-in": 0.28222572038370924, "dsfb-alt": 0.03381032380459328, "oneh-in": 0.015912485257612862, "alternate": 0.23401800220024999, "dsfb": 0.0, "dsfb-red": 0.019717100983300578, "unknown": 0.024097749651430984, "bad-redirect": 0.001082518509068987, "sfb": 0.02427646577800016, "roll-out": 0.21108142163521365}, "tr-quotes": {"sft": 0.0, "oneh-out": 0.011241071634959894, "sfT": 4.391946556945054e-05, "sfR": 0.09677191928064538, "redirect": 0.047305887519937126, "roll-in": 0.2872910935946927, "dsfb-alt": 0.0327015094426851, "oneh-in": 0.01476503085920344, "alternate": 0.2306361387855112, "dsfb": 0.0, "dsfb-red": 0.017388641039273248, "unknown": 0.013894731975682485, "bad-redirect": 0.0017186380342571832, "sfb": 0.027862277802177482, "roll-out": 0.21837914056540533}, "gutenberg": {"sft": 0.0, "oneh-out": 0.01024019446821876, "sfT": 0.0002856706611305663, "sfR": 0.09863878308844841, "redirect": 0.04751017559652694, "roll-in": 0.2782905831356561, "dsfb-alt": 0.03181363361335878, "oneh-in": 0.01092595560435447, "alternate": 0.22010886552754544, "dsfb": 0.0, "dsfb-red": 0.017268109492942153, "unknown": 0.03298207965968062, "bad-redirect": 0.0014372568342159193, "sfb": 0.021865929530276353, "roll-out": 0.22863276278764555}, "english-200": {"sft": 0.0, "oneh-out": 0.0066815144766146995, "sfT": 0.0, "sfR": 0.10690423162583519, "redirect": 0.044543429844097995, "roll-in": 0.31625835189309576, "dsfb-alt": 0.0334075723830735, "oneh-in": 0.0066815144766146995, "alternate": 0.2383073496659243, "dsfb": 0.0, "dsfb-red": 0.017817371937639197, "unknown": 0.0, "bad-redirect": 0.0, "sfb": 0.004454342984409799, "roll-out": 0.22494432071269488}, "monkeyracer": {"sft": 0.0, "oneh-out": 0.011403803744310806, "sfT": 4.007851478799443e-05, "sfR": 0.09690789370786869, "redirect": 0.04717729952922408, "roll-in": 0.2881185776623864, "dsfb-alt": 0.03258187747313762, "oneh-in": 0.014694152055930056, "alternate": 0.23033708963510957, "dsfb": 0.0, "dsfb-red": 0.017260154527112628, "unknown": 0.013491796612290222, "bad-redirect": 0.0017693197991773151, "sfb": 0.027696208768006006, "roll-out": 0.21852174797065863}, "chained-bigrams": {"sft": 0.0, "oneh-out": 0.008338370855569313, "sfT": 0.0002129719389991228, "sfR": 0.11914286586209158, "redirect": 0.055015586559133155, "roll-in": 0.24962908469465472, "dsfb-alt": 0.04487799240183649, "oneh-in": 0.010642103903035435, "alternate": 0.2407693221713528, "dsfb": 0.0, "dsfb-red": 0.029719325060758688, "unknown": 0.023159399756770463, "bad-redirect": 0.006820296485508494, "sfb": 0.02321069482744403, "roll-out": 0.1884619854828457}, "english-5k": {"sft": 0.0, "oneh-out": 0.008296345459824947, "sfT": 0.0, "sfR": 0.10644211224955408, "redirect": 0.044592856846559094, "roll-in": 0.30007881528186836, "dsfb-alt": 0.039573567843365, "oneh-in": 0.022980876923715105, "alternate": 0.24615256979300618, "dsfb": 0.0, "dsfb-red": 0.025511262288961712, "unknown": 0.002157049819554486, "bad-redirect": 0.00078815281868337, "sfb": 0.024515700833782718, "roll-out": 0.178910689841125}, "mt-quotes": {"sft": 0.0, "oneh-out": 0.011625787403927756, "sfT": 1.792950120127658e-05, "sfR": 0.0964592223377679, "redirect": 0.046912539893140176, "roll-in": 0.2912258997621353, "dsfb-alt": 0.03226712566189742, "oneh-in": 0.014658861357143711, "alternate": 0.23148928413478204, "dsfb": 0.0, "dsfb-red": 0.016683400867787856, "unknown": 0.007995063410669249, "bad-redirect": 0.0017660558683257432, "sfb": 0.02724537120043987, "roll-out": 0.22165345860078173}, "wordle": {"sft": 0.0, "oneh-out": 0.012992258498821945, "sfT": 0.0009424436216762033, "sfR": 0.13138112868843263, "redirect": 0.04669583754067093, "roll-in": 0.23123527431841132, "dsfb-alt": 0.049164142264108604, "oneh-in": 0.008055649051946594, "alternate": 0.23044990463368115, "dsfb": 0.0, "dsfb-red": 0.03000112195669247, "unknown": 0.0, "bad-redirect": 0.0021990351172444743, "sfb": 0.05118366431055761, "roll-out": 0.2056995399977561}, "english-1k": {"sft": 0.0, "oneh-out": 0.014114326040931546, "sfT": 0.0, "sfR": 0.10832745236414962, "redirect": 0.051517290049400144, "roll-in": 0.2985179957657022, "dsfb-alt": 0.03493295695130558, "oneh-in": 0.013761467889908258, "alternate": 0.21700776287932252, "dsfb": 0.0, "dsfb-red": 0.02328863796753705, "unknown": 0.0, "bad-redirect": 0.0, "sfb": 0.022935779816513763, "roll-out": 0.21559633027522937}, "english-10k": {"sft": 0.0, "oneh-out": 0.00876092703730148, "sfT": 0.00011578317670442484, "sfR": 0.10567144593890508, "redirect": 0.04602381274000888, "roll-in": 0.30227127998301845, "dsfb-alt": 0.03755234364446846, "oneh-in": 0.020570811061152813, "alternate": 0.24075181876073407, "dsfb": 0.0, "dsfb-red": 0.024025009166168156, "unknown": 0.0, "bad-redirect": 0.0011964261592790567, "sfb": 0.02734412689836167, "roll-out": 0.18571621543389746}, "reddit": {"sft": 0.0, "oneh-out": 0.010287790924705543, "sfT": 6.423946374468877e-05, "sfR": 0.10397777127267367, "redirect": 0.04476007309439624, "roll-in": 0.26913896831421225, "dsfb-alt": 0.033141532648724194, "oneh-in": 0.012411401512193231, "alternate": 0.22676410838152697, "dsfb": 0.0, "dsfb-red": 0.01753965850450903, "unknown": 0.04519937363713543, "bad-redirect": 0.0011177666691575847, "sfb": 0.026860898337396525, "roll-out": 0.20873641723962463}, "akl": {"sft": 0.0, "oneh-out": 0.007603715163547155, "sfT": 0.00016245248450135353, "sfR": 0.13064861186637447, "redirect": 0.034046260488346254, "roll-in": 0.23488252387563546, "dsfb-alt": 0.030860684628385187, "oneh-in": 0.008117707412228775, "alternate": 0.1921722708902962, "dsfb": 0.0, "dsfb-red": 0.01566980839476858, "unknown": 0.13920166722946467, "bad-redirect": 0.001220926162986218, "sfb": 0.03195350187393574, "roll-out": 0.17345986952952994}, "french": {"sft": 0.0, "oneh-out": 0.011639015661459475, "sfT": 0.00013329341572325656, "sfR": 0.10898279115633469, "redirect": 0.044768160021854304, "roll-in": 0.22260887350613656, "dsfb-alt": 0.027485096329400167, "oneh-in": 0.021320549270749282, "alternate": 0.18026726191308218, "dsfb": 0.0, "dsfb-red": 0.02830174135555044, "unknown": 0.15842537463172957, "bad-redirect": 0.0014384512446709039, "sfb": 0.044923836304059585, "roll-out": 0.1497055551892496}, "keymash": {"sft": 0.0, "oneh-out": 0.011005159823162147, "sfT": 6.567794001141154e-05, "sfR": 0.099723742164827, "redirect": 0.047624716250774794, "roll-in": 0.28937700369027924, "dsfb-alt": 0.03234228058436947, "oneh-in": 0.014925311867593273, "alternate": 0.2279845492646123, "dsfb": 0.0, "dsfb-red": 0.016632938307889974, "unknown": 0.012376186820900362, "bad-redirect": 0.0017897238653109646, "sfb": 0.027108569739710115, "roll-out": 0.2190441396805589}, "movie": {"sft": 0.0, "oneh-out": 0.011962638320843164, "sfT": 6.237737548903402e-05, "sfR": 0.11567713207251198, "redirect": 0.04438216064964062, "roll-in": 0.2675863074554518, "dsfb-alt": 0.0326707426026552, "oneh-in": 0.013389422086775878, "alternate": 0.224232189120833, "dsfb": 0.0, "dsfb-red": 0.01808220101069772, "unknown": 0.030282373430185833, "bad-redirect": 0.0024991745525574788, "sfb": 0.03829181267995182, "roll-out": 0.20088146864240644}, "dutch": {"sft": 0.0, "oneh-out": 0.005153059231976028, "sfT": 0.0004004304968526256, "sfR": 0.18880787437283908, "redirect": 0.05014723154454176, "roll-in": 0.29078343907541077, "dsfb-alt": 0.026705748386703684, "oneh-in": 0.006584062127476543, "alternate": 0.17097864015653727, "dsfb": 0.0,