{"english-450k": {"bad-redirect": 0.026490366315636837, "sfR": 0.11369548401129392, "redirect": 0.0415663675575235, "oneh-out": 0.010254920040390551, "sft": 0.0, "oneh-in": 0.009354493741160182, "roll-out": 0.1674901084662875, "unknown": 0.0, "sfb": 0.02876745087560611, "roll-in": 0.22352673593712452, "alternate": 0.3246332078388541, "dsfb-alt": 0.03902529437800715, "dsfb": 0.0, "sfT": 0.00015231237074643587, "dsfb-red": 0.015043258467369194}, "shai": {"bad-redirect": 0.024502106740920716, "sfR": 0.09823378925716947, "redirect": 0.03161351073016656, "oneh-out": 0.020004455614616275, "sft": 0.0, "oneh-in": 0.007522692980905261, "roll-out": 0.17453060069054285, "unknown": 0.012767534267825478, "sfb": 0.01764016221038118, "roll-in": 0.24707760138690682, "alternate": 0.3108769131043682, "dsfb-alt": 0.038817758085825854, "dsfb": 0.0, "sfT": 6.806500924408439e-05, "dsfb-red": 0.01634480992112726}, "tr-quotes": {"bad-redirect": 0.022214003374864195, "sfR": 0.09677191928064538, "redirect": 0.031158549270705715, "oneh-out": 0.03026744642980976, "sft": 0.0, "oneh-in": 0.006951989089480132, "roll-out": 0.18189015510506, "unknown": 0.009174545202376275, "sfb": 0.017964217193314994, "roll-in": 0.2423060030974781, "alternate": 0.3069242504796468, "dsfb-alt": 0.03886872702896373, "dsfb": 0.0, "sfT": 3.8140588520838634e-05, "dsfb-red": 0.015470053859134093}, "gutenberg": {"bad-redirect": 0.02238763841671772, "sfR": 0.09863878308844841, "redirect": 0.031446315700936915, "oneh-out": 0.01958378466645677, "sft": 0.0, "oneh-in": 0.006317148233899863, "roll-out": 0.1752494787647055, "unknown": 0.024878163736269148, "sfb": 0.014552912154756207, "roll-in": 0.2653200363870163, "alternate": 0.2897323750863358, "dsfb-alt": 0.03804079937773807, "dsfb": 0.0, "sfT": 0.00016064238769145903, "dsfb-red": 0.013691921999027811}, "english-200": {"bad-redirect": 0.024498886414253896, "sfR": 0.10690423162583519, "redirect": 0.028953229398663696, "oneh-out": 0.015590200445434299, "sft": 0.0, "oneh-in": 0.0022271714922048997, "roll-out": 0.1870824053452116, "unknown": 0.0, "sfb": 0.015590200445434299, "roll-in": 0.24498886414253898, "alternate": 0.31403118040089084, "dsfb-alt": 0.042316258351893093, "dsfb": 0.0, "sfT": 0.0, "dsfb-red": 0.017817371937639197}, "monkeyracer": {"bad-redirect": 0.022287564321128613, "sfR": 0.09690789370786869, "redirect": 0.031102882524985533, "oneh-out": 0.030747063515648217, "sft": 0.0, "oneh-in": 0.006991257018627712, "roll-out": 0.18230054584982092, "unknown": 0.008839756322630088, "sfb": 0.017955174625021504, "roll-in": 0.24169201714187402, "alternate": 0.306912468523703, "dsfb-alt": 0.03887224924535089, "dsfb": 0.0, "sfT": 4.105603953892112e-05, "dsfb-red": 0.015350071163801868}, "chained-bigrams": {"bad-redirect": 0.0288960067112133, "sfR": 0.11914286586209158, "redirect": 0.0363454794433381, "oneh-out": 0.012046549951983917, "sft": 0.0, "oneh-in": 0.010430430573420453, "roll-out": 0.16523570734279197, "unknown": 0.014013293864265452, "sfb": 0.02030700424450477, "roll-in": 0.22371663304350536, "alternate": 0.30608677697487646, "dsfb-alt": 0.044983179761951916, "dsfb": 0.0, "sfT": 0.00012921163372202877, "dsfb-red": 0.0186668605923347}, "english-5k": {"bad-redirect": 0.02679719583523458, "sfR": 0.10644211224955408, "redirect": 0.03463724229476915, "oneh-out": 0.013274152735719915, "sft": 0.0, "oneh-in": 0.0042726179118098475, "roll-out": 0.17820550047703987, "unknown": 0.0, "sfb": 0.01717343510183764, "roll-in": 0.24042809142572696, "alternate": 0.3261708217530178, "dsfb-alt": 0.03666984693242627, "dsfb": 0.0, "sfT": 4.148172729912474e-05, "dsfb-red": 0.015887501555564773}, "mt-quotes": {"bad-redirect": 0.02186950909025711, "sfR": 0.0964592223377679, "redirect": 0.030357633783961464, "oneh-out": 0.032305972914500186, "sft": 0.0, "oneh-in": 0.006893893211890845, "roll-out": 0.18305721901483368, "unknown": 0.005080025340361698, "sfb": 0.017204850527724986, "roll-in": 0.2444508193782049, "alternate": 0.30806468964033423, "dsfb-alt": 0.039116195120785076, "dsfb": 0.0, "sfT": 2.689425180191487e-05, "dsfb-red": 0.015113075387576051}, "wordle": {"bad-redirect": 0.016133737237742623, "sfR": 0.13138112868843263, "redirect": 0.05145293391675081, "oneh-out": 0.01321664983731628, "sft": 0.0, "oneh-in": 0.014899584876023785, "roll-out": 0.17082912599573657, "unknown": 0.0, "sfb": 0.028116234713340064, "roll-in": 0.209940536295299, "alternate": 0.3056210030292831, "dsfb-alt": 0.03709188825311343, "dsfb": 0.0, "sfT": 0.0003590261415909346, "dsfb-red": 0.020958151015370807}, "english-1k": {"bad-redirect": 0.024700070571630206, "sfR": 0.10832745236414962, "redirect": 0.03458009880028229, "oneh-out": 0.01799576570218772, "sft": 0.0, "oneh-in": 0.0056457304163726185, "roll-out": 0.2057163020465773, "unknown": 0.0, "sfb": 0.016231474947071278, "roll-in": 0.2392378263937897, "alternate": 0.2949894142554693, "dsfb-alt": 0.03493295695130558, "dsfb": 0.0, "sfT": 0.0, "dsfb-red": 0.017642907551164433}, "english-10k": {"bad-redirect": 0.022770691418536885, "sfR": 0.10567144593890508, "redirect": 0.03321047451805253, "oneh-out": 0.011944964396673164, "sft": 0.0, "oneh-in": 0.008934601802358118, "roll-out": 0.1714941818953706, "unknown": 0.0, "sfb": 0.018177958742594702, "roll-in": 0.23552227861291755, "alternate": 0.3392447077439648, "dsfb-alt": 0.03797688195905135, "dsfb": 0.0, "sfT": 9.64859805870207e-05, "dsfb-red": 0.01495532699098821}, "reddit": {"bad-redirect": 0.023515614216361884, "sfR": 0.10397777127267367, "redirect": 0.03305923871178712, "oneh-out": 0.025138831220079722, "sft": 0.0, "oneh-in": 0.007302697289600305, "roll-out": 0.17045711341561604, "unknown": 0.029873186054530126, "sfb": 0.01996903395645613, "roll-in": 0.2314885370014629, "alternate": 0.3003971047666993, "dsfb-alt": 0.03937422147107623, "dsfb": 0.0, "sfT": 6.319065617334691e-05, "dsfb-red": 0.015383459967483219}, "akl": {"bad-redirect": 0.0179516048736536, "sfR": 0.13064861186637447, "redirect": 0.030249591503035834, "oneh-out": 0.022161039061409583, "sft": 0.0, "oneh-in": 0.007185316627798726, "roll-out": 0.14343921866853054, "unknown": 0.12169924656390758, "sfb": 0.021477503246393623, "roll-in": 0.19899762246156258, "alternate": 0.2582037083986057, "dsfb-alt": 0.035371502147844215, "dsfb": 0.0, "sfT": 9.361710475674958e-05, "dsfb-red": 0.012521417476126836}, "french": {"bad-redirect": 0.02765427124795103, "sfR": 0.10898279115633469, "redirect": 0.023731606478704224, "oneh-out": 0.01444316634381554, "sft": 0.0, "oneh-in": 0.00992097334966174, "roll-out": 0.1553635513117401, "unknown": 0.14643870541155837, "sfb": 0.026566679675396897, "roll-in": 0.21936556019647963, "alternate": 0.22235159039630004, "dsfb-alt": 0.03185258686084088, "dsfb": 0.0, "sfT": 0.00020920639059902828, "dsfb-red": 0.013119311180617852}, "keymash": {"bad-redirect": 0.02159572765000226, "sfR": 0.099723742164827, "redirect": 0.0318866398755403, "oneh-out": 0.029505814550126637, "sft": 0.0, "oneh-in": 0.007154790589993145, "roll-out": 0.1820633545828835, "unknown": 0.008279525312688567, "sfb": 0.0178520850693518, "roll-in": 0.2414280026106981, "alternate": 0.30612898326443994, "dsfb-alt": 0.03852011181669287, "dsfb": 0.0, "sfT": 6.157306876069832e-05, "dsfb-red": 0.01579964944399519}, "movie": {"bad-redirect": 0.02074811002474171, "sfR": 0.11567713207251198, "redirect": 0.03201314820324865, "oneh-out": 0.044266749345202056, "sft": 0.0, "oneh-in": 0.005321684994516976, "roll-out": 0.18117113917274177, "unknown": 0.024480224726996992, "sfb": 0.017459743234193224, "roll-in": 0.21210018438173164, "alternate": 0.29310720788997474, "dsfb-alt": 0.03963792697083226, "dsfb": 0.0, "sfT": 3.5531416417804186e-05, "dsfb-red": 0.013981217566890195}, "dutch": {"bad-redirect": 0.007786662566013564, "sfR": 0.18880787437283908, "redirect": 0.026279640992506757, "oneh-out": 0.0061416735721143735, "sft": 0.0, "oneh-in": 0.004023042648501673, "roll-out": 0.15320692792814083, "unknown": 0.06461325840939008, "sfb": 0.046600663891242705,