{"english-450k": {"unknown": 0.00015377410175167997, "alternate": 0.3789789048828247, "roll-out": 0.1801627315893518, "sfT": 0.0017365364342299982, "sfb": 0.03947609222002443, "oneh-in": 0.0032008985552835437, "roll-in": 0.19957978157061243, "dsfb-red": 0.007218904742498543, "dsfb": 0.0, "dsfb-alt": 0.05122051615475872, "redirect": 0.016010924392840794, "sfR": 0.11369548401129392, "oneh-out": 0.00492778756487893, "bad-redirect": 0.0036376637796504824, "sft": 0.0}, "shai": {"unknown": 0.024097749651430984, "alternate": 0.3331445631748251, "roll-out": 0.21997901541754125, "sfT": 0.000247334604272374, "sfb": 0.021545865273236927, "oneh-in": 0.004763412746897248, "roll-in": 0.2108726130801859, "dsfb-red": 0.0064040945209564056, "dsfb": 0.0, "dsfb-alt": 0.04919348034281294, "redirect": 0.01715257972035832, "sfR": 0.09823378925716947, "oneh-out": 0.011747143560893762, "bad-redirect": 0.0026183586494192995, "sft": 0.0}, "tr-quotes": {"unknown": 0.013894731975682485, "alternate": 0.3260211275744897, "roll-out": 0.23818681953722753, "sfT": 0.0002508032639097571, "sfb": 0.02308892536002404, "oneh-in": 0.0047964679503478885, "roll-in": 0.2025981831210559, "dsfb-red": 0.008494949261459514, "dsfb": 0.0, "dsfb-alt": 0.043740320380943574, "redirect": 0.020298883520954207, "sfR": 0.09677191928064538, "oneh-out": 0.019636624211183284, "bad-redirect": 0.0022202445620766974, "sft": 0.0}, "gutenberg": {"unknown": 0.03298207965968062, "alternate": 0.2935129648636453, "roll-out": 0.26150629517356766, "sfT": 0.00017826000803969686, "sfb": 0.024373693596620144, "oneh-in": 0.004724742678552688, "roll-in": 0.19568572893188346, "dsfb-red": 0.008248077311422318, "dsfb": 0.0, "dsfb-alt": 0.04398456772232206, "redirect": 0.019573744517226054, "sfR": 0.09863878308844841, "oneh-out": 0.014112282209272324, "bad-redirect": 0.0024787802393192704, "sft": 0.0}, "english-200": {"unknown": 0.0, "alternate": 0.34966592427616927, "roll-out": 0.26057906458797325, "sfT": 0.0, "sfb": 0.011135857461024499, "oneh-in": 0.0022271714922048997, "roll-in": 0.19599109131403117, "dsfb-red": 0.0022271714922048997, "dsfb": 0.0, "dsfb-alt": 0.031180400890868598, "redirect": 0.028953229398663696, "sfR": 0.10690423162583519, "oneh-out": 0.011135857461024499, "bad-redirect": 0.0, "sft": 0.0}, "monkeyracer": {"unknown": 0.013491796612290222, "alternate": 0.32532512473215824, "roll-out": 0.23874478001783006, "sfT": 0.00024340366298074666, "sfb": 0.022992359666546756, "oneh-in": 0.004822129596321379, "roll-in": 0.20287157670832226, "dsfb-red": 0.008495667610303893, "dsfb": 0.0, "dsfb-alt": 0.04352135696075825, "redirect": 0.020338379967780783, "sfR": 0.09690789370786869, "oneh-out": 0.020013841750473122, "bad-redirect": 0.0022316890063656413, "sft": 0.0}, "chained-bigrams": {"unknown": 0.023159399756770463, "alternate": 0.32407771138276575, "roll-out": 0.21012668583846988, "sfT": 0.00012791302433788778, "sfb": 0.023645079666439195, "oneh-in": 0.005406760170871023, "roll-in": 0.18846458270161398, "dsfb-red": 0.012172515062245594, "dsfb": 0.0, "dsfb-alt": 0.06025547542414206, "redirect": 0.02391389180895638, "sfR": 0.11914286586209158, "oneh-out": 0.005417798350636221, "bad-redirect": 0.004089320950659986, "sft": 0.0}, "english-5k": {"unknown": 0.002157049819554486, "alternate": 0.3811341104243581, "roll-out": 0.18023810511469698, "sfT": 0.0003733355456921226, "sfb": 0.020616418467664994, "oneh-in": 0.0019911229103579875, "roll-in": 0.22611689550752892, "dsfb-red": 0.004977807275894968, "dsfb": 0.0, "dsfb-alt": 0.05027585348653918, "redirect": 0.014601568009291906, "sfR": 0.10644211224955408, "oneh-out": 0.0070933753681503295, "bad-redirect": 0.003982245820715975, "sft": 0.0}, "mt-quotes": {"unknown": 0.007995063410669249, "alternate": 0.3244955833662041, "roll-out": 0.2446614910173199, "sfT": 0.00020917751401489343, "sfb": 0.02209661610547328, "oneh-in": 0.004941071706051805, "roll-in": 0.20370154552300354, "dsfb-red": 0.008680866831618077, "dsfb": 0.0, "dsfb-alt": 0.04250785909802656, "redirect": 0.020792244893080406, "sfR": 0.0964592223377679, "oneh-out": 0.021449659937127215, "bad-redirect": 0.0020095982596430835, "sft": 0.0}, "wordle": {"unknown": 0.0, "alternate": 0.33851677325255247, "roll-out": 0.19432289913609335, "sfT": 0.0005385392123864019, "sfb": 0.045349489509704924, "oneh-in": 0.008302479524290363, "roll-in": 0.17812184449680243, "dsfb-red": 0.013800067317401549, "dsfb": 0.0, "dsfb-alt": 0.05733198698530237, "redirect": 0.024099629754291484, "sfR": 0.13138112868843263, "oneh-out": 0.00650734881633569, "bad-redirect": 0.0017278133064063726, "sft": 0.0}, "english-1k": {"unknown": 0.0, "alternate": 0.35885673959068454, "roll-out": 0.22900494001411434, "sfT": 0.0, "sfb": 0.015172900494001412, "oneh-in": 0.0017642907551164433, "roll-in": 0.20748059280169373, "dsfb-red": 0.006351446718419196, "dsfb": 0.0, "dsfb-alt": 0.04269583627381793, "redirect": 0.016937191249117856, "sfR": 0.10832745236414962, "oneh-out": 0.011644318983768526, "bad-redirect": 0.0017642907551164433, "sft": 0.0}, "english-10k": {"unknown": 0.0, "alternate": 0.37166399722120375, "roll-out": 0.1719380174060709, "sfT": 0.00036664672623067866, "sfb": 0.02371625402828969, "oneh-in": 0.006001427992512688, "roll-in": 0.2390536655024025, "dsfb-red": 0.005248837343933927, "dsfb": 0.0, "dsfb-alt": 0.052951506146156964, "redirect": 0.014839543814283785, "sfR": 0.10567144593890508, "oneh-out": 0.005692672854634221, "bad-redirect": 0.0028559850253758127, "sft": 0.0}, "reddit": {"unknown": 0.04519937363713543, "alternate": 0.31389244890387435, "roll-out": 0.22782441537874035, "sfT": 0.00032880117361567233, "sfb": 0.020692598808442226, "oneh-in": 0.005245086664280629, "roll-in": 0.1934486235056131, "dsfb-red": 0.008639627283755075, "dsfb": 0.0, "dsfb-alt": 0.0440643016430507, "redirect": 0.019493849211811746, "sfR": 0.10397777127267367, "oneh-out": 0.01480732749409718, "bad-redirect": 0.0023857750229098903, "sft": 0.0}, "akl": {"unknown": 0.13920166722946467, "alternate": 0.26616294125028817, "roll-out": 0.1913098026201078, "sfT": 0.00031613377021974423, "sfb": 0.02251811332848389, "oneh-in": 0.004993455820941833, "roll-in": 0.16898910303324607, "dsfb-red": 0.00887909688179436, "dsfb": 0.0, "dsfb-alt": 0.033828462974904515, "redirect": 0.017861669201625473, "sfR": 0.13064861186637447, "oneh-out": 0.013569143347652295, "bad-redirect": 0.001721798674896703, "sft": 0.0}, "french": {"unknown": 0.15842537463172957, "alternate": 0.25600873968536014, "roll-out": 0.18427300097593194, "sfT": 0.0005514664875078511, "sfb": 0.04143861125070439, "oneh-in": 0.002882505696881484, "roll-in": 0.17177333862911354, "dsfb-red": 0.005985499108633055, "dsfb": 0.0, "dsfb-alt": 0.04242465592298065, "redirect": 0.008760570042768505, "sfR": 0.10898279115633469, "oneh-out": 0.011240873307537305, "bad-redirect": 0.007252573104516915, "sft": 0.0}, "keymash": {"unknown": 0.012376186820900362, "alternate": 0.32269624363231847, "roll-out": 0.24304121701222842, "sfT": 0.00023808253254136683, "sfb": 0.023147368982771855, "oneh-in": 0.004552302217040963, "roll-in": 0.20020278063978522, "dsfb-red": 0.008751585506520589, "dsfb": 0.0, "dsfb-alt": 0.043967275966389316, "redirect": 0.019986618119722674, "sfR": 0.099723742164827, "oneh-out": 0.019071231830813627, "bad-redirect": 0.0022453645741401323, "sft": 0.0}, "movie": {"unknown": 0.030282373430185833, "alternate": 0.3125657906944273, "roll-out": 0.23265431919239984, "sfT": 0.00020450304116025078, "sfb": 0.022818144025675266, "oneh-in": 0.004439453084646757, "roll-in": 0.17523265510877944, "dsfb-red": 0.013250981160585026, "dsfb": 0.0, "dsfb-alt": 0.041085239999584154, "redirect": 0.02191564604866304, "sfR": 0.11567713207251198, "oneh-out": 0.02784860300340483, "bad-redirect": 0.002025159137976254, "sft": 0.0}, "dutch": {"unknown": 0.07360268279108878, "alternate": 0.2783950892001428, "roll-out": 0.1409580617012257, "sfT": 0.0002602654783188188, "sfb": 0.060010871799160474, "oneh-in": 0.004540220546617393,