{"english-450k": {"bad-redirect": 0.019286955921793882, "dsfb-red": 0.021902869728778737, "sft": 0.0, "oneh-out": 0.016557904135003135, "roll-out": 0.21386937153167776, "sfb": 0.04065307802544698, "redirect": 0.10639969221791953, "oneh-in": 0.010508676542900927, "roll-in": 0.16844724992852136, "alternate": 0.2356544257414338, "sfR": 0.11369548401129392, "sfT": 0.0005417175105434657, "dsfb": 0.0, "unknown": 0.0001543587941537776, "dsfb-alt": 0.05232821591053271}, "shai": {"bad-redirect": 0.02129413775497092, "dsfb-red": 0.01821772009389302, "sft": 0.0, "oneh-out": 0.014445008147984616, "roll-out": 0.20368921948716773, "sfb": 0.028146510764535785, "redirect": 0.08143743422240236, "oneh-in": 0.004148493807191096, "roll-in": 0.15765879203612299, "alternate": 0.25268377629904076, "sfR": 0.09823378925716947, "sfT": 0.00020537937282657194, "dsfb": 0.0, "unknown": 0.06456276146546681, "dsfb-alt": 0.055276977291227825}, "tr-quotes": {"bad-redirect": 0.02083285176024595, "dsfb-red": 0.017440650932710754, "sft": 0.0, "oneh-out": 0.013416240956057418, "roll-out": 0.19915166084926378, "sfb": 0.030174984397031968, "redirect": 0.06435357481334227, "oneh-in": 0.003201497884931, "roll-in": 0.15006356764753473, "alternate": 0.25319918633411154, "sfR": 0.09677191928064538, "sfT": 0.00014216037539585308, "dsfb": 0.0, "unknown": 0.09006264302720696, "dsfb-alt": 0.06118906174152239}, "gutenberg": {"bad-redirect": 0.01920472167380275, "dsfb-red": 0.01544837980406933, "sft": 0.0, "oneh-out": 0.011919551504639496, "roll-out": 0.20198715391321448, "sfb": 0.026100788701081266, "redirect": 0.0613208744553219, "oneh-in": 0.003774906673971349, "roll-in": 0.1595307726785186, "alternate": 0.2536698639806047, "sfR": 0.09863878308844841, "sfT": 0.0001642416864722818, "dsfb": 0.0, "unknown": 0.09436925698728084, "dsfb-alt": 0.053870704852574613}, "english-200": {"bad-redirect": 0.011135857461024499, "dsfb-red": 0.022271714922048998, "sft": 0.0, "oneh-out": 0.022271714922048998, "roll-out": 0.23608017817371937, "sfb": 0.015590200445434299, "redirect": 0.07349665924276169, "oneh-in": 0.0022271714922048997, "roll-in": 0.16481069042316257, "alternate": 0.26948775055679286, "sfR": 0.10690423162583519, "sfT": 0.0, "dsfb": 0.0, "unknown": 0.0, "dsfb-alt": 0.0757238307349666}, "monkeyracer": {"bad-redirect": 0.020920007194582167, "dsfb-red": 0.017508445813848007, "sft": 0.0, "oneh-out": 0.013569021067613433, "roll-out": 0.19969950889156513, "sfb": 0.030076481536512503, "redirect": 0.06400929821543082, "oneh-in": 0.0031231915792107857, "roll-in": 0.1498946228318501, "alternate": 0.2529922032625866, "sfR": 0.09690789370786869, "sfT": 0.00014467366313715064, "dsfb": 0.0, "unknown": 0.0900202543128392, "dsfb-alt": 0.06113439792295541}, "chained-bigrams": {"bad-redirect": 0.023056809615423324, "dsfb-red": 0.021234211344781442, "sft": 0.0, "oneh-out": 0.013114006865747815, "roll-out": 0.20821902865316674, "sfb": 0.028182420854627823, "redirect": 0.05971590322503147, "oneh-in": 0.009424008300711183, "roll-in": 0.13887718336819016, "alternate": 0.26810634831690483, "sfR": 0.11914286586209158, "sfT": 0.00023634690791366067, "dsfb": 0.0, "unknown": 0.05987563217928082, "dsfb-alt": 0.05081523450612911}, "english-5k": {"bad-redirect": 0.020035674285477246, "dsfb-red": 0.019620857012486, "sft": 0.0, "oneh-out": 0.016219355373957772, "roll-out": 0.21267681586261253, "sfb": 0.03451279711287178, "redirect": 0.1215829427137346, "oneh-in": 0.006471149458663459, "roll-in": 0.17194175965487202, "alternate": 0.23014062305554403, "sfR": 0.10644211224955408, "sfT": 0.0003733355456921226, "dsfb": 0.0, "unknown": 0.0022400132741527356, "dsfb-alt": 0.057742564400381634}, "mt-quotes": {"bad-redirect": 0.020929704402290195, "dsfb-red": 0.017532063924648282, "sft": 0.0, "oneh-out": 0.01364733866437169, "roll-out": 0.20021873991465558, "sfb": 0.030129032643645186, "redirect": 0.06147727136897718, "oneh-in": 0.002946414697409785, "roll-in": 0.15022680819019615, "alternate": 0.2581683819222816, "sfR": 0.0964592223377679, "sfT": 0.0001389536343098935, "dsfb": 0.0, "unknown": 0.0857358864943044, "dsfb-alt": 0.06239018180514218}, "wordle": {"bad-redirect": 0.01848984629193313, "dsfb-red": 0.02618646920228879, "sft": 0.0, "oneh-out": 0.014899584876023785, "roll-out": 0.22073375967687647, "sfb": 0.0492314596656569, "redirect": 0.08713115673734993, "oneh-in": 0.009042970941321666, "roll-in": 0.17399304386850667, "alternate": 0.21377762818355212, "sfR": 0.13138112868843263, "sfT": 0.0008526870862784697, "dsfb": 0.0, "unknown": 0.0, "dsfb-alt": 0.05428026478177942}, "english-1k": {"bad-redirect": 0.02399435426958363, "dsfb-red": 0.019054340155257588, "sft": 0.0, "oneh-out": 0.01799576570218772, "roll-out": 0.22653493295695132, "sfb": 0.02893436838390967, "redirect": 0.10232886379675371, "oneh-in": 0.005998588567395907, "roll-in": 0.17219477769936486, "alternate": 0.2268877911079746, "sfR": 0.10832745236414962, "sfT": 0.0, "dsfb": 0.0, "unknown": 0.0, "dsfb-alt": 0.06774876499647142}, "english-10k": {"bad-redirect": 0.01970243723586963, "dsfb-red": 0.019084926960112696, "sft": 0.0, "oneh-out": 0.015495648482275526, "roll-out": 0.21969857779664614, "sfb": 0.03417533432392273, "redirect": 0.1160340402539511, "oneh-in": 0.006541749483800004, "roll-in": 0.1737905482333417, "alternate": 0.23507844310221726, "sfR": 0.10567144593890508, "sfT": 0.00025086354952625386, "dsfb": 0.0, "unknown": 0.0, "dsfb-alt": 0.05447598463943189}, "reddit": {"bad-redirect": 0.018072302921097644, "dsfb-red": 0.019735486984766258, "sft": 0.0, "oneh-out": 0.014325325500239072, "roll-out": 0.19328632053394793, "sfb": 0.03266117878104962, "redirect": 0.06479372108872969, "oneh-in": 0.0030733433007510023, "roll-in": 0.14553707094640086, "alternate": 0.24596432893077627, "sfR": 0.10397777127267367, "sfT": 0.0002884220821190108, "dsfb": 0.0, "unknown": 0.10396709590989395, "dsfb-alt": 0.054317631747555016}, "akl": {"bad-redirect": 0.013699352411275434, "dsfb-red": 0.018079293761851772, "sft": 0.0, "oneh-out": 0.011285469090999655, "roll-out": 0.16545055436817682, "sfb": 0.03287017862336307, "redirect": 0.05623176007593931, "oneh-in": 0.0035286162089826316, "roll-in": 0.13153428057503386, "alternate": 0.21270031039913576, "sfR": 0.13064861186637447, "sfT": 0.0007313697328858654, "dsfb": 0.0, "unknown": 0.17107002670620014, "dsfb-alt": 0.05217017617978121}, "french": {"bad-redirect": 0.027487358586989714, "dsfb-red": 0.014248776991336138, "sft": 0.0, "oneh-out": 0.02067594069427307, "roll-out": 0.15264771856640647, "sfb": 0.022305200632059787, "redirect": 0.08404710931197211, "oneh-in": 0.017136960804949003, "roll-in": 0.12265592097308, "alternate": 0.1790284586461485, "sfR": 0.10898279115633469, "sfT": 0.00015217053203339518, "dsfb": 0.0, "unknown": 0.21023212216107084, "dsfb-alt": 0.04039947094334628}, "keymash": {"bad-redirect": 0.020639292648586077, "dsfb-red": 0.018069643245639602, "sft": 0.0, "oneh-out": 0.013644592037370748, "roll-out": 0.20195145579258905, "sfb": 0.028992705643787482, "redirect": 0.06555479387389014, "oneh-in": 0.003472721078103385, "roll-in": 0.15006588318357394, "alternate": 0.25140694462118196, "sfR": 0.099723742164827, "sfT": 0.00014367049377496274, "dsfb": 0.0, "unknown": 0.0849421007910087, "dsfb-alt": 0.06139245442566694}, "movie": {"bad-redirect": 0.017203917035985034, "dsfb-red": 0.018857838671314527, "sft": 0.0, "oneh-out": 0.012606283349359758, "roll-out": 0.18324117317367533, "sfb": 0.027543427615727468, "redirect": 0.052935888559791935, "oneh-in": 0.002784741862285757, "roll-in": 0.13634996813358338, "alternate": 0.22428969737629442, "sfR": 0.11567713207251198, "sfT": 8.435421453263883e-05, "dsfb": 0.0, "unknown": 0.15450046842250645, "dsfb-alt": 0.053925109512431325}, "dutch": {"bad-redirect": 0.010400273064479243, "dsfb-red": 0.023338004544308767, "sft": 0.0, "oneh-out": 0.01558187812087715, "roll-out": 0.18686899966143075, "sfb": 0.05240762332737517, "redirect": 0.06463425536943909, "oneh-in": 0.008245816413985316,