{"english-450k": {"sfR": 0.11369548401129392, "sfb": 0.09071824199366077, "roll-out": 0.19172560853323478, "sft": 0.0, "sfT": 0.002341693070401058, "redirect": 0.05009790674273125, "bad-redirect": 0.03357917699866866, "roll-in": 0.20350365228108971, "dsfb-red": 0.017155752116147976, "alternate": 0.20058369842501408, "unknown": 0.025814754245013012, "dsfb-alt": 0.025499605040282383, "dsfb": 0.0, "oneh-out": 0.019241642260631315, "oneh-in": 0.026042784281831093}, "shai": {"sfR": 0.09823378925716947, "sfb": 0.07258843342262108, "roll-out": 0.19090638549333624, "sft": 0.0, "sfT": 0.0002683470536745197, "redirect": 0.04072116320956592, "bad-redirect": 0.034901109506869664, "roll-in": 0.18987016094398343, "dsfb-red": 0.011337561419517327, "alternate": 0.20970840959328815, "unknown": 0.07767536977111641, "dsfb-alt": 0.022998212954846574, "dsfb": 0.0, "oneh-out": 0.02438199247406749, "oneh-in": 0.02640906489994374}, "tr-quotes": {"sfR": 0.09677191928064538, "sfb": 0.06785904163103026, "roll-out": 0.19211414437946417, "sft": 0.0, "sfT": 0.0002149742262083632, "redirect": 0.03649823166362313, "bad-redirect": 0.03029634081505282, "roll-in": 0.17449203670742702, "dsfb-red": 0.010051778738355563, "alternate": 0.2177781373523497, "unknown": 0.09949377037054159, "dsfb-alt": 0.023392894292781026, "dsfb": 0.0, "oneh-out": 0.02987448279050415, "oneh-in": 0.02116224775201683}, "gutenberg": {"sfR": 0.09863878308844841, "sfb": 0.06003838746868136, "roll-out": 0.20546388709871133, "sft": 0.0, "sfT": 0.00010760008986880745, "redirect": 0.035677007262627194, "bad-redirect": 0.027547896247749965, "roll-in": 0.1683789857024486, "dsfb-red": 0.009910195601050692, "alternate": 0.22522214303764904, "unknown": 0.10216022335353867, "dsfb-alt": 0.02172707237204777, "dsfb": 0.0, "oneh-out": 0.023538087969135445, "oneh-in": 0.02158973070804269}, "english-200": {"sfR": 0.10690423162583519, "sfb": 0.066815144766147, "roll-out": 0.24944320712694878, "sft": 0.0, "sfT": 0.0, "redirect": 0.051224944320712694, "bad-redirect": 0.024498886414253896, "roll-in": 0.1714922048997773, "dsfb-red": 0.008908685968819599, "alternate": 0.23608017817371937, "unknown": 0.0, "dsfb-alt": 0.015590200445434299, "dsfb": 0.0, "oneh-out": 0.0378619153674833, "oneh-in": 0.031180400890868598}, "monkeyracer": {"sfR": 0.09690789370786869, "sfb": 0.06785194801132365, "roll-out": 0.19258215118006788, "sft": 0.0, "sfT": 0.00020234762344182555, "redirect": 0.036601459248948184, "bad-redirect": 0.03028273925895804, "roll-in": 0.17409227051628948, "dsfb-red": 0.010013763548493048, "alternate": 0.21741421242785866, "unknown": 0.0993106495456465, "dsfb-alt": 0.02349773996277586, "dsfb": 0.0, "oneh-out": 0.030269053912445065, "oneh-in": 0.020973771055883134}, "chained-bigrams": {"sfR": 0.11914286586209158, "sfb": 0.0686503357879215, "roll-out": 0.19512515023287313, "sft": 0.0, "sfT": 0.0004571105032176294, "redirect": 0.04110618144559898, "bad-redirect": 0.030329671471304952, "roll-in": 0.17743354528802832, "dsfb-red": 0.014968421066301151, "alternate": 0.2148627142624321, "unknown": 0.07268901097259999, "dsfb-alt": 0.028230469401841037, "dsfb": 0.0, "oneh-out": 0.016642977867150962, "oneh-in": 0.020361545838638695}, "english-5k": {"sfR": 0.10644211224955408, "sfb": 0.07860787323184137, "roll-out": 0.18919815821130792, "sft": 0.0, "sfT": 0.00045629900029037207, "redirect": 0.04716472393910483, "bad-redirect": 0.04185506284481686, "roll-in": 0.2225079852325051, "dsfb-red": 0.015431202555274401, "alternate": 0.19077446384867466, "unknown": 0.022109760650433484, "dsfb-alt": 0.026257933380345957, "dsfb": 0.0, "oneh-out": 0.020989754013357117, "oneh-in": 0.03820467084249388}, "mt-quotes": {"sfR": 0.0964592223377679, "sfb": 0.06710564062107792, "roll-out": 0.19459335891275506, "sft": 0.0, "sfT": 0.00015090663511074456, "redirect": 0.03651044094619954, "bad-redirect": 0.029885490252327847, "roll-in": 0.17488286059215166, "dsfb-red": 0.00970434252519095, "alternate": 0.22139945733376365, "unknown": 0.09402678667479471, "dsfb-alt": 0.023711765338688278, "dsfb": 0.0, "oneh-out": 0.03142443910543742, "oneh-in": 0.020145288724734346}, "wordle": {"sfR": 0.13138112868843263, "sfb": 0.09085605295635589, "roll-out": 0.1969707169303265, "sft": 0.0, "sfT": 0.0009424436216762033, "redirect": 0.05125098171210591, "bad-redirect": 0.025894760462246157, "roll-in": 0.18673847189498485, "dsfb-red": 0.020083024795242904, "alternate": 0.18920677661842253, "unknown": 0.03668798384382363, "dsfb-alt": 0.02993380455514417, "dsfb": 0.0, "oneh-out": 0.019432289913609336, "oneh-in": 0.020621564007629305}, "english-1k": {"sfR": 0.10832745236414962, "sfb": 0.07621736062103035, "roll-out": 0.21877205363443897, "sft": 0.0, "sfT": 0.0, "redirect": 0.04940014114326041, "bad-redirect": 0.04516584333098095, "roll-in": 0.18101623147494708, "dsfb-red": 0.01587861679604799, "alternate": 0.20712773465067044, "unknown": 0.015172900494001412, "dsfb-alt": 0.024347212420606917, "dsfb": 0.0, "oneh-out": 0.02611150317572336, "oneh-in": 0.032462949894142556}, "english-10k": {"sfR": 0.10567144593890508, "sfb": 0.08286216012813338, "roll-out": 0.18890025279326914, "sft": 0.0, "sfT": 0.00046313270681769936, "redirect": 0.04864823141197584, "bad-redirect": 0.040601300631018314, "roll-in": 0.22535265625904555, "dsfb-red": 0.014472897088053107, "alternate": 0.19474730321684258, "unknown": 0.020107678354335114, "dsfb-alt": 0.02549159607109087, "dsfb": 0.0, "oneh-out": 0.01993400358927848, "oneh-in": 0.03274734181123483}, "reddit": {"sfR": 0.10397777127267367, "sfb": 0.06721399438925407, "roll-out": 0.18702812321316434, "sft": 0.0, "sfT": 0.00026044139441214057, "redirect": 0.037354480290564644, "bad-redirect": 0.02825603715176077, "roll-in": 0.17535658052772626, "dsfb-red": 0.011335999177435205, "alternate": 0.20389984112438164, "unknown": 0.11505999647525741, "dsfb-alt": 0.02230525282162012, "dsfb": 0.0, "oneh-out": 0.025446843529334868, "oneh-in": 0.02250463863241486}, "akl": {"sfR": 0.13064861186637447, "sfb": 0.06465623707715193, "roll-out": 0.16904832715573273, "sft": 0.0, "sfT": 0.00037612382837476875, "redirect": 0.03341332584264722, "bad-redirect": 0.02039548322300689, "roll-in": 0.15287028338359643, "dsfb-red": 0.009499232989550932, "alternate": 0.17414538195272236, "unknown": 0.18371120193021717, "dsfb-alt": 0.01977892971757012, "dsfb": 0.0, "oneh-out": 0.02188994725001052, "oneh-in": 0.01956691378304447}, "french": {"sfR": 0.10898279115633469, "sfb": 0.054864375934595165, "roll-out": 0.14049678847066038, "sft": 0.0, "sfT": 0.0004483764578808163, "redirect": 0.03980236977625059, "bad-redirect": 0.04484181073914053, "roll-in": 0.15189705355631164, "dsfb-red": 0.013564166906488444, "alternate": 0.14302341557958073, "unknown": 0.24208733084362147, "dsfb-alt": 0.01888833770705631, "dsfb": 0.0, "oneh-out": 0.02101520442351362, "oneh-in": 0.020087978448565618}, "keymash": {"sfR": 0.099723742164827, "sfb": 0.06843230862064012, "roll-out": 0.1939182227549433, "sft": 0.0, "sfT": 0.0001888240775328082, "redirect": 0.037009519196430404, "bad-redirect": 0.029202054077573855, "roll-in": 0.17302032321756228, "dsfb-red": 0.010660350638102237, "alternate": 0.21920833453058744, "unknown": 0.0945392897751762, "dsfb-alt": 0.023795938640384543, "dsfb": 0.0, "oneh-out": 0.02963717043014946, "oneh-in": 0.020663921876090355}, "movie": {"sfR": 0.11567713207251198, "sfb": 0.058379433152838126, "roll-out": 0.1798184449899321, "sft": 0.0, "sfT": 0.00010935780386368622, "redirect": 0.0328773512092328, "bad-redirect": 0.024493121315178272, "roll-in": 0.14773791869332822, "dsfb-red": 0.007829808200098199, "alternate": 0.19448173415420555, "unknown": 0.1618173082478024, "dsfb-alt": 0.023497057274932495, "dsfb": 0.0, "oneh-out": 0.03737325976663229, "oneh-in": 0.015908073119443856}, "dutch": {"sfR": 0.18880787437283908, "sfb": 0.060393012885893556, "roll-out": 0.1704098215710252, "sft": 0.0, "sfT": 0.0003703784857150204, "redirect": 0.051917144381875134, "bad-redirect": 0.03014064305350811,