{"english-450k": {"sfb": 0.02489532544271447, "roll-in": 0.2384381462678207, "oneh-in": 0.008427756283835418, "alternate": 0.3740864912082727, "sft": 0.0, "oneh-out": 0.004265038727101253, "sfR": 0.11369548401129392, "bad-redirect": 0.002418872467477947, "redirect": 0.028364305464359783, "dsfb": 0.0, "dsfb-alt": 0.04108838151880868, "unknown": 0.00015377410175167997, "sfT": 0.0001432496385139224, "roll-out": 0.15320022615902112, "dsfb-red": 0.010822948709028411}, "shai": {"sfb": 0.015164791943852445, "roll-in": 0.26228248302516105, "oneh-in": 0.007062981304686941, "alternate": 0.3475543660843198, "sft": 0.0, "oneh-out": 0.013305563666212229, "sfR": 0.09823378925716947, "bad-redirect": 0.0028099709781266168, "redirect": 0.026187096954979096, "dsfb": 0.0, "dsfb-alt": 0.03243771815559229, "unknown": 0.023260762136131256, "sfT": 3.9044684024469656e-05, "roll-out": 0.16415494810091424, "dsfb-red": 0.007506483708830075}, "tr-quotes": {"sfb": 0.012253530893876702, "roll-in": 0.263359607960981, "oneh-in": 0.006322091491181433, "alternate": 0.34814613624280527, "sft": 0.0, "oneh-out": 0.023552391299322715, "sfR": 0.09677191928064538, "bad-redirect": 0.0022815006587919837, "redirect": 0.026681075333441207, "dsfb": 0.0, "dsfb-alt": 0.03301356880331014, "unknown": 0.013835787429786644, "sfT": 2.3115508194447656e-05, "roll-out": 0.16601442407711334, "dsfb-red": 0.007744851020549687}, "gutenberg": {"sfb": 0.01377034882509416, "roll-in": 0.2727056080484867, "oneh-in": 0.006187384041012304, "alternate": 0.3234661398808746, "sft": 0.0, "oneh-out": 0.0137237473777214, "sfR": 0.09863878308844841, "bad-redirect": 0.002472528825647315, "redirect": 0.023001224140459034, "dsfb": 0.0, "dsfb-alt": 0.03592024408549964, "unknown": 0.032975828246008664, "sfT": 0.00015855858313414055, "roll-out": 0.171465857998949, "dsfb-red": 0.00551374685866463}, "english-200": {"sfb": 0.0022271714922048997, "roll-in": 0.2962138084632517, "oneh-in": 0.008908685968819599, "alternate": 0.3518930957683742, "sft": 0.0, "oneh-out": 0.017817371937639197, "sfR": 0.10690423162583519, "bad-redirect": 0.0022271714922048997, "redirect": 0.026726057906458798, "dsfb": 0.0, "dsfb-alt": 0.026726057906458798, "unknown": 0.0, "sfT": 0.0, "roll-out": 0.15812917594654788, "dsfb-red": 0.0022271714922048997}, "monkeyracer": {"sfb": 0.012121306911490999, "roll-in": 0.2629131019597416, "oneh-in": 0.006393011871060575, "alternate": 0.3480398673694418, "sft": 0.0, "oneh-out": 0.024129220951874503, "sfR": 0.09690789370786869, "bad-redirect": 0.002248306927131395, "redirect": 0.02669229084880429, "dsfb": 0.0, "dsfb-alt": 0.0329875502447722, "unknown": 0.013436077701487402, "sfT": 2.248306927131395e-05, "roll-out": 0.1664099034987566, "dsfb-red": 0.0076989849382986374}, "chained-bigrams": {"sfb": 0.015911860783879583, "roll-in": 0.2275605168205627, "oneh-in": 0.013914599551070736, "alternate": 0.35097256103301777, "sft": 0.0, "oneh-out": 0.005780759673503629, "sfR": 0.11914286586209158, "bad-redirect": 0.004795115150940615, "redirect": 0.03001216147688248, "dsfb": 0.0, "dsfb-alt": 0.04513771427866469, "unknown": 0.022916559801936097, "sfT": 5.32429847497807e-05, "roll-out": 0.15026403975303046, "dsfb-red": 0.013538002829669849}, "english-5k": {"sfb": 0.01920603973949475, "roll-in": 0.2609615464387937, "oneh-in": 0.008794126187414444, "alternate": 0.3679014394159373, "sft": 0.0, "oneh-out": 0.005185215912390592, "sfR": 0.10644211224955408, "bad-redirect": 0.0014518604554693657, "redirect": 0.02696312274443108, "dsfb": 0.0, "dsfb-alt": 0.036586883477828014, "unknown": 0.002157049819554486, "sfT": 0.0, "roll-out": 0.15539055046252126, "dsfb-red": 0.008960053096610942}, "mt-quotes": {"sfb": 0.011001243112083288, "roll-in": 0.26563153679731294, "oneh-in": 0.006305207922448931, "alternate": 0.3503693477247463, "sft": 0.0, "oneh-out": 0.025929046987246147, "sfR": 0.0964592223377679, "bad-redirect": 0.0022606112764609557, "redirect": 0.026598415032093807, "dsfb": 0.0, "dsfb-alt": 0.03310981221835742, "unknown": 0.007977133909467972, "sfT": 1.0458875700744673e-05, "roll-out": 0.16675930242287326, "dsfb-red": 0.0075886613834403125}, "wordle": {"sfb": 0.03150454392460451, "roll-in": 0.20267025692808258, "oneh-in": 0.002782452597329743, "alternate": 0.33829238191405814, "sft": 0.0, "oneh-out": 0.009334679681364299, "sfR": 0.13138112868843263, "bad-redirect": 0.003388309211264445, "redirect": 0.029866487153595873, "dsfb": 0.0, "dsfb-alt": 0.048625603051722206, "unknown": 0.0, "sfT": 0.0002468304723437675, "roll-out": 0.18756871984741388, "dsfb-red": 0.01433860652978795}, "english-1k": {"sfb": 0.012702893436838392, "roll-in": 0.28757939308398023, "oneh-in": 0.010232886379675371, "alternate": 0.33380381086803107, "sft": 0.0, "oneh-out": 0.007410021171489062, "sfR": 0.10832745236414962, "bad-redirect": 0.00035285815102328866, "redirect": 0.028228652081863093, "dsfb": 0.0, "dsfb-alt": 0.030345800988002825, "unknown": 0.0, "sfT": 0.0, "roll-out": 0.17254763585038815, "dsfb-red": 0.008468595624558928}, "english-10k": {"sfb": 0.01848671388047317, "roll-in": 0.257173732656645, "oneh-in": 0.008124119565427143, "alternate": 0.3713745392794427, "sft": 0.0, "oneh-out": 0.005924239208043071, "sfR": 0.10567144593890508, "bad-redirect": 0.0029910653981976417, "redirect": 0.027228343721657243, "dsfb": 0.0, "dsfb-alt": 0.03527527450261477, "unknown": 0.0, "sfT": 7.718878446961657e-05, "roll-out": 0.15920186796858415, "dsfb-red": 0.008471469095540418}, "reddit": {"sfb": 0.015169877797062102, "roll-in": 0.25173895104634475, "oneh-in": 0.006085968134603964, "alternate": 0.3401769900234053, "sft": 0.0, "oneh-out": 0.017978359728636022, "sfR": 0.10397777127267367, "bad-redirect": 0.002435705754788415, "redirect": 0.026109202968050513, "dsfb": 0.0, "dsfb-alt": 0.03404294529887925, "unknown": 0.039285409944231534, "sfT": 6.76106309382876e-05, "roll-out": 0.15531435478575578, "dsfb-red": 0.007616852614630454}, "akl": {"sfb": 0.02103906684525651, "roll-in": 0.2077089794319836, "oneh-in": 0.005399302894769853, "alternate": 0.29287388525784597, "sft": 0.0, "oneh-out": 0.015771529593048745, "sfR": 0.13064861186637447, "bad-redirect": 0.0028459698676460694, "redirect": 0.021079488482464756, "dsfb": 0.0, "dsfb-alt": 0.028098992391862174, "unknown": 0.13277008071454782, "sfT": 0.00020294824451621565, "roll-out": 0.1322221402204358, "dsfb-red": 0.009339004189248077}, "french": {"sfb": 0.03576052448299811, "roll-in": 0.1735123854782659, "oneh-in": 0.005536058940230001, "alternate": 0.26231251296771746, "sft": 0.0, "oneh-out": 0.010461068621868483, "sfR": 0.10898279115633469, "bad-redirect": 0.002810293236076033, "redirect": 0.01782778835270837, "dsfb": 0.0, "dsfb-alt": 0.02986556062346201, "unknown": 0.15807953387545715, "sfT": 4.518522443760164e-05, "roll-out": 0.18658299070243592, "dsfb-red": 0.00822330633800828}, "keymash": {"sfb": 0.012823617787228103, "roll-in": 0.26251883109686264, "oneh-in": 0.006502116061129742, "alternate": 0.3445834171411214, "sft": 0.0, "oneh-out": 0.02265888930393698, "sfR": 0.099723742164827, "bad-redirect": 0.0022782035441458377, "redirect": 0.026858172593416607, "dsfb": 0.0, "dsfb-alt": 0.03324535225952638, "unknown": 0.01232282349464109, "sfT": 2.462922750427933e-05, "roll-out": 0.1685911671380427, "dsfb-red": 0.007869038187617245}, "movie": {"sfb": 0.011955400439721018, "roll-in": 0.23670490066402952, "oneh-in": 0.004246267457604769, "alternate": 0.335024672620767, "sft": 0.0, "oneh-out": 0.034404149332489704, "sfR": 0.11567713207251198, "bad-redirect": 0.0018328946958043582, "redirect": 0.025346006907044156, "dsfb": 0.0, "dsfb-alt": 0.03554115465785944, "unknown": 0.030236445784519856, "sfT": 2.2634828236527112e-05, "roll-out": 0.16124380486725134, "dsfb-red": 0.007764535672160306}, "dutch": {"sfb": 0.019995901737669682, "roll-in": 0.1803261424991059, "oneh-in": 0.005017000365322002, "alternate": 0.28487430997372815, "sft": 0.0, "oneh-out": 0.004734339325003858, "sfR": 0.18880787437283908, "bad-redirect": 0.002456321571437593,