{"english-450k": {"roll-in": 0.23374394331757978, "oneh-in": 0.007127985073972359, "oneh-out": 0.004959945646994301, "redirect": 0.0301458632135513, "dsfb-alt": 0.04454099015319526, "sfT": 0.00014120321510658064, "sfb": 0.022626718922575617, "dsfb": 0.0, "roll-out": 0.15948333071196238, "unknown": 0.0, "bad-redirect": 0.0018590294924694542, "dsfb-red": 0.0109618131545266, "alternate": 0.37071369308677243, "sft": 0.0, "sfR": 0.11369548401129392}, "shai": {"roll-in": 0.2244379895486577, "oneh-in": 0.005945060166278955, "oneh-out": 0.013995622722457938, "redirect": 0.029906254054253224, "dsfb-alt": 0.03990490560382558, "sfT": 4.2032639621901315e-05, "sfb": 0.012756538436410577, "dsfb": 0.0, "roll-out": 0.20746411821405095, "unknown": 0.014930910880586122, "bad-redirect": 0.0010331011294472158, "dsfb-red": 0.007942996154671445, "alternate": 0.34340668119256895, "sft": 0.0, "sfR": 0.09823378925716947}, "tr-quotes": {"roll-in": 0.21571161091976607, "oneh-in": 0.005320034210952128, "oneh-out": 0.024130279004183908, "redirect": 0.0298201613462472, "dsfb-alt": 0.03819837729132475, "sfT": 3.5829037701393865e-05, "sfb": 0.01027368761702226, "dsfb": 0.0, "roll-out": 0.21872471741291233, "unknown": 0.0060239014354730586, "bad-redirect": 0.0008818566376181781, "dsfb-red": 0.008093895194285846, "alternate": 0.3460137306118675, "sft": 0.0, "sfR": 0.09677191928064538}, "gutenberg": {"roll-in": 0.21478000896414834, "oneh-in": 0.005062887327172092, "oneh-out": 0.015009833663142763, "redirect": 0.025724946133652192, "dsfb-alt": 0.038155408628390584, "sfT": 0.00016632549102960024, "sfb": 0.010602587024414233, "dsfb": 0.0, "roll-out": 0.236959835235468, "unknown": 0.021860246426938214, "bad-redirect": 0.0012500932976131345, "dsfb-red": 0.006033940250882492, "alternate": 0.32575510446869993, "sft": 0.0, "sfR": 0.09863878308844841}, "english-200": {"roll-in": 0.2583518930957684, "oneh-in": 0.0066815144766146995, "oneh-out": 0.017817371937639197, "redirect": 0.031180400890868598, "dsfb-alt": 0.035634743875278395, "sfT": 0.0, "sfb": 0.0, "dsfb": 0.0, "roll-out": 0.19821826280623608, "unknown": 0.0, "bad-redirect": 0.0, "dsfb-red": 0.0022271714922048997, "alternate": 0.3429844097995546, "sft": 0.0, "sfR": 0.10690423162583519}, "monkeyracer": {"roll-in": 0.2152695231243255, "oneh-in": 0.005397891674617202, "oneh-out": 0.02473821887170183, "redirect": 0.029795931932996542, "dsfb-alt": 0.03819775716721147, "sfT": 3.616841578428766e-05, "sfb": 0.010197538201667267, "dsfb": 0.0, "roll-out": 0.21910337519746, "unknown": 0.005525947416988598, "bad-redirect": 0.0008905250480942177, "dsfb-red": 0.00802645572985908, "alternate": 0.3459127735114253, "sft": 0.0, "sfR": 0.09690789370786869}, "chained-bigrams": {"roll-in": 0.18260330924629362, "oneh-in": 0.006220988254727425, "oneh-out": 0.007511156677871502, "redirect": 0.038361570512216996, "dsfb-alt": 0.04612595601999599, "sfT": 5.7138812902203675e-05, "sfb": 0.014400279460739468, "dsfb": 0.0, "roll-out": 0.19993714730580758, "unknown": 0.015181393005300274, "bad-redirect": 0.0031601659363071056, "dsfb-red": 0.014540529274226695, "alternate": 0.3527574996315196, "sft": 0.0, "sfR": 0.11914286586209158}, "english-5k": {"roll-in": 0.25834819761894884, "oneh-in": 0.008088936823329323, "oneh-out": 0.005890405276475713, "redirect": 0.028373501472601318, "dsfb-alt": 0.04061061102584312, "sfT": 0.0, "sfb": 0.014518604554693658, "dsfb": 0.0, "roll-out": 0.16240096237607335, "unknown": 0.0, "bad-redirect": 0.001410378728170241, "dsfb-red": 0.009291906915003941, "alternate": 0.36462438295930644, "sft": 0.0, "sfR": 0.10644211224955408}, "mt-quotes": {"roll-in": 0.21404537359104003, "oneh-in": 0.005335520732479889, "oneh-out": 0.02646543789818434, "redirect": 0.02953735910400306, "dsfb-alt": 0.03832879119302901, "sfT": 2.540012670180849e-05, "sfb": 0.00914255148755095, "dsfb": 0.0, "roll-out": 0.22238109752453353, "unknown": 0.002187399146555743, "bad-redirect": 0.0008277453054589354, "dsfb-red": 0.007832203774757653, "alternate": 0.34743189777793715, "sft": 0.0, "sfR": 0.0964592223377679}, "wordle": {"roll-in": 0.19984292606305396, "oneh-in": 0.0026029395265342757, "oneh-out": 0.01038931897228767, "redirect": 0.03112307864916414, "dsfb-alt": 0.05273196454616852, "sfT": 0.0001795130707954673, "sfb": 0.02802647817794233, "dsfb": 0.0, "roll-out": 0.1929316728374285, "unknown": 0.0, "bad-redirect": 0.002019522046449007, "dsfb-red": 0.014585437002131718, "alternate": 0.3341860204196118, "sft": 0.0, "sfR": 0.13138112868843263}, "english-1k": {"roll-in": 0.27522935779816515, "oneh-in": 0.008821453775582216, "oneh-out": 0.008115737473535639, "redirect": 0.029640084685956247, "dsfb-alt": 0.03387438249823571, "sfT": 0.0, "sfb": 0.01058574453069866, "dsfb": 0.0, "roll-out": 0.1866619618913197, "unknown": 0.0, "bad-redirect": 0.0, "dsfb-red": 0.008468595624558928, "alternate": 0.3302752293577982, "sft": 0.0, "sfR": 0.10832745236414962}, "english-10k": {"roll-in": 0.2552826074371394, "oneh-in": 0.007468014897435402, "oneh-out": 0.006329480326508558, "redirect": 0.03014222033538527, "dsfb-alt": 0.0419521043592366, "sfT": 7.718878446961657e-05, "sfb": 0.015013218579340421, "dsfb": 0.0, "roll-out": 0.16369811466393933, "unknown": 0.0, "bad-redirect": 0.000964859805870207, "dsfb-red": 0.008703035448949268, "alternate": 0.36469770942282087, "sft": 0.0, "sfR": 0.10567144593890508}, "reddit": {"roll-in": 0.2093701966720212, "oneh-in": 0.005262579276274081, "oneh-out": 0.018512127867622505, "redirect": 0.028841908552594983, "dsfb-alt": 0.03960604540175604, "sfT": 6.742334387197656e-05, "sfb": 0.012017649183980888, "dsfb": 0.0, "roll-out": 0.2019715334896431, "unknown": 0.0353486732677866, "bad-redirect": 0.0009814216848831432, "dsfb-red": 0.00791452667782523, "alternate": 0.33612814330906654, "sft": 0.0, "sfR": 0.10397777127267367}, "akl": {"roll-in": 0.17914185210113326, "oneh-in": 0.0048015518746114885, "oneh-out": 0.016177524912489995, "redirect": 0.023706227795741164, "dsfb-alt": 0.03238331532190312, "sfT": 0.0002243450280262038, "sfb": 0.01877424448908669, "dsfb": 0.0, "roll-out": 0.16789475391635877, "unknown": 0.124893519499845, "bad-redirect": 0.0013646749926179863, "dsfb-red": 0.009521395708729292, "alternate": 0.29046798249308253, "sft": 0.0, "sfR": 0.13064861186637447}, "french": {"roll-in": 0.17558031364268822, "oneh-in": 0.005493195900735313, "oneh-out": 0.010684447831538456, "redirect": 0.01996725479521078, "dsfb-alt": 0.03351215505759221, "sfT": 4.4660860095653346e-05, "sfb": 0.0356358306424828, "dsfb": 0.0, "roll-out": 0.18880643034884176, "unknown": 0.15004170269611514, "bad-redirect": 0.0013111056187691751, "dsfb-red": 0.008475825223252239, "alternate": 0.26146428622634355, "sft": 0.0, "sfR": 0.10898279115633469}, "keymash": {"roll-in": 0.21635955388259248, "oneh-in": 0.005414325179690739, "oneh-out": 0.02340597587156679, "redirect": 0.030068181911474347, "dsfb-alt": 0.036861743831404725, "sfT": 2.873409875499255e-05, "sfb": 0.01051257527307656, "dsfb": 0.0, "roll-out": 0.22002109903822867, "unknown": 0.004232122259485331, "bad-redirect": 0.0009482252589147541, "dsfb-red": 0.008209742501426443, "alternate": 0.3442139787285572, "sft": 0.0, "sfR": 0.099723742164827}, "movie": {"roll-in": 0.1986478585281124, "oneh-in": 0.0033311360880884347, "oneh-out": 0.03526769434928093, "redirect": 0.028720701879704047, "dsfb-alt": 0.041160513963254465, "sfT": 5.132315704793938e-05, "sfb": 0.013558920102872662, "dsfb": 0.0, "roll-out": 0.2085480955226599, "unknown": 0.0063624922998814695, "bad-redirect": 0.0007660310184001414, "dsfb-red": 0.008430157539720505, "alternate": 0.3394779434784651, "sft": 0.0, "sfR": 0.11567713207251198}, "dutch": {"roll-in": 0.17909913824961524, "oneh-in": 0.00466211408582589, "oneh-out": 0.003136544181530787, "redirect": 0.019976841303398038, "dsfb-alt": 0.04000101990357608, "sfT": 0.00027543493024150017, "sfb": 0.033365317088703175, "dsfb": 0.0, "roll-out": 0.17834988208171787, "unknown": 0.06723373640204772,