{"english-450k": {"sfR": 0.11369548401129392, "sfT": 3.800500613634676e-05, "roll-out": 0.1369273595700406, "sft": 0.0, "bad-redirect": 0.004012451609395071, "oneh-out": 0.00338536900814535, "roll-in": 0.242158544022368, "oneh-in": 0.008339760077319723, "dsfb-alt": 0.04944539002199028, "dsfb": 0.0, "redirect": 0.019750324650456265, "dsfb-red": 0.005481491269665398, "alternate": 0.39228738099317023, "unknown": 0.00015377410175167997, "sfb": 0.024324665658267172}, "shai": {"sfR": 0.09823378925716947, "sfT": 3.145094194913168e-05, "roll-out": 0.19408257842299728, "sft": 0.0, "bad-redirect": 0.0020960663332335286, "oneh-out": 0.010926349836034, "roll-in": 0.23437792312624994, "oneh-in": 0.005877358975462537, "dsfb-alt": 0.04289937122886718, "dsfb": 0.0, "redirect": 0.021201882690695815, "dsfb-red": 0.004939133177051387, "alternate": 0.3492461411250133, "unknown": 0.023260762136131256, "sfb": 0.012827192749145181}, "tr-quotes": {"sfR": 0.09677191928064538, "sfT": 1.3869304916668594e-05, "roll-out": 0.20944037354661243, "sft": 0.0, "bad-redirect": 0.0013811516146182473, "oneh-out": 0.020497676891426456, "roll-in": 0.22504103002704515, "oneh-in": 0.004093756501236679, "dsfb-alt": 0.03740320380943575, "dsfb": 0.0, "redirect": 0.02271560990268371, "dsfb-red": 0.00579159057811886, "alternate": 0.3532384826980421, "unknown": 0.013835787429786644, "sfb": 0.009775548415431913}, "gutenberg": {"sfR": 0.09863878308844841, "sfT": 1.7049310014423717e-06, "roll-out": 0.2294702627829096, "sft": 0.0, "bad-redirect": 0.0019087649745037042, "oneh-out": 0.011764971093842055, "roll-in": 0.22154650123531722, "oneh-in": 0.004996016144559963, "dsfb-alt": 0.038271722810044546, "dsfb": 0.0, "redirect": 0.01970275096300186, "dsfb-red": 0.004558985497856901, "alternate": 0.3263247408599596, "unknown": 0.032975828246008664, "sfb": 0.00983896737254599}, "english-200": {"sfR": 0.10690423162583519, "sfT": 0.0, "roll-out": 0.20489977728285078, "sft": 0.0, "bad-redirect": 0.0, "oneh-out": 0.008908685968819599, "roll-in": 0.26948775055679286, "oneh-in": 0.004454342984409799, "dsfb-alt": 0.0378619153674833, "dsfb": 0.0, "redirect": 0.0200445434298441, "dsfb-red": 0.004454342984409799, "alternate": 0.34075723830734966, "unknown": 0.0, "sfb": 0.0022271714922048997}, "monkeyracer": {"sfR": 0.09690789370786869, "sfT": 1.8572970267607176e-05, "roll-out": 0.21000848491483803, "sft": 0.0, "bad-redirect": 0.0013695121760482975, "oneh-out": 0.02106956848147395, "roll-in": 0.22464887310946713, "oneh-in": 0.0041026713796393326, "dsfb-alt": 0.037203614495519025, "dsfb": 0.0, "redirect": 0.022707899964027087, "dsfb-red": 0.005752733159203591, "alternate": 0.3531620970642977, "unknown": 0.013436077701487402, "sfb": 0.009612000875862177}, "chained-bigrams": {"sfR": 0.11914286586209158, "sfT": 2.9218711143172335e-05, "roll-out": 0.18127483184631737, "sft": 0.0, "bad-redirect": 0.004784726275867487, "oneh-out": 0.006041130855023898, "roll-in": 0.19756978239851855, "oneh-in": 0.008605235084010288, "dsfb-alt": 0.05064251945803836, "dsfb": 0.0, "redirect": 0.03174061056717414, "dsfb-red": 0.010381083416823094, "alternate": 0.352171826799272, "unknown": 0.022916559801936097, "sfb": 0.014699608923783965}, "english-5k": {"sfR": 0.10644211224955408, "sfT": 4.148172729912474e-05, "roll-out": 0.13838304226988013, "sft": 0.0, "bad-redirect": 0.0026133488198448584, "oneh-out": 0.0035259468204256023, "roll-in": 0.2752312606296926, "oneh-in": 0.008918571369311817, "dsfb-alt": 0.04571286348363546, "dsfb": 0.0, "redirect": 0.01821047828431576, "dsfb-red": 0.004106691002613349, "alternate": 0.3788526154229062, "unknown": 0.002157049819554486, "sfb": 0.015804538100966523}, "mt-quotes": {"sfR": 0.0964592223377679, "sfT": 1.6435376101170198e-05, "roll-out": 0.21500908428060864, "sft": 0.0, "bad-redirect": 0.0012535709589892542, "oneh-out": 0.02274058402361913, "roll-in": 0.22347778534801163, "oneh-in": 0.003839901507273401, "dsfb-alt": 0.036730077335915184, "dsfb": 0.0, "redirect": 0.022900455409330514, "dsfb-red": 0.005879382268918612, "alternate": 0.35513859504428585, "unknown": 0.007977133909467972, "sfb": 0.008577772199710737}, "wordle": {"sfR": 0.13138112868843263, "sfT": 0.0, "roll-out": 0.1778974531583081, "sft": 0.0, "bad-redirect": 0.003590261415909346, "oneh-out": 0.008437114327386962, "roll-in": 0.210613710310782, "oneh-in": 0.003388309211264445, "dsfb-alt": 0.05468416919106923, "dsfb": 0.0, "redirect": 0.026298664871535957, "dsfb-red": 0.010546392909233704, "alternate": 0.34657242230449903, "unknown": 0.0, "sfb": 0.026590373611578594}, "english-1k": {"sfR": 0.10832745236414962, "sfT": 0.00035285815102328866, "roll-out": 0.17043048694424842, "sft": 0.0, "bad-redirect": 0.0014114326040931546, "oneh-out": 0.004940014114326041, "roll-in": 0.28087508821453777, "oneh-in": 0.009174311926605505, "dsfb-alt": 0.03599153140437544, "dsfb": 0.0, "redirect": 0.019054340155257588, "dsfb-red": 0.0045871559633027525, "alternate": 0.3539167254763585, "unknown": 0.0, "sfb": 0.010938602681721948}, "english-10k": {"sfR": 0.10567144593890508, "sfT": 1.929719611740414e-05, "roll-out": 0.13901700082977944, "sft": 0.0, "bad-redirect": 0.0023928523185581135, "oneh-out": 0.004419057910885548, "roll-in": 0.2725921923544509, "oneh-in": 0.008567955076127438, "dsfb-alt": 0.04772196599834044, "dsfb": 0.0, "redirect": 0.021226915729144556, "dsfb-red": 0.005287431736168735, "alternate": 0.37635321587773296, "unknown": 0.0, "sfb": 0.01673066903378939}, "reddit": {"sfR": 0.10397777127267367, "sfT": 5.6223577306576005e-05, "roll-out": 0.1942526468812864, "sft": 0.0, "bad-redirect": 0.0016056120194845973, "oneh-out": 0.01485718331114918, "roll-in": 0.22032476701020734, "oneh-in": 0.003980149818415825, "dsfb-alt": 0.03953053125661943, "dsfb": 0.0, "redirect": 0.02213489650610359, "dsfb-red": 0.005918121465776005, "alternate": 0.34208353490103843, "unknown": 0.039285409944231534, "sfb": 0.011993152035707402}, "akl": {"sfR": 0.13064861186637447, "sfT": 0.00020218230884784424, "roll-out": 0.1581602057234024, "sft": 0.0, "bad-redirect": 0.0016107132953806444, "oneh-out": 0.013927131796008204, "roll-in": 0.1886138820206559, "oneh-in": 0.004501675706642982, "dsfb-alt": 0.03250539558440064, "dsfb": 0.0, "redirect": 0.019464426649095937, "dsfb-red": 0.0076390223270988555, "alternate": 0.2949269881707166, "unknown": 0.13277008071454782, "sfb": 0.015029683836827734}, "french": {"sfR": 0.10898279115633469, "sfT": 2.175362927168355e-05, "roll-out": 0.1681530822667875, "sft": 0.0, "bad-redirect": 0.0022626321355068923, "oneh-out": 0.0052160468732581275, "roll-in": 0.1924515565628145, "oneh-in": 0.006297435964738925, "dsfb-alt": 0.03834644970807364, "dsfb": 0.0, "redirect": 0.014899228484765485, "dsfb-red": 0.004862475488401563, "alternate": 0.26579875678607984, "unknown": 0.15807953387545715, "sfb": 0.034628257068509985}, "keymash": {"sfR": 0.099723742164827, "sfT": 1.2314613752139664e-05, "roll-out": 0.21151580580675086, "sft": 0.0, "bad-redirect": 0.001502382877761039, "oneh-out": 0.019695172260922038, "roll-in": 0.22579665288798217, "oneh-in": 0.00452356811828597, "dsfb-alt": 0.037518523231518844, "dsfb": 0.0, "redirect": 0.02308990078526187, "dsfb-red": 0.005689351553488525, "alternate": 0.34907414628940164, "unknown": 0.01232282349464109, "sfb": 0.009535615915406814}, "movie": {"sfR": 0.11567713207251198, "sfT": 1.7765708208902093e-05, "roll-out": 0.19834018278150192, "sft": 0.0, "bad-redirect": 0.0009992223883718045, "oneh-out": 0.03140358701492543, "roll-in": 0.2026465904513398, "oneh-in": 0.0029385797355909907, "dsfb-alt": 0.03729403786780444, "dsfb": 0.0, "redirect": 0.02275918819398943, "dsfb-red": 0.006469218146973467, "alternate": 0.34075825885005334, "unknown": 0.030236445784519856, "sfb": 0.010459791004208631}, "dutch": {"sfR": 0.18880787437283908, "sfT": 1.7159770082749538e-05, "roll-out": 0.17010765182657953, "sft": 0.0, "bad-redirect": 0.001970307393702038, "oneh-out": 0.0033069584499387824, "roll-in": 0.1843150449153844,