{"english-450k": {"sfb": 0.03289157873380183, "oneh-out": 0.005145000792258205, "sfT": 0.0005247614308826342, "sft": 0.0, "bad-redirect": 0.002950065514783655, "oneh-in": 0.003183650129421663, "sfR": 0.11369548401129392, "redirect": 0.0240320271110173, "unknown": 0.00015377410175167997, "dsfb-red": 0.007823184340066456, "dsfb-alt": 0.0534204213176511, "alternate": 0.3699193884585228, "roll-out": 0.19326656535896314, "dsfb": 0.0, "roll-in": 0.19299409869958564}, "shai": {"sfb": 0.018931543460201206, "oneh-out": 0.012346855664405213, "sfT": 0.00011564007427469314, "sft": 0.0, "bad-redirect": 0.0030222396786260233, "oneh-in": 0.0044567060715567375, "sfR": 0.09823378925716947, "redirect": 0.024369916798596, "unknown": 0.023260762136131256, "dsfb-red": 0.009558686699076955, "dsfb-alt": 0.04603067128679946, "alternate": 0.33069194317125195, "roll-out": 0.23582036643172768, "dsfb": 0.0, "roll-in": 0.19316087927018333}, "tr-quotes": {"sfb": 0.018062458103141398, "oneh-out": 0.02195279813226694, "sfT": 4.160791475000578e-05, "sft": 0.0, "bad-redirect": 0.0020769284112711218, "oneh-in": 0.004027877302882504, "sfR": 0.09677191928064538, "redirect": 0.025743741476156354, "unknown": 0.013835787429786644, "dsfb-red": 0.01159820623656411, "dsfb-alt": 0.04474815653822149, "alternate": 0.3299969949839347, "roll-out": 0.2561521925059522, "dsfb": 0.0, "roll-in": 0.17499133168442707}, "gutenberg": {"sfb": 0.018554385215141453, "oneh-out": 0.015640279260120564, "sfT": 3.315143613915723e-05, "sft": 0.0, "bad-redirect": 0.00220030817575035, "oneh-in": 0.004614490473792748, "sfR": 0.09863878308844841, "redirect": 0.02704816202754941, "unknown": 0.032975828246008664, "dsfb-red": 0.011873328930822614, "dsfb-alt": 0.04060312123612802, "alternate": 0.31129046985246284, "roll-out": 0.27478372950246704, "dsfb": 0.0, "roll-in": 0.16174396255516874}, "english-200": {"sfb": 0.011135857461024499, "oneh-out": 0.008908685968819599, "sfT": 0.0, "sft": 0.0, "bad-redirect": 0.0, "oneh-in": 0.004454342984409799, "sfR": 0.10690423162583519, "redirect": 0.024498886414253896, "unknown": 0.0, "dsfb-red": 0.004454342984409799, "dsfb-alt": 0.0467706013363029, "alternate": 0.34966592427616927, "roll-out": 0.2828507795100223, "dsfb": 0.0, "roll-in": 0.1603563474387528}, "monkeyracer": {"sfb": 0.017921938783489997, "oneh-out": 0.022443968281276882, "sfT": 4.007851478799443e-05, "sft": 0.0, "bad-redirect": 0.002070397422462737, "oneh-in": 0.004013716627305004, "sfR": 0.09690789370786869, "redirect": 0.025691305503855358, "unknown": 0.013436077701487402, "dsfb-red": 0.011678488199321206, "dsfb-alt": 0.044812667156732405, "alternate": 0.32957442482443655, "roll-out": 0.25645948355412357, "dsfb": 0.0, "roll-in": 0.17494955972285217}, "chained-bigrams": {"sfb": 0.02066087530168319, "oneh-out": 0.006757313930377655, "sfT": 0.00010064222727092693, "sft": 0.0, "bad-redirect": 0.003889335105502273, "oneh-in": 0.005267159662075866, "sfR": 0.11914286586209158, "redirect": 0.028731083319427392, "unknown": 0.022916559801936097, "dsfb-red": 0.01585926710382187, "dsfb-alt": 0.05767643718723805, "alternate": 0.32285701856167326, "roll-out": 0.2233108176109613, "dsfb": 0.0, "roll-in": 0.17283062432594057}, "english-5k": {"sfb": 0.02161197992284399, "oneh-out": 0.00630522254946696, "sfT": 0.00012444518189737422, "sft": 0.0, "bad-redirect": 0.004687435184801095, "oneh-in": 0.0026548305471439833, "sfR": 0.10644211224955408, "redirect": 0.021653461650143112, "unknown": 0.002157049819554486, "dsfb-red": 0.00630522254946696, "dsfb-alt": 0.04865806612187332, "alternate": 0.36354585804952916, "roll-out": 0.19882191894470486, "dsfb": 0.0, "roll-in": 0.21703239722902062}, "mt-quotes": {"sfb": 0.017303462784332008, "oneh-out": 0.02399116673240817, "sfT": 2.540012670180849e-05, "sft": 0.0, "bad-redirect": 0.0019005271273353176, "oneh-in": 0.004041608395787762, "sfR": 0.0964592223377679, "redirect": 0.025731822474032107, "unknown": 0.007977133909467972, "dsfb-red": 0.012006789304454884, "dsfb-alt": 0.04453837510907113, "alternate": 0.32963089133526974, "roll-out": 0.26237434407908106, "dsfb": 0.0, "roll-in": 0.17401925628429016}, "wordle": {"sfb": 0.04537192864355436, "oneh-out": 0.005699539997756087, "sfT": 0.000381465275440368, "sft": 0.0, "bad-redirect": 0.0008975653539773365, "oneh-in": 0.006193200942443622, "sfR": 0.13138112868843263, "redirect": 0.03112307864916414, "unknown": 0.0, "dsfb-red": 0.016694715583978458, "dsfb-alt": 0.061662739818243016, "alternate": 0.3254571973521822, "roll-out": 0.1943677774037922, "dsfb": 0.0, "roll-in": 0.18076966229103555}, "english-1k": {"sfb": 0.0187014820042343, "oneh-out": 0.010938602681721948, "sfT": 0.0, "sft": 0.0, "bad-redirect": 0.002117148906139732, "oneh-in": 0.004234297812279464, "sfR": 0.10832745236414962, "redirect": 0.021877205363443897, "unknown": 0.0, "dsfb-red": 0.0045871559633027525, "dsfb-alt": 0.045871559633027525, "alternate": 0.3634438955539873, "roll-out": 0.23888496824276642, "dsfb": 0.0, "roll-in": 0.18101623147494708}, "english-10k": {"sfb": 0.023040852164180545, "oneh-out": 0.005036568186642481, "sfT": 0.00015437756893923313, "sft": 0.0, "bad-redirect": 0.0034927924972501497, "oneh-in": 0.005789158835221242, "sfR": 0.10567144593890508, "redirect": 0.021979506377723317, "unknown": 0.0, "dsfb-red": 0.007911850408135699, "dsfb-alt": 0.04878331178479767, "alternate": 0.35271415063391287, "roll-out": 0.19000019297196116, "dsfb": 0.0, "roll-in": 0.23542579263233052}, "reddit": {"sfb": 0.017894567495168462, "oneh-out": 0.01634158314131727, "sfT": 0.00016765938176164838, "sft": 0.0, "bad-redirect": 0.0025787930734500544, "oneh-in": 0.004223585547206922, "sfR": 0.10397777127267367, "redirect": 0.025663497207643486, "unknown": 0.039285409944231534, "dsfb-red": 0.011259248937660938, "dsfb-alt": 0.047260168142582396, "alternate": 0.31231002302319905, "roll-out": 0.2429916336994608, "dsfb": 0.0, "roll-in": 0.17604605913364374}, "akl": {"sfb": 0.021453018012607943, "oneh-out": 0.014481570389500277, "sfT": 0.0002454453203097256, "sft": 0.0, "bad-redirect": 0.002171575865446154, "oneh-in": 0.00448124251961901, "sfR": 0.13064861186637447, "redirect": 0.023160659231440877, "unknown": 0.13277008071454782, "dsfb-red": 0.013439206067653418, "dsfb-alt": 0.041042489836466065, "alternate": 0.26493171201718224, "roll-out": 0.20073276324165026, "dsfb": 0.0, "roll-in": 0.15044162491720173}, "french": {"sfb": 0.04722969104318136, "oneh-out": 0.009071353297322088, "sfT": 7.2886643530813e-05, "sft": 0.0, "bad-redirect": 0.0048312083917831025, "oneh-in": 0.002256369727080196, "sfR": 0.10898279115633469, "redirect": 0.01489385000480093, "unknown": 0.15807953387545715, "dsfb-red": 0.0056114175870871415, "dsfb-alt": 0.040238056617056255, "alternate": 0.25003796772381665, "roll-out": 0.196219114359713, "dsfb": 0.0, "roll-in": 0.16247575957283664}, "keymash": {"sfb": 0.018459606014457355, "oneh-out": 0.021226289237438068, "sfT": 3.283897000570577e-05, "sft": 0.0, "bad-redirect": 0.0022207353466358526, "oneh-in": 0.004236227130736045, "sfR": 0.099723742164827, "redirect": 0.025667759930709775, "unknown": 0.01232282349464109, "dsfb-red": 0.012294089395886098, "dsfb-alt": 0.044529643327737026, "alternate": 0.32728959456186657, "roll-out": 0.25806915066108954, "dsfb": 0.0, "roll-in": 0.1739274997639699}, "movie": {"sfb": 0.01696533015463141, "oneh-out": 0.032156458249467126, "sfT": 2.684595907122983e-05, "sft": 0.0, "bad-redirect": 0.0013509834109080659, "oneh-in": 0.004778712312517495, "sfR": 0.11567713207251198, "redirect": 0.028788737962252214, "unknown": 0.030236445784519856, "dsfb-red": 0.013337046147019263, "dsfb-alt": 0.04765170894927153, "alternate": 0.30853047457207344, "roll-out": 0.2510436695583537, "dsfb": 0.0, "roll-in": 0.14945645486740267}, "dutch": {"sfb": 0.03499741384154751, "oneh-out": 0.007056556486359023, "sfT": 0.00030261801430152974, "sft": 0.0, "bad-redirect": 0.001245401244375603, "oneh-in": 0.003916049599302334, "sfR": 0.18880787437283908, "redirect": 0.0259617280107229,