{"english-450k": {"dsfb": 0.0, "roll-in": 0.19337268702994384, "dsfb-alt": 0.05159004175288443, "sft": 0.0, "sfR": 0.11369548401129392, "roll-out": 0.1923746170995632, "oneh-in": 0.004381684861319733, "dsfb-red": 0.007842771535536728, "sfb": 0.03223146101183359, "unknown": 0.00015377410175167997, "bad-redirect": 0.004016544456209755, "redirect": 0.02288661469530802, "sfT": 0.0005194991992637553, "alternate": 0.37174976802328946, "oneh-out": 0.005185052221801894}, "shai": {"dsfb": 0.0, "roll-in": 0.19399199924573474, "dsfb-alt": 0.04685067931867181, "sft": 0.0, "sfR": 0.09823378925716947, "roll-out": 0.23569878527993737, "oneh-in": 0.005127920107331081, "dsfb-red": 0.009749935209356604, "sfb": 0.018247700280496267, "unknown": 0.021625131245562576, "bad-redirect": 0.003487191888366263, "redirect": 0.02409490103055053, "sfT": 0.00011014796418045023, "alternate": 0.33043795533424386, "oneh-out": 0.012343863838398975}, "tr-quotes": {"dsfb": 0.0, "roll-in": 0.1753530893876702, "dsfb-alt": 0.047073576662582925, "sft": 0.0, "sfR": 0.09677191928064538, "roll-out": 0.2560100321305564, "oneh-in": 0.005181341161785442, "dsfb-red": 0.01160745243984189, "sfb": 0.016427035898384228, "unknown": 0.013984882457640832, "bad-redirect": 0.0024964748850003467, "redirect": 0.025331129654885463, "sfT": 4.160791475000578e-05, "alternate": 0.32776403689235106, "oneh-out": 0.021957421233905827}, "gutenberg": {"dsfb": 0.0, "roll-in": 0.16289895859025696, "dsfb-alt": 0.042302748007788125, "sft": 0.0, "sfR": 0.09863878308844841, "roll-out": 0.27387746395681145, "oneh-in": 0.005761909037763464, "dsfb-red": 0.012142139718716695, "sfb": 0.016486493347169794, "unknown": 0.033398840571144305, "bad-redirect": 0.0027360353837591303, "redirect": 0.02699114155739006, "sfT": 1.8375367459990004e-05, "alternate": 0.30904318135578385, "oneh-out": 0.015703930017507747}, "english-200": {"dsfb": 0.0, "roll-in": 0.1603563474387528, "dsfb-alt": 0.0467706013363029, "sft": 0.0, "sfR": 0.10690423162583519, "roll-out": 0.2828507795100223, "oneh-in": 0.004454342984409799, "dsfb-red": 0.004454342984409799, "sfb": 0.011135857461024499, "unknown": 0.0, "bad-redirect": 0.0, "redirect": 0.024498886414253896, "sfT": 0.0, "alternate": 0.34966592427616927, "oneh-out": 0.008908685968819599}, "monkeyracer": {"dsfb": 0.0, "roll-in": 0.17542268170230071, "dsfb-alt": 0.046987659727544304, "sft": 0.0, "sfR": 0.09690789370786869, "roll-out": 0.25635293335627257, "oneh-in": 0.00521802712044669, "dsfb-red": 0.011738117209127735, "sfb": 0.01628067472668408, "unknown": 0.013260123246320596, "bad-redirect": 0.0024917105901121417, "redirect": 0.02533059887076341, "sfT": 3.910099003706774e-05, "alternate": 0.327514780174234, "oneh-out": 0.022455698578288004}, "chained-bigrams": {"dsfb": 0.0, "roll-in": 0.17422403219512386, "dsfb-alt": 0.056811563337400145, "sft": 0.0, "sfR": 0.11914286586209158, "roll-out": 0.22338873417400976, "oneh-in": 0.00569180493068997, "dsfb-red": 0.016018346753379143, "sfb": 0.019810935459762914, "unknown": 0.020740090474115794, "bad-redirect": 0.0053632567565022994, "redirect": 0.02760453967868508, "sfT": 7.337143020396608e-05, "alternate": 0.32435171796281953, "oneh-out": 0.006778740985215982}, "english-5k": {"dsfb": 0.0, "roll-in": 0.21711536068361886, "dsfb-alt": 0.04977807275894968, "sft": 0.0, "sfR": 0.10644211224955408, "roll-out": 0.19849006512631187, "oneh-in": 0.0027377940017422327, "dsfb-red": 0.006471149458663459, "sfb": 0.02190235201393786, "unknown": 0.002157049819554486, "bad-redirect": 0.005268179366988842, "redirect": 0.020782345376861494, "sfT": 0.00012444518189737422, "alternate": 0.3624258514124528, "oneh-out": 0.00630522254946696}, "mt-quotes": {"dsfb": 0.0, "roll-in": 0.17452576469322623, "dsfb-alt": 0.04684679838873549, "sft": 0.0, "sfR": 0.0964592223377679, "roll-out": 0.26226079057147295, "oneh-in": 0.00540126223688457, "dsfb-red": 0.012054601307658288, "sfb": 0.01545971241080073, "unknown": 0.008011498786770418, "bad-redirect": 0.002262105401561062, "redirect": 0.025389667826107746, "sfT": 2.540012670180849e-05, "alternate": 0.32730304442930397, "oneh-out": 0.02400013148300881}, "wordle": {"dsfb": 0.0, "roll-in": 0.183484797486817, "dsfb-alt": 0.05793784359923707, "sft": 0.0, "sfR": 0.13138112868843263, "roll-out": 0.19320094244362168, "oneh-in": 0.00762930550880736, "dsfb-red": 0.01658251991473129, "sfb": 0.04252215864467632, "unknown": 0.0, "bad-redirect": 0.00098732188937507, "redirect": 0.031033322113766408, "sfT": 0.0003590261415909346, "alternate": 0.32918209357118816, "oneh-out": 0.005699539997756087}, "english-1k": {"dsfb": 0.0, "roll-in": 0.18101623147494708, "dsfb-alt": 0.04798870853916726, "sft": 0.0, "sfR": 0.10832745236414962, "roll-out": 0.23888496824276642, "oneh-in": 0.004234297812279464, "dsfb-red": 0.0045871559633027525, "sfb": 0.019054340155257588, "unknown": 0.0, "bad-redirect": 0.0028228652081863093, "redirect": 0.02081863091037403, "sfT": 0.0, "alternate": 0.3613267466478476, "oneh-out": 0.010938602681721948}, "english-10k": {"dsfb": 0.0, "roll-in": 0.2357538449663264, "dsfb-alt": 0.04851315103915401, "sft": 0.0, "sfR": 0.10567144593890508, "roll-out": 0.1896528434418479, "oneh-in": 0.0066189382682696205, "dsfb-red": 0.007911850408135699, "sfb": 0.022461936280658422, "unknown": 0.0, "bad-redirect": 0.004013816792420062, "redirect": 0.021226915729144556, "sfT": 0.00015437756893923313, "alternate": 0.35298431137955655, "oneh-out": 0.005036568186642481}, "reddit": {"dsfb": 0.0, "roll-in": 0.17529743527218522, "dsfb-alt": 0.04861421617459799, "sft": 0.0, "sfR": 0.10397777127267367, "roll-out": 0.24144644048756816, "oneh-in": 0.004931568115275939, "dsfb-red": 0.011279887972368416, "sfb": 0.016630641999461737, "unknown": 0.04471343861488479, "bad-redirect": 0.0030420663606770576, "redirect": 0.024996380677443537, "sfT": 0.00010963784861848632, "alternate": 0.30860821924273474, "oneh-out": 0.01635229596151026}, "akl": {"dsfb": 0.0, "roll-in": 0.14931873851976707, "dsfb-alt": 0.04060978559904063, "sft": 0.0, "sfR": 0.13064861186637447, "roll-out": 0.20029608108026975, "oneh-in": 0.0051415778961639794, "dsfb-red": 0.01339824086319665, "sfb": 0.020683351496303508, "unknown": 0.13799139004302904, "bad-redirect": 0.0029367703057513886, "redirect": 0.022065815962509474, "sfT": 0.000276799267508542, "alternate": 0.2621647570613895, "oneh-out": 0.014468080038696058}, "french": {"dsfb": 0.0, "roll-in": 0.1628336756908122, "dsfb-alt": 0.03921192054537847, "sft": 0.0, "sfR": 0.10898279115633469, "roll-out": 0.19534529863845204, "oneh-in": 0.0023149337331566495, "dsfb-red": 0.005700274870289865, "sfb": 0.04927964100159402, "unknown": 0.1554278533619013, "bad-redirect": 0.005061674010988549, "redirect": 0.014548788304122269, "sfT": 0.000127001043619877, "alternate": 0.2520235107591997, "oneh-out": 0.009142636884150374}, "keymash": {"dsfb": 0.0, "roll-in": 0.17475257888536327, "dsfb-alt": 0.04676269328812502, "sft": 0.0, "sfR": 0.099723742164827, "roll-out": 0.2578885363260581, "oneh-in": 0.005324018012175048, "dsfb-red": 0.012294089395886098, "sfb": 0.016866915969180628, "unknown": 0.011982119180831894, "bad-redirect": 0.0027379491242257186, "redirect": 0.025310636131897723, "sfT": 3.283897000570577e-05, "alternate": 0.3250196007602222, "oneh-out": 0.02130428179120162}, "movie": {"dsfb": 0.0, "roll-in": 0.15005785698973365, "dsfb-alt": 0.05173742704380326, "sft": 0.0, "sfR": 0.11567713207251198, "roll-out": 0.25099879469539643, "oneh-in": 0.005387352315970622, "dsfb-red": 0.013441403233016739, "sfb": 0.016222723551499302, "unknown": 0.02926604332279805, "bad-redirect": 0.0016307604157386277, "redirect": 0.028589104041119588, "sfT": 2.868832881141227e-05, "alternate": 0.3047767778242903, "oneh-out": 0.03218593616531005}, "dutch": {"dsfb": 0.0, "roll-in": 0.14935327749277577, "dsfb-alt": 0.036216600264751764, "sft": 0.0, "sfR": 0.18880787437283908, "roll-out": 0.1790634021767052, "oneh-in": 0.004542336380337106, "dsfb-red": 0.006773411314596538,