{"english-450k": {"alternate": 0.3178642238997697, "dsfb-alt": 0.03816579654692361, "unknown": 0.00015377410175167997, "roll-out": 0.15248163919684313, "sfT": 0.0005241767384805365, "bad-redirect": 0.0016932691964747725, "oneh-in": 0.009874869979027083, "dsfb-red": 0.022149317576262893, "dsfb": 0.0, "oneh-out": 0.004208908256499879, "sfb": 0.03291584346848888, "sfR": 0.11369548401129392, "sft": 0.0, "redirect": 0.051347979098416006, "roll-in": 0.2549247179297679}, "shai": {"alternate": 0.2969525949233241, "dsfb-alt": 0.030106172280255993, "unknown": 0.024097749651430984, "roll-out": 0.16972716791660228, "sfT": 0.0001125437472307225, "bad-redirect": 0.0018549592167283403, "oneh-in": 0.00900450608474709, "dsfb-red": 0.02442437732089064, "dsfb": 0.0, "oneh-out": 0.009515071062253822, "sfb": 0.01865872221394815, "sfR": 0.09823378925716947, "sft": 0.0, "redirect": 0.04435174213292965, "roll-in": 0.27296060419248874}, "tr-quotes": {"alternate": 0.2948463974480479, "dsfb-alt": 0.030870761193684843, "unknown": 0.013894731975682485, "roll-out": 0.1795104135364416, "sfT": 4.160791475000578e-05, "bad-redirect": 0.001331453272000185, "oneh-in": 0.009309770925313793, "dsfb-red": 0.02368530547144079, "dsfb": 0.0, "oneh-out": 0.012770162502022607, "sfb": 0.017773514250710803, "sfR": 0.09677191928064538, "sft": 0.0, "redirect": 0.04353112503178382, "roll-in": 0.2756628371974758}, "gutenberg": {"alternate": 0.2825928817994069, "dsfb-alt": 0.03023979286224953, "unknown": 0.03298207965968062, "roll-out": 0.17246570531290598, "sfT": 3.315143613915723e-05, "bad-redirect": 0.001449001914448078, "oneh-in": 0.007382161799467531, "dsfb-red": 0.021361838264183225, "dsfb": 0.0, "oneh-out": 0.013326498454385329, "sfb": 0.01824333002576719, "sfR": 0.09863878308844841, "sft": 0.0, "redirect": 0.03965176973732318, "roll-in": 0.28163300564559485}, "english-200": {"alternate": 0.2962138084632517, "dsfb-alt": 0.0200445434298441, "unknown": 0.0, "roll-out": 0.17371937639198218, "sfT": 0.0, "bad-redirect": 0.0, "oneh-in": 0.008908685968819599, "dsfb-red": 0.028953229398663696, "dsfb": 0.0, "oneh-out": 0.015590200445434299, "sfb": 0.011135857461024499, "sfR": 0.10690423162583519, "sft": 0.0, "redirect": 0.0400890868596882, "roll-in": 0.2984409799554566}, "monkeyracer": {"alternate": 0.29448519636517195, "dsfb-alt": 0.030933770743075215, "unknown": 0.013491796612290222, "roll-out": 0.18021744060559614, "sfT": 4.007851478799443e-05, "bad-redirect": 0.0013245460375056696, "oneh-in": 0.009328518698093436, "dsfb-red": 0.023714750457481584, "dsfb": 0.0, "oneh-out": 0.013047022850618577, "sfb": 0.01764041165522311, "sfR": 0.09690789370786869, "sft": 0.0, "redirect": 0.04370513161393246, "roll-in": 0.2751634421383549}, "chained-bigrams": {"alternate": 0.292313076541985, "dsfb-alt": 0.045193554482182756, "unknown": 0.023159399756770463, "roll-out": 0.15097243117207937, "sfT": 9.414918035022196e-05, "bad-redirect": 0.003726359627792578, "oneh-in": 0.011312186345252186, "dsfb-red": 0.028246052714450732, "dsfb": 0.0, "oneh-out": 0.007151441878464447, "sfb": 0.020322587557114465, "sfR": 0.11914286586209158, "sft": 0.0, "redirect": 0.05213397233572429, "roll-in": 0.2462319225457419}, "english-5k": {"alternate": 0.3060107022856432, "dsfb-alt": 0.0320238934749243, "unknown": 0.002157049819554486, "roll-out": 0.16932841083502717, "sfT": 0.00012444518189737422, "bad-redirect": 0.002862239183639607, "oneh-in": 0.008254863732525822, "dsfb-red": 0.022317169286929107, "dsfb": 0.0, "oneh-out": 0.004936325548595843, "sfb": 0.021238644377151866, "sfR": 0.10644211224955408, "sft": 0.0, "redirect": 0.05135437839631642, "roll-in": 0.27294976562824075}, "mt-quotes": {"alternate": 0.2956111569309475, "dsfb-alt": 0.031088260957913484, "unknown": 0.007995063410669249, "roll-out": 0.18224590908547592, "sfT": 2.540012670180849e-05, "bad-redirect": 0.0012102413310861693, "oneh-in": 0.00939057625416861, "dsfb-red": 0.02353695270197583, "dsfb": 0.0, "oneh-out": 0.013636879788670946, "sfb": 0.017036014391412963, "sfR": 0.0964592223377679, "sft": 0.0, "redirect": 0.04348651103859624, "roll-in": 0.2782778116446134}, "wordle": {"alternate": 0.3102659037361158, "dsfb-alt": 0.04635925053292943, "unknown": 0.0, "roll-out": 0.17181644788511163, "sfT": 0.000381465275440368, "bad-redirect": 0.000762930550880736, "oneh-in": 0.005677100863906653, "dsfb-red": 0.030068439358240773, "dsfb": 0.0, "oneh-out": 0.007090766296420958, "sfb": 0.04532705037585549, "sfR": 0.13138112868843263, "sft": 0.0, "redirect": 0.04063727140132391, "roll-in": 0.21023224503534163}, "english-1k": {"alternate": 0.2928722653493296, "dsfb-alt": 0.02328863796753705, "unknown": 0.0, "roll-out": 0.18736767819336628, "sfT": 0.0, "bad-redirect": 0.001058574453069866, "oneh-in": 0.010232886379675371, "dsfb-red": 0.02611150317572336, "dsfb": 0.0, "oneh-out": 0.008115737473535639, "sfb": 0.017290049400141144, "sfR": 0.10832745236414962, "sft": 0.0, "redirect": 0.04763585038814397, "roll-in": 0.27769936485532815}, "english-10k": {"alternate": 0.32716466297446983, "dsfb-alt": 0.03326836610640474, "unknown": 0.0, "roll-out": 0.16176839505219892, "sfT": 0.00015437756893923313, "bad-redirect": 0.002064799984562243, "oneh-in": 0.009474923293645434, "dsfb-red": 0.02273209702630208, "dsfb": 0.0, "oneh-out": 0.004805001833233631, "sfb": 0.022770691418536885, "sfR": 0.10567144593890508, "sft": 0.0, "redirect": 0.04644835105459177, "roll-in": 0.2636768877482102}, "reddit": {"alternate": 0.2871084131784919, "dsfb-alt": 0.030906224054888597, "unknown": 0.04519937363713543, "roll-out": 0.16487891797519458, "sfT": 0.00010731548899622934, "bad-redirect": 0.0017236777860870807, "oneh-in": 0.00878601085478379, "dsfb-red": 0.024392829377549562, "dsfb": 0.0, "oneh-out": 0.011781929682321805, "sfb": 0.01730978235931885, "sfR": 0.10397777127267367, "sft": 0.0, "redirect": 0.04100717740224224, "roll-in": 0.2628205769303163}, "akl": {"alternate": 0.25051257773845537, "dsfb-alt": 0.03085117220153606, "unknown": 0.13920166722946467, "roll-out": 0.14173753198182915, "sfT": 0.00020171286440593918, "bad-redirect": 0.0016929154879184395, "oneh-in": 0.007691797765409866, "dsfb-red": 0.019365522117467206, "dsfb": 0.0, "oneh-out": 0.00775245492882444, "sfb": 0.020901692576993768, "sfR": 0.13064861186637447, "sft": 0.0, "redirect": 0.03363685551980063, "roll-in": 0.21580548772152003}, "french": {"alternate": 0.21313410424779614, "dsfb-alt": 0.0274520164303424, "unknown": 0.15842537463172957, "roll-out": 0.17364491482023375, "sfT": 7.077420432467843e-05, "bad-redirect": 0.002663456238492169, "oneh-in": 0.003124687113669889, "dsfb-red": 0.018026732184043555, "dsfb": 0.0, "oneh-out": 0.013035367940391101, "sfb": 0.04694846695567532, "sfR": 0.10898279115633469, "sft": 0.0, "redirect": 0.043639473266729775, "roll-in": 0.19085184081023698}, "keymash": {"alternate": 0.2958709100089076, "dsfb-alt": 0.031086189981651226, "unknown": 0.012376186820900362, "roll-out": 0.18031467943007967, "sfT": 3.283897000570577e-05, "bad-redirect": 0.0014326000664989143, "oneh-in": 0.00889525600029555, "dsfb-red": 0.02400939194542163, "dsfb": 0.0, "oneh-out": 0.012753834975965979, "sfb": 0.018270781936924548, "sfR": 0.099723742164827, "sft": 0.0, "redirect": 0.04323250401251165, "roll-in": 0.27200108368601017}, "movie": {"alternate": 0.2851956774321156, "dsfb-alt": 0.03449824178707759, "unknown": 0.030282373430185833, "roll-out": 0.1829027035328361, "sfT": 2.684595907122983e-05, "bad-redirect": 0.0008670981584330066, "oneh-in": 0.00913407437830878, "dsfb-red": 0.023545485279531576, "dsfb": 0.0, "oneh-out": 0.015635665593574023, "sfb": 0.01691427019326064, "sfR": 0.11567713207251198, "sft": 0.0, "redirect": 0.03896875196163028, "roll-in": 0.24635168022146336}, "dutch": {"alternate": 0.2640618398666035, "dsfb-alt": 0.027999813806632665, "unknown": 0.07360268279108878, "roll-out": 0.1816639590569679, "sfT": 0.00023451685779757704, "bad-redirect": 0.0006682269087500806, "oneh-in": 0.0029156726581459295,