{"english-450k": {"unknown": 0.00015377410175167997, "alternate": 0.2116402317486805, "roll-out": 0.20498467813560303, "sfT": 0.00016868375800516985, "sfb": 0.026284846936299518, "oneh-in": 0.027572924298120624, "roll-in": 0.24940405226916199, "dsfb-red": 0.026823933331033542, "dsfb": 0.0, "dsfb-alt": 0.029263854724987007, "redirect": 0.06509760562614417, "sfR": 0.11369548401129392, "oneh-out": 0.019190481675447773, "bad-redirect": 0.025719449383471097, "sft": 0.0}, "shai": {"unknown": 0.024052709704167625, "alternate": 0.18232305342433644, "roll-out": 0.19341703840653102, "sfT": 0.00029376402829671357, "sfb": 0.02636325087091939, "oneh-in": 0.026372404387743128, "roll-in": 0.3010961578296977, "dsfb-red": 0.02490399838000169, "dsfb": 0.0, "dsfb-alt": 0.0244880571569587, "redirect": 0.054429276484355964, "sfR": 0.09823378925716947, "oneh-out": 0.018853140589039065, "bad-redirect": 0.02517335948078311, "sft": 0.0}, "tr-quotes": {"unknown": 0.013890108874043596, "alternate": 0.18498069855065763, "roll-out": 0.17814428700214974, "sfT": 0.0003606019278333834, "sfb": 0.023413698250156028, "oneh-in": 0.026908763089156514, "roll-in": 0.3305540787314209, "dsfb-red": 0.031100760500219597, "dsfb": 0.0, "dsfb-alt": 0.023589376112433832, "redirect": 0.050239245509812534, "sfR": 0.09677191928064538, "oneh-out": 0.014692217008390929, "bad-redirect": 0.02535424516307991, "sft": 0.0}, "gutenberg": {"unknown": 0.03296484091288825, "alternate": 0.17273982033058233, "roll-out": 0.17540064931350005, "sfT": 0.0004156242907960626, "sfb": 0.025740290512665173, "oneh-in": 0.026092074609296117, "roll-in": 0.3440713676539733, "dsfb-red": 0.018619362029974204, "dsfb": 0.0, "dsfb-alt": 0.019882715902043, "redirect": 0.05051066472228758, "sfR": 0.09863878308844841, "oneh-out": 0.011332297493031569, "bad-redirect": 0.023591509140513972, "sft": 0.0}, "english-200": {"unknown": 0.0, "alternate": 0.20935412026726058, "roll-out": 0.15367483296213807, "sfT": 0.0, "sfb": 0.0, "oneh-in": 0.0378619153674833, "roll-in": 0.40089086859688194, "dsfb-red": 0.013363028953229399, "dsfb": 0.0, "dsfb-alt": 0.017817371937639197, "redirect": 0.0334075723830735, "sfR": 0.10690423162583519, "oneh-out": 0.008908685968819599, "bad-redirect": 0.017817371937639197, "sft": 0.0}, "monkeyracer": {"unknown": 0.013484953939033737, "alternate": 0.18514709792451944, "roll-out": 0.17773550526299325, "sfT": 0.00035190891033360966, "sfb": 0.023412695309445234, "oneh-in": 0.02692982936327948, "roll-in": 0.33126554264353975, "dsfb-red": 0.03144110608880617, "dsfb": 0.0, "dsfb-alt": 0.02346743669549713, "redirect": 0.04987429031703083, "sfR": 0.09690789370786869, "oneh-out": 0.014528950373023444, "bad-redirect": 0.025452789464629245, "sft": 0.0}, "chained-bigrams": {"unknown": 0.023120441475246233, "alternate": 0.1973022688653855, "roll-out": 0.17902888691644553, "sfT": 0.00023374968914537868, "sfb": 0.02413465540426035, "oneh-in": 0.02780322691445865, "roll-in": 0.267269394568826, "dsfb-red": 0.029144041103584227, "dsfb": 0.0, "dsfb-alt": 0.029587516208268376, "redirect": 0.05832704048869268, "sfR": 0.11914286586209158, "oneh-out": 0.014145752021447832, "bad-redirect": 0.03076016048214769, "sft": 0.0}, "english-5k": {"unknown": 0.002157049819554486, "alternate": 0.18670925457336043, "roll-out": 0.23117766623802216, "sfT": 0.0003318538183929979, "sfb": 0.02688015928983283, "oneh-in": 0.030862405110548802, "roll-in": 0.24494959970133157, "dsfb-red": 0.02513792674326959, "dsfb": 0.0, "dsfb-alt": 0.024598664288380968, "redirect": 0.06450408595013897, "sfR": 0.10644211224955408, "oneh-out": 0.029120172563985563, "bad-redirect": 0.027129049653627578, "sft": 0.0}, "mt-quotes": {"unknown": 0.00799058103536893, "alternate": 0.1857825031974277, "roll-out": 0.17583910065621974, "sfT": 0.0003526135236251061, "sfb": 0.02247911213110051, "oneh-in": 0.027293183203643274, "roll-in": 0.33975209476339036, "dsfb-red": 0.03226712566189742, "dsfb": 0.0, "dsfb-alt": 0.023439834570468915, "redirect": 0.04908649191379496, "sfR": 0.0964592223377679, "oneh-out": 0.013896857556089456, "bad-redirect": 0.02536127944920572, "sft": 0.0}, "wordle": {"unknown": 0.0, "alternate": 0.18550431953326602, "roll-out": 0.20071805228318187, "sfT": 0.00022439133849433412, "sfb": 0.03446650959272972, "oneh-in": 0.027398182430158197, "roll-in": 0.2715135195781443, "dsfb-red": 0.02558061258835409, "dsfb": 0.0, "dsfb-alt": 0.031212835184561877, "redirect": 0.054347582183327726, "sfR": 0.13138112868843263, "oneh-out": 0.013957141254347582, "bad-redirect": 0.023695725345001684, "sft": 0.0}, "english-1k": {"unknown": 0.0, "alternate": 0.1863091037402964, "roll-out": 0.205363443895554, "sfT": 0.0, "sfb": 0.022582921665490474, "oneh-in": 0.030345800988002825, "roll-in": 0.3073394495412844, "dsfb-red": 0.016937191249117856, "dsfb": 0.0, "dsfb-alt": 0.026817219477769938, "redirect": 0.05434015525758645, "sfR": 0.10832745236414962, "oneh-out": 0.01799576570218772, "bad-redirect": 0.02364149611856034, "sft": 0.0}, "english-10k": {"unknown": 0.0, "alternate": 0.18552324347272342, "roll-out": 0.23177862256614115, "sfT": 0.0003280523339958704, "sfb": 0.028830010999401787, "oneh-in": 0.03000713996256344, "roll-in": 0.24906891028733524, "dsfb-red": 0.02450743906910326, "dsfb": 0.0, "dsfb-alt": 0.022982960575828333, "redirect": 0.06725072846915343, "sfR": 0.10567144593890508, "oneh-out": 0.026977480172130988, "bad-redirect": 0.02707396615271801, "sft": 0.0}, "reddit": {"unknown": 0.04413374768723884, "alternate": 0.1838459661268866, "roll-out": 0.1767357624840408, "sfT": 0.00029797372250087417, "sfb": 0.024149356191345204, "oneh-in": 0.0241787977181693, "roll-in": 0.3116178474835267, "dsfb-red": 0.025764370021558614, "dsfb": 0.0, "dsfb-alt": 0.022922925566313947, "redirect": 0.04622877826840746, "sfR": 0.10397777127267367, "oneh-out": 0.014658883765339045, "bad-redirect": 0.02148781969199893, "sft": 0.0}, "akl": {"unknown": 0.1386736163551281, "alternate": 0.16090255190739847, "roll-out": 0.15574066436222156, "sfT": 0.00024327105131563906, "sfb": 0.023932845923170278, "oneh-in": 0.02148602736915453, "roll-in": 0.25869642740178833, "dsfb-red": 0.02657062953463256, "dsfb": 0.0, "dsfb-alt": 0.018078552533785607, "redirect": 0.03857676996676308, "sfR": 0.13064861186637447, "oneh-out": 0.010909147601807242, "bad-redirect": 0.01554088412646013, "sft": 0.0}, "french": {"unknown": 0.15841440792606368, "alternate": 0.14243380533165573, "roll-out": 0.17928846845056315, "sfT": 0.00030831125122725604, "sfb": 0.03604663264980344, "oneh-in": 0.03206625783926564, "roll-in": 0.18742534456318, "dsfb-red": 0.018659385253523342, "dsfb": 0.0, "dsfb-alt": 0.017722825593288662, "redirect": 0.07676461747628746, "sfR": 0.10898279115633469, "oneh-out": 0.020485281819540672, "bad-redirect": 0.02140187068926629, "sft": 0.0}, "keymash": {"unknown": 0.012376186820900362, "alternate": 0.18200588638537352, "roll-out": 0.181283429045248, "sfT": 0.0003858578975670428, "sfb": 0.02423515986421086, "oneh-in": 0.026751445940898063, "roll-in": 0.3281516175245163, "dsfb-red": 0.030408886225283545, "dsfb": 0.0, "dsfb-alt": 0.023775414284130977, "redirect": 0.05182399954025442, "sfR": 0.099723742164827, "oneh-out": 0.014358839634994848, "bad-redirect": 0.02471953467179502, "sft": 0.0}, "movie": {"unknown": 0.030144722091026487, "alternate": 0.18308838808307876, "roll-out": 0.16587933873138894, "sfT": 0.00015199550356505124, "sfb": 0.020383189218347003, "oneh-in": 0.022414796650413894, "roll-in": 0.3132807617514567, "dsfb-red": 0.04187614300947676, "dsfb": 0.0, "dsfb-alt": 0.026018735057887914, "redirect": 0.04544955071839918, "sfR": 0.11567713207251198, "oneh-out": 0.012827499316020233, "bad-redirect": 0.02280774779642709, "sft": 0.0}, "dutch": {"unknown": 0.07358430372699806, "alternate": 0.1642079901842529, "roll-out": 0.16518303091315545, "sfT": 0.00012347144910116335, "sfb": 0.02982579623753841, "oneh-in": 0.025839135170539245, "roll-in": 0.21985072326906782, "dsfb-red": 0.013530182852143137, "dsfb": 0.0,