{"english-450k": {"sfR": 0.11369548401129392, "alternate": 0.34072774324519484, "dsfb": 0.0, "unknown": 0.00015377410175167997, "redirect": 0.04019292510499614, "sft": 0.0, "oneh-out": 0.005940474805312047, "dsfb-alt": 0.05586735902042974, "roll-out": 0.1790255048672719, "oneh-in": 0.003300003917439094, "dsfb-red": 0.018899597205404194, "bad-redirect": 0.000750452698092324, "sfb": 0.039158896591886455, "roll-in": 0.20209659001544172, "sfT": 0.00019119441548592908}, "shai": {"sfR": 0.09823378925716947, "alternate": 0.3230824756249394, "dsfb": 0.0, "unknown": 0.023260762136131256, "redirect": 0.035604393750001934, "sft": 0.0, "oneh-out": 0.01393125008321379, "dsfb-alt": 0.06015560049702242, "roll-out": 0.21414717244962508, "oneh-in": 0.002971696010042008, "dsfb-red": 0.01592962342780124, "bad-redirect": 0.0005569518270342172, "sfb": 0.027438086618510524, "roll-in": 0.18462575701325817, "sfT": 6.244130525047273e-05}, "tr-quotes": {"sfR": 0.09677191928064538, "alternate": 0.33012644182982365, "dsfb": 0.0, "unknown": 0.013835787429786644, "redirect": 0.031765331360809966, "sft": 0.0, "oneh-out": 0.02305540787314209, "dsfb-alt": 0.06464251866577286, "roll-out": 0.23504773352442154, "oneh-in": 0.0025369270243406302, "dsfb-red": 0.013259055500335175, "bad-redirect": 0.0006530131064931463, "sfb": 0.024969371951642356, "roll-in": 0.16331453272000185, "sfT": 2.195973278472527e-05}, "gutenberg": {"sfR": 0.09863878308844841, "alternate": 0.31712114444061784, "dsfb": 0.0, "unknown": 0.032975828246008664, "redirect": 0.030548195936732664, "sft": 0.0, "oneh-out": 0.013271182915227421, "dsfb-alt": 0.06400784571359508, "roll-out": 0.23199450784893402, "oneh-in": 0.005294000196256502, "dsfb-red": 0.013116791941207916, "bad-redirect": 0.0005533448283570186, "sfb": 0.024243361093398773, "roll-in": 0.16808081221397414, "sfT": 0.0001542015372415656}, "english-200": {"sfR": 0.10690423162583519, "alternate": 0.3363028953229399, "dsfb": 0.0, "unknown": 0.0, "redirect": 0.031180400890868598, "sft": 0.0, "oneh-out": 0.011135857461024499, "dsfb-alt": 0.0801781737193764, "roll-out": 0.23608017817371937, "oneh-in": 0.0022271714922048997, "dsfb-red": 0.0066815144766146995, "bad-redirect": 0.0, "sfb": 0.024498886414253896, "roll-in": 0.16481069042316257, "sfT": 0.0}, "monkeyracer": {"sfR": 0.09690789370786869, "alternate": 0.33020786086303705, "dsfb": 0.0, "unknown": 0.013436077701487402, "redirect": 0.0316766895537795, "sft": 0.0, "oneh-out": 0.023538796002314778, "dsfb-alt": 0.06484214930322035, "roll-out": 0.23535472418161626, "oneh-in": 0.0025972832632122247, "dsfb-red": 0.013320729780878051, "bad-redirect": 0.0006539640583699579, "sfb": 0.02502854372272706, "roll-in": 0.1624157373664701, "sfT": 1.955049501853387e-05}, "chained-bigrams": {"sfR": 0.11914286586209158, "alternate": 0.331475889044217, "dsfb": 0.0, "unknown": 0.022916559801936097, "redirect": 0.040227022892535526, "sft": 0.0, "oneh-out": 0.0075436219124750264, "dsfb-alt": 0.060969710585419605, "roll-out": 0.2103110883710179, "oneh-in": 0.004219831193766155, "dsfb-red": 0.019133710665933387, "bad-redirect": 0.0012564045791564104, "sfb": 0.027503897451414152, "roll-in": 0.15519615819399796, "sfT": 0.00010323944603920891}, "english-5k": {"sfR": 0.10644211224955408, "alternate": 0.3370805160326876, "dsfb": 0.0, "unknown": 0.002157049819554486, "redirect": 0.03783133529680176, "sft": 0.0, "oneh-out": 0.006844485004355581, "dsfb-alt": 0.052806238851785786, "roll-out": 0.18401294229891732, "oneh-in": 0.0029866843655369808, "dsfb-red": 0.01970382046708425, "bad-redirect": 0.0003318538183929979, "sfb": 0.024930518106773967, "roll-in": 0.2248724436885552, "sfT": 0.0}, "mt-quotes": {"sfR": 0.0964592223377679, "alternate": 0.3324099640214676, "dsfb": 0.0, "unknown": 0.007977133909467972, "redirect": 0.0312092850910221, "sft": 0.0, "oneh-out": 0.02495039504667647, "dsfb-alt": 0.06713253487287983, "roll-out": 0.23965766605706362, "oneh-in": 0.0025235772940796785, "dsfb-red": 0.012664204348501691, "bad-redirect": 0.0006708621699477654, "sfb": 0.024170461744420935, "roll-in": 0.1601642342310037, "sfT": 1.0458875700744673e-05}, "wordle": {"sfR": 0.13138112868843263, "alternate": 0.3130483563334455, "dsfb": 0.0, "unknown": 0.0, "redirect": 0.03991921911814204, "sft": 0.0, "oneh-out": 0.007270279367216426, "dsfb-alt": 0.05764613485919443, "roll-out": 0.19147312913721531, "oneh-in": 0.004510265903736116, "dsfb-red": 0.022124985975541345, "bad-redirect": 0.0012565914955682711, "sfb": 0.04400314147873892, "roll-in": 0.18678335016268371, "sfT": 0.0005834174800852687}, "english-1k": {"sfR": 0.10832745236414962, "alternate": 0.32462949894142556, "dsfb": 0.0, "unknown": 0.0, "redirect": 0.037755822159491886, "sft": 0.0, "oneh-out": 0.009527170077628794, "dsfb-alt": 0.05504587155963303, "roll-out": 0.20924488355681017, "oneh-in": 0.0038814396612561752, "dsfb-red": 0.016231474947071278, "bad-redirect": 0.00035285815102328866, "sfb": 0.02858151023288638, "roll-in": 0.20642201834862386, "sfT": 0.0}, "english-10k": {"sfR": 0.10567144593890508, "alternate": 0.33679396383705446, "dsfb": 0.0, "unknown": 0.0, "redirect": 0.03953995484456108, "sft": 0.0, "oneh-out": 0.006792613033326258, "dsfb-alt": 0.051041083730533954, "roll-out": 0.18243569209393876, "oneh-in": 0.0035699812817197663, "dsfb-red": 0.018814766214469036, "bad-redirect": 0.00036664672623067866, "sfb": 0.026437158680843672, "roll-in": 0.22847880203006504, "sfT": 5.789158835221242e-05}, "reddit": {"sfR": 0.10397777127267367, "alternate": 0.31708149815419234, "dsfb": 0.0, "unknown": 0.039285409944231534, "redirect": 0.03210182722880505, "sft": 0.0, "oneh-out": 0.017656375804234074, "dsfb-alt": 0.06287938506913796, "roll-out": 0.21659625609408703, "oneh-in": 0.002631158537190623, "dsfb-red": 0.013673117020517486, "bad-redirect": 0.0003958124859417646, "sfb": 0.027916448243125582, "roll-in": 0.1656700560007057, "sfT": 0.0001348841451572153}, "akl": {"sfR": 0.13064861186637447, "alternate": 0.2702943488302791, "dsfb": 0.0, "unknown": 0.13277008071454782, "redirect": 0.027792074557265095, "sft": 0.0, "oneh-out": 0.015349746115798157, "dsfb-alt": 0.05425989575912045, "roll-out": 0.18049535925755433, "oneh-in": 0.0026642948686288145, "dsfb-red": 0.011395664996836315, "bad-redirect": 0.0005014902019656232, "sfb": 0.02891481270908654, "roll-in": 0.1446750929308511, "sfT": 0.00023852719169217747}, "french": {"sfR": 0.10898279115633469, "alternate": 0.2341409637873536, "dsfb": 0.0, "unknown": 0.15807953387545715, "redirect": 0.029515899498412546, "sft": 0.0, "oneh-out": 0.013210041193613247, "dsfb-alt": 0.040701669604530255, "roll-out": 0.17026000815641243, "oneh-in": 0.003336949799290559, "dsfb-red": 0.011768338890022266, "bad-redirect": 0.002571108186955904, "sfb": 0.030264077523342717, "roll-in": 0.19706723622821853, "sfT": 0.00010138210005611747}, "keymash": {"sfR": 0.099723742164827, "alternate": 0.3252453686790114, "dsfb": 0.0, "unknown": 0.01232282349464109, "redirect": 0.032728138481936515, "sft": 0.0, "oneh-out": 0.022330499603879925, "dsfb-alt": 0.06503347522504957, "roll-out": 0.23280366811294964, "oneh-in": 0.002799522192986417, "dsfb-red": 0.013427033861082948, "bad-redirect": 0.0006855134988691079, "sfb": 0.025380418943159847, "roll-in": 0.16748285190035014, "sfT": 3.694384125641899e-05}, "movie": {"sfR": 0.11567713207251198, "alternate": 0.3154367291409859, "dsfb": 0.0, "unknown": 0.030236445784519856, "redirect": 0.027169558156309018, "sft": 0.0, "oneh-out": 0.03634969177812236, "dsfb-alt": 0.0633513310923976, "roll-out": 0.2284223958992008, "oneh-in": 0.002454562885277347, "dsfb-red": 0.012248995217602948, "bad-redirect": 0.0006053500574885157, "sfb": 0.02294289877665333, "roll-in": 0.14507793158202054, "sfT": 2.697755690981429e-05}, "dutch": {"sfR": 0.18880787437283908, "alternate": 0.2706556025537611, "dsfb": 0.0, "unknown": 0.07290361491625476, "redirect": 0.02671790546519491, "sft": 0.0, "oneh-out": 0.002221320582195675, "dsfb-alt": 0.03586937043439393,