{"english-450k": {"sfR": 0.11369548401129392, "sfT": 0.00019119441548592908, "roll-out": 0.1790255048672719, "sft": 0.0, "bad-redirect": 0.000750452698092324, "oneh-out": 0.005940474805312047, "roll-in": 0.20209659001544172, "oneh-in": 0.003300003917439094, "dsfb-alt": 0.05586735902042974, "dsfb": 0.0, "redirect": 0.04019292510499614, "dsfb-red": 0.018899597205404194, "alternate": 0.34072774324519484, "unknown": 0.00015377410175167997, "sfb": 0.039158896591886455}, "shai": {"sfR": 0.09823378925716947, "sfT": 6.244130525047273e-05, "roll-out": 0.21414717244962508, "sft": 0.0, "bad-redirect": 0.0005569518270342172, "oneh-out": 0.01393125008321379, "roll-in": 0.18462575701325817, "oneh-in": 0.002971696010042008, "dsfb-alt": 0.06015560049702242, "dsfb": 0.0, "redirect": 0.035604393750001934, "dsfb-red": 0.01592962342780124, "alternate": 0.3230824756249394, "unknown": 0.023260762136131256, "sfb": 0.027438086618510524}, "tr-quotes": {"sfR": 0.09677191928064538, "sfT": 2.195973278472527e-05, "roll-out": 0.23504773352442154, "sft": 0.0, "bad-redirect": 0.0006530131064931463, "oneh-out": 0.02305540787314209, "roll-in": 0.16331453272000185, "oneh-in": 0.0025369270243406302, "dsfb-alt": 0.06464251866577286, "dsfb": 0.0, "redirect": 0.031765331360809966, "dsfb-red": 0.013259055500335175, "alternate": 0.33012644182982365, "unknown": 0.013835787429786644, "sfb": 0.024969371951642356}, "gutenberg": {"sfR": 0.09863878308844841, "sfT": 0.0001542015372415656, "roll-out": 0.23199450784893402, "sft": 0.0, "bad-redirect": 0.0005533448283570186, "oneh-out": 0.013271182915227421, "roll-in": 0.16808081221397414, "oneh-in": 0.005294000196256502, "dsfb-alt": 0.06400784571359508, "dsfb": 0.0, "redirect": 0.030548195936732664, "dsfb-red": 0.013116791941207916, "alternate": 0.31712114444061784, "unknown": 0.032975828246008664, "sfb": 0.024243361093398773}, "english-200": {"sfR": 0.10690423162583519, "sfT": 0.0, "roll-out": 0.23608017817371937, "sft": 0.0, "bad-redirect": 0.0, "oneh-out": 0.011135857461024499, "roll-in": 0.16481069042316257, "oneh-in": 0.0022271714922048997, "dsfb-alt": 0.0801781737193764, "dsfb": 0.0, "redirect": 0.031180400890868598, "dsfb-red": 0.0066815144766146995, "alternate": 0.3363028953229399, "unknown": 0.0, "sfb": 0.024498886414253896}, "monkeyracer": {"sfR": 0.09690789370786869, "sfT": 1.955049501853387e-05, "roll-out": 0.23535472418161626, "sft": 0.0, "bad-redirect": 0.0006539640583699579, "oneh-out": 0.023538796002314778, "roll-in": 0.1624157373664701, "oneh-in": 0.0025972832632122247, "dsfb-alt": 0.06484214930322035, "dsfb": 0.0, "redirect": 0.0316766895537795, "dsfb-red": 0.013320729780878051, "alternate": 0.33020786086303705, "unknown": 0.013436077701487402, "sfb": 0.02502854372272706}, "chained-bigrams": {"sfR": 0.11914286586209158, "sfT": 0.00010323944603920891, "roll-out": 0.2103110883710179, "sft": 0.0, "bad-redirect": 0.0012564045791564104, "oneh-out": 0.0075436219124750264, "roll-in": 0.15519615819399796, "oneh-in": 0.004219831193766155, "dsfb-alt": 0.060969710585419605, "dsfb": 0.0, "redirect": 0.040227022892535526, "dsfb-red": 0.019133710665933387, "alternate": 0.331475889044217, "unknown": 0.022916559801936097, "sfb": 0.027503897451414152}, "english-5k": {"sfR": 0.10644211224955408, "sfT": 0.0, "roll-out": 0.18401294229891732, "sft": 0.0, "bad-redirect": 0.0003318538183929979, "oneh-out": 0.006844485004355581, "roll-in": 0.2248724436885552, "oneh-in": 0.0029866843655369808, "dsfb-alt": 0.052806238851785786, "dsfb": 0.0, "redirect": 0.03783133529680176, "dsfb-red": 0.01970382046708425, "alternate": 0.3370805160326876, "unknown": 0.002157049819554486, "sfb": 0.024930518106773967}, "mt-quotes": {"sfR": 0.0964592223377679, "sfT": 1.0458875700744673e-05, "roll-out": 0.23965766605706362, "sft": 0.0, "bad-redirect": 0.0006708621699477654, "oneh-out": 0.02495039504667647, "roll-in": 0.1601642342310037, "oneh-in": 0.0025235772940796785, "dsfb-alt": 0.06713253487287983, "dsfb": 0.0, "redirect": 0.0312092850910221, "dsfb-red": 0.012664204348501691, "alternate": 0.3324099640214676, "unknown": 0.007977133909467972, "sfb": 0.024170461744420935}, "wordle": {"sfR": 0.13138112868843263, "sfT": 0.0005834174800852687, "roll-out": 0.19147312913721531, "sft": 0.0, "bad-redirect": 0.0012565914955682711, "oneh-out": 0.007270279367216426, "roll-in": 0.18678335016268371, "oneh-in": 0.004510265903736116, "dsfb-alt": 0.05764613485919443, "dsfb": 0.0, "redirect": 0.03991921911814204, "dsfb-red": 0.022124985975541345, "alternate": 0.3130483563334455, "unknown": 0.0, "sfb": 0.04400314147873892}, "english-1k": {"sfR": 0.10832745236414962, "sfT": 0.0, "roll-out": 0.20924488355681017, "sft": 0.0, "bad-redirect": 0.00035285815102328866, "oneh-out": 0.009527170077628794, "roll-in": 0.20642201834862386, "oneh-in": 0.0038814396612561752, "dsfb-alt": 0.05504587155963303, "dsfb": 0.0, "redirect": 0.037755822159491886, "dsfb-red": 0.016231474947071278, "alternate": 0.32462949894142556, "unknown": 0.0, "sfb": 0.02858151023288638}, "english-10k": {"sfR": 0.10567144593890508, "sfT": 5.789158835221242e-05, "roll-out": 0.18243569209393876, "sft": 0.0, "bad-redirect": 0.00036664672623067866, "oneh-out": 0.006792613033326258, "roll-in": 0.22847880203006504, "oneh-in": 0.0035699812817197663, "dsfb-alt": 0.051041083730533954, "dsfb": 0.0, "redirect": 0.03953995484456108, "dsfb-red": 0.018814766214469036, "alternate": 0.33679396383705446, "unknown": 0.0, "sfb": 0.026437158680843672}, "reddit": {"sfR": 0.10397777127267367, "sfT": 0.0001348841451572153, "roll-out": 0.21659625609408703, "sft": 0.0, "bad-redirect": 0.0003958124859417646, "oneh-out": 0.017656375804234074, "roll-in": 0.1656700560007057, "oneh-in": 0.002631158537190623, "dsfb-alt": 0.06287938506913796, "dsfb": 0.0, "redirect": 0.03210182722880505, "dsfb-red": 0.013673117020517486, "alternate": 0.31708149815419234, "unknown": 0.039285409944231534, "sfb": 0.027916448243125582}, "akl": {"sfR": 0.13064861186637447, "sfT": 0.00023852719169217747, "roll-out": 0.18049535925755433, "sft": 0.0, "bad-redirect": 0.0005014902019656232, "oneh-out": 0.015349746115798157, "roll-in": 0.1446750929308511, "oneh-in": 0.0026642948686288145, "dsfb-alt": 0.05425989575912045, "dsfb": 0.0, "redirect": 0.027792074557265095, "dsfb-red": 0.011395664996836315, "alternate": 0.2702943488302791, "unknown": 0.13277008071454782, "sfb": 0.02891481270908654}, "french": {"sfR": 0.10898279115633469, "sfT": 0.00010138210005611747, "roll-out": 0.17026000815641243, "sft": 0.0, "bad-redirect": 0.002571108186955904, "oneh-out": 0.013210041193613247, "roll-in": 0.19706723622821853, "oneh-in": 0.003336949799290559, "dsfb-alt": 0.040701669604530255, "dsfb": 0.0, "redirect": 0.029515899498412546, "dsfb-red": 0.011768338890022266, "alternate": 0.2341409637873536, "unknown": 0.15807953387545715, "sfb": 0.030264077523342717}, "keymash": {"sfR": 0.099723742164827, "sfT": 3.694384125641899e-05, "roll-out": 0.23280366811294964, "sft": 0.0, "bad-redirect": 0.0006855134988691079, "oneh-out": 0.022330499603879925, "roll-in": 0.16748285190035014, "oneh-in": 0.002799522192986417, "dsfb-alt": 0.06503347522504957, "dsfb": 0.0, "redirect": 0.032728138481936515, "dsfb-red": 0.013427033861082948, "alternate": 0.3252453686790114, "unknown": 0.01232282349464109, "sfb": 0.025380418943159847}, "movie": {"sfR": 0.11567713207251198, "sfT": 2.697755690981429e-05, "roll-out": 0.2284223958992008, "sft": 0.0, "bad-redirect": 0.0006053500574885157, "oneh-out": 0.03634969177812236, "roll-in": 0.14507793158202054, "oneh-in": 0.002454562885277347, "dsfb-alt": 0.0633513310923976, "dsfb": 0.0, "redirect": 0.027169558156309018, "dsfb-red": 0.012248995217602948, "alternate": 0.3154367291409859, "unknown": 0.030236445784519856, "sfb": 0.02294289877665333}, "dutch": {"sfR": 0.18880787437283908, "sfT": 0.0001396988178837008, "roll-out": 0.14901989023556725, "sft": 0.0, "bad-redirect": 0.0006057022292531656, "oneh-out": 0.002221320582195675, "roll-in": 0.18010378271979954, "oneh-in": 0.0028816579414824225,