{"english-450k": {"roll-in": 0.22246054934189946, "redirect": 0.02847130417394365, "dsfb-red": 0.01224901347774456, "alternate": 0.37412098805999644, "oneh-in": 0.005500493772733571, "sfR": 0.11369548401129392, "sfb": 0.022331449259516307, "sft": 0.0, "dsfb": 0.0, "unknown": 0.00015377410175167997, "oneh-out": 0.006650583727659634, "bad-redirect": 0.004512363613188556, "dsfb-alt": 0.04009060393462905, "sfT": 0.00014237259991077593, "roll-out": 0.16962101992573236}, "shai": {"roll-in": 0.2631040198685114, "redirect": 0.025479264981500993, "dsfb-red": 0.008663016045476375, "alternate": 0.3480940907217631, "oneh-in": 0.006794367192804879, "sfR": 0.09823378925716947, "sfb": 0.012657332117921758, "sft": 0.0, "dsfb": 0.0, "unknown": 0.023576761663012483, "oneh-out": 0.014205302119466825, "bad-redirect": 0.004040315881092372, "dsfb-alt": 0.030550274597763896, "sfT": 3.396283726355286e-05, "roll-out": 0.1645675027162529}, "tr-quotes": {"roll-in": 0.2600737384711403, "redirect": 0.025272185108989622, "dsfb-red": 0.008561984235223412, "alternate": 0.35189200434571555, "oneh-in": 0.005911791220729988, "sfR": 0.09677191928064538, "sfb": 0.0113601165021613, "sft": 0.0, "dsfb": 0.0, "unknown": 0.01476965396084233, "oneh-out": 0.024186911999260305, "bad-redirect": 0.003485818635722706, "dsfb-alt": 0.028310718661149765, "sfT": 2.3115508194447656e-05, "roll-out": 0.16938004207022492}, "gutenberg": {"roll-in": 0.26761222140006663, "redirect": 0.021364679815852296, "dsfb-red": 0.006696211226553884, "alternate": 0.3290431586233705, "oneh-in": 0.0055618638002608925, "sfR": 0.09863878308844841, "sfb": 0.00993652731318408, "sft": 0.0, "dsfb": 0.0, "unknown": 0.03802280288383396, "oneh-out": 0.014939173744971874, "bad-redirect": 0.004151696425290113, "dsfb-alt": 0.02742192079042117, "sfT": 0.0001587480199120786, "roll-out": 0.17645221286783414}, "english-200": {"roll-in": 0.2828507795100223, "redirect": 0.026726057906458798, "dsfb-red": 0.0022271714922048997, "alternate": 0.35412026726057905, "oneh-in": 0.004454342984409799, "sfR": 0.10690423162583519, "sfb": 0.008908685968819599, "sft": 0.0, "dsfb": 0.0, "unknown": 0.0, "oneh-out": 0.017817371937639197, "bad-redirect": 0.004454342984409799, "dsfb-alt": 0.024498886414253896, "sfT": 0.0, "roll-out": 0.16703786191536749}, "monkeyracer": {"roll-in": 0.25953868651954265, "redirect": 0.025255329464942054, "dsfb-red": 0.008481004739039993, "alternate": 0.351863944195067, "oneh-in": 0.005929665139121323, "sfR": 0.09690789370786869, "sfb": 0.011323646714734818, "sft": 0.0, "dsfb": 0.0, "unknown": 0.014352018393105714, "oneh-out": 0.02476754461422963, "bad-redirect": 0.003491718410310149, "dsfb-alt": 0.02824460015327588, "sfT": 2.248306927131395e-05, "roll-out": 0.16982146487949074}, "chained-bigrams": {"roll-in": 0.22575544977660672, "redirect": 0.03304636230292791, "dsfb-red": 0.014597018782436827, "alternate": 0.3477857736043358, "oneh-in": 0.010192785056122651, "sfR": 0.11914286586209158, "sfb": 0.013799672620574258, "sft": 0.0, "dsfb": 0.0, "unknown": 0.02365222201805197, "oneh-out": 0.006561873218064436, "bad-redirect": 0.0056703778758516446, "dsfb-alt": 0.04573377598598541, "sfT": 5.3892289441851195e-05, "roll-out": 0.15400793060750895}, "english-5k": {"roll-in": 0.24976148006803003, "redirect": 0.0270046044717302, "dsfb-red": 0.011117102916165428, "alternate": 0.367154768324553, "oneh-in": 0.0030696478201352306, "sfR": 0.10644211224955408, "sfb": 0.013771933463309412, "sft": 0.0, "dsfb": 0.0, "unknown": 0.002157049819554486, "oneh-out": 0.008420790641722322, "bad-redirect": 0.005765960094578338, "dsfb-alt": 0.03563280374994815, "sfT": 0.0, "roll-out": 0.1697017463807193}, "mt-quotes": {"roll-in": 0.2623773323292813, "redirect": 0.025001195300080086, "dsfb-red": 0.00828342955498978, "alternate": 0.35460071000824755, "oneh-in": 0.006046724280130527, "sfR": 0.0964592223377679, "sfb": 0.010636676587657332, "sft": 0.0, "dsfb": 0.0, "unknown": 0.008869126594231481, "oneh-out": 0.026475896773885083, "bad-redirect": 0.0033453460991381885, "dsfb-alt": 0.02803725750349625, "sfT": 1.0458875700744673e-05, "roll-out": 0.1698566237553938}, "wordle": {"roll-in": 0.2075171098395602, "redirect": 0.025939638729945026, "dsfb-red": 0.015079097946819253, "alternate": 0.3418826433299675, "oneh-in": 0.011825423538651408, "sfR": 0.13138112868843263, "sfb": 0.028452821721081566, "sft": 0.0, "dsfb": 0.0, "unknown": 0.0, "oneh-out": 0.007247840233366992, "bad-redirect": 0.00289464826657691, "dsfb-alt": 0.044160215415684954, "sfT": 0.0002468304723437675, "roll-out": 0.18337260181756984}, "english-1k": {"roll-in": 0.2607621736062103, "redirect": 0.02858151023288638, "dsfb-red": 0.011644318983768526, "alternate": 0.3355681016231475, "oneh-in": 0.0035285815102328866, "sfR": 0.10832745236414962, "sfb": 0.010938602681721948, "sft": 0.0, "dsfb": 0.0, "unknown": 0.0, "oneh-out": 0.012350035285815103, "bad-redirect": 0.0035285815102328866, "dsfb-alt": 0.02646436132674665, "sfT": 0.0, "roll-out": 0.19830628087508823}, "english-10k": {"roll-in": 0.2555720653789004, "redirect": 0.02628278111190444, "dsfb-red": 0.010516971883985256, "alternate": 0.3699272495706374, "oneh-in": 0.007776770035313869, "sfR": 0.10567144593890508, "sfb": 0.013816792420061366, "sft": 0.0, "dsfb": 0.0, "unknown": 0.0, "oneh-out": 0.007545203681905019, "bad-redirect": 0.004399760714768144, "dsfb-alt": 0.03475425020744486, "sfT": 7.718878446961657e-05, "roll-out": 0.16365952027170452}, "reddit": {"roll-in": 0.24706861093115945, "redirect": 0.025246184166489213, "dsfb-red": 0.008265277895612558, "alternate": 0.34231584577809065, "oneh-in": 0.006130917030518615, "sfR": 0.10397777127267367, "sfb": 0.012680195909762843, "sft": 0.0, "dsfb": 0.0, "unknown": 0.041208548455939874, "oneh-out": 0.018500965558470365, "bad-redirect": 0.0036136290296451077, "dsfb-alt": 0.030168462843276123, "sfT": 4.461177919529115e-05, "roll-out": 0.1607789793491662}, "akl": {"roll-in": 0.2060837874817105, "redirect": 0.02166214315767554, "dsfb-red": 0.009845312373643778, "alternate": 0.29316610206913074, "oneh-in": 0.006185177598121115, "sfR": 0.13064861186637447, "sfb": 0.017129632363480057, "sft": 0.0, "dsfb": 0.0, "unknown": 0.13287007238067358, "oneh-out": 0.016624238360365962, "bad-redirect": 0.0034649694257011887, "dsfb-alt": 0.026922935234481197, "sfT": 0.000120770759580626, "roll-out": 0.13527624692906123}, "french": {"roll-in": 0.1720182167768034, "redirect": 0.01889993364993254, "dsfb-red": 0.009480252611173369, "alternate": 0.2556425086471051, "oneh-in": 0.0026310055766447403, "sfR": 0.10898279115633469, "sfb": 0.03535351288077784, "sft": 0.0, "dsfb": 0.0, "unknown": 0.15819368050178012, "oneh-out": 0.013988197877064517, "bad-redirect": 0.008334456596662978, "dsfb-alt": 0.030899532196592343, "sfT": 4.190420184083945e-05, "roll-out": 0.18553400732728753}, "keymash": {"roll-in": 0.25684589902837696, "redirect": 0.025852479136991867, "dsfb-red": 0.008776214734024868, "alternate": 0.3484830448292989, "oneh-in": 0.005878175631021333, "sfR": 0.099723742164827, "sfb": 0.011473115145743455, "sft": 0.0, "dsfb": 0.0, "unknown": 0.013394194891077241, "oneh-out": 0.02351270252408533, "bad-redirect": 0.0035753428593712157, "dsfb-alt": 0.02827845804616338, "sfT": 2.462922750427933e-05, "roll-out": 0.17418200178151413}, "movie": {"roll-in": 0.22864045351773524, "redirect": 0.024551945549025525, "dsfb-red": 0.008266055035005684, "alternate": 0.34162956813932105, "oneh-in": 0.004035710915869633, "sfR": 0.11567713207251198, "sfb": 0.011865913909483584, "sft": 0.0, "dsfb": 0.0, "unknown": 0.030451476652766863, "oneh-out": 0.03487119006162595, "bad-redirect": 0.0024870675514077085, "dsfb-alt": 0.028592920378438535, "sfT": 2.3819208783787253e-05, "roll-out": 0.16890674700802444}, "dutch": {"roll-in": 0.19941650326632726, "redirect": 0.019696547127918896, "dsfb-red": 0.007355391103076999, "alternate": 0.28499050152037, "oneh-in": 0.0032219306236771334, "sfR": 0.18880787437283908, "sfb": 0.02004164319376278, "sft": 0.0,