{"english-450k": {"sfT": 0.001763139938525441, "redirect": 0.013726531177845303, "oneh-out": 0.004242528069620494, "alternate": 0.3666284472733162, "dsfb-alt": 0.06357097376426722, "roll-in": 0.20182383100986317, "bad-redirect": 0.002542534910521598, "sfR": 0.11369548401129392, "unknown": 0.00015377410175167997, "sft": 0.0, "sfb": 0.04752029028808379, "dsfb-red": 0.007246092939196083, "dsfb": 0.0, "oneh-in": 0.007612110382909207, "roll-out": 0.16947426213280586}, "shai": {"sfT": 0.00020525939015361808, "redirect": 0.011720414517686685, "oneh-out": 0.013166732102378197, "alternate": 0.3125675347632378, "dsfb-alt": 0.06977050875440027, "roll-in": 0.19129069773562507, "bad-redirect": 0.0030379806312358093, "sfR": 0.09823378925716947, "unknown": 0.024097749651430984, "sft": 0.0, "sfb": 0.025827892054608063, "dsfb-red": 0.008710420812519565, "dsfb": 0.0, "oneh-in": 0.005862968795525683, "roll-out": 0.2355080515340288}, "tr-quotes": {"sfT": 0.00019879337047224983, "redirect": 0.013672823097015788, "oneh-out": 0.02249716835024618, "alternate": 0.2957698620004161, "dsfb-alt": 0.07399158595501722, "roll-in": 0.1790053396823929, "bad-redirect": 0.0031286840341184902, "sfR": 0.09677191928064538, "unknown": 0.013894731975682485, "sft": 0.0, "sfb": 0.028436698180809506, "dsfb-red": 0.010848107995654284, "dsfb": 0.0, "oneh-in": 0.004671644206097871, "roll-out": 0.25711264187143157}, "gutenberg": {"sfT": 0.00012957475610962023, "redirect": 0.013060150344604443, "oneh-out": 0.016958759234569333, "alternate": 0.27300510759440677, "dsfb-alt": 0.06449242499156059, "roll-in": 0.1765672009920425, "bad-redirect": 0.0028370051864001064, "sfR": 0.09863878308844841, "unknown": 0.03298207965968062, "sft": 0.0, "sfb": 0.025466743805322642, "dsfb-red": 0.010871966122642128, "dsfb": 0.0, "oneh-in": 0.00557853423671944, "roll-out": 0.2794116699874934}, "english-200": {"sfT": 0.0, "redirect": 0.013363028953229399, "oneh-out": 0.015590200445434299, "alternate": 0.29175946547884185, "dsfb-alt": 0.08908685968819599, "roll-in": 0.16703786191536749, "bad-redirect": 0.0, "sfR": 0.10690423162583519, "unknown": 0.0, "sft": 0.0, "sfb": 0.0200445434298441, "dsfb-red": 0.0066815144766146995, "dsfb": 0.0, "oneh-in": 0.004454342984409799, "roll-out": 0.28507795100222716}, "monkeyracer": {"sfT": 0.00018475217792514507, "redirect": 0.013700986908988536, "oneh-out": 0.022942505904249497, "alternate": 0.2946973192361231, "dsfb-alt": 0.0741491624567934, "roll-in": 0.1789085349641053, "bad-redirect": 0.0031525173217385864, "sfR": 0.09690789370786869, "unknown": 0.013491796612290222, "sft": 0.0, "sfb": 0.028252420351283294, "dsfb-red": 0.010877895428312245, "dsfb": 0.0, "oneh-in": 0.004663770586671254, "roll-out": 0.2580704443436508}, "chained-bigrams": {"sfT": 0.00011752414926475984, "redirect": 0.020287525103742658, "oneh-out": 0.008242273761142881, "alternate": 0.31734572033537883, "dsfb-alt": 0.06698746647152896, "roll-in": 0.1743000008440961, "bad-redirect": 0.002463462001715463, "sfR": 0.11914286586209158, "unknown": 0.023159399756770463, "sft": 0.0, "sfb": 0.0262572324426388, "dsfb-red": 0.01308154163114429, "dsfb": 0.0, "oneh-in": 0.007367660340923922, "roll-out": 0.22124732729956126}, "english-5k": {"sfT": 0.00041481727299124733, "redirect": 0.010328950097482059, "oneh-out": 0.004687435184801095, "alternate": 0.36466586468660556, "dsfb-alt": 0.0667440992242917, "roll-in": 0.23092877587422742, "bad-redirect": 0.0003733355456921226, "sfR": 0.10644211224955408, "unknown": 0.002157049819554486, "sft": 0.0, "sfb": 0.028456464927199568, "dsfb-red": 0.007051893640851205, "dsfb": 0.0, "oneh-in": 0.009955614551789936, "roll-out": 0.16779358692495955}, "mt-quotes": {"sfT": 0.0001389536343098935, "redirect": 0.013744456795878605, "oneh-out": 0.024455839638541255, "alternate": 0.2919460680603866, "dsfb-alt": 0.07505737440384408, "roll-in": 0.17854645533761251, "bad-redirect": 0.003400628727842125, "sfR": 0.0964592223377679, "unknown": 0.007995063410669249, "sft": 0.0, "sfb": 0.02759649059896487, "dsfb-red": 0.011264209129702012, "dsfb": 0.0, "oneh-in": 0.004373304168011379, "roll-out": 0.26502193375646954}, "wordle": {"sfT": 0.0005385392123864019, "redirect": 0.02544597778525749, "oneh-out": 0.009379557949063167, "alternate": 0.3273869628632335, "dsfb-alt": 0.06846179737462134, "roll-in": 0.1663637383596993, "bad-redirect": 0.003926848423650847, "sfR": 0.13138112868843263, "unknown": 0.0, "sft": 0.0, "sfb": 0.04458655895882419, "dsfb-red": 0.014024458655895883, "dsfb": 0.0, "oneh-in": 0.0028048917311791766, "roll-out": 0.2056995399977561}, "english-1k": {"sfT": 0.0, "redirect": 0.009527170077628794, "oneh-out": 0.009880028228652082, "alternate": 0.32251235003528583, "dsfb-alt": 0.07904022582921666, "roll-in": 0.2021877205363444, "bad-redirect": 0.00035285815102328866, "sfR": 0.10832745236414962, "unknown": 0.0, "sft": 0.0, "sfb": 0.025405786873676783, "dsfb-red": 0.008468595624558928, "dsfb": 0.0, "oneh-in": 0.008468595624558928, "roll-out": 0.22582921665490474}, "english-10k": {"sfT": 0.00040524111846548696, "redirect": 0.010478377491750448, "oneh-out": 0.005190945755581714, "alternate": 0.35759634125161616, "dsfb-alt": 0.06701916211574459, "roll-in": 0.23183651415449336, "bad-redirect": 0.004129599969124486, "sfR": 0.10567144593890508, "unknown": 0.0, "sft": 0.0, "sfb": 0.02987205958974161, "dsfb-red": 0.006966287798382895, "dsfb": 0.0, "oneh-in": 0.008162713957661952, "roll-out": 0.17267131085853227}, "reddit": {"sfT": 0.00021796468777279533, "redirect": 0.013866359815537223, "oneh-out": 0.01695659640966948, "alternate": 0.2921376327701424, "dsfb-alt": 0.06581911777678266, "roll-in": 0.17425181158097067, "bad-redirect": 0.002544706827381444, "sfR": 0.10397777127267367, "unknown": 0.04519937363713543, "sft": 0.0, "sfb": 0.027482803769788986, "dsfb-red": 0.01112076888083055, "dsfb": 0.0, "oneh-in": 0.0046030291435531015, "roll-out": 0.2418220634277616}, "akl": {"sfT": 0.0002695352324601164, "redirect": 0.015936304592157415, "oneh-out": 0.01566748588016126, "alternate": 0.2443963837656921, "dsfb-alt": 0.05559502045950062, "roll-in": 0.15535559638184837, "bad-redirect": 0.0023185613909668464, "sfR": 0.13064861186637447, "unknown": 0.13920166722946467, "sft": 0.0, "sfb": 0.026360096056239245, "dsfb-red": 0.008740487233421341, "dsfb": 0.0, "oneh-in": 0.00420172541586786, "roll-out": 0.20130852449584571}, "french": {"sfT": 0.000298962584102235, "redirect": 0.01038470619184247, "oneh-out": 0.009436595534246587, "alternate": 0.2557117097584039, "dsfb-alt": 0.042721685849936845, "roll-in": 0.2037410758994463, "bad-redirect": 0.0045672134183696485, "sfR": 0.10898279115633469, "unknown": 0.15842537463172957, "sft": 0.0, "sfb": 0.03425565874895987, "dsfb-red": 0.007020639265154014, "dsfb": 0.0, "oneh-in": 0.006888274723407923, "roll-out": 0.15756531223806597}, "keymash": {"sfT": 0.00018471920628209497, "redirect": 0.013747213818638578, "oneh-out": 0.021805076083788632, "alternate": 0.29309191217217473, "dsfb-alt": 0.07357160742653307, "roll-in": 0.17885745013607648, "bad-redirect": 0.003066338824282776, "sfR": 0.099723742164827, "unknown": 0.012376186820900362, "sft": 0.0, "sfb": 0.027884390406094913, "dsfb-red": 0.010808126003127912, "dsfb": 0.0, "oneh-in": 0.005028467282123696, "roll-out": 0.25985476965514975}, "movie": {"sfT": 0.00011198976063537542, "redirect": 0.016552639332830542, "oneh-out": 0.032569543864783744, "alternate": 0.2824426506489287, "dsfb-alt": 0.07120838004508279, "roll-in": 0.14740563415090246, "bad-redirect": 0.002267693954487414, "sfR": 0.11567713207251198, "unknown": 0.030282373430185833, "sft": 0.0, "sfb": 0.029119048537099207, "dsfb-red": 0.013931078790389516, "dsfb": 0.0, "oneh-in": 0.0031053141970775015, "roll-out": 0.255326521215085}, "dutch": {"sfT": 0.00039028166731570164, "redirect": 0.010215872776568068, "oneh-out": 0.0037796679783520803, "alternate": 0.2610946161750324, "dsfb-alt": 0.05729765573872021, "roll-in": 0.17765463346605587, "bad-redirect": 0.002407729119061155,