{"english-450k": {"sfR": 0.11369548401129392, "roll-out": 0.20888603818859955, "oneh-in": 0.002446060664175487, "alternate": 0.30484400114365834, "bad-redirect": 0.0031947592850615184, "dsfb-red": 0.015453127841239641, "dsfb": 0.0, "sft": 0.0, "unknown": 0.0001543587941537776, "sfb": 0.04114100383499746, "oneh-out": 0.006018531240992083, "roll-in": 0.20817154407323624, "sfT": 0.00035870878868690366, "dsfb-alt": 0.0698637257418431, "redirect": 0.02577265639206198}, "shai": {"sfR": 0.09823378925716947, "roll-out": 0.23491793804435365, "oneh-in": 0.004547811624416768, "alternate": 0.25441575714640025, "bad-redirect": 0.0034998249027056636, "dsfb-red": 0.01628322010581388, "dsfb": 0.0, "sft": 0.0, "unknown": 0.031793109309943265, "sfb": 0.03523500193365624, "oneh-out": 0.00690549824082179, "roll-in": 0.22227641267599135, "sfT": 0.0003634739612829074, "dsfb-alt": 0.0573326055932671, "redirect": 0.03419555720417769}, "tr-quotes": {"sfR": 0.09677191928064538, "roll-out": 0.23025588867571253, "oneh-in": 0.005478375442084094, "alternate": 0.2458426758512286, "bad-redirect": 0.0026374794849864775, "dsfb-red": 0.019046022976815145, "dsfb": 0.0, "sft": 0.0, "unknown": 0.039616513719054114, "sfb": 0.03596079609810222, "oneh-out": 0.007015556737014863, "roll-in": 0.22140496058805853, "sfT": 0.0005593952983056332, "dsfb-alt": 0.05249531910959063, "redirect": 0.04291509673840179}, "gutenberg": {"sfR": 0.09863878308844841, "roll-out": 0.24281286336341967, "oneh-in": 0.004169314045638351, "alternate": 0.23304341928837696, "bad-redirect": 0.0035589487471219816, "dsfb-red": 0.02116141415312478, "dsfb": 0.0, "sft": 0.0, "unknown": 0.04011588984327138, "sfb": 0.03874474644455583, "oneh-out": 0.006896067027278517, "roll-in": 0.22747359914344267, "sfT": 0.0004427137500412025, "dsfb-alt": 0.04744747202302945, "redirect": 0.0354947690822508}, "english-200": {"sfR": 0.10690423162583519, "roll-out": 0.23608017817371937, "oneh-in": 0.0022271714922048997, "alternate": 0.2583518930957684, "bad-redirect": 0.0022271714922048997, "dsfb-red": 0.017817371937639197, "dsfb": 0.0, "sft": 0.0, "unknown": 0.0, "sfb": 0.0200445434298441, "oneh-out": 0.011135857461024499, "roll-in": 0.25389755011135856, "sfT": 0.0, "dsfb-alt": 0.05790645879732739, "redirect": 0.0334075723830735}, "monkeyracer": {"sfR": 0.09690789370786869, "roll-out": 0.2299656302297574, "oneh-in": 0.005554295634765472, "alternate": 0.2451808029779314, "bad-redirect": 0.0026158562334798316, "dsfb-red": 0.0189473622472121, "dsfb": 0.0, "sft": 0.0, "unknown": 0.03912933825484461, "sfb": 0.0360638206359385, "oneh-out": 0.0070909645432222345, "roll-in": 0.2220183540047234, "sfT": 0.0005571891080282153, "dsfb-alt": 0.052527292491045874, "redirect": 0.043441199931182256}, "chained-bigrams": {"sfR": 0.11914286586209158, "roll-out": 0.2110019485633809, "oneh-in": 0.0031497770612339774, "alternate": 0.27264628672386176, "bad-redirect": 0.003826352550371435, "dsfb-red": 0.02297499722422244, "dsfb": 0.0, "sft": 0.0, "unknown": 0.033665798979163164, "sfb": 0.033926819465375506, "oneh-out": 0.0067800395946001225, "roll-in": 0.19334865259536824, "sfT": 0.0003727008932484649, "dsfb-alt": 0.06494085808212276, "redirect": 0.03422290240495965}, "english-5k": {"sfR": 0.10644211224955408, "roll-out": 0.22968432405525366, "oneh-in": 0.002447421910648359, "alternate": 0.28668021736425103, "bad-redirect": 0.00315261127473348, "dsfb-red": 0.013771933463309412, "dsfb": 0.0, "sft": 0.0, "unknown": 0.0022400132741527356, "sfb": 0.0273364582901232, "oneh-out": 0.006471149458663459, "roll-in": 0.22810801841788692, "sfT": 4.148172729912474e-05, "dsfb-alt": 0.06778114240676981, "redirect": 0.02584311610735471}, "mt-quotes": {"sfR": 0.0964592223377679, "roll-out": 0.23191510978831237, "oneh-in": 0.00569411075650542, "alternate": 0.24418486511038595, "bad-redirect": 0.0025519656709817, "dsfb-red": 0.01929662566787392, "dsfb": 0.0, "sft": 0.0, "unknown": 0.03468910244916987, "sfb": 0.03573947239454465, "oneh-out": 0.007224094859014356, "roll-in": 0.22423530677376555, "sfT": 0.0005020260336357443, "dsfb-alt": 0.05233173163122602, "redirect": 0.04517636652681656}, "wordle": {"sfR": 0.13138112868843263, "roll-out": 0.21213957141254347, "oneh-in": 0.004644900706832716, "alternate": 0.2743408504431729, "bad-redirect": 0.003590261415909346, "dsfb-red": 0.021115224952316842, "dsfb": 0.0, "sft": 0.0, "unknown": 0.0, "sfb": 0.0488948726579154, "oneh-out": 0.006462470548636822, "roll-in": 0.19941658251991473, "sfT": 0.0006956131493324357, "dsfb-alt": 0.061640300684393586, "redirect": 0.035678222820599126}, "english-1k": {"sfR": 0.10832745236414962, "roll-out": 0.2332392378263938, "oneh-in": 0.0035285815102328866, "alternate": 0.26287932251235, "bad-redirect": 0.002117148906139732, "dsfb-red": 0.016937191249117856, "dsfb": 0.0, "sft": 0.0, "unknown": 0.0, "sfb": 0.03140437544107269, "oneh-out": 0.009174311926605505, "roll-in": 0.24064925899788286, "sfT": 0.0, "dsfb-alt": 0.05963302752293578, "redirect": 0.03211009174311927}, "english-10k": {"sfR": 0.10567144593890508, "roll-out": 0.23550298141680015, "oneh-in": 0.002180583161266668, "alternate": 0.28507747824241136, "bad-redirect": 0.0043418691264159315, "dsfb-red": 0.013681712047239536, "dsfb": 0.0, "sft": 0.0, "unknown": 0.0, "sfb": 0.03228420910441713, "oneh-out": 0.006445263503212983, "roll-in": 0.22396325813859247, "sfT": 1.929719611740414e-05, "dsfb-alt": 0.06441404063989502, "redirect": 0.02641786148472627}, "reddit": {"sfR": 0.10397777127267367, "roll-out": 0.22965522136675734, "oneh-in": 0.0035369162472841035, "alternate": 0.2396944823544681, "bad-redirect": 0.002856389963136287, "dsfb-red": 0.018374059842338003, "dsfb": 0.0, "sft": 0.0, "unknown": 0.06027826737738363, "sfb": 0.034222703425124595, "oneh-out": 0.0074290411445337365, "roll-in": 0.20987321227471942, "sfT": 0.00031718937550438746, "dsfb-alt": 0.05129107275596851, "redirect": 0.03849367260010821}, "akl": {"sfR": 0.13064861186637447, "roll-out": 0.19025802470182063, "oneh-in": 0.0026355846348659895, "alternate": 0.20299244641656133, "bad-redirect": 0.0022927419466620682, "dsfb-red": 0.019878402524049578, "dsfb": 0.0, "sft": 0.0, "unknown": 0.15113620503040356, "sfb": 0.034618612093437334, "oneh-out": 0.0070679555173224625, "roll-in": 0.18104594346510236, "sfT": 0.0003297723666371963, "dsfb-alt": 0.043419929443488686, "redirect": 0.033675769993274346}, "french": {"sfR": 0.10898279115633469, "roll-out": 0.1580443565190316, "oneh-in": 0.018027241566547163, "alternate": 0.21858226474247724, "bad-redirect": 0.004737227319867627, "dsfb-red": 0.011435352551046756, "dsfb": 0.0, "sft": 0.0, "unknown": 0.1845785256052277, "sfb": 0.027843536811717678, "oneh-out": 0.0015315933336392624, "roll-in": 0.20856372966153644, "sfT": 0.00011699317560783528, "dsfb-alt": 0.03694758048030066, "redirect": 0.020608807076665348}, "keymash": {"sfR": 0.099723742164827, "roll-out": 0.2292857934510884, "oneh-in": 0.005611358999724973, "alternate": 0.24697778854166239, "bad-redirect": 0.0027954173217357037, "dsfb-red": 0.019416041015873537, "dsfb": 0.0, "sft": 0.0, "unknown": 0.03457533054475746, "sfb": 0.035535870417424356, "oneh-out": 0.006731988851169683, "roll-in": 0.22474170097654886, "sfT": 0.0004802699363334469, "dsfb-alt": 0.051754216728992296, "redirect": 0.04237048104986187}, "movie": {"sfR": 0.11567713207251198, "roll-out": 0.2055435852699381, "oneh-in": 0.0059095325394737585, "alternate": 0.2310958059900441, "bad-redirect": 0.0020692444139020485, "dsfb-red": 0.02187406113167035, "dsfb": 0.0, "sft": 0.0, "unknown": 0.08496732886260383, "sfb": 0.03307895909794419, "oneh-out": 0.0064579007328552035, "roll-in": 0.19511932568214727, "sfT": 0.0004767789691914984, "dsfb-alt": 0.044631801749435346, "redirect": 0.05309854348828233}, "dutch": {"sfR": 0.18880787437283908, "roll-out": 0.13013110745713402, "oneh-in": 0.0077888859844986846, "alternate": 0.22755029596748272, "bad-redirect": 0.002591555621556817, "dsfb-red": 0.011450210720900768, "dsfb": 0.0, "sft": 0.0,