{"monkeyracer": {"roll-out": 0.12545845910818462, "alternate": 0.1491438838231384, "dsfb": 0.0, "oneh-in": 0.010718558893911195, "dsfb-alt": 0.05819986862067347, "sfT": 0.041990553200807045, "dsfb-red": 0.04504531804745296, "sfb": 0.24630006881774247, "sft": 0.0, "unknown": 0.013491796612290222, "sfR": 0.09690789370786869, "roll-in": 0.17060446220498304, "oneh-out": 0.005580688803040493, "redirect": 0.03330426826407245, "bad-redirect": 0.0032541798958349625}}