{"english-450k": {"unknown": 0.00015377410175167997, "alternate": 0.35845327810718697, "redirect": 0.035299049699438874, "roll-in": 0.2133870002999472, "oneh-out": 0.004903815176392927, "oneh-in": 0.0025077457125967885, "dsfb-alt": 0.04987806239954254, "dsfb-red": 0.01434513573926461, "dsfb": 0.0, "sfb": 0.024847380665742463, "roll-out": 0.18058341777266107, "sft": 0.0, "sfR": 0.11369548401129392, "sfT": 0.00014646544672545944, "bad-redirect": 0.0017993908674554947}, "shai": {"unknown": 0.023621906111313578, "alternate": 0.3235259470658121, "redirect": 0.034636884438572435, "roll-in": 0.21026603100104563, "oneh-out": 0.013745807186141584, "oneh-in": 0.0022638214620670522, "dsfb-alt": 0.044443056687865155, "dsfb-red": 0.011227382492066436, "dsfb": 0.0, "sfb": 0.013884615527522787, "roll-out": 0.22316625062352285, "sft": 0.0, "sfR": 0.09823378925716947, "sfT": 3.880084826975697e-05, "bad-redirect": 0.0009457072986311448}, "tr-quotes": {"unknown": 0.01476965396084233, "alternate": 0.32263470562400315, "redirect": 0.03377406902290747, "roll-in": 0.20271838376366705, "oneh-out": 0.024401886225468666, "oneh-in": 0.0023693395899308848, "dsfb-alt": 0.04704237072652042, "dsfb-red": 0.011632879498855782, "dsfb": 0.0, "sfb": 0.011052680243175145, "roll-out": 0.23195141120177526, "sft": 0.0, "sfR": 0.09677191928064538, "sfT": 2.3115508194447656e-05, "bad-redirect": 0.000857585354014008}, "gutenberg": {"unknown": 0.03802431837805746, "alternate": 0.30551397418279813, "redirect": 0.0301325716459366, "roll-in": 0.20428085442048827, "oneh-out": 0.01529645150816302, "oneh-in": 0.002142340521701309, "dsfb-alt": 0.04047373591679634, "dsfb-red": 0.008326883011044542, "dsfb": 0.0, "sfb": 0.010694274424936244, "roll-out": 0.24514255685850173, "sft": 0.0, "sfR": 0.09863878308844841, "sfT": 0.00015249660624012325, "bad-redirect": 0.0011807594368878113}, "english-200": {"unknown": 0.0, "alternate": 0.31625835189309576, "redirect": 0.0334075723830735, "roll-in": 0.24276169265033407, "oneh-out": 0.0200445434298441, "oneh-in": 0.004454342984409799, "dsfb-alt": 0.044543429844097995, "dsfb-red": 0.008908685968819599, "dsfb": 0.0, "sfb": 0.008908685968819599, "roll-out": 0.21380846325167038, "sft": 0.0, "sfR": 0.10690423162583519, "sfT": 0.0, "bad-redirect": 0.0}, "monkeyracer": {"unknown": 0.014352018393105714, "alternate": 0.3222371240439808, "redirect": 0.033718738758465365, "roll-in": 0.2021589611648967, "oneh-out": 0.025003128079202967, "oneh-in": 0.002398845738774106, "dsfb-alt": 0.047141131113439795, "dsfb-red": 0.011578780674726685, "dsfb": 0.0, "sfb": 0.01097076027965028, "roll-out": 0.23263818289879098, "sft": 0.0, "sfR": 0.09690789370786869, "sfT": 2.1505544520387257e-05, "bad-redirect": 0.0008729296025775373}, "chained-bigrams": {"unknown": 0.02365222201805197, "alternate": 0.32017149435526965, "redirect": 0.04035428661218134, "roll-in": 0.17789260370532214, "oneh-out": 0.007860482602205428, "oneh-in": 0.0049418580113485475, "dsfb-alt": 0.05795628750952043, "dsfb-red": 0.022456852079950185, "dsfb": 0.0, "sfb": 0.015652788211743453, "roll-out": 0.2071840369740064, "sft": 0.0, "sfR": 0.11914286586209158, "sfT": 3.701036744801829e-05, "bad-redirect": 0.0026972116908608418}, "english-5k": {"unknown": 0.002157049819554486, "alternate": 0.3483220641307504, "redirect": 0.035715767204546396, "roll-in": 0.237109553241797, "oneh-out": 0.006097813912971336, "oneh-in": 0.0019496411830588626, "dsfb-alt": 0.04521508275604596, "dsfb-red": 0.01339859791761729, "dsfb": 0.0, "sfb": 0.016426764010453395, "roll-out": 0.18563072966358318, "sft": 0.0, "sfR": 0.10644211224955408, "sfT": 0.0, "bad-redirect": 0.0015348239100676153}, "mt-quotes": {"unknown": 0.008869126594231481, "alternate": 0.32324350653231493, "redirect": 0.03358046162489093, "roll-in": 0.20163666463465654, "oneh-out": 0.0268075925461087, "oneh-in": 0.0024473769139742533, "dsfb-alt": 0.04810485172302507, "dsfb-red": 0.011470398393516693, "dsfb": 0.0, "sfb": 0.010098791551619034, "roll-out": 0.23648713259463788, "sft": 0.0, "sfR": 0.0964592223377679, "sfT": 8.96475060063829e-06, "bad-redirect": 0.0007859098026559568}, "wordle": {"unknown": 0.0, "alternate": 0.32328060136878717, "redirect": 0.03666554470997419, "roll-in": 0.19192191181420398, "oneh-out": 0.008145405587344329, "oneh-in": 0.0021092785818467405, "dsfb-alt": 0.05544709974194996, "dsfb-red": 0.017008863457870525, "dsfb": 0.0, "sfb": 0.029754291484348706, "roll-out": 0.2020868394479973, "sft": 0.0, "sfR": 0.13138112868843263, "sfT": 0.0002019522046449007, "bad-redirect": 0.0019970829125995735}, "english-1k": {"unknown": 0.0, "alternate": 0.31616090331686664, "redirect": 0.03669724770642202, "roll-in": 0.257939308398024, "oneh-out": 0.009527170077628794, "oneh-in": 0.0028228652081863093, "dsfb-alt": 0.037755822159491886, "dsfb-red": 0.01305575158786168, "dsfb": 0.0, "sfb": 0.011644318983768526, "roll-out": 0.20606916019760058, "sft": 0.0, "sfR": 0.10832745236414962, "sfT": 0.0, "bad-redirect": 0.0}, "english-10k": {"unknown": 0.0, "alternate": 0.3486424422531406, "redirect": 0.03811196233187318, "roll-in": 0.2339785029235252, "oneh-out": 0.005248837343933927, "oneh-in": 0.0021226915729144554, "dsfb-alt": 0.0479921267439841, "dsfb-red": 0.012620366260782308, "dsfb": 0.0, "sfb": 0.015997375581328032, "roll-out": 0.18845641728256884, "sft": 0.0, "sfR": 0.10567144593890508, "sfT": 7.718878446961657e-05, "bad-redirect": 0.0010806429825746318}, "reddit": {"unknown": 0.041217688064775854, "alternate": 0.31266111135770575, "redirect": 0.03243617209958353, "roll-in": 0.19543386640851018, "oneh-out": 0.01834401899690171, "oneh-in": 0.002652284518270509, "dsfb-alt": 0.04901853149335028, "dsfb-red": 0.011905651518326883, "dsfb": 0.0, "sfb": 0.01305518207393082, "roll-out": 0.21824535617036905, "sft": 0.0, "sfR": 0.10397777127267367, "sfT": 6.895909781572713e-05, "bad-redirect": 0.0009834069277860403}, "akl": {"unknown": 0.13295000147380848, "alternate": 0.2668495408079776, "redirect": 0.025808424714194193, "roll-in": 0.17206561953707195, "oneh-out": 0.015620022576324439, "oneh-in": 0.0030830393108081207, "dsfb-alt": 0.04373495137160918, "dsfb-red": 0.012334578588248624, "dsfb": 0.0, "sfb": 0.018428436888618106, "roll-out": 0.17729906029823608, "sft": 0.0, "sfR": 0.13064861186637447, "sfT": 0.00022827353677688293, "bad-redirect": 0.0009494390299518649}, "french": {"unknown": 0.15822382396052298, "alternate": 0.25039073008940277, "redirect": 0.024165810117514095, "roll-in": 0.1562174262061687, "oneh-out": 0.01295620390659525, "oneh-in": 0.0002776134644657687, "dsfb-alt": 0.036015979808556975, "dsfb-red": 0.00899167988102263, "dsfb": 0.0, "sfb": 0.045272763319030324, "roll-out": 0.1967535764607034, "sft": 0.0, "sfR": 0.10898279115633469, "sfT": 5.5582620246519256e-05, "bad-redirect": 0.0016960190094359063}, "keymash": {"unknown": 0.013394194891077241, "alternate": 0.3200157627056027, "redirect": 0.033651734513346986, "roll-in": 0.20395873783418783, "oneh-out": 0.023603009691601024, "oneh-in": 0.002298727900399404, "dsfb-alt": 0.045863726484218825, "dsfb-red": 0.011826134073304791, "dsfb": 0.0, "sfb": 0.01162089051076913, "roll-out": 0.23312384807050526, "sft": 0.0, "sfR": 0.099723742164827, "sfT": 2.873409875499255e-05, "bad-redirect": 0.000890757061404769}, "movie": {"unknown": 0.030451476652766863, "alternate": 0.30950877290411033, "redirect": 0.029276834345561976, "roll-in": 0.18906200876994317, "oneh-out": 0.03553023203725693, "oneh-in": 0.0014996889685085057, "dsfb-alt": 0.051799278027937955, "dsfb-red": 0.012506532187712737, "dsfb": 0.0, "sfb": 0.01090946081865173, "roll-out": 0.21304084573193335, "sft": 0.0, "sfR": 0.11567713207251198, "sfT": 1.6054936307304115e-05, "bad-redirect": 0.0007216825467971784}, "dutch": {"unknown": 0.07325981014373002, "alternate": 0.27704857620707685, "redirect": 0.024473651397172867, "roll-in": 0.19912105756971968, "oneh-out": 0.0024289950410236846, "oneh-in": 0.001487000765895945, "dsfb-alt": 0.03614155989087892,