{"english-450k": {"oneh-out": 0.011573109060919686, "alternate": 0.267955172802916, "sfb": 0.02332308757347391, "sfT": 0.0001265859050541396, "dsfb-alt": 0.035684654338622265, "roll-out": 0.2241500180377606, "bad-redirect": 0.023497618255500057, "roll-in": 0.24774001769279208, "dsfb-red": 0.011955790238092593, "sft": 0.0, "oneh-in": 0.013165226471831567, "redirect": 0.026979461509991517, "sfR": 0.11369548401129392, "unknown": 0.00015377410175167997, "dsfb": 0.0}, "shai": {"oneh-out": 0.009419262962695761, "alternate": 0.25280446725680594, "sfb": 0.018398777817789203, "sfT": 0.00013679959921142744, "dsfb-alt": 0.03159184031126756, "roll-out": 0.20454209503061183, "bad-redirect": 0.023378275488267552, "roll-in": 0.28420903783804535, "dsfb-red": 0.01371871432450684, "sft": 0.0, "oneh-in": 0.013833123608781556, "redirect": 0.0264730543687162, "sfR": 0.09823378925716947, "unknown": 0.023260762136131256, "dsfb": 0.0}, "tr-quotes": {"oneh-out": 0.009926954994105546, "alternate": 0.25749982663368853, "sfb": 0.016110353436120294, "sfT": 6.70349737638982e-05, "dsfb-alt": 0.034045676244192226, "roll-out": 0.1870079286193107, "bad-redirect": 0.024200781304176973, "roll-in": 0.2971845311019163, "dsfb-red": 0.019857377314440258, "sft": 0.0, "oneh-in": 0.014941864496890963, "redirect": 0.028549964170962297, "sfR": 0.09677191928064538, "unknown": 0.013835787429786644, "dsfb": 0.0}, "gutenberg": {"oneh-out": 0.008343174573947214, "alternate": 0.23739989687061808, "sfb": 0.016533284231320493, "sfT": 5.285286104471352e-05, "dsfb-alt": 0.029098057401616955, "roll-out": 0.18610098571533032, "bad-redirect": 0.02325715322745333, "roll-in": 0.31707056482090834, "dsfb-red": 0.012492787194680008, "sft": 0.0, "oneh-in": 0.01293265939305214, "redirect": 0.025103972375571295, "sfR": 0.09863878308844841, "unknown": 0.032975828246008664, "dsfb": 0.0}, "english-200": {"oneh-out": 0.008908685968819599, "alternate": 0.2650334075723831, "sfb": 0.011135857461024499, "sfT": 0.0, "dsfb-alt": 0.024498886414253896, "roll-out": 0.2026726057906459, "bad-redirect": 0.022271714922048998, "roll-in": 0.3184855233853007, "dsfb-red": 0.008908685968819599, "sft": 0.0, "oneh-in": 0.017817371937639197, "redirect": 0.013363028953229399, "sfR": 0.10690423162583519, "unknown": 0.0, "dsfb": 0.0}, "monkeyracer": {"oneh-out": 0.00983585404382439, "alternate": 0.25712322286000283, "sfb": 0.015998170073666267, "sfT": 7.038178206672193e-05, "dsfb-alt": 0.034093130738070285, "roll-out": 0.18624876831881385, "bad-redirect": 0.024415635703896023, "roll-in": 0.2979290160626867, "dsfb-red": 0.020233784819431628, "sft": 0.0, "oneh-in": 0.015043128392010885, "redirect": 0.028664935796174358, "sfR": 0.09690789370786869, "unknown": 0.013436077701487402, "dsfb": 0.0}, "chained-bigrams": {"oneh-out": 0.010694048278401074, "alternate": 0.2707931711326926, "sfb": 0.018707766787935138, "sfT": 0.00010778457888370239, "dsfb-alt": 0.04202170106141838, "roll-out": 0.1653142732105325, "bad-redirect": 0.023069146404572662, "roll-in": 0.2584492396317403, "dsfb-red": 0.01824676045656509, "sft": 0.0, "oneh-in": 0.019438883871206517, "redirect": 0.03109779892202435, "sfR": 0.11914286586209158, "unknown": 0.022916559801936097, "dsfb": 0.0}, "english-5k": {"oneh-out": 0.008420790641722322, "alternate": 0.25420002488903637, "sfb": 0.01742232546563239, "sfT": 0.00012444518189737422, "dsfb-alt": 0.0387439332973825, "roll-out": 0.234454722694653, "bad-redirect": 0.024308292197287095, "roll-in": 0.2664371344422782, "dsfb-red": 0.010038578006388186, "sft": 0.0, "oneh-in": 0.013440079644916414, "redirect": 0.0238105114696976, "sfR": 0.10644211224955408, "unknown": 0.002157049819554486, "dsfb": 0.0}, "mt-quotes": {"oneh-out": 0.009749166278194141, "alternate": 0.2596445775211867, "sfb": 0.01490688612376137, "sfT": 6.424737930457441e-05, "dsfb-alt": 0.03445303068335306, "roll-out": 0.18429286047262164, "bad-redirect": 0.02451560464254551, "roll-in": 0.3026798627795508, "dsfb-red": 0.02112095241510381, "sft": 0.0, "oneh-in": 0.015313288150990307, "redirect": 0.028823167306152208, "sfR": 0.0964592223377679, "unknown": 0.007977133909467972, "dsfb": 0.0}, "wordle": {"oneh-out": 0.012947380231123079, "alternate": 0.2432402109278582, "sfb": 0.033905531246493884, "sfT": 4.4878267698866824e-05, "dsfb-alt": 0.038370918882531135, "roll-out": 0.20924492314596657, "bad-redirect": 0.023202064400314148, "roll-in": 0.2469426680130147, "dsfb-red": 0.011197127790867272, "sft": 0.0, "oneh-in": 0.016066419836194324, "redirect": 0.033456748569505215, "sfR": 0.13138112868843263, "unknown": 0.0, "dsfb": 0.0}, "english-1k": {"oneh-out": 0.01058574453069866, "alternate": 0.2304163726182075, "sfb": 0.01834862385321101, "sfT": 0.0, "dsfb-alt": 0.02928722653493296, "roll-out": 0.223712067748765, "bad-redirect": 0.02364149611856034, "roll-in": 0.30522230063514466, "dsfb-red": 0.008821453775582216, "sft": 0.0, "oneh-in": 0.017642907551164433, "redirect": 0.02399435426958363, "sfR": 0.10832745236414962, "unknown": 0.0, "dsfb": 0.0}, "english-10k": {"oneh-out": 0.011057293375272573, "alternate": 0.2544721252002084, "sfb": 0.021439184886436, "sfT": 0.00011578317670442484, "dsfb-alt": 0.036375214681306806, "roll-out": 0.24248856641130043, "bad-redirect": 0.022288261515601784, "roll-in": 0.25875610273827215, "dsfb-red": 0.009339842920823604, "sft": 0.0, "oneh-in": 0.01271685224136933, "redirect": 0.025279326913799426, "sfR": 0.10567144593890508, "unknown": 0.0, "dsfb": 0.0}, "reddit": {"oneh-out": 0.009835118085431744, "alternate": 0.2566675225685597, "sfb": 0.020316339092223336, "sfT": 0.00018511453634183786, "dsfb-alt": 0.03227877604905573, "roll-out": 0.1790835556899028, "bad-redirect": 0.021746500587987744, "roll-in": 0.2792037378003546, "dsfb-red": 0.016013081627007694, "sft": 0.0, "oneh-in": 0.014617755525577139, "redirect": 0.026789317220652444, "sfR": 0.10397777127267367, "unknown": 0.039285409944231534, "dsfb": 0.0}, "akl": {"oneh-out": 0.007624864871035088, "alternate": 0.21844934940312485, "sfb": 0.020631045502434404, "sfT": 0.00016544210436822253, "dsfb-alt": 0.028812671481568883, "roll-out": 0.14849765548327293, "bad-redirect": 0.01632433748479525, "roll-in": 0.24283632105483277, "dsfb-red": 0.014789105914152497, "sft": 0.0, "oneh-in": 0.013658387206818666, "redirect": 0.024792126912674167, "sfR": 0.13064861186637447, "unknown": 0.13277008071454782, "dsfb": 0.0}, "french": {"oneh-out": 0.011424985118914521, "alternate": 0.18862790676316588, "sfb": 0.025703126513399763, "sfT": 4.929024814313972e-05, "dsfb-alt": 0.01958321035116785, "roll-out": 0.18960849804628588, "bad-redirect": 0.038513452260065, "roll-in": 0.2061093000315832, "dsfb-red": 0.013145679216098681, "sft": 0.0, "oneh-in": 0.013957230417212885, "redirect": 0.026214996002171347, "sfR": 0.10898279115633469, "unknown": 0.15807953387545715, "dsfb": 0.0}, "keymash": {"oneh-out": 0.010336065809295891, "alternate": 0.25416952297291195, "sfb": 0.015631349722715945, "sfT": 4.925845500855866e-05, "dsfb-alt": 0.033438281208309904, "roll-out": 0.18940286437915874, "bad-redirect": 0.024329571902977264, "roll-in": 0.29810806484054625, "dsfb-red": 0.019104070800819332, "sft": 0.0, "oneh-in": 0.014748802403812605, "redirect": 0.028635581844975434, "sfR": 0.099723742164827, "unknown": 0.01232282349464109, "dsfb": 0.0}, "movie": {"oneh-out": 0.011056060810834819, "alternate": 0.2578267485503511, "sfb": 0.01899391083641086, "sfT": 0.00011778006553309166, "dsfb-alt": 0.03465839635663488, "roll-out": 0.16559574538923943, "bad-redirect": 0.019961154950006638, "roll-in": 0.2695140841928756, "dsfb-red": 0.02917287205308025, "sft": 0.0, "oneh-in": 0.014080968728537214, "redirect": 0.03310870020946428, "sfR": 0.11567713207251198, "unknown": 0.030236445784519856, "dsfb": 0.0}, "dutch": {"oneh-out": 0.01071104959015763, "alternate": 0.20970901225745509, "sfb": 0.03355541936918103, "sfT": 5.289584299280161e-05, "dsfb-alt": 0.028743816251819213, "roll-out": 0.2006549294317455, "bad-redirect": 0.02835253046002636,