{"english-450k": {"dsfb": 0.0, "sfb": 0.06745830119961341, "sft": 0.0, "sfR": 0.11369548401129392, "oneh-in": 0.008279829106104714, "sfT": 0.0013041564028787914, "oneh-out": 0.006993213475288852, "bad-redirect": 0.002681691702220837, "dsfb-alt": 0.06806111906617607, "alternate": 0.31101806056360837, "roll-in": 0.21232929174455256, "redirect": 0.03730717575444322, "dsfb-red": 0.019112132893566686, "roll-out": 0.15160576997850087, "unknown": 0.00015377410175167997}, "shai": {"dsfb": 0.0, "sfb": 0.06476492839898527, "sft": 0.0, "sfR": 0.09823378925716947, "oneh-in": 0.01324480211838311, "sfT": 0.0015408252268911049, "oneh-out": 0.005515274490940612, "bad-redirect": 0.0017525946446546713, "dsfb-alt": 0.05457392140221505, "alternate": 0.287949141589772, "roll-in": 0.23077988272970953, "redirect": 0.03853618584526477, "dsfb-red": 0.021272865988178843, "roll-out": 0.15773803865640462, "unknown": 0.024097749651430984}, "tr-quotes": {"dsfb": 0.0, "sfb": 0.06850049698342618, "sft": 0.0, "sfR": 0.09677191928064538, "oneh-in": 0.014077344490418623, "sfT": 0.0018041654145766394, "oneh-out": 0.0052564665634173965, "bad-redirect": 0.001941702688333603, "dsfb-alt": 0.053028131573472644, "alternate": 0.27429324333695476, "roll-in": 0.23949631307644298, "redirect": 0.04089711287302651, "dsfb-red": 0.022009431127343333, "roll-out": 0.16802894061625945, "unknown": 0.013894731975682485}, "gutenberg": {"dsfb": 0.0, "sfb": 0.06536762290563435, "sft": 0.0, "sfR": 0.09863878308844841, "oneh-in": 0.018677897994357057, "sfT": 0.0015052646374956761, "oneh-out": 0.0056444582354418784, "bad-redirect": 0.0031859477313619785, "dsfb-alt": 0.04444944557538201, "alternate": 0.26918454665695235, "roll-in": 0.24609845483997708, "redirect": 0.04685055673574668, "dsfb-red": 0.025824589878847604, "roll-out": 0.14159035206067433, "unknown": 0.03298207965968062}, "english-200": {"dsfb": 0.0, "sfb": 0.0, "sft": 0.0, "sfR": 0.10690423162583519, "oneh-in": 0.0200445434298441, "sfT": 0.0, "oneh-out": 0.0022271714922048997, "bad-redirect": 0.004454342984409799, "dsfb-alt": 0.07126948775055679, "alternate": 0.29175946547884185, "roll-in": 0.22048997772828507, "redirect": 0.060133630289532294, "dsfb-red": 0.017817371937639197, "roll-out": 0.20489977728285078, "unknown": 0.0}, "monkeyracer": {"dsfb": 0.0, "sfb": 0.06870923721788635, "sft": 0.0, "sfR": 0.09690789370786869, "oneh-in": 0.014077333938095312, "sfT": 0.0018289488089838434, "oneh-out": 0.005279611179755071, "bad-redirect": 0.0019227911850728061, "dsfb-alt": 0.053059065955549996, "alternate": 0.2741653893676588, "roll-in": 0.23886306051269218, "redirect": 0.041144016766504525, "dsfb-red": 0.02199528442060153, "roll-out": 0.1685555703270407, "unknown": 0.013491796612290222}, "chained-bigrams": {"dsfb": 0.0, "sfb": 0.05980485796784513, "sft": 0.0, "sfR": 0.11914286586209158, "oneh-in": 0.015774208189160636, "sfT": 0.0012622483213850448, "oneh-out": 0.00679042846967325, "bad-redirect": 0.004884069893754273, "dsfb-alt": 0.056653782297227014, "alternate": 0.28914317103529685, "roll-in": 0.22002144004093216, "redirect": 0.03904853487642758, "dsfb-red": 0.02199065131104357, "roll-out": 0.14232434197839244, "unknown": 0.023159399756770463}, "english-5k": {"dsfb": 0.0, "sfb": 0.06027294976562824, "sft": 0.0, "sfR": 0.10644211224955408, "oneh-in": 0.006014850458373086, "sfT": 0.001244451818973742, "oneh-out": 0.007466710913842453, "bad-redirect": 0.0021155680922553613, "dsfb-alt": 0.06429667731364334, "alternate": 0.3038951341933878, "roll-in": 0.21251088895341602, "redirect": 0.03783133529680176, "dsfb-red": 0.021072717467955367, "roll-out": 0.17467955365661425, "unknown": 0.002157049819554486}, "mt-quotes": {"dsfb": 0.0, "sfb": 0.06751204264830686, "sft": 0.0, "sfR": 0.0964592223377679, "oneh-in": 0.01424200045421403, "sfT": 0.0018019148707282963, "oneh-out": 0.005108413717263719, "bad-redirect": 0.001952821505839041, "dsfb-alt": 0.053255100943091764, "alternate": 0.273483164198372, "roll-in": 0.2426728105090783, "redirect": 0.0418848089312822, "dsfb-red": 0.022081674854472214, "roll-out": 0.17155096161891442, "unknown": 0.007995063410669249}, "wordle": {"dsfb": 0.0, "sfb": 0.09639851901716594, "sft": 0.0, "sfR": 0.13138112868843263, "oneh-in": 0.010950297318523506, "sfT": 0.002782452597329743, "oneh-out": 0.004959048580724784, "bad-redirect": 0.002670256928082576, "dsfb-alt": 0.06036127005497588, "alternate": 0.27995063390553127, "roll-in": 0.21218444968024233, "redirect": 0.03682261864692023, "dsfb-red": 0.023516212274206215, "roll-out": 0.1380231123078649, "unknown": 0.0}, "english-1k": {"dsfb": 0.0, "sfb": 0.05575158786167961, "sft": 0.0, "sfR": 0.10832745236414962, "oneh-in": 0.010232886379675371, "sfT": 0.0007057163020465773, "oneh-out": 0.0067043048694424845, "bad-redirect": 0.002117148906139732, "dsfb-alt": 0.062103034580098804, "alternate": 0.27875793930839804, "roll-in": 0.21418489767113622, "redirect": 0.048694424841213835, "dsfb-red": 0.025758645024700072, "roll-out": 0.1866619618913197, "unknown": 0.0}, "english-10k": {"dsfb": 0.0, "sfb": 0.06728932286138824, "sft": 0.0, "sfR": 0.10567144593890508, "oneh-in": 0.006811910229443662, "sfT": 0.0012736149437486733, "oneh-out": 0.006715424248856641, "bad-redirect": 0.0019490168078578182, "dsfb-alt": 0.060052874317361685, "alternate": 0.316763474267189, "roll-in": 0.2116323498195712, "redirect": 0.03465776422685784, "dsfb-red": 0.019837517608691457, "roll-out": 0.16734528473012872, "unknown": 0.0}, "reddit": {"dsfb": 0.0, "sfb": 0.06427519811694092, "sft": 0.0, "sfR": 0.10397777127267367, "oneh-in": 0.013458898074070911, "sfT": 0.0015780433633236113, "oneh-out": 0.006073719560467221, "bad-redirect": 0.0015505121645758874, "dsfb-alt": 0.049703627581916085, "alternate": 0.26665557927234107, "roll-in": 0.22792116787719663, "redirect": 0.0399091882472871, "dsfb-red": 0.02130862342695252, "roll-out": 0.15838829740511898, "unknown": 0.04519937363713543}, "akl": {"dsfb": 0.0, "sfb": 0.059104290615956324, "sft": 0.0, "sfR": 0.13064861186637447, "oneh-in": 0.011942864262882167, "sfT": 0.0018450154870956765, "oneh-out": 0.005240482427792712, "bad-redirect": 0.0011910052567153224, "dsfb-alt": 0.04619385194310343, "alternate": 0.22708670710494033, "roll-in": 0.18695926331615603, "redirect": 0.03600162012689182, "dsfb-red": 0.016827408973302028, "roll-out": 0.13775721138932503, "unknown": 0.13920166722946467}, "french": {"dsfb": 0.0, "sfb": 0.07172841259047925, "sft": 0.0, "sfR": 0.10898279115633469, "oneh-in": 0.010900830522703006, "sfT": 0.0011206115442585303, "oneh-out": 0.007514036147250676, "bad-redirect": 0.0032806031052886294, "dsfb-alt": 0.037924561140380376, "alternate": 0.22567958105626246, "roll-in": 0.19293148477224228, "redirect": 0.02208537211807672, "dsfb-red": 0.01764427581486481, "roll-out": 0.14178206540012903, "unknown": 0.15842537463172957}, "keymash": {"dsfb": 0.0, "sfb": 0.06708180597915546, "sft": 0.0, "sfR": 0.099723742164827, "oneh-in": 0.014966360580100405, "sfT": 0.002036016140353758, "oneh-out": 0.005188557260901512, "bad-redirect": 0.00194981384408878, "dsfb-alt": 0.050686950203806855, "alternate": 0.27617573774798554, "roll-in": 0.23867363400146954, "redirect": 0.04189842085602985, "dsfb-red": 0.023475758682828914, "roll-out": 0.165767015717552, "unknown": 0.012376186820900362}, "movie": {"dsfb": 0.0, "sfb": 0.07475954771928443, "sft": 0.0, "sfR": 0.11567713207251198, "oneh-in": 0.014178877520444054, "sfT": 0.0011872756997089978, "oneh-out": 0.005464863442896869, "bad-redirect": 0.0016595803423886245, "dsfb-alt": 0.047108867865110635, "alternate": 0.2405896688590428, "roll-in": 0.23134294673090572, "redirect": 0.044208319904870556, "dsfb-red": 0.01983311025306396, "roll-out": 0.17370743615958553, "unknown": 0.030282373430185833}, "dutch": {"dsfb": 0.0, "sfb": 0.08030277508805903, "sft": 0.0, "sfR": 0.18880787437283908, "oneh-in": 0.0062145981122675, "sfT": 0.0006507264535768689, "oneh-out": 0.003354690224191948, "bad-redirect": 0.0022789860164549466,