{"english-450k": {"sft": 0.0, "roll-out": 0.23720356826079153, "alternate": 0.21173290549441298, "unknown": 0.00015377410175167997, "sfT": 0.0005262231618878782, "oneh-out": 0.021438331615312157, "dsfb-red": 0.01952843388386021, "oneh-in": 0.025928476917221003, "redirect": 0.05616321337589114, "sfR": 0.11369548401129392, "dsfb-alt": 0.028926194862775617, "roll-in": 0.21924941866957923, "sfb": 0.045404873177294525, "bad-redirect": 0.02004910246792816, "dsfb": 0.0}, "shai": {"sft": 0.0, "roll-out": 0.2506003197576938, "alternate": 0.18424232335376806, "unknown": 0.023260762136131256, "sfT": 0.00010567377160191267, "oneh-out": 0.03766075742971415, "dsfb-red": 0.017423949563309515, "oneh-in": 0.048095228621951785, "redirect": 0.04862136812448969, "sfR": 0.09823378925716947, "dsfb-alt": 0.02343061502653707, "roll-in": 0.2156491542537496, "sfb": 0.034823198177625754, "bad-redirect": 0.017852860526257938, "dsfb": 0.0}, "tr-quotes": {"sft": 0.0, "roll-out": 0.2610145396546543, "alternate": 0.1909687709484293, "unknown": 0.013835787429786644, "sfT": 6.819074917362058e-05, "oneh-out": 0.04213725988765863, "dsfb-red": 0.01589537920991193, "oneh-in": 0.052657127666951756, "redirect": 0.04150736228935993, "sfR": 0.09677191928064538, "dsfb-alt": 0.022572293751878136, "roll-in": 0.2136786019740644, "sfb": 0.03305748826887959, "bad-redirect": 0.015835278888606367, "dsfb": 0.0}, "gutenberg": {"sft": 0.0, "roll-out": 0.24898319809441757, "alternate": 0.18044913944554886, "unknown": 0.032975828246008664, "sfT": 9.320289474551632e-05, "oneh-out": 0.038029054297505915, "dsfb-red": 0.0165537434033378, "oneh-in": 0.06222846605842306, "redirect": 0.0462142385986528, "sfR": 0.09863878308844841, "dsfb-alt": 0.0232077102284115, "roll-in": 0.20540970818022106, "sfb": 0.030781013736818515, "bad-redirect": 0.01643591372746034, "dsfb": 0.0}, "english-200": {"sft": 0.0, "roll-out": 0.27616926503340755, "alternate": 0.19599109131403117, "unknown": 0.0, "sfT": 0.0, "oneh-out": 0.0467706013363029, "dsfb-red": 0.011135857461024499, "oneh-in": 0.0378619153674833, "redirect": 0.031180400890868598, "sfR": 0.10690423162583519, "dsfb-alt": 0.022271714922048998, "roll-in": 0.23608017817371937, "sfb": 0.0200445434298441, "bad-redirect": 0.015590200445434299, "dsfb": 0.0}, "monkeyracer": {"sft": 0.0, "roll-out": 0.26186324037724634, "alternate": 0.19130452633060668, "unknown": 0.013436077701487402, "sfT": 7.135930681764862e-05, "oneh-out": 0.04232975428937861, "dsfb-red": 0.01589846254907174, "oneh-in": 0.052317124669596635, "redirect": 0.04114206171700267, "sfR": 0.09690789370786869, "dsfb-alt": 0.022422462736756493, "roll-in": 0.2136214163942631, "sfb": 0.03293867400722586, "bad-redirect": 0.015746946212678106, "dsfb": 0.0}, "chained-bigrams": {"sft": 0.0, "roll-out": 0.23367047397294607, "alternate": 0.1784354224278931, "unknown": 0.022916559801936097, "sfT": 0.0002636177049806215, "oneh-out": 0.023743773979633908, "dsfb-red": 0.028589534896556024, "oneh-in": 0.044813711237321516, "redirect": 0.05749203465469002, "sfR": 0.11914286586209158, "dsfb-alt": 0.029420644902406257, "roll-in": 0.21013837332292715, "sfb": 0.03170424950441819, "bad-redirect": 0.019668737732199473, "dsfb": 0.0}, "english-5k": {"sft": 0.0, "roll-out": 0.25411706143443813, "alternate": 0.1873314804828473, "unknown": 0.002157049819554486, "sfT": 0.00016592690919649896, "oneh-out": 0.03372464429418841, "dsfb-red": 0.015970465010163023, "oneh-in": 0.0234786576513046, "redirect": 0.053138092670178785, "sfR": 0.10644211224955408, "dsfb-alt": 0.024764591197577467, "roll-in": 0.23412286887626002, "sfb": 0.04027875720745012, "bad-redirect": 0.024308292197287095, "dsfb": 0.0}, "mt-quotes": {"sft": 0.0, "roll-out": 0.26588105568903075, "alternate": 0.19325312869795963, "unknown": 0.007977133909467972, "sfT": 4.781200320340421e-05, "oneh-out": 0.04356271141870167, "dsfb-red": 0.015316276401190519, "oneh-in": 0.05387665698473602, "redirect": 0.03983636341903635, "sfR": 0.0964592223377679, "dsfb-alt": 0.02193525059466179, "roll-in": 0.21508080228541376, "sfb": 0.03143041560583785, "bad-redirect": 0.015343170652992434, "dsfb": 0.0}, "wordle": {"sft": 0.0, "roll-out": 0.2423202064400314, "alternate": 0.17383596993156064, "unknown": 0.0, "sfT": 0.00047122181083810165, "oneh-out": 0.02905867833501627, "dsfb-red": 0.029305508807360037, "oneh-in": 0.02571524739145069, "redirect": 0.050353416358128573, "sfR": 0.13138112868843263, "dsfb-alt": 0.031908448333894314, "roll-in": 0.2208235162122742, "sfb": 0.050286098956580275, "bad-redirect": 0.014540558734432852, "dsfb": 0.0}, "english-1k": {"sft": 0.0, "roll-out": 0.27593507410021173, "alternate": 0.17854622441778406, "unknown": 0.0, "sfT": 0.0, "oneh-out": 0.04199011997177135, "dsfb-red": 0.017290049400141144, "oneh-in": 0.027522935779816515, "redirect": 0.053634438955539876, "sfR": 0.10832745236414962, "dsfb-alt": 0.01834862385321101, "roll-in": 0.22300635144671843, "sfb": 0.03387438249823571, "bad-redirect": 0.021524347212420608, "dsfb": 0.0}, "english-10k": {"sft": 0.0, "roll-out": 0.2552247158487872, "alternate": 0.19285617799733698, "unknown": 0.0, "sfT": 0.00011578317670442484, "oneh-out": 0.02879141660716698, "dsfb-red": 0.016325427915323903, "oneh-in": 0.023793442812759306, "redirect": 0.05740915844927732, "sfR": 0.10567144593890508, "dsfb-alt": 0.02460392504969028, "roll-in": 0.23264699639142433, "sfb": 0.04092935296501418, "bad-redirect": 0.02163215684761004, "dsfb": 0.0}, "reddit": {"sft": 0.0, "roll-out": 0.24683622513928072, "alternate": 0.18579289009601646, "unknown": 0.039285409944231534, "sfT": 0.00015301353317612458, "oneh-out": 0.03842130487768563, "dsfb-red": 0.01647058647259232, "oneh-in": 0.04660998236317697, "redirect": 0.041468203244673506, "sfR": 0.10397777127267367, "dsfb-alt": 0.022698593118286578, "roll-in": 0.2107117713854205, "sfb": 0.032279450282494446, "bad-redirect": 0.01529479827029157, "dsfb": 0.0}, "akl": {"sft": 0.0, "roll-out": 0.21464793655819098, "alternate": 0.16108842719879068, "unknown": 0.13277008071454782, "sfT": 0.00040387046565157786, "oneh-out": 0.031985498218791895, "dsfb-red": 0.014814134715186698, "oneh-in": 0.03361590347313035, "redirect": 0.03603480243665385, "sfR": 0.13064861186637447, "dsfb-alt": 0.019140732352601303, "roll-in": 0.18165446699982232, "sfb": 0.03155585772403995, "bad-redirect": 0.01163967727621812, "dsfb": 0.0}, "french": {"sft": 0.0, "roll-out": 0.21486684374300677, "alternate": 0.1493508152210024, "unknown": 0.15807953387545715, "sfT": 0.00012259638314751135, "oneh-out": 0.042813734264706284, "dsfb-red": 0.015110966806044207, "oneh-in": 0.019579899364894404, "redirect": 0.04831988945560689, "sfR": 0.10898279115633469, "dsfb-alt": 0.0216445614885583, "roll-in": 0.15619594224998717, "sfb": 0.03910018599502846, "bad-redirect": 0.025832239996225775, "dsfb": 0.0}, "keymash": {"sft": 0.0, "roll-out": 0.26329465176324746, "alternate": 0.18754746257383637, "unknown": 0.01232282349464109, "sfT": 6.978281126212477e-05, "oneh-out": 0.042284278753596895, "dsfb-red": 0.016128039144052246, "oneh-in": 0.05271475660165919, "redirect": 0.0431873504287538, "sfR": 0.099723742164827, "dsfb-alt": 0.02190359299380575, "roll-in": 0.2120248098418393, "sfb": 0.03263372644317011, "bad-redirect": 0.016164982985308666, "dsfb": 0.0}, "movie": {"sft": 0.0, "roll-out": 0.25946514164072765, "alternate": 0.18645439759839208, "unknown": 0.030236445784519856, "sfT": 8.553859507989897e-05, "oneh-out": 0.04214723455696074, "dsfb-red": 0.017598973747415585, "oneh-in": 0.04330542713434257, "redirect": 0.03679462407037642, "sfR": 0.11567713207251198, "dsfb-alt": 0.02516321750925034, "roll-in": 0.19778378711996683, "sfb": 0.031101438377535512, "bad-redirect": 0.014186641792920536, "dsfb": 0.0}, "dutch": {"sft": 0.0, "roll-out": 0.2096149652416933, "alternate": 0.15715729706760867, "unknown": 0.07290361491625476, "sfT": 0.00020496690889854752, "oneh-out": 0.02831684817949901, "dsfb-red": 0.018039454847911182, "oneh-in": 0.021079387910104608,