{"english-450k": {"roll-in": 0.15725857612198088, "sfT": 0.00017833118263978095, "redirect": 0.019438683600138222, "oneh-out": 0.003804301114248311, "sft": 0.0, "bad-redirect": 0.003926501826286718, "unknown": 0.15729278062750357, "alternate": 0.32476505597552713, "sfb": 0.02735775749414869, "oneh-in": 0.004591589433672786, "sfR": 0.11369548401129392, "dsfb": 0.0, "dsfb-alt": 0.032106921530186794, "roll-out": 0.14988151208471492, "dsfb-red": 0.005702504997658307}, "shai": {"roll-in": 0.19795555330899828, "sfT": 0.00019765016644306024, "redirect": 0.01741320143805813, "oneh-out": 0.009061668152387594, "sft": 0.0, "bad-redirect": 0.0030968031042536413, "unknown": 0.16686798082011176, "alternate": 0.3120381866918006, "sfb": 0.02347925058358024, "oneh-in": 0.0035110142545608123, "sfR": 0.09823378925716947, "dsfb": 0.0, "dsfb-alt": 0.02243257593045402, "roll-out": 0.1414745847283577, "dsfb-red": 0.0042377415638247444}, "tr-quotes": {"roll-in": 0.20836434664016087, "sfT": 0.00015256235408335454, "redirect": 0.016320704560689767, "oneh-out": 0.017728439009731627, "sft": 0.0, "bad-redirect": 0.0030870761193684845, "unknown": 0.14961050368692355, "alternate": 0.32151938235362104, "sfb": 0.022343450220753104, "oneh-in": 0.0030096391669170845, "sfR": 0.09677191928064538, "dsfb": 0.0, "dsfb-alt": 0.019200896881717944, "roll-out": 0.13760430873072743, "dsfb-red": 0.004286770994660317}, "gutenberg": {"roll-in": 0.21395576954333992, "sfT": 0.0001394254685623984, "redirect": 0.013258111777549696, "oneh-out": 0.008823017932464273, "sft": 0.0, "bad-redirect": 0.0029838186893020886, "unknown": 0.17231567138477905, "alternate": 0.29955467202242325, "sfb": 0.01983308346622323, "oneh-in": 0.003917742004536632, "sfR": 0.09863878308844841, "dsfb": 0.0, "dsfb-alt": 0.019215898443701095, "roll-out": 0.14358133259680314, "dsfb-red": 0.0037826735818668085}, "english-200": {"roll-in": 0.2071269487750557, "sfT": 0.0, "redirect": 0.015590200445434299, "oneh-out": 0.013363028953229399, "sft": 0.0, "bad-redirect": 0.0022271714922048997, "unknown": 0.12472160356347439, "alternate": 0.3207126948775056, "sfb": 0.008908685968819599, "oneh-in": 0.004454342984409799, "sfR": 0.10690423162583519, "dsfb": 0.0, "dsfb-alt": 0.026726057906458798, "roll-out": 0.16926503340757237, "dsfb-red": 0.0}, "monkeyracer": {"roll-in": 0.2080045591754383, "sfT": 0.0001476062373899307, "redirect": 0.016339326211739683, "oneh-out": 0.018173162644478158, "sft": 0.0, "bad-redirect": 0.003102663559441325, "unknown": 0.14916734441716065, "alternate": 0.3217473841437665, "sfb": 0.022244553232087835, "oneh-in": 0.003054764846645917, "sfR": 0.09690789370786869, "dsfb": 0.0, "dsfb-alt": 0.019173170464676165, "roll-out": 0.1376266872077201, "dsfb-red": 0.004310884151586718}, "chained-bigrams": {"roll-in": 0.17983856986745744, "sfT": 0.00027725310351410195, "redirect": 0.02029077162720301, "oneh-out": 0.004299046366198756, "sft": 0.0, "bad-redirect": 0.008285777175511603, "unknown": 0.16201450676543025, "alternate": 0.30859633960972893, "sfb": 0.021966627037436962, "oneh-in": 0.00444838644537497, "sfR": 0.11914286586209158, "dsfb": 0.0, "dsfb-alt": 0.03987185322597297, "roll-out": 0.12313998554647755, "dsfb-red": 0.007828017367601903}, "english-5k": {"roll-in": 0.1809432944787821, "sfT": 0.0, "redirect": 0.020491973285767618, "oneh-out": 0.0037333554569212264, "sft": 0.0, "bad-redirect": 0.003442983365827353, "unknown": 0.137345999087402, "alternate": 0.32758120048118805, "sfb": 0.02576015265275646, "oneh-in": 0.003899282366117725, "sfR": 0.10644211224955408, "dsfb": 0.0, "dsfb-alt": 0.023603102833201973, "roll-out": 0.1619861451030821, "dsfb-red": 0.004770398639399345}, "mt-quotes": {"roll-in": 0.21177430343887832, "sfT": 0.00011355350760808502, "redirect": 0.016238151587956155, "oneh-out": 0.019652227441699237, "sft": 0.0, "bad-redirect": 0.003077897706219146, "unknown": 0.14289364219887402, "alternate": 0.3250992099066471, "sfb": 0.02146011881282796, "oneh-in": 0.0029030850695066996, "sfR": 0.0964592223377679, "dsfb": 0.0, "dsfb-alt": 0.018563010243721687, "roll-out": 0.13768362797480307, "dsfb-red": 0.004081949773490635}, "wordle": {"roll-in": 0.13322113766408616, "sfT": 0.00029170874004263433, "redirect": 0.014854706608324919, "oneh-out": 0.004622461572983283, "sft": 0.0, "bad-redirect": 0.003231235274318411, "unknown": 0.18276674520363514, "alternate": 0.30806686861887134, "sfb": 0.03329967463255918, "oneh-in": 0.0024458655895882417, "sfR": 0.13138112868843263, "dsfb": 0.0, "dsfb-alt": 0.033524065971053514, "roll-out": 0.14663973970604735, "dsfb-red": 0.00565466173005722}, "english-1k": {"roll-in": 0.1958362738179252, "sfT": 0.0, "redirect": 0.019407198306280876, "oneh-out": 0.0045871559633027525, "sft": 0.0, "bad-redirect": 0.0028228652081863093, "unknown": 0.13479181369089627, "alternate": 0.30980945659844744, "sfb": 0.022582921665490474, "oneh-in": 0.00529287226534933, "sfR": 0.10832745236414962, "dsfb": 0.0, "dsfb-alt": 0.019760056457304165, "roll-out": 0.1743119266055046, "dsfb-red": 0.0024700070571630206}, "english-10k": {"roll-in": 0.17074159124679184, "sfT": 1.929719611740414e-05, "redirect": 0.018988440979525675, "oneh-out": 0.003299820536076108, "sft": 0.0, "bad-redirect": 0.003145442967136875, "unknown": 0.15617220817815172, "alternate": 0.33025221435325447, "sfb": 0.024951274579803555, "oneh-in": 0.003396306516663129, "sfR": 0.10567144593890508, "dsfb": 0.0, "dsfb-alt": 0.024333764304046622, "roll-out": 0.15536172594122075, "dsfb-red": 0.0036664672623067866}, "reddit": {"roll-in": 0.19369475616815907, "sfT": 0.00019073314833116924, "redirect": 0.016514111986803005, "oneh-out": 0.013352556477819499, "sft": 0.0, "bad-redirect": 0.0024236444677179837, "unknown": 0.17698361818759684, "alternate": 0.309641519444986, "sfb": 0.023553258916690405, "oneh-in": 0.0026756954015593895, "sfR": 0.10397777127267367, "dsfb": 0.0, "dsfb-alt": 0.01917145325586391, "roll-out": 0.13305794643102958, "dsfb-red": 0.004762934840769473}, "akl": {"roll-in": 0.15656078380222968, "sfT": 0.0004583013133103584, "redirect": 0.014129215274447228, "oneh-out": 0.012216253881286346, "sft": 0.0, "bad-redirect": 0.0019116024750395772, "unknown": 0.2517528005387641, "alternate": 0.26637584665849323, "sfb": 0.024194178231698157, "oneh-in": 0.002063653059012403, "sfR": 0.13064861186637447, "dsfb": 0.0, "dsfb-alt": 0.016138857515038345, "roll-out": 0.11822604950667195, "dsfb-red": 0.005323845877634167}, "french": {"roll-in": 0.11461961794124881, "sfT": 5.750029555421588e-05, "redirect": 0.013390842018717021, "oneh-out": 0.006792675612951577, "sft": 0.0, "bad-redirect": 0.005768307398198071, "unknown": 0.2986639661004146, "alternate": 0.20534489667572933, "sfb": 0.023553337584280146, "oneh-in": 0.0037760375173997197, "sfR": 0.10898279115633469, "dsfb": 0.0, "dsfb-alt": 0.020144100414992427, "roll-out": 0.19132152144223924, "dsfb-red": 0.007584405841940137}, "keymash": {"roll-in": 0.20633135341710007, "sfT": 6.567794001141154e-05, "redirect": 0.016698616247901383, "oneh-out": 0.016957223136696318, "sft": 0.0, "bad-redirect": 0.0029555073005135195, "unknown": 0.14854297594955934, "alternate": 0.32001986757685347, "sfb": 0.022203248595107816, "oneh-in": 0.0034563015931005324, "sfR": 0.099723742164827, "dsfb": 0.0, "dsfb-alt": 0.019526872539642793, "roll-out": 0.1392741766654489, "dsfb-red": 0.004244436873237471}, "movie": {"roll-in": 0.1913133845924461, "sfT": 0.00012304397907647005, "redirect": 0.016134947793163466, "oneh-out": 0.02787571215815323, "sft": 0.0, "bad-redirect": 0.0017172201956886179, "unknown": 0.152881683410079, "alternate": 0.31468267352589696, "sfb": 0.021559410699614905, "oneh-in": 0.0029219984079293486, "sfR": 0.11567713207251198, "dsfb": 0.0, "dsfb-alt": 0.01842422379317873, "roll-out": 0.13190590912458616, "dsfb-red": 0.004782660247675028}, "dutch": {"roll-in": 0.11954322449257555, "sfT": 5.9960575921331724e-05, "redirect": 0.011791738558691919, "oneh-out": 0.00361160264398885, "sft": 0.0,