{"english-450k": {"sft": 0.0, "dsfb-alt": 0.044839183278265055, "roll-out": 0.17148414226501651, "sfT": 0.00042507137632498605, "roll-in": 0.2278327031323726, "sfR": 0.11369548401129392, "oneh-out": 0.004487806532300455, "dsfb-red": 0.013962746908292752, "sfb": 0.034970744915661045, "oneh-in": 0.003726829370970373, "dsfb": 0.0, "redirect": 0.03567763802979709, "unknown": 0.00015377410175167997, "alternate": 0.3462033875908393, "bad-redirect": 0.0025404884871142565}, "shai": {"sft": 0.0, "dsfb-alt": 0.03902773163390391, "roll-out": 0.21664612898741126, "sfT": 0.0002261828201532496, "roll-in": 0.22577065257879145, "sfR": 0.09823378925716947, "oneh-out": 0.005899815087348934, "dsfb-red": 0.01517937177382074, "sfb": 0.02665718519720352, "oneh-in": 0.004920284286171215, "dsfb": 0.0, "redirect": 0.027510219427408625, "unknown": 0.024052709704167625, "alternate": 0.3139481986033707, "bad-redirect": 0.00192773064307926}, "tr-quotes": {"sft": 0.0, "dsfb-alt": 0.03665888444557454, "roll-out": 0.24486026675296457, "sfT": 0.0001745220868680798, "roll-in": 0.21897089757518318, "sfR": 0.09677191928064538, "oneh-out": 0.006110584591202238, "dsfb-red": 0.015819098032870252, "sfb": 0.024932387138531242, "oneh-in": 0.00583551004368831, "dsfb": 0.0, "redirect": 0.027972076466101108, "unknown": 0.013890108874043596, "alternate": 0.30646078454034814, "bad-redirect": 0.001542960171979381}, "gutenberg": {"sft": 0.0, "dsfb-alt": 0.0359494173493021, "roll-out": 0.24933422444393674, "sfT": 0.00021766285785080944, "roll-in": 0.2120420792126098, "sfR": 0.09863878308844841, "oneh-out": 0.010530222175241901, "dsfb-red": 0.017963342467974767, "sfb": 0.03009960964657538, "oneh-in": 0.00447790655689942, "dsfb": 0.0, "redirect": 0.029002391828758245, "unknown": 0.03296484091288825, "alternate": 0.2768794685767956, "bad-redirect": 0.0019000508827185542}, "english-200": {"sft": 0.0, "dsfb-alt": 0.0467706013363029, "roll-out": 0.2650334075723831, "sfT": 0.0, "roll-in": 0.2026726057906459, "sfR": 0.10690423162583519, "oneh-out": 0.008908685968819599, "dsfb-red": 0.013363028953229399, "sfb": 0.015590200445434299, "oneh-in": 0.0066815144766146995, "dsfb": 0.0, "redirect": 0.024498886414253896, "unknown": 0.0, "alternate": 0.30957683741648107, "bad-redirect": 0.0}, "monkeyracer": {"sft": 0.0, "dsfb-alt": 0.03670312182304456, "roll-out": 0.24568422822465866, "sfT": 0.00017302188091402473, "roll-in": 0.21886583668298482, "sfR": 0.09690789370786869, "oneh-out": 0.006148630683328902, "dsfb-red": 0.01592583324209769, "sfb": 0.025100880554295636, "oneh-in": 0.005848530584794407, "dsfb": 0.0, "redirect": 0.028053982826845177, "unknown": 0.013484953939033737, "alternate": 0.3055781472386881, "bad-redirect": 0.0015249386114456417}, "chained-bigrams": {"sft": 0.0, "dsfb-alt": 0.0543630353436023, "roll-out": 0.19914694349555778, "sfT": 0.00021946498591982776, "roll-in": 0.2072340334352958, "sfR": 0.11914286586209158, "oneh-out": 0.006178783449742843, "dsfb-red": 0.02130238833744884, "sfb": 0.02859927446693708, "oneh-in": 0.006719004953545496, "dsfb": 0.0, "redirect": 0.03621626780961607, "unknown": 0.023120441475246233, "alternate": 0.29529013855512826, "bad-redirect": 0.002467357829867886}, "english-5k": {"sft": 0.0, "dsfb-alt": 0.04247728875430373, "roll-out": 0.17351806529223876, "sfT": 4.148172729912474e-05, "roll-in": 0.2522089019786784, "sfR": 0.10644211224955408, "oneh-out": 0.004106691002613349, "dsfb-red": 0.01165636537105405, "sfb": 0.02866387356369519, "oneh-in": 0.004106691002613349, "dsfb": 0.0, "redirect": 0.029949807109968057, "unknown": 0.002157049819554486, "alternate": 0.34151906085369393, "bad-redirect": 0.00315261127473348}, "mt-quotes": {"sft": 0.0, "dsfb-alt": 0.036278851555683056, "roll-out": 0.25355004123785274, "sfT": 0.00013297713390946798, "roll-in": 0.21940928270042195, "sfR": 0.0964592223377679, "oneh-out": 0.006181195539140101, "dsfb-red": 0.016033456449241583, "sfb": 0.024130120366718064, "oneh-in": 0.005948112023523505, "dsfb": 0.0, "redirect": 0.02784451536558253, "unknown": 0.00799058103536893, "alternate": 0.3045774016566859, "bad-redirect": 0.001464242598104254}, "wordle": {"sft": 0.0, "dsfb-alt": 0.050532929428924046, "roll-out": 0.18530236732862113, "sfT": 0.0009200044878267698, "roll-in": 0.19587119937170425, "sfR": 0.13138112868843263, "oneh-out": 0.006933692359474925, "dsfb-red": 0.018602041961180298, "sfb": 0.0459329069897902, "oneh-in": 0.007045888028722092, "dsfb": 0.0, "redirect": 0.0279367216425446, "unknown": 0.0, "alternate": 0.32790306294177046, "bad-redirect": 0.001638056771008639}, "english-1k": {"sft": 0.0, "dsfb-alt": 0.03387438249823571, "roll-out": 0.22194777699364857, "sfT": 0.0, "roll-in": 0.221242060691602, "sfR": 0.10832745236414962, "oneh-out": 0.008468595624558928, "dsfb-red": 0.012702893436838392, "sfb": 0.030345800988002825, "oneh-in": 0.005998588567395907, "dsfb": 0.0, "redirect": 0.027875793930839804, "unknown": 0.0, "alternate": 0.3274523641496119, "bad-redirect": 0.0017642907551164433}, "english-10k": {"sft": 0.0, "dsfb-alt": 0.04278188379228498, "roll-out": 0.1719573146021883, "sfT": 9.64859805870207e-05, "roll-in": 0.2500723644854403, "sfR": 0.10567144593890508, "oneh-out": 0.004245383145828911, "dsfb-red": 0.009860867215993515, "sfb": 0.029138766137280253, "oneh-in": 0.0032612261438413, "dsfb": 0.0, "redirect": 0.029061577352810637, "unknown": 0.0, "alternate": 0.3513440497095772, "bad-redirect": 0.0025086354952625384}, "reddit": {"sft": 0.0, "dsfb-alt": 0.03732556316752622, "roll-out": 0.22856573504461272, "sfT": 0.0002826910978898928, "roll-in": 0.21170873789680744, "sfR": 0.10397777127267367, "oneh-out": 0.006411585428092348, "dsfb-red": 0.015240447563648105, "sfb": 0.02427648665195714, "oneh-in": 0.007060872229579482, "dsfb": 0.0, "redirect": 0.027146061624561724, "unknown": 0.04413374768723884, "alternate": 0.2925096972560759, "bad-redirect": 0.001360603079336487}, "akl": {"sft": 0.0, "dsfb-alt": 0.03377042481732372, "roll-out": 0.19417897292622485, "sfT": 0.0012592229464047883, "roll-in": 0.17340902128419097, "sfR": 0.13064861186637447, "oneh-out": 0.005115980820279051, "dsfb-red": 0.013200802413972267, "sfb": 0.027009164766178494, "oneh-in": 0.00824396325949903, "dsfb": 0.0, "redirect": 0.0224399631827078, "unknown": 0.1386736163551281, "alternate": 0.2508004707193542, "bad-redirect": 0.001249784642362276}, "french": {"sft": 0.0, "dsfb-alt": 0.03196361726478884, "roll-out": 0.17862420370218304, "sfT": 0.0002515900112667919, "roll-in": 0.20277666500173497, "sfR": 0.10898279115633469, "oneh-out": 0.010094882529128477, "dsfb-red": 0.009429314360812676, "sfb": 0.03289611684683301, "oneh-in": 0.0013520509829561664, "dsfb": 0.0, "redirect": 0.027646196037085024, "unknown": 0.15841440792606368, "alternate": 0.23164554384769834, "bad-redirect": 0.0059226203331142835}, "keymash": {"sft": 0.0, "dsfb-alt": 0.03657850771510551, "roll-out": 0.24388271561862462, "sfT": 0.0001518802362763892, "roll-in": 0.2172626255577494, "sfR": 0.099723742164827, "oneh-out": 0.006247614043585523, "dsfb-red": 0.01647695320036287, "sfb": 0.02543378226941912, "oneh-in": 0.0054553738921978715, "dsfb": 0.0, "redirect": 0.02752726660728286, "unknown": 0.012376186820900362, "alternate": 0.30706899878085325, "bad-redirect": 0.0018143530928152439}, "movie": {"sft": 0.0, "dsfb-alt": 0.03938420633804142, "roll-out": 0.24674068343231903, "sfT": 0.0002589845463342172, "roll-in": 0.1928317604540336, "sfR": 0.11567713207251198, "oneh-out": 0.006743073249067728, "dsfb-red": 0.018031930636358457, "sfb": 0.028054158827273756, "oneh-in": 0.008677166682743535, "dsfb": 0.0, "redirect": 0.024721311967283725, "unknown": 0.030144722091026487, "alternate": 0.28761957802100274, "bad-redirect": 0.001115291682003298}, "dutch": {"sft": 0.0, "dsfb-alt": 0.032890455864981696, "roll-out": 0.1527340928841679, "sfT": 9.937246164952763e-05, "roll-in": 0.17173463830306693, "sfR": 0.18880787437283908, "oneh-out": 0.013359087213554218, "dsfb-red": 0.008142517108398356,