{"english-450k": {"unknown": 0.00015377410175167997, "alternate": 0.1913400038940514, "roll-out": 0.2440377454027098, "sfT": 0.0012041740021200946, "sfb": 0.07834059618745472, "oneh-in": 0.01309009349816202, "roll-in": 0.18252518124002734, "dsfb-red": 0.022883106540895433, "dsfb": 0.0, "dsfb-alt": 0.030716815344199646, "redirect": 0.05824647240456504, "sfR": 0.11369548401129392, "oneh-out": 0.02019264445264313, "bad-redirect": 0.043573908920125755, "sft": 0.0}, "shai": {"unknown": 0.02405265164803555, "alternate": 0.22258784125007391, "roll-out": 0.22721686179203643, "sfT": 0.0005907559775367666, "sfb": 0.07988527643853033, "oneh-in": 0.013689500478846978, "roll-in": 0.17741344759605812, "dsfb-red": 0.012926089434929603, "dsfb": 0.0, "dsfb-alt": 0.01993392902537223, "redirect": 0.05818754793501305, "sfR": 0.09823378925716947, "oneh-out": 0.01929768800355954, "bad-redirect": 0.045984621162838, "sft": 0.0}, "tr-quotes": {"unknown": 0.013894731975682485, "alternate": 0.23602551952104667, "roll-out": 0.2317884468690044, "sfT": 0.0005050738540486813, "sfb": 0.07637363907445505, "oneh-in": 0.013114583574119877, "roll-in": 0.18236517879845587, "dsfb-red": 0.011321975913640462, "dsfb": 0.0, "dsfb-alt": 0.0185478837752248, "redirect": 0.05655671389935508, "sfR": 0.09677191928064538, "oneh-out": 0.022484454820739234, "bad-redirect": 0.04024987864358198, "sft": 0.0}, "gutenberg": {"unknown": 0.03298056416545711, "alternate": 0.23940338023409083, "roll-out": 0.2173608956267762, "sfT": 0.00043968276159419385, "sfb": 0.06376309339649913, "oneh-in": 0.012680519041616607, "roll-in": 0.1887784851347066, "dsfb-red": 0.010834647077388333, "dsfb": 0.0, "dsfb-alt": 0.0247340023482583, "redirect": 0.05383224918665319, "sfR": 0.09863878308844841, "oneh-out": 0.02083539345829341, "bad-redirect": 0.035718304480217684, "sft": 0.0}, "english-200": {"unknown": 0.0, "alternate": 0.22048997772828507, "roll-out": 0.23162583518930957, "sfT": 0.0, "sfb": 0.07349665924276169, "oneh-in": 0.022271714922048998, "roll-in": 0.19376391982182628, "dsfb-red": 0.011135857461024499, "dsfb": 0.0, "dsfb-alt": 0.017817371937639197, "redirect": 0.062360801781737196, "sfR": 0.10690423162583519, "oneh-out": 0.015590200445434299, "bad-redirect": 0.044543429844097995, "sft": 0.0}, "monkeyracer": {"unknown": 0.013491796612290222, "alternate": 0.2360370364577631, "roll-out": 0.2321112970580415, "sfT": 0.0004995151477235404, "sfb": 0.07631144720584325, "oneh-in": 0.013191696513755728, "roll-in": 0.18202390634530866, "dsfb-red": 0.011249354833664389, "dsfb": 0.0, "dsfb-alt": 0.018425364030217245, "redirect": 0.056864569810907616, "sfR": 0.09690789370786869, "oneh-out": 0.022543675805871403, "bad-redirect": 0.04034244647074464, "sft": 0.0}, "chained-bigrams": {"unknown": 0.023159399756770463, "alternate": 0.2156191542286942, "roll-out": 0.22451138198659965, "sfT": 0.0010038250539409874, "sfb": 0.06850619014628186, "oneh-in": 0.011547234643781707, "roll-in": 0.17607000543468027, "dsfb-red": 0.017340980411126746, "dsfb": 0.0, "dsfb-alt": 0.03449625968032133, "redirect": 0.05461366695474151, "sfR": 0.11914286586209158, "oneh-out": 0.01987132079612547, "bad-redirect": 0.034117715044844225, "sft": 0.0}, "english-5k": {"unknown": 0.002157049819554486, "alternate": 0.18310034429833658, "roll-out": 0.23835400506077073, "sfT": 0.0008296345459824947, "sfb": 0.10055170697307836, "oneh-in": 0.016675654374248144, "roll-in": 0.17268843074625628, "dsfb-red": 0.01750528892023064, "dsfb": 0.0, "dsfb-alt": 0.021860870286638735, "redirect": 0.06720039822458207, "sfR": 0.10644211224955408, "oneh-out": 0.01891566764840088, "bad-redirect": 0.05371883685236653, "sft": 0.0}, "mt-quotes": {"unknown": 0.007995063410669249, "alternate": 0.2400476327081914, "roll-out": 0.23470015897491064, "sfT": 0.00042881390373053155, "sfb": 0.07505588027874398, "oneh-in": 0.01322599538614169, "roll-in": 0.1835756804245706, "dsfb-red": 0.010739771219564672, "dsfb": 0.0, "dsfb-alt": 0.017585852428252113, "redirect": 0.05700087256905846, "sfR": 0.0964592223377679, "oneh-out": 0.023127562424546683, "bad-redirect": 0.04005749393385209, "sft": 0.0}, "wordle": {"unknown": 0.0, "alternate": 0.18530236732862113, "roll-out": 0.23610456636373836, "sfT": 0.0025131829911365423, "sfb": 0.08311455177830136, "oneh-in": 0.011533714798608773, "roll-in": 0.17619207898575115, "dsfb-red": 0.024750364635925053, "dsfb": 0.0, "dsfb-alt": 0.03320991809716145, "redirect": 0.06235835296757545, "sfR": 0.13138112868843263, "oneh-out": 0.018646920228879166, "bad-redirect": 0.034892853135868956, "sft": 0.0}, "english-1k": {"unknown": 0.0, "alternate": 0.20359915314043756, "roll-out": 0.23076923076923078, "sfT": 0.0007057163020465773, "sfb": 0.08045165843330981, "oneh-in": 0.022935779816513763, "roll-in": 0.17607621736062104, "dsfb-red": 0.016584333098094567, "dsfb": 0.0, "dsfb-alt": 0.019407198306280876, "redirect": 0.07268877911079746, "sfR": 0.10832745236414962, "oneh-out": 0.014467184191954835, "bad-redirect": 0.053987297106563165, "sft": 0.0}, "english-10k": {"unknown": 0.0, "alternate": 0.1878389070068119, "roll-out": 0.2509600355068409, "sfT": 0.0010613457864572277, "sfb": 0.08977055633816407, "oneh-in": 0.014743057833696763, "roll-in": 0.17350109029158065, "dsfb-red": 0.017695528839659597, "dsfb": 0.0, "dsfb-alt": 0.022384747496188805, "redirect": 0.0647806873661257, "sfR": 0.10567144593890508, "oneh-out": 0.019490168078578184, "bad-redirect": 0.05210242951699118, "sft": 0.0}, "reddit": {"unknown": 0.045191657410003416, "alternate": 0.21808537555832616, "roll-out": 0.22243646614027765, "sfT": 0.0008507327700112953, "sfb": 0.07959760250080673, "oneh-in": 0.010495979227616902, "roll-in": 0.16959896407777883, "dsfb-red": 0.01199566168239597, "dsfb": 0.0, "dsfb-alt": 0.019194676852086482, "redirect": 0.05644274063157319, "sfR": 0.10397777127267367, "oneh-out": 0.02140612507367405, "bad-redirect": 0.040726246802775666, "sft": 0.0}, "akl": {"unknown": 0.13912786562167676, "alternate": 0.1807221997534033, "roll-out": 0.19368264661312018, "sfT": 0.000923150141205182, "sfb": 0.06547801192650783, "oneh-in": 0.008843246150994136, "roll-in": 0.15209948031759052, "dsfb-red": 0.011277290874669626, "dsfb": 0.0, "dsfb-alt": 0.014925022433885113, "redirect": 0.04882731172417975, "sfR": 0.13064861186637447, "oneh-out": 0.01858340296965118, "bad-redirect": 0.03486175960674194, "sft": 0.0}, "french": {"unknown": 0.15839527611850174, "alternate": 0.1695081445992503, "roll-out": 0.1888017709971176, "sfT": 0.0003292858249051878, "sfb": 0.07893993545794079, "oneh-in": 0.014131259451386354, "roll-in": 0.14479993200642488, "dsfb-red": 0.014715176600741633, "dsfb": 0.0, "dsfb-alt": 0.019142998995183083, "redirect": 0.0532821290055237, "sfR": 0.10898279115633469, "oneh-out": 0.01386543669369525, "bad-redirect": 0.035105863092994835, "sft": 0.0}, "keymash": {"unknown": 0.012376186820900362, "alternate": 0.23535689803089327, "roll-out": 0.23025864793750744, "sfT": 0.0006157306876069832, "sfb": 0.07732345974968495, "oneh-in": 0.013537865384852204, "roll-in": 0.17963327080246128, "dsfb-red": 0.011271976454458505, "dsfb": 0.0, "dsfb-alt": 0.019506348183389227, "redirect": 0.05781300669504501, "sfR": 0.099723742164827, "oneh-out": 0.02169013968876866, "bad-redirect": 0.04089272739960511, "sft": 0.0}, "movie": {"unknown": 0.030282373430185833, "alternate": 0.2296350699817566, "roll-out": 0.21843333036360876, "sfT": 0.00043690482410040706, "sfb": 0.07707961761352847, "oneh-in": 0.009016425910614273, "roll-in": 0.17901846172917718, "dsfb-red": 0.010526247912693782, "dsfb": 0.0, "dsfb-alt": 0.018621752148894007, "redirect": 0.0523044821302637, "sfR": 0.11567713207251198, "oneh-out": 0.024942396336105618, "bad-redirect": 0.03402580554655938, "sft": 0.0}, "dutch": {"unknown": 0.07351464259139567, "alternate": 0.15883732283344276, "roll-out": 0.19254332501260804, "sfT": 0.0003836472734488079, "sfb": 0.07048241977072324, "oneh-in": 0.007438482403561285, "roll-in": 0.1759366840704151,