{"english-450k": {"dsfb-alt": 0.04453748199878267, "roll-in": 0.2187635392834361, "dsfb": 0.0, "sfR": 0.11369548401129392, "sfT": 0.0006226974082339892, "redirect": 0.022455988741163106, "sfb": 0.03719813062145201, "oneh-out": 0.008961872793151615, "sft": 0.0, "oneh-in": 0.004907908023207611, "roll-out": 0.1748338450366339, "dsfb-red": 0.007691628549594487, "unknown": 0.00015377410175167997, "alternate": 0.3439865263482861, "bad-redirect": 0.022191123083012874}, "shai": {"dsfb-alt": 0.03502486195799956, "roll-in": 0.21483117044568223, "dsfb": 0.0, "sfR": 0.09823378925716947, "sfT": 0.00014236524707296464, "redirect": 0.02449953678947422, "sfb": 0.02682580342720055, "oneh-out": 0.011343196734737352, "sft": 0.0, "oneh-in": 0.005835759821626792, "roll-out": 0.22308977521594558, "dsfb-red": 0.006468211713219428, "unknown": 0.023260762136131256, "alternate": 0.3140944613521103, "bad-redirect": 0.016350305901630308}, "tr-quotes": {"dsfb-alt": 0.031183976329719608, "roll-in": 0.2091248468597582, "dsfb": 0.0, "sfR": 0.09677191928064538, "sfT": 6.587919835417581e-05, "redirect": 0.02692956704653152, "sfb": 0.02549987286470493, "oneh-out": 0.012119460946348906, "sft": 0.0, "oneh-in": 0.006354453202653661, "roll-out": 0.24845819560343035, "dsfb-red": 0.007117264973070433, "unknown": 0.013835787429786644, "alternate": 0.30714269203208433, "bad-redirect": 0.01539608423291186}, "gutenberg": {"dsfb-alt": 0.026268629686334373, "roll-in": 0.20486488800687125, "dsfb": 0.0, "sfR": 0.09863878308844841, "sfT": 0.00021160088095679213, "redirect": 0.03088993988413289, "sfb": 0.023188955987395635, "oneh-out": 0.020507099522126784, "sft": 0.0, "oneh-in": 0.005330372057620606, "roll-out": 0.2538651732986588, "dsfb-red": 0.006392165197963327, "unknown": 0.032975828246008664, "alternate": 0.2816466450936064, "bad-redirect": 0.015219919049876051}, "english-200": {"dsfb-alt": 0.028953229398663696, "roll-in": 0.18040089086859687, "dsfb": 0.0, "sfR": 0.10690423162583519, "sfT": 0.0, "redirect": 0.017817371937639197, "sfb": 0.013363028953229399, "oneh-out": 0.0200445434298441, "sft": 0.0, "oneh-in": 0.0066815144766146995, "roll-out": 0.2806236080178174, "dsfb-red": 0.004454342984409799, "unknown": 0.0, "alternate": 0.32293986636971045, "bad-redirect": 0.017817371937639197}, "monkeyracer": {"dsfb-alt": 0.03107062420820495, "roll-in": 0.2091238250152494, "dsfb": 0.0, "sfR": 0.09690789370786869, "sfT": 6.549415831208846e-05, "redirect": 0.02703051441262493, "sfb": 0.025558362137729326, "oneh-out": 0.012207329089572548, "sft": 0.0, "oneh-in": 0.006331427811752194, "roll-out": 0.24929520465458185, "dsfb-red": 0.007224885434099192, "unknown": 0.013436077701487402, "alternate": 0.30629565040586826, "bad-redirect": 0.01545271126264917}, "chained-bigrams": {"dsfb-alt": 0.044863058393918874, "roll-in": 0.20003649092369435, "dsfb": 0.0, "sfR": 0.11914286586209158, "sfT": 0.0001746629621669635, "redirect": 0.03515984907561737, "sfb": 0.024627477665541856, "oneh-out": 0.01176150519216497, "sft": 0.0, "oneh-in": 0.006010613534496585, "roll-out": 0.20449072111129796, "dsfb-red": 0.01231081696165661, "unknown": 0.022916559801936097, "alternate": 0.3015195677708526, "bad-redirect": 0.016985810744564185}, "english-5k": {"dsfb-alt": 0.04085950138963786, "roll-in": 0.23739992533289087, "dsfb": 0.0, "sfR": 0.10644211224955408, "sfT": 0.00016592690919649896, "redirect": 0.020077156012776372, "sfb": 0.029659435018874185, "oneh-out": 0.009125980005807442, "sft": 0.0, "oneh-in": 0.005143734185091467, "roll-out": 0.18115070311527773, "dsfb-red": 0.006885966731654706, "unknown": 0.002157049819554486, "alternate": 0.3424731405815738, "bad-redirect": 0.018459368648110507}, "mt-quotes": {"dsfb-alt": 0.03046222254096891, "roll-in": 0.20927612627150047, "dsfb": 0.0, "sfR": 0.0964592223377679, "sfT": 5.080025340361698e-05, "redirect": 0.02684494567361136, "sfb": 0.024411015885538064, "oneh-out": 0.012486403461589033, "sft": 0.0, "oneh-in": 0.006315666798149676, "roll-out": 0.25776945052055317, "dsfb-red": 0.007379483869425419, "unknown": 0.007977133909467972, "alternate": 0.3051616045708275, "bad-redirect": 0.015405923907196901}, "wordle": {"dsfb-alt": 0.04819925950858297, "roll-in": 0.18779311118590822, "dsfb": 0.0, "sfR": 0.13138112868843263, "sfT": 0.0010995175586222372, "redirect": 0.024144508021990353, "sfb": 0.05086951643666555, "oneh-out": 0.016156176371592057, "sft": 0.0, "oneh-in": 0.011062492987770673, "roll-out": 0.18101649276337933, "dsfb-red": 0.010277123303040503, "unknown": 0.0, "alternate": 0.32092449231459663, "bad-redirect": 0.017076180859418828}, "english-1k": {"dsfb-alt": 0.03175723359209598, "roll-in": 0.20642201834862386, "dsfb": 0.0, "sfR": 0.10832745236414962, "sfT": 0.0, "redirect": 0.02117148906139732, "sfb": 0.026817219477769938, "oneh-out": 0.016584333098094567, "sft": 0.0, "oneh-in": 0.0056457304163726185, "roll-out": 0.22794636556104447, "dsfb-red": 0.00529287226534933, "unknown": 0.0, "alternate": 0.33168666196189134, "bad-redirect": 0.01834862385321101}, "english-10k": {"dsfb-alt": 0.04233804828158468, "roll-in": 0.2376256729897146, "dsfb": 0.0, "sfR": 0.10567144593890508, "sfT": 0.00027016074564365796, "redirect": 0.018370930703768742, "sfb": 0.030759730611142202, "oneh-out": 0.009185465351884371, "sft": 0.0, "oneh-in": 0.004361166322533336, "roll-out": 0.17627988653248683, "dsfb-red": 0.005557592481812393, "unknown": 0.0, "alternate": 0.35099670017946394, "bad-redirect": 0.018583199861060187}, "reddit": {"dsfb-alt": 0.034983987892265735, "roll-in": 0.20049395090868874, "dsfb": 0.0, "sfR": 0.10397777127267367, "sfT": 0.00013866734389669845, "redirect": 0.02398364459507319, "sfb": 0.028528240173937243, "oneh-out": 0.012204898792878671, "sft": 0.0, "oneh-in": 0.007727014867034611, "roll-out": 0.23554757213220895, "dsfb-red": 0.007757355371777, "unknown": 0.039285409944231534, "alternate": 0.2890877003526803, "bad-redirect": 0.01628378635265368}, "akl": {"dsfb-alt": 0.03277932877005334, "roll-in": 0.16624517556270885, "dsfb": 0.0, "sfR": 0.13064861186637447, "sfT": 0.0004352491204525998, "redirect": 0.01843394668390994, "sfb": 0.03626240886817118, "oneh-out": 0.009696523193162082, "sft": 0.0, "oneh-in": 0.008600543374529224, "roll-out": 0.1989106269941969, "dsfb-red": 0.006849317945405736, "unknown": 0.13277008071454782, "alternate": 0.24465690072334717, "bad-redirect": 0.013711286183140704}, "french": {"dsfb-alt": 0.028959114458293505, "roll-in": 0.191991344452644, "dsfb": 0.0, "sfR": 0.10898279115633469, "sfT": 0.00014467961286270526, "redirect": 0.014219247787965277, "sfb": 0.03416067389387552, "oneh-out": 0.010506283809982768, "sft": 0.0, "oneh-in": 0.0021172483762421424, "roll-out": 0.1867355507622662, "dsfb-red": 0.0056121367153275275, "unknown": 0.15807953387545715, "alternate": 0.234123075472374, "bad-redirect": 0.024368319626374525}, "keymash": {"dsfb-alt": 0.030630549272822057, "roll-in": 0.20808413344115462, "dsfb": 0.0, "sfR": 0.099723742164827, "sfT": 6.567794001141154e-05, "redirect": 0.027108569739710115, "sfb": 0.026053617828276816, "oneh-out": 0.012720996005960272, "sft": 0.0, "oneh-in": 0.006017741253545582, "roll-out": 0.24693673982915526, "dsfb-red": 0.007474970547548776, "unknown": 0.01232282349464109, "alternate": 0.30775451227972234, "bad-redirect": 0.015105926202624655}, "movie": {"dsfb-alt": 0.035122015541967935, "roll-in": 0.18507959497870022, "dsfb": 0.0, "sfR": 0.11567713207251198, "sfT": 6.777288687099688e-05, "redirect": 0.027650679854173802, "sfb": 0.027025853316574786, "oneh-out": 0.014022012896851377, "sft": 0.0, "oneh-in": 0.009379635945107384, "roll-out": 0.24610967179630655, "dsfb-red": 0.009239484247014934, "unknown": 0.030236445784519856, "alternate": 0.28747982111642606, "bad-redirect": 0.012909879562974106}, "dutch": {"dsfb-alt": 0.02486900747925703, "roll-in": 0.16625771306562107, "dsfb": 0.0, "sfR": 0.18880787437283908, "sfT": 0.0009523224126070123, "redirect": 0.014349763595029569, "sfb": 0.04126329402532667,