{"english-450k": {"redirect": 0.02677511151545839, "alternate": 0.30833227601457286, "sfR": 0.11369548401129392, "sfT": 0.0030512173003465473, "bad-redirect": 0.002686953933839716, "sft": 0.0, "dsfb-red": 0.01294099693562712, "dsfb-alt": 0.06190138461007741, "unknown": 0.00015377410175167997, "oneh-in": 0.004132313551825088, "dsfb": 0.0, "roll-in": 0.23914796284396722, "roll-out": 0.1552437261043524, "sfb": 0.06997364791343746, "oneh-out": 0.001965151163450176}, "shai": {"redirect": 0.03149453049309318, "alternate": 0.2530283007388146, "sfR": 0.09823378925716947, "sfT": 0.004220630486498001, "bad-redirect": 0.005558359881757463, "sft": 0.0, "dsfb-red": 0.011374477378699066, "dsfb-alt": 0.05575086240448992, "unknown": 0.024097749651430984, "oneh-in": 0.002675632958915146, "dsfb": 0.0, "roll-in": 0.29473634078547006, "roll-out": 0.156100263559358, "sfb": 0.0619624002169906, "oneh-out": 0.000766662187313543}, "tr-quotes": {"redirect": 0.03727722428977601, "alternate": 0.23318924666558793, "sfR": 0.09677191928064538, "sfT": 0.00374471232750052, "bad-redirect": 0.006434201705924505, "sft": 0.0, "dsfb-red": 0.01476040775756455, "dsfb-alt": 0.05405677168812556, "unknown": 0.013894731975682485, "oneh-in": 0.00414229906844502, "dsfb": 0.0, "roll-in": 0.3087526871778276, "roll-out": 0.1645720163657798, "sfb": 0.061803934259494694, "oneh-out": 0.0005998474376459166}, "gutenberg": {"redirect": 0.03425244269253312, "alternate": 0.22273483814332257, "sfR": 0.09863878308844841, "sfT": 0.003285591476557388, "bad-redirect": 0.0081065680383026, "sft": 0.0, "dsfb-red": 0.014490776891592531, "dsfb-alt": 0.048028095747409544, "unknown": 0.03298207965968062, "oneh-in": 0.0037449756630571385, "dsfb": 0.0, "roll-in": 0.32587842781113757, "roll-out": 0.1490041498020575, "sfb": 0.05814383025252302, "oneh-out": 0.0007094407333779647}, "english-200": {"redirect": 0.042316258351893093, "alternate": 0.22939866369710468, "sfR": 0.10690423162583519, "sfT": 0.004454342984409799, "bad-redirect": 0.011135857461024499, "sft": 0.0, "dsfb-red": 0.008908685968819599, "dsfb-alt": 0.053452115812917596, "unknown": 0.0, "oneh-in": 0.004454342984409799, "dsfb": 0.0, "roll-in": 0.3028953229398664, "roll-out": 0.1870824053452116, "sfb": 0.04899777282850779, "oneh-out": 0.0}, "monkeyracer": {"redirect": 0.03738152400018768, "alternate": 0.23226770101818978, "sfR": 0.09690789370786869, "sfT": 0.0037771556375807433, "bad-redirect": 0.006443843158108763, "sft": 0.0, "dsfb-red": 0.014864241362591301, "dsfb-alt": 0.05383424308303486, "unknown": 0.013491796612290222, "oneh-in": 0.0041173342509032325, "dsfb": 0.0, "roll-in": 0.308433497036145, "roll-out": 0.16552231102491516, "sfb": 0.062360213960617486, "oneh-out": 0.0005982451475671364}, "chained-bigrams": {"redirect": 0.031095201703256067, "alternate": 0.2692387356998758, "sfR": 0.11914286586209158, "sfT": 0.0033588531720806776, "bad-redirect": 0.006346953364989101, "sft": 0.0, "dsfb-red": 0.016449485068913954, "dsfb-alt": 0.06088465167075837, "unknown": 0.023159399756770463, "oneh-in": 0.007102744026559159, "dsfb": 0.0, "roll-in": 0.27598695936456447, "roll-out": 0.12109077993830307, "sfb": 0.062006650178656184, "oneh-out": 0.004136720193181132}, "english-5k": {"redirect": 0.024017920106193223, "alternate": 0.2968432405525366, "sfR": 0.10644211224955408, "sfT": 0.006097813912971336, "bad-redirect": 0.0035259468204256023, "sft": 0.0, "dsfb-red": 0.008628199278217945, "dsfb-alt": 0.061517401584601984, "unknown": 0.002157049819554486, "oneh-in": 0.0026548305471439833, "dsfb": 0.0, "roll-in": 0.2646534201684158, "roll-out": 0.15742315510017837, "sfb": 0.06537520222342058, "oneh-out": 0.0006637076367859958}, "mt-quotes": {"redirect": 0.03809720180251252, "alternate": 0.22883870620719332, "sfR": 0.0964592223377679, "sfT": 0.0038189837558719117, "bad-redirect": 0.006738504201479782, "sft": 0.0, "dsfb-red": 0.015465688911201156, "dsfb-alt": 0.05354944358781272, "unknown": 0.007995063410669249, "oneh-in": 0.004213432782299996, "dsfb": 0.0, "roll-in": 0.3143609328121825, "roll-out": 0.167401776215919, "sfb": 0.06257246506735516, "oneh-out": 0.0004885789077347868}, "wordle": {"redirect": 0.037069449119264, "alternate": 0.26612812745428027, "sfR": 0.13138112868843263, "sfT": 0.003388309211264445, "bad-redirect": 0.004891731179176483, "sft": 0.0, "dsfb-red": 0.015819589363850556, "dsfb-alt": 0.06469202288791652, "unknown": 0.0, "oneh-in": 0.004151239762145181, "dsfb": 0.0, "roll-in": 0.2097385840906541, "roll-out": 0.1844945585100415, "sfb": 0.07591158981263323, "oneh-out": 0.0023336699203410746}, "english-1k": {"redirect": 0.027522935779816515, "alternate": 0.2709950599858857, "sfR": 0.10832745236414962, "sfT": 0.004234297812279464, "bad-redirect": 0.0038814396612561752, "sft": 0.0, "dsfb-red": 0.009174311926605505, "dsfb-alt": 0.06104446012702894, "unknown": 0.0, "oneh-in": 0.004234297812279464, "dsfb": 0.0, "roll-in": 0.29357798165137616, "roll-out": 0.16372618207480594, "sfb": 0.05222300635144672, "oneh-out": 0.001058574453069866}, "english-10k": {"redirect": 0.026630130642017715, "alternate": 0.29337527257289514, "sfR": 0.10567144593890508, "sfT": 0.004997973794407673, "bad-redirect": 0.0027980934370236007, "sft": 0.0, "dsfb-red": 0.009243356940236584, "dsfb-alt": 0.06219486308639355, "unknown": 0.0, "oneh-in": 0.0027980934370236007, "dsfb": 0.0, "roll-in": 0.2635996989637406, "roll-out": 0.16024391655892398, "sfb": 0.06746299762644488, "oneh-out": 0.0009841570019876113}, "reddit": {"redirect": 0.03495915362727289, "alternate": 0.22863667938533133, "sfR": 0.10397777127267367, "sfT": 0.0034848129854363704, "bad-redirect": 0.005196541856692806, "sft": 0.0, "dsfb-red": 0.012714993846683436, "dsfb-alt": 0.05551907827794037, "unknown": 0.04519937363713543, "oneh-in": 0.003300297767706728, "dsfb": 0.0, "roll-in": 0.28903552217600603, "roll-out": 0.15786816376455992, "sfb": 0.0592476641088872, "oneh-out": 0.0008599472936737987}, "akl": {"redirect": 0.03379093212715432, "alternate": 0.19136403580694894, "sfR": 0.13064861186637447, "sfT": 0.00331580963118641, "bad-redirect": 0.003994651001783321, "sft": 0.0, "dsfb-red": 0.011454518505289885, "dsfb-alt": 0.052159008343584314, "unknown": 0.13920166722946467, "oneh-in": 0.0035998729337433774, "dsfb": 0.0, "roll-in": 0.24862234733932356, "roll-out": 0.13149941814832186, "sfb": 0.049297719762570816, "oneh-out": 0.0010514073042540834}, "french": {"redirect": 0.022669633849713853, "alternate": 0.21796862362585268, "sfR": 0.10898279115633469, "sfT": 0.0027115179758913158, "bad-redirect": 0.002251186011014078, "sft": 0.0, "dsfb-red": 0.010156173229783062, "dsfb-alt": 0.03696412042982954, "unknown": 0.15842537463172957, "oneh-in": 0.0012355222443369137, "dsfb": 0.0, "roll-in": 0.17804797223589688, "roll-out": 0.19007570667496182, "sfb": 0.06504835545633983, "oneh-out": 0.005463022478315774}, "keymash": {"redirect": 0.036828904861399024, "alternate": 0.23392429796439435, "sfR": 0.099723742164827, "sfT": 0.003501455176858378, "bad-redirect": 0.006695045009913264, "sft": 0.0, "dsfb-red": 0.014814480343824016, "dsfb-alt": 0.05345363342678757, "unknown": 0.012376186820900362, "oneh-in": 0.0037395377093997445, "dsfb": 0.0, "roll-in": 0.30860422062862, "roll-out": 0.16497888043741507, "sfb": 0.06071104579804854, "oneh-out": 0.000648569657612689}, "movie": {"redirect": 0.042207243171355255, "alternate": 0.21906421040178267, "sfR": 0.11567713207251198, "sfT": 0.0028921256985706763, "bad-redirect": 0.0053107623739144655, "sft": 0.0, "dsfb-red": 0.01684412854529512, "dsfb-alt": 0.0575175989079485, "unknown": 0.030282373430185833, "oneh-in": 0.005796753191806877, "dsfb": 0.0, "roll-in": 0.28422145863307485, "roll-out": 0.16632190226254848, "sfb": 0.053134864491731645, "oneh-out": 0.0007294468192736615}, "dutch": {"redirect": 0.022145642589279844, "alternate": 0.1995151584962074, "sfR": 0.18880787437283908, "sfT": 0.002084257591064497, "bad-redirect": 0.0017615929488084073, "sft": 0.0, "dsfb-red": 0.011655446591712838,