{"english-450k": {"sfT": 4.999120037934843e-05, "dsfb-alt": 0.06085595459512682, "sfb": 0.020813295437469778, "alternate": 0.3423832997817343, "sfR": 0.11369548401129392, "unknown": 0.00015377410175167997, "sft": 0.0, "dsfb": 0.0, "oneh-in": 0.00414663851567648, "oneh-out": 0.008607256851279395, "redirect": 0.02417820021154171, "bad-redirect": 0.02605798628428563, "roll-in": 0.188846583145306, "dsfb-red": 0.007154296232066753, "roll-out": 0.20305723963208816}, "shai": {"sfT": 8.117795427530001e-05, "dsfb-alt": 0.05549434719053217, "sfb": 0.015682904218528856, "alternate": 0.3063008204028136, "sfR": 0.09823378925716947, "unknown": 0.023260762136131256, "sft": 0.0, "dsfb": 0.0, "oneh-in": 0.01099025415581275, "oneh-out": 0.04145562746603097, "redirect": 0.028773091245971293, "bad-redirect": 0.021729833544554444, "roll-in": 0.1968102606395216, "dsfb-red": 0.00848736915308953, "roll-out": 0.19269976263556882}, "tr-quotes": {"sfT": 4.0452139340283396e-05, "dsfb-alt": 0.05673008021081343, "sfb": 0.017327384942557963, "alternate": 0.2829523127065949, "sfR": 0.09677191928064538, "unknown": 0.013835787429786644, "sft": 0.0, "dsfb": 0.0, "oneh-in": 0.020252652504565313, "oneh-out": 0.052384364670257276, "redirect": 0.03707611936848432, "bad-redirect": 0.015872263701717484, "roll-in": 0.2067231455583551, "dsfb-red": 0.009130625736806824, "roll-out": 0.19090289175007513}, "gutenberg": {"sfT": 3.5045803918537636e-05, "dsfb-alt": 0.051932766614268454, "sfb": 0.018722605073950436, "alternate": 0.26863631662159965, "sfR": 0.09863878308844841, "unknown": 0.032975828246008664, "sft": 0.0, "dsfb": 0.0, "oneh-in": 0.011140966347314147, "oneh-out": 0.06101815448417691, "redirect": 0.03667514964558273, "bad-redirect": 0.013091596849742157, "roll-in": 0.20434033756876083, "dsfb-red": 0.010781983653121559, "roll-out": 0.19201046600310753}, "english-200": {"sfT": 0.0, "dsfb-alt": 0.08240534521158129, "sfb": 0.008908685968819599, "alternate": 0.2828507795100223, "sfR": 0.10690423162583519, "unknown": 0.0, "sft": 0.0, "dsfb": 0.0, "oneh-in": 0.011135857461024499, "oneh-out": 0.035634743875278395, "redirect": 0.026726057906458798, "bad-redirect": 0.015590200445434299, "roll-in": 0.20935412026726058, "dsfb-red": 0.0066815144766146995, "roll-out": 0.21380846325167038}, "monkeyracer": {"sfT": 6.256158405930838e-05, "dsfb-alt": 0.056846974365390934, "sfb": 0.017560254625647122, "alternate": 0.28214981153322805, "sfR": 0.09690789370786869, "unknown": 0.013436077701487402, "sft": 0.0, "dsfb": 0.0, "oneh-in": 0.020651187888077325, "oneh-out": 0.05218515882822153, "redirect": 0.0373346028121432, "bad-redirect": 0.015665811658351188, "roll-in": 0.20735743779032484, "dsfb-red": 0.009177002361699799, "roll-out": 0.19066522514350062}, "chained-bigrams": {"sfT": 3.830897683215928e-05, "dsfb-alt": 0.0574595694200865, "sfb": 0.016217683293844785, "alternate": 0.30364928716084383, "sfR": 0.11914286586209158, "unknown": 0.022916559801936097, "sft": 0.0, "dsfb": 0.0, "oneh-in": 0.007746204976401021, "oneh-out": 0.03971277357641569, "redirect": 0.03660455201547423, "bad-redirect": 0.016489741959822325, "roll-in": 0.1693964518095797, "dsfb-red": 0.010995325655521785, "roll-out": 0.1996306754911503}, "english-5k": {"sfT": 0.0, "dsfb-alt": 0.06276185340357572, "sfb": 0.013606006554112914, "alternate": 0.3473265026755714, "sfR": 0.10644211224955408, "unknown": 0.002157049819554486, "sft": 0.0, "dsfb": 0.0, "oneh-in": 0.004645953457501971, "oneh-out": 0.008047455096030198, "redirect": 0.020284564649271995, "bad-redirect": 0.035881694113742896, "roll-in": 0.19600116148836438, "dsfb-red": 0.009167461733106567, "roll-out": 0.1936781847596134}, "mt-quotes": {"sfT": 5.5282628703936124e-05, "dsfb-alt": 0.057169708705370484, "sfb": 0.01772779431276222, "alternate": 0.2789202854376591, "sfR": 0.0964592223377679, "unknown": 0.007977133909467972, "sft": 0.0, "dsfb": 0.0, "oneh-in": 0.02237601749919317, "oneh-out": 0.05549927684345155, "redirect": 0.039037006490479434, "bad-redirect": 0.014902403748461052, "roll-in": 0.2101800719570648, "dsfb-red": 0.0089199268476351, "roll-out": 0.19077586928198323}, "wordle": {"sfT": 0.0003590261415909346, "dsfb-alt": 0.0644003141478739, "sfb": 0.031482104790755076, "alternate": 0.32651183664310557, "sfR": 0.13138112868843263, "unknown": 0.0, "sft": 0.0, "dsfb": 0.0, "oneh-in": 0.00578929653315382, "oneh-out": 0.009761023224503534, "redirect": 0.031145517783013575, "bad-redirect": 0.01249859755413441, "roll-in": 0.17183888701896108, "dsfb-red": 0.008190283855043196, "roll-out": 0.20664198361943228}, "english-1k": {"sfT": 0.0, "dsfb-alt": 0.07021877205363444, "sfb": 0.009880028228652082, "alternate": 0.34015525758645027, "sfR": 0.10832745236414962, "unknown": 0.0, "sft": 0.0, "dsfb": 0.0, "oneh-in": 0.004940014114326041, "oneh-out": 0.016231474947071278, "redirect": 0.02081863091037403, "bad-redirect": 0.020112914608327453, "roll-in": 0.189484827099506, "dsfb-red": 0.008468595624558928, "roll-out": 0.2113620324629499}, "english-10k": {"sfT": 0.0, "dsfb-alt": 0.05926168927654812, "sfb": 0.014453599891935702, "alternate": 0.34140599370911406, "sfR": 0.10567144593890508, "unknown": 0.0, "sft": 0.0, "dsfb": 0.0, "oneh-in": 0.0035699812817197663, "oneh-out": 0.006464560699330387, "redirect": 0.020435730688330985, "bad-redirect": 0.03459987263850563, "roll-in": 0.20018911252195057, "dsfb-red": 0.008143416761544547, "roll-out": 0.20580459659211517}, "reddit": {"sfT": 0.00011151071928159678, "dsfb-alt": 0.053784537842007256, "sfb": 0.021101371559372716, "alternate": 0.27703686390054905, "sfR": 0.10397777127267367, "unknown": 0.039285409944231534, "sft": 0.0, "dsfb": 0.0, "oneh-in": 0.01517628301472994, "oneh-out": 0.046636764413659444, "redirect": 0.03516681752639858, "bad-redirect": 0.016635024516813417, "roll-in": 0.19290092120889307, "dsfb-red": 0.00894048522707714, "roll-out": 0.18924623885431258}, "akl": {"sfT": 0.0001906685662200677, "dsfb-alt": 0.05047580294333265, "sfb": 0.020426071234537335, "alternate": 0.22982915211934524, "sfR": 0.13064861186637447, "unknown": 0.13277008071454782, "sft": 0.0, "dsfb": 0.0, "oneh-in": 0.017186509263757185, "oneh-out": 0.03549642378459537, "redirect": 0.03239401371365811, "bad-redirect": 0.014322700507318726, "roll-in": 0.166858047635417, "dsfb-red": 0.00821760024794573, "roll-out": 0.16118431740295033}, "french": {"sfT": 7.616766612757518e-05, "dsfb-alt": 0.03720511828138898, "sfb": 0.017588019011892927, "alternate": 0.27765030480625014, "sfR": 0.10898279115633469, "unknown": 0.15807953387545715, "sft": 0.0, "dsfb": 0.0, "oneh-in": 0.012454671886279217, "oneh-out": 0.0034931055003227613, "redirect": 0.019098083443835626, "bad-redirect": 0.020312466314272856, "roll-in": 0.1951324666429744, "dsfb-red": 0.006056977459359778, "roll-out": 0.1438702939555039}, "keymash": {"sfT": 5.74681975099851e-05, "dsfb-alt": 0.0579033138625607, "sfb": 0.016698616247901383, "alternate": 0.2819061380139812, "sfR": 0.099723742164827, "unknown": 0.01232282349464109, "sft": 0.0, "dsfb": 0.0, "oneh-in": 0.019563816380899213, "oneh-out": 0.051216478595148864, "redirect": 0.03638147389507128, "bad-redirect": 0.015237282082647477, "roll-in": 0.20709896434098343, "dsfb-red": 0.009231855442854035, "roll-out": 0.19265802728097434}, "movie": {"sfT": 0.00030807054012622074, "dsfb-alt": 0.04906059540915676, "sfb": 0.019576231272147093, "alternate": 0.26050002704335584, "sfR": 0.11567713207251198, "unknown": 0.030236445784519856, "sft": 0.0, "dsfb": 0.0, "oneh-in": 0.03143398611563844, "oneh-out": 0.04607529844086829, "redirect": 0.0449667182486328, "bad-redirect": 0.013643405915243885, "roll-in": 0.18930849152161186, "dsfb-red": 0.010758912891311107, "roll-out": 0.18845468474487587}, "dutch": {"sfT": 0.0001171777403247317, "dsfb-alt": 0.04882824232062634, "sfb": 0.0666014069433558, "alternate": 0.24322801418354514, "sfR": 0.18880787437283908, "unknown": 0.07290361491625476, "sft": 0.0, "dsfb": 0.0, "oneh-in": 0.009043198833609007, "oneh-out": 0.004551050746335242,