{"english-450k": {"alternate": 0.23019719920645548, "sfR": 0.11369548401129392, "sft": 0.0, "dsfb-alt": 0.02413113247317285, "unknown": 0.00015377410175167997, "redirect": 0.05576240673425321, "oneh-out": 0.02596969773156889, "roll-in": 0.18335573679720704, "bad-redirect": 0.023145633429437276, "sfb": 0.05961757608748402, "oneh-in": 0.012855047152518766, "dsfb": 0.0, "sfT": 0.0011068227171708372, "dsfb-red": 0.017771433215556794, "roll-out": 0.25223805634212926}, "shai": {"alternate": 0.2254139092584204, "sfR": 0.09823378925716947, "sft": 0.0, "dsfb-alt": 0.02263480479051335, "unknown": 0.023260762136131256, "redirect": 0.04682887343546465, "oneh-out": 0.02434513457101782, "roll-in": 0.20314865497101373, "bad-redirect": 0.021186029496230687, "sfb": 0.05073150726413806, "oneh-in": 0.012792033955560896, "dsfb": 0.0, "sfT": 0.000612844400586692, "dsfb-red": 0.015473356415419337, "roll-out": 0.2553383000483337}, "tr-quotes": {"alternate": 0.2235627932780102, "sfR": 0.09677191928064538, "sft": 0.0, "dsfb-alt": 0.02261390166662814, "unknown": 0.013835787429786644, "redirect": 0.04444649915628395, "oneh-out": 0.026774693141628718, "roll-in": 0.2166732160606551, "bad-redirect": 0.017755021844155245, "sfb": 0.0499687940639375, "oneh-in": 0.012169159288966967, "dsfb": 0.0, "sfT": 0.0005351240147014632, "dsfb-red": 0.013269457479022676, "roll-out": 0.26162363329557803}, "gutenberg": {"alternate": 0.2352128492693234, "sfR": 0.09863878308844841, "sft": 0.0, "dsfb-alt": 0.024346604137375005, "unknown": 0.032975828246008664, "redirect": 0.04561751274814797, "oneh-out": 0.023428782948265194, "roll-in": 0.19773032007616875, "bad-redirect": 0.018999182769739976, "sfb": 0.046526619845472635, "oneh-in": 0.01307094824094691, "dsfb": 0.0, "sfT": 0.0005253081852221885, "dsfb-red": 0.014541924821635802, "roll-out": 0.2483853356232451}, "english-200": {"alternate": 0.2026726057906459, "sfR": 0.10690423162583519, "sft": 0.0, "dsfb-alt": 0.0378619153674833, "unknown": 0.0, "redirect": 0.024498886414253896, "oneh-out": 0.031180400890868598, "roll-in": 0.24721603563474387, "bad-redirect": 0.013363028953229399, "sfb": 0.07126948775055679, "oneh-in": 0.0066815144766146995, "dsfb": 0.0, "sfT": 0.0, "dsfb-red": 0.008908685968819599, "roll-out": 0.24944320712694878}, "monkeyracer": {"alternate": 0.22276420538968048, "sfR": 0.09690789370786869, "sft": 0.0, "dsfb-alt": 0.022716697686785428, "unknown": 0.013436077701487402, "redirect": 0.04431315200900887, "oneh-out": 0.026780268076387694, "roll-in": 0.21733014529927897, "bad-redirect": 0.017750871952077828, "sfb": 0.04980684110921688, "oneh-in": 0.012261092950873517, "dsfb": 0.0, "sfT": 0.0005298184150022678, "dsfb-red": 0.013162370771227927, "roll-out": 0.26224056493110404}, "chained-bigrams": {"alternate": 0.24302370806222157, "sfR": 0.11914286586209158, "sft": 0.0, "dsfb-alt": 0.027271446371652915, "unknown": 0.022916559801936097, "redirect": 0.04849981397420572, "oneh-out": 0.019684970349501237, "roll-in": 0.17818089498860146, "bad-redirect": 0.01643455106099633, "sfb": 0.050635377106425586, "oneh-in": 0.01132906826724602, "dsfb": 0.0, "sfT": 0.0008518877559964912, "dsfb-red": 0.018377270699671256, "roll-out": 0.24365158569945375}, "english-5k": {"alternate": 0.21329904177209938, "sfR": 0.10644211224955408, "sft": 0.0, "dsfb-alt": 0.02260754137802298, "unknown": 0.002157049819554486, "redirect": 0.05222549466959804, "oneh-out": 0.030157215746463684, "roll-in": 0.2072841913137263, "bad-redirect": 0.02924461774588294, "sfb": 0.054258099307255156, "oneh-in": 0.012237109553241797, "dsfb": 0.0, "sfT": 0.0008711162732816195, "dsfb-red": 0.016343800555855145, "roll-out": 0.25287260961546437}, "mt-quotes": {"alternate": 0.22323125470649408, "sfR": 0.0964592223377679, "sft": 0.0, "dsfb-alt": 0.022742078148719237, "unknown": 0.007977133909467972, "redirect": 0.04427839734165262, "oneh-out": 0.026971946307120402, "roll-in": 0.22152048146687225, "bad-redirect": 0.017351274787535412, "sfb": 0.04889823215118155, "oneh-in": 0.012172637190566691, "dsfb": 0.0, "sfT": 0.0004467434049318081, "dsfb-red": 0.012667192598701905, "roll-out": 0.26528340564898817}, "wordle": {"alternate": 0.2031414787389207, "sfR": 0.13138112868843263, "sft": 0.0, "dsfb-alt": 0.02768989117020083, "unknown": 0.0, "redirect": 0.05122854257825648, "oneh-out": 0.01795130707954673, "roll-in": 0.19149556827106473, "bad-redirect": 0.01678447211937619, "sfb": 0.08329406484909682, "oneh-in": 0.012655671491080444, "dsfb": 0.0, "sfT": 0.0024683047234376754, "dsfb-red": 0.022259620778637943, "roll-out": 0.23964994951194885}, "english-1k": {"alternate": 0.21630204657727595, "sfR": 0.10832745236414962, "sft": 0.0, "dsfb-alt": 0.026817219477769938, "unknown": 0.0, "redirect": 0.04940014114326041, "oneh-out": 0.02893436838390967, "roll-in": 0.20783345095271702, "bad-redirect": 0.025052928722653495, "sfb": 0.05257586450247001, "oneh-in": 0.008115737473535639, "dsfb": 0.0, "sfT": 0.0007057163020465773, "dsfb-red": 0.01799576570218772, "roll-out": 0.257939308398024}, "english-10k": {"alternate": 0.21601281333822195, "sfR": 0.10567144593890508, "sft": 0.0, "dsfb-alt": 0.02180583161266668, "unknown": 0.0, "redirect": 0.05710040331139885, "oneh-out": 0.02776866521294456, "roll-in": 0.20111537793558595, "bad-redirect": 0.026688022230369927, "sfb": 0.05221821269369561, "oneh-in": 0.015244784932749271, "dsfb": 0.0, "sfT": 0.0009841570019876113, "dsfb-red": 0.017695528839659597, "roll-out": 0.2576947569518149}, "reddit": {"alternate": 0.20834907012908013, "sfR": 0.10397777127267367, "sft": 0.0, "dsfb-alt": 0.023064289843965528, "unknown": 0.039285409944231534, "redirect": 0.04336560851347072, "oneh-out": 0.025148270488221797, "roll-in": 0.1999020863217326, "bad-redirect": 0.018068781924250998, "sfb": 0.050520161733618986, "oneh-in": 0.012260185934853693, "dsfb": 0.0, "sfT": 0.0008483729529757761, "dsfb-red": 0.01623142088891311, "roll-out": 0.25897857005201147}, "akl": {"alternate": 0.17504295972564482, "sfR": 0.13064861186637447, "sft": 0.0, "dsfb-alt": 0.018999034253952593, "unknown": 0.13277008071454782, "redirect": 0.037111016173522283, "oneh-out": 0.022259770639822877, "roll-in": 0.16323863098832905, "bad-redirect": 0.016100017164371254, "sfb": 0.049622451778358084, "oneh-in": 0.010408299797498964, "dsfb": 0.0, "sfT": 0.0009786681233610057, "dsfb-red": 0.01472802872150043, "roll-out": 0.2280924300527164}, "french": {"alternate": 0.1601493197878338, "sfR": 0.10898279115633469, "sft": 0.0, "dsfb-alt": 0.020744827186966734, "unknown": 0.15807953387545715, "redirect": 0.05852055874526385, "oneh-out": 0.024883604974287946, "roll-in": 0.1882982314104638, "bad-redirect": 0.024273889099308808, "sfb": 0.03903801136591173, "oneh-in": 0.007606548999008696, "dsfb": 0.0, "sfT": 0.00014781081707605364, "dsfb-red": 0.01622955580212665, "roll-out": 0.1930453167799601}, "keymash": {"alternate": 0.22193807391231174, "sfR": 0.099723742164827, "sft": 0.0, "dsfb-alt": 0.02312684462651829, "unknown": 0.01232282349464109, "redirect": 0.044299770537697084, "oneh-out": 0.026730921584644497, "roll-in": 0.21585054984750404, "bad-redirect": 0.018242047838169555, "sfb": 0.04959505445111714, "oneh-in": 0.012010853279586885, "dsfb": 0.0, "sfT": 0.0005172137775898659, "dsfb-red": 0.013849835599906409, "roll-out": 0.2617922688854864}, "movie": {"alternate": 0.20025098339774827, "sfR": 0.11567713207251198, "sft": 0.0, "dsfb-alt": 0.023628128722162616, "unknown": 0.030236445784519856, "redirect": 0.04370653734634801, "oneh-out": 0.029976408455476965, "roll-in": 0.2125061637137647, "bad-redirect": 0.016569878649685107, "sfb": 0.051538582709702144, "oneh-in": 0.009957745250008915, "dsfb": 0.0, "sfT": 0.0005306024851725426, "dsfb-red": 0.012106737954093148, "roll-out": 0.2533146534588057}, "dutch": {"alternate": 0.17592585387069723, "sfR": 0.18880787437283908, "sft": 0.0, "dsfb-alt": 0.018240889390345464, "unknown": 0.07290361491625476, "redirect": 0.042029907202043366, "oneh-out": 0.02037565802876953,