{"english-450k": {"oneh-out": 0.0065371534016526915, "roll-in": 0.16569071759883203, "dsfb-alt": 0.055421531063830284, "bad-redirect": 0.0041238355119946725, "dsfb-red": 0.011966022355129302, "unknown": 0.00015377410175167997, "dsfb": 0.0, "sfR": 0.11369548401129392, "oneh-in": 0.0036674830921574622, "sft": 0.0, "alternate": 0.3471558515138563, "redirect": 0.02269571262602314, "sfT": 0.0002464478474841563, "sfb": 0.040815914859431174, "roll-out": 0.22783007201656316}, "shai": {"oneh-out": 0.0037055835755951216, "roll-in": 0.17467657315862206, "dsfb-alt": 0.04450652752185775, "bad-redirect": 0.004935166008026299, "dsfb-red": 0.008835609185316102, "unknown": 0.024097749651430984, "dsfb": 0.0, "sfR": 0.09823378925716947, "oneh-in": 0.0036796673182370875, "sft": 0.0, "alternate": 0.3237833447329774, "redirect": 0.019862593520687956, "sfT": 0.00012122894458906011, "sfb": 0.024881623546700198, "roll-out": 0.2686805435787905}, "tr-quotes": {"oneh-out": 0.003838330135688033, "roll-in": 0.19476664894477705, "dsfb-alt": 0.03782043873234553, "bad-redirect": 0.0038961189061741523, "dsfb-red": 0.00863826541226509, "unknown": 0.013894731975682485, "dsfb": 0.0, "sfR": 0.09677191928064538, "oneh-in": 0.0049790804650840246, "sft": 0.0, "alternate": 0.32165923117819745, "redirect": 0.021655763851968286, "sfT": 0.00025889369177781375, "sfb": 0.02396731467141305, "roll-out": 0.26785326275398164}, "gutenberg": {"oneh-out": 0.0042405422741430545, "roll-in": 0.18412175025943367, "dsfb-alt": 0.03927535885956029, "bad-redirect": 0.003859016603375839, "dsfb-red": 0.00871882770459835, "unknown": 0.03298207965968062, "dsfb": 0.0, "sfR": 0.09863878308844841, "oneh-in": 0.0032791506261074946, "sft": 0.0, "alternate": 0.29283080302629044, "redirect": 0.024900896149621713, "sfT": 0.0002013712949481379, "sfb": 0.02654160808334309, "roll-out": 0.28040981237044893}, "english-200": {"oneh-out": 0.004454342984409799, "roll-in": 0.18930957683741648, "dsfb-alt": 0.04899777282850779, "bad-redirect": 0.0, "dsfb-red": 0.008908685968819599, "unknown": 0.0, "dsfb": 0.0, "sfR": 0.10690423162583519, "oneh-in": 0.004454342984409799, "sft": 0.0, "alternate": 0.32293986636971045, "redirect": 0.022271714922048998, "sfT": 0.0, "sfb": 0.022271714922048998, "roll-out": 0.26948775055679286}, "monkeyracer": {"oneh-out": 0.003903256330450287, "roll-in": 0.1960034878083113, "dsfb-alt": 0.03779990459358431, "bad-redirect": 0.0038494924691493187, "dsfb-red": 0.00870974553075684, "unknown": 0.013491796612290222, "dsfb": 0.0, "sfR": 0.09690789370786869, "oneh-in": 0.005022522170261351, "sft": 0.0, "alternate": 0.32074835384831946, "redirect": 0.021662926005286454, "sfT": 0.00024340366298074666, "sfb": 0.024004097783755885, "roll-out": 0.26765311947698517}, "chained-bigrams": {"oneh-out": 0.006948858814538452, "roll-in": 0.16055681773173197, "dsfb-alt": 0.06224819152410641, "bad-redirect": 0.003817262284682448, "dsfb-red": 0.015352160139314815, "unknown": 0.023159399756770463, "dsfb": 0.0, "sfR": 0.11914286586209158, "oneh-in": 0.005393774077029613, "sft": 0.0, "alternate": 0.3043187202983685, "redirect": 0.02557676112534892, "sfT": 0.00014414564163965017, "sfb": 0.025359244053505304, "roll-out": 0.2479817986908719}, "english-5k": {"oneh-out": 0.004645953457501971, "roll-in": 0.16675654374248144, "dsfb-alt": 0.052308458124196294, "bad-redirect": 0.00551706973078359, "dsfb-red": 0.010163023188285561, "unknown": 0.002157049819554486, "dsfb": 0.0, "sfR": 0.10644211224955408, "oneh-in": 0.0033185381839299787, "sft": 0.0, "alternate": 0.3523872734060646, "redirect": 0.019413448375990378, "sfT": 8.296345459824948e-05, "sfb": 0.025013481561372217, "roll-out": 0.25179408470568715}, "mt-quotes": {"oneh-out": 0.0038428897574736137, "roll-in": 0.20000059765004005, "dsfb-alt": 0.036677782957411455, "bad-redirect": 0.0038264543813724436, "dsfb-red": 0.008558348573409355, "unknown": 0.007995063410669249, "dsfb": 0.0, "sfR": 0.0964592223377679, "oneh-in": 0.005115884342764251, "sft": 0.0, "alternate": 0.32127574377547485, "redirect": 0.02204730997716977, "sfT": 0.00023158939051648916, "sfb": 0.02317388030264998, "roll-out": 0.27079523314328063}, "wordle": {"oneh-out": 0.007584427241108493, "roll-in": 0.16492763379333558, "dsfb-alt": 0.05733198698530237, "bad-redirect": 0.006305396611690789, "dsfb-red": 0.010344440704588802, "unknown": 0.0, "dsfb": 0.0, "sfR": 0.13138112868843263, "oneh-in": 0.004712218108381017, "sft": 0.0, "alternate": 0.31127566475934026, "redirect": 0.0288118478626725, "sfT": 0.0007853696847301694, "sfb": 0.05320318635700662, "roll-out": 0.22333669920341076}, "english-1k": {"oneh-out": 0.004234297812279464, "roll-in": 0.19336626676076218, "dsfb-alt": 0.04551870148200424, "bad-redirect": 0.00529287226534933, "dsfb-red": 0.0077628793225123505, "unknown": 0.0, "dsfb": 0.0, "sfR": 0.10832745236414962, "oneh-in": 0.0035285815102328866, "sft": 0.0, "alternate": 0.33345095271700775, "redirect": 0.022582921665490474, "sfT": 0.00035285815102328866, "sfb": 0.026817219477769938, "roll-out": 0.2487649964714185}, "english-10k": {"oneh-out": 0.004669921460411802, "roll-in": 0.16296482121147798, "dsfb-alt": 0.053086586518978796, "bad-redirect": 0.006908396210030683, "dsfb-red": 0.008548657880010035, "unknown": 0.0, "dsfb": 0.0, "sfR": 0.10567144593890508, "oneh-in": 0.0029524710059628334, "sft": 0.0, "alternate": 0.3480828235657359, "redirect": 0.021477779278670808, "sfT": 5.789158835221242e-05, "sfb": 0.02950541286351093, "roll-out": 0.256073792477953}, "reddit": {"oneh-out": 0.0038008037237163674, "roll-in": 0.1763409613482571, "dsfb-alt": 0.03924079816503624, "bad-redirect": 0.004094132726972727, "dsfb-red": 0.009361581466970895, "unknown": 0.04519937363713543, "dsfb": 0.0, "sfR": 0.10397777127267367, "oneh-in": 0.005130354607458483, "sft": 0.0, "alternate": 0.3066757163777108, "redirect": 0.01991543239807791, "sfT": 0.00012484555840294324, "sfb": 0.02330424203332324, "roll-out": 0.26283398668426416}, "akl": {"oneh-out": 0.003484043694603857, "roll-in": 0.15340453586608657, "dsfb-alt": 0.03571913811087601, "bad-redirect": 0.004101931410559727, "dsfb-red": 0.00734361823512955, "unknown": 0.13920166722946467, "dsfb": 0.0, "sfR": 0.13064861186637447, "oneh-in": 0.004156485796229536, "sft": 0.0, "alternate": 0.25938050678405283, "redirect": 0.016077656784375248, "sfT": 0.00015694268920952054, "sfb": 0.029315594724462428, "roll-out": 0.2170092668085756}, "french": {"oneh-out": 0.0028796741294349632, "roll-in": 0.15394695856920926, "dsfb-alt": 0.041516187209636055, "bad-redirect": 0.006644864795875524, "dsfb-red": 0.012005006990301043, "unknown": 0.15842537463172957, "dsfb": 0.0, "sfR": 0.10898279115633469, "oneh-in": 0.005377835745506689, "sft": 0.0, "alternate": 0.2523704751533477, "redirect": 0.01934414515675445, "sfT": 9.468521831752068e-05, "sfb": 0.023240861381993983, "roll-out": 0.21517113986155853}, "keymash": {"oneh-out": 0.003957095885687546, "roll-in": 0.19456268754130526, "dsfb-alt": 0.03733380402523675, "bad-redirect": 0.0041582345769724935, "dsfb-red": 0.008378042222705684, "unknown": 0.012376186820900362, "dsfb": 0.0, "sfR": 0.099723742164827, "oneh-in": 0.0048519578183430275, "sft": 0.0, "alternate": 0.32043035470192477, "redirect": 0.020996416447398126, "sfT": 0.00023808253254136683, "sfb": 0.02451839598051007, "roll-out": 0.26847499928164753}, "movie": {"oneh-out": 0.0032773125721073906, "roll-in": 0.19448857724181196, "dsfb-alt": 0.037738706964381336, "bad-redirect": 0.002961214563827518, "dsfb-red": 0.010521641988343327, "unknown": 0.030282373430185833, "dsfb": 0.0, "sfR": 0.11567713207251198, "oneh-in": 0.006843350802069086, "sft": 0.0, "alternate": 0.3088728921480702, "redirect": 0.01800692704702741, "sfT": 7.882710531209151e-05, "sfb": 0.022397162540043578, "roll-out": 0.2488538815243083}, "dutch": {"oneh-out": 0.010779132815867348, "roll-in": 0.14041918754208582, "dsfb-alt": 0.041662451435788624, "bad-redirect": 0.0024743240888493805, "dsfb-red": 0.007679902617139279,