{"english-450k": {"roll-in": 0.15516450028386816, "dsfb-red": 0.008253517948010321, "sft": 0.0, "unknown": 0.00015377410175167997, "alternate": 0.36214297951062413, "sfb": 0.03385164365804616, "roll-out": 0.2449747149770713, "bad-redirect": 0.006479853546247123, "oneh-in": 0.004341633431776044, "redirect": 0.020216616841129135, "sfR": 0.11369548401129392, "dsfb": 0.0, "dsfb-alt": 0.04043440306706247, "oneh-out": 0.01015844579404444, "sfT": 0.00013243282907511602}, "shai": {"roll-in": 0.13827457330291087, "dsfb-red": 0.006103990763037162, "sft": 0.0, "unknown": 0.023260762136131256, "alternate": 0.33778591483924025, "sfb": 0.01987259465703998, "roll-out": 0.3097509415156459, "bad-redirect": 0.007079422801290426, "oneh-in": 0.0041239515449588236, "redirect": 0.015130055024827898, "sfR": 0.09823378925716947, "dsfb": 0.0, "dsfb-alt": 0.03076292259832619, "oneh-out": 0.009493013602474338, "sfT": 0.00012806795694743025}, "tr-quotes": {"roll-in": 0.1339670835163311, "dsfb-red": 0.007559926954994105, "sft": 0.0, "unknown": 0.013835787429786644, "alternate": 0.3317595524837614, "sfb": 0.01892813388502346, "roll-out": 0.332464575483692, "bad-redirect": 0.006418020850188391, "oneh-in": 0.004091444950417235, "redirect": 0.016252513811516146, "sfR": 0.09677191928064538, "dsfb": 0.0, "dsfb-alt": 0.027601072559580223, "oneh-out": 0.010095698203925012, "sfT": 0.0002542705901389242}, "gutenberg": {"roll-in": 0.12130432525840124, "dsfb-red": 0.0068809120850434734, "sft": 0.0, "unknown": 0.032975828246008664, "alternate": 0.3050604625364145, "sfb": 0.021169370497798178, "roll-out": 0.34825924650384954, "bad-redirect": 0.005776685106442631, "oneh-in": 0.0037629721569612524, "redirect": 0.017870518446785125, "sfR": 0.09863878308844841, "dsfb": 0.0, "dsfb-alt": 0.02579806872993628, "oneh-out": 0.012312632818860933, "sfT": 0.00019019452504979347}, "english-200": {"roll-in": 0.133630289532294, "dsfb-red": 0.0066815144766146995, "sft": 0.0, "unknown": 0.0, "alternate": 0.34743875278396436, "sfb": 0.013363028953229399, "roll-out": 0.33184855233853006, "bad-redirect": 0.004454342984409799, "oneh-in": 0.0022271714922048997, "redirect": 0.013363028953229399, "sfR": 0.10690423162583519, "dsfb": 0.0, "dsfb-alt": 0.024498886414253896, "oneh-out": 0.015590200445434299, "sfT": 0.0}, "monkeyracer": {"roll-in": 0.1339248009759607, "dsfb-red": 0.0076706367205217636, "sft": 0.0, "unknown": 0.013436077701487402, "alternate": 0.3308950607629385, "sfb": 0.018977665514490826, "roll-out": 0.33354415283794986, "bad-redirect": 0.0064360229601013496, "oneh-in": 0.004049885043089291, "redirect": 0.016264056805918328, "sfR": 0.09690789370786869, "dsfb": 0.0, "dsfb-alt": 0.027524164411842907, "oneh-out": 0.01013399909285703, "sfT": 0.00023558346497333312}, "chained-bigrams": {"roll-in": 0.12274650690308284, "dsfb-red": 0.012988041755486138, "sft": 0.0, "unknown": 0.022916559801936097, "alternate": 0.3235095697772041, "sfb": 0.020298563283507855, "roll-out": 0.28953535106930745, "bad-redirect": 0.004760052697568808, "oneh-in": 0.005878155377314203, "redirect": 0.024640463759383266, "sfR": 0.11914286586209158, "dsfb": 0.0, "dsfb-alt": 0.042961244950844385, "oneh-out": 0.010510295050545123, "sfT": 0.00011232971172819586}, "english-5k": {"roll-in": 0.16024391255651885, "dsfb-red": 0.006429667731364334, "sft": 0.0, "unknown": 0.002157049819554486, "alternate": 0.36620068859667315, "sfb": 0.020243082921972872, "roll-out": 0.2631185962583482, "bad-redirect": 0.006927448458953831, "oneh-in": 0.004231136184510723, "redirect": 0.016883063010743767, "sfR": 0.10644211224955408, "dsfb": 0.0, "dsfb-alt": 0.038495042933587756, "oneh-out": 0.008545235823619695, "sfT": 8.296345459824948e-05}, "mt-quotes": {"roll-in": 0.13250797862803457, "dsfb-red": 0.007918863030563822, "sft": 0.0, "unknown": 0.007977133909467972, "alternate": 0.3310592749309714, "sfb": 0.017783076941466153, "roll-out": 0.3422711896821697, "bad-redirect": 0.006532314937665101, "oneh-in": 0.003963913890582231, "redirect": 0.01617539833375169, "sfR": 0.0964592223377679, "dsfb": 0.0, "dsfb-alt": 0.02677173354370615, "oneh-out": 0.010354286943737225, "sfT": 0.00022561289011606363}, "wordle": {"roll-in": 0.14246606081005272, "dsfb-red": 0.009581510153708067, "sft": 0.0, "unknown": 0.0, "alternate": 0.3266015931785033, "sfb": 0.047189498485358465, "roll-out": 0.2507124424997195, "bad-redirect": 0.008055649051946594, "oneh-in": 0.0029619656681252105, "redirect": 0.025558173454504656, "sfR": 0.13138112868843263, "dsfb": 0.0, "dsfb-alt": 0.04200605856613935, "oneh-out": 0.012902501963424212, "sfT": 0.0005834174800852687}, "english-1k": {"roll-in": 0.14784756527875795, "dsfb-red": 0.00529287226534933, "sft": 0.0, "unknown": 0.0, "alternate": 0.3514467184191955, "sfb": 0.02081863091037403, "roll-out": 0.2992237120677488, "bad-redirect": 0.0067043048694424845, "oneh-in": 0.0035285815102328866, "redirect": 0.017290049400141144, "sfR": 0.10832745236414962, "dsfb": 0.0, "dsfb-alt": 0.027522935779816515, "oneh-out": 0.011644318983768526, "sfT": 0.00035285815102328866}, "english-10k": {"roll-in": 0.15781246984813108, "dsfb-red": 0.005441809305107968, "sft": 0.0, "unknown": 0.0, "alternate": 0.3638100384014203, "sfb": 0.023233824125354584, "roll-out": 0.2670345998726385, "bad-redirect": 0.00829779433048378, "oneh-in": 0.003647170066189383, "redirect": 0.017676231643542192, "sfR": 0.10567144593890508, "dsfb": 0.0, "dsfb-alt": 0.037359371683294416, "oneh-out": 0.009957353196580537, "sfT": 5.789158835221242e-05}, "reddit": {"roll-in": 0.1325052248409324, "dsfb-red": 0.008122302949190705, "sft": 0.0, "unknown": 0.039285409944231534, "alternate": 0.31848982197802483, "sfb": 0.019997276846055838, "roll-out": 0.3110921326883916, "bad-redirect": 0.005640749320569345, "oneh-in": 0.005948948916890803, "redirect": 0.015004390945269662, "sfR": 0.10397777127267367, "dsfb": 0.0, "dsfb-alt": 0.030338369669833505, "oneh-out": 0.00945440093703465, "sfT": 0.00014319969090142575}, "akl": {"roll-in": 0.11529965639384689, "dsfb-red": 0.005821629939268961, "sft": 0.0, "unknown": 0.13277008071454782, "alternate": 0.2691604922574652, "sfb": 0.024523110539860365, "roll-out": 0.2608962193489532, "bad-redirect": 0.005663377747142547, "oneh-in": 0.0051983065508278735, "redirect": 0.011447180347434843, "sfR": 0.13064861186637447, "dsfb": 0.0, "dsfb-alt": 0.029687073523622556, "oneh-out": 0.008732234894284695, "sfT": 0.00015202587637062025}, "french": {"roll-in": 0.11504222563718246, "dsfb-red": 0.005330672918408025, "sft": 0.0, "unknown": 0.15807953387545715, "alternate": 0.266816877574245, "sfb": 0.03423583777683422, "roll-out": 0.24894054806531057, "bad-redirect": 0.009173799107900444, "oneh-in": 0.0015519087064301735, "redirect": 0.011152480461323163, "sfR": 0.10898279115633469, "dsfb": 0.0, "dsfb-alt": 0.02721203734379018, "oneh-out": 0.013299332950127873, "sfT": 0.00018195442665605832}, "keymash": {"roll-in": 0.1324190416767578, "dsfb-red": 0.007462655933796637, "sft": 0.0, "unknown": 0.01232282349464109, "alternate": 0.33095934946000416, "sfb": 0.019436565372127103, "roll-out": 0.3345305874481247, "bad-redirect": 0.006686835267411838, "oneh-in": 0.003690279254391186, "redirect": 0.01549588897144241, "sfR": 0.099723742164827, "dsfb": 0.0, "dsfb-alt": 0.026546202378362402, "oneh-out": 0.01050026065932442, "sfT": 0.00022576791878922716}, "movie": {"roll-in": 0.1294541097939191, "dsfb-red": 0.009225271680447811, "sft": 0.0, "unknown": 0.030236445784519856, "alternate": 0.3149713991837512, "sfb": 0.020151050631084015, "roll-out": 0.31566426180389845, "bad-redirect": 0.004715545349996953, "oneh-in": 0.00462605881975952, "redirect": 0.014420491152085121, "sfR": 0.11567713207251198, "dsfb": 0.0, "dsfb-alt": 0.03159900980522336, "oneh-out": 0.009166447446600558, "sfT": 9.277647620204426e-05}, "dutch": {"roll-in": 0.11028485612814837, "dsfb-red": 0.005714579984234528, "sft": 0.0, "unknown": 0.07290361491625476, "alternate": 0.2952238030289343, "sfb": 0.028788320483110107,