{"english-450k": {"sfR": 0.11369548401129392, "sfT": 0.00040986937387044734, "roll-out": 0.23506914864693407, "sft": 0.0, "bad-redirect": 0.02038910109974794, "oneh-out": 0.020526503814240885, "roll-in": 0.2178911782195064, "oneh-in": 0.025473878574590086, "dsfb-alt": 0.02852363414393139, "dsfb": 0.0, "redirect": 0.055619741788141386, "dsfb-red": 0.01986521670746845, "alternate": 0.21116516917197617, "unknown": 0.00015377410175167997, "sfb": 0.05121730034654719}, "shai": {"sfR": 0.09823378925716947, "sfT": 0.0004662565375075125, "roll-out": 0.24338405478269512, "sft": 0.0, "bad-redirect": 0.01723729909869016, "oneh-out": 0.03481777573489, "roll-in": 0.21397529533541426, "oneh-in": 0.048810619503825974, "dsfb-alt": 0.021910330059173908, "dsfb": 0.0, "redirect": 0.048391667102732724, "dsfb-red": 0.01812364980788839, "alternate": 0.18244351215757332, "unknown": 0.023260762136131256, "sfb": 0.048944988486307885}, "tr-quotes": {"sfR": 0.09677191928064538, "sfT": 0.0004195464737292249, "roll-out": 0.25180994429162523, "sft": 0.0, "bad-redirect": 0.014725734495272879, "oneh-out": 0.03806893044543584, "roll-in": 0.2165645731721412, "oneh-in": 0.05401285222255611, "dsfb-alt": 0.019592704745613834, "dsfb": 0.0, "redirect": 0.043649014123575504, "dsfb-red": 0.016897436490141235, "alternate": 0.18795450867987332, "unknown": 0.013835787429786644, "sfb": 0.04569704814960357}, "gutenberg": {"sfR": 0.09863878308844841, "sfT": 0.00033189323494744837, "roll-out": 0.241720381465051, "sft": 0.0, "bad-redirect": 0.015507862952341874, "oneh-out": 0.03472470857993266, "roll-in": 0.20711009269899291, "oneh-in": 0.06353709532041905, "dsfb-alt": 0.020361043766336556, "dsfb": 0.0, "redirect": 0.04759864257182401, "dsfb-red": 0.016693358308678137, "alternate": 0.18083521159898658, "unknown": 0.032975828246008664, "sfb": 0.039965098168032696}, "english-200": {"sfR": 0.10690423162583519, "sfT": 0.0, "roll-out": 0.2739420935412027, "sft": 0.0, "bad-redirect": 0.015590200445434299, "oneh-out": 0.042316258351893093, "roll-in": 0.23385300668151449, "oneh-in": 0.035634743875278395, "dsfb-alt": 0.024498886414253896, "dsfb": 0.0, "redirect": 0.028953229398663696, "dsfb-red": 0.011135857461024499, "alternate": 0.19376391982182628, "unknown": 0.0, "sfb": 0.0334075723830735}, "monkeyracer": {"sfR": 0.09690789370786869, "sfT": 0.00040860534588735785, "roll-out": 0.252400800788276, "sft": 0.0, "bad-redirect": 0.014646253343134649, "oneh-out": 0.03822219528598464, "roll-in": 0.21662926005286454, "oneh-in": 0.053724760310931076, "dsfb-alt": 0.019441989771181008, "dsfb": 0.0, "redirect": 0.043426537059918356, "dsfb-red": 0.016931706210801256, "alternate": 0.18827713217698672, "unknown": 0.013436077701487402, "sfb": 0.04554678824467836}, "chained-bigrams": {"sfR": 0.11914286586209158, "sfT": 0.0004084126513123422, "roll-out": 0.22901431002610853, "sft": 0.0, "bad-redirect": 0.01950706086387392, "oneh-out": 0.02152185332336867, "roll-in": 0.20995591870445535, "oneh-in": 0.045953890276597305, "dsfb-alt": 0.026401378084278452, "dsfb": 0.0, "redirect": 0.0540572128336371, "dsfb-red": 0.03126077439973404, "alternate": 0.17742185780357106, "unknown": 0.022916559801936097, "sfb": 0.04243790536903557}, "english-5k": {"sfR": 0.10644211224955408, "sfT": 0.00016592690919649896, "roll-out": 0.25100593188700376, "sft": 0.0, "bad-redirect": 0.024557182561081844, "oneh-out": 0.032604637657112044, "roll-in": 0.23014062305554403, "oneh-in": 0.022317169286929107, "dsfb-alt": 0.025262371925166963, "dsfb": 0.0, "redirect": 0.050690670759530425, "dsfb-red": 0.017048989919940267, "alternate": 0.18616999211847182, "unknown": 0.002157049819554486, "sfb": 0.05143734185091467}, "mt-quotes": {"sfR": 0.0964592223377679, "sfT": 0.0003272133969232976, "roll-out": 0.2563231374236502, "sft": 0.0, "bad-redirect": 0.014200164951411052, "oneh-out": 0.03927756063159656, "roll-in": 0.21873244403007375, "oneh-in": 0.05530205233023751, "dsfb-alt": 0.018704952128231794, "dsfb": 0.0, "redirect": 0.04264083623193603, "dsfb-red": 0.01638606997286669, "alternate": 0.1901841957423411, "unknown": 0.007977133909467972, "sfb": 0.043485016913496134}, "wordle": {"sfR": 0.13138112868843263, "sfT": 0.00022439133849433412, "roll-out": 0.2400987321889375, "sft": 0.0, "bad-redirect": 0.014854706608324919, "oneh-out": 0.028968921799618536, "roll-in": 0.21979131605520028, "oneh-in": 0.025131829911365422, "dsfb-alt": 0.030606978570627174, "dsfb": 0.0, "redirect": 0.04994951194883877, "dsfb-red": 0.03024795242903624, "alternate": 0.17397060473465725, "unknown": 0.0, "sfb": 0.05477392572646696}, "english-1k": {"sfR": 0.10832745236414962, "sfT": 0.0, "roll-out": 0.2745236414961186, "sft": 0.0, "bad-redirect": 0.021877205363443897, "oneh-out": 0.03881439661256175, "roll-in": 0.21877205363443897, "oneh-in": 0.026817219477769938, "dsfb-alt": 0.020465772759350742, "dsfb": 0.0, "redirect": 0.0497529992942837, "dsfb-red": 0.020465772759350742, "alternate": 0.17572335920959775, "unknown": 0.0, "sfb": 0.04446012702893437}, "english-10k": {"sfR": 0.10567144593890508, "sfT": 0.00011578317670442484, "roll-out": 0.2521757588622373, "sft": 0.0, "bad-redirect": 0.02184442600490149, "oneh-out": 0.02753709885953571, "roll-in": 0.22930858146311342, "oneh-in": 0.023002257771945735, "dsfb-alt": 0.024874085795333938, "dsfb": 0.0, "redirect": 0.05574959958318056, "dsfb-red": 0.017116612956137475, "alternate": 0.19162115744582311, "unknown": 0.0, "sfb": 0.05098319214218174}, "reddit": {"sfR": 0.10397777127267367, "sfT": 0.000512080296707662, "roll-out": 0.23943044504838282, "sft": 0.0, "bad-redirect": 0.014598914446706248, "oneh-out": 0.03489622517299238, "roll-in": 0.2116991862564256, "oneh-in": 0.04753454369472807, "dsfb-alt": 0.020399794208971537, "dsfb": 0.0, "redirect": 0.042942002626888395, "dsfb-red": 0.016288431071898195, "alternate": 0.18271007006971013, "unknown": 0.039285409944231534, "sfb": 0.0457251258896838}, "akl": {"sfR": 0.13064861186637447, "sfT": 0.0005801344997858222, "roll-out": 0.21170511288989924, "sft": 0.0, "bad-redirect": 0.011280329909740906, "oneh-out": 0.029185336245634876, "roll-in": 0.18202671173465082, "oneh-in": 0.03417656838237821, "dsfb-alt": 0.01862061261857271, "dsfb": 0.0, "redirect": 0.035235116183669694, "dsfb-red": 0.015376084419749251, "alternate": 0.15918416288160614, "unknown": 0.13277008071454782, "sfb": 0.039211137653390044}, "french": {"sfR": 0.10898279115633469, "sfT": 0.00033861951019186745, "roll-out": 0.2170872121125526, "sft": 0.0, "bad-redirect": 0.025460810260066285, "oneh-out": 0.0417898454687797, "roll-in": 0.15575162587029687, "oneh-in": 0.021601803321932005, "dsfb-alt": 0.017779876433692637, "dsfb": 0.0, "redirect": 0.048727215676432324, "dsfb-red": 0.016700674690609683, "alternate": 0.13639724811795526, "unknown": 0.15807953387545715, "sfb": 0.05130274350569893}, "keymash": {"sfR": 0.099723742164827, "sfT": 0.0003981725113191825, "roll-out": 0.25413257913165554, "sft": 0.0, "bad-redirect": 0.01511413594512608, "oneh-out": 0.03809320520661869, "roll-in": 0.21439742542475154, "oneh-in": 0.0540529446293917, "dsfb-alt": 0.018697688546998725, "dsfb": 0.0, "redirect": 0.04496886455156334, "dsfb-red": 0.01721583002549125, "alternate": 0.1855360756609869, "unknown": 0.01232282349464109, "sfb": 0.045346512706628955}, "movie": {"sfR": 0.11567713207251198, "sfT": 0.0005537637047634074, "roll-out": 0.24915879371630847, "sft": 0.0, "bad-redirect": 0.012667081550785777, "oneh-out": 0.037691463340329516, "roll-in": 0.2049491578330521, "oneh-in": 0.04489394464389559, "dsfb-alt": 0.02082601594518371, "dsfb": 0.0, "redirect": 0.039751364307692064, "dsfb-red": 0.017771366915961224, "alternate": 0.18021231732081539, "unknown": 0.030236445784519856, "sfb": 0.045611152864180896}, "dutch": {"sfR": 0.18880787437283908, "sfT": 0.00018633681368854046, "roll-out": 0.19608293551774397, "sft": 0.0, "bad-redirect": 0.02394928325056897, "oneh-out": 0.020069059378147864, "roll-in": 0.15869495232721806, "oneh-in": 0.019551056663497338,