{"english-450k": {"dsfb-alt": 0.034452999793603584, "roll-in": 0.21709862766846302, "dsfb": 0.0, "sfR": 0.11369548401129392, "sfT": 0.0007036773059245127, "redirect": 0.029120312740272034, "sfb": 0.048416916086700526, "oneh-out": 0.01630414763249276, "sft": 0.0, "oneh-in": 0.012415650812342388, "roll-out": 0.22602395718648355, "dsfb-red": 0.010696947496376369, "unknown": 0.00015377410175167997, "alternate": 0.2755433107973392, "bad-redirect": 0.015374194366956459}, "shai": {"dsfb-alt": 0.030131105453777566, "roll-in": 0.2370332209573038, "dsfb": 0.0, "sfR": 0.09823378925716947, "sfT": 0.0002622550302155075, "redirect": 0.03156167434504168, "sfb": 0.035802330326696566, "oneh-out": 0.011940040865324327, "sft": 0.0, "oneh-in": 0.011505502327973488, "roll-out": 0.24196785671932383, "dsfb-red": 0.010274816829032897, "unknown": 0.023260762136131256, "alternate": 0.25009041274968397, "bad-redirect": 0.017936233002325653}, "tr-quotes": {"dsfb-alt": 0.02797438801692055, "roll-in": 0.23517949192112989, "dsfb": 0.0, "sfR": 0.09677191928064538, "sfT": 0.00033748641963893576, "redirect": 0.03609833337185918, "sfb": 0.03394512378354638, "oneh-out": 0.010526802431751463, "sft": 0.0, "oneh-in": 0.011661773884098841, "roll-out": 0.25020919534915975, "dsfb-red": 0.011879059661126649, "unknown": 0.013835787429786644, "alternate": 0.25487621645361874, "bad-redirect": 0.016704421996717598}, "gutenberg": {"dsfb-alt": 0.029157161676333625, "roll-in": 0.23736219895180843, "dsfb": 0.0, "sfR": 0.09863878308844841, "sfT": 0.0002436156964283211, "redirect": 0.03537182461336901, "sfb": 0.031031449157252606, "oneh-out": 0.013817897456356608, "sft": 0.0, "oneh-in": 0.01144236026101357, "roll-out": 0.2474057580445275, "dsfb-red": 0.015640468696898502, "unknown": 0.032975828246008664, "alternate": 0.23077718711390416, "bad-redirect": 0.016135466997650606}, "english-200": {"dsfb-alt": 0.0378619153674833, "roll-in": 0.2026726057906459, "dsfb": 0.0, "sfR": 0.10690423162583519, "sfT": 0.0, "redirect": 0.031180400890868598, "sfb": 0.017817371937639197, "oneh-out": 0.011135857461024499, "sft": 0.0, "oneh-in": 0.017817371937639197, "roll-out": 0.29175946547884185, "dsfb-red": 0.0200445434298441, "unknown": 0.0, "alternate": 0.24721603563474387, "bad-redirect": 0.015590200445434299}, "monkeyracer": {"dsfb-alt": 0.0279816459952766, "roll-in": 0.2352315560629995, "dsfb": 0.0, "sfR": 0.09690789370786869, "sfT": 0.0003431111875752694, "redirect": 0.036223157170339554, "sfb": 0.033945524500680356, "oneh-out": 0.010554334735755509, "sft": 0.0, "oneh-in": 0.011728341961618469, "roll-out": 0.25082503088978214, "dsfb-red": 0.011863240377246351, "unknown": 0.013436077701487402, "alternate": 0.254200423854732, "bad-redirect": 0.01675966185463816}, "chained-bigrams": {"dsfb-alt": 0.04220285707050605, "roll-in": 0.21460299238560387, "dsfb": 0.0, "sfR": 0.11914286586209158, "sfT": 0.00032335373665110716, "redirect": 0.03517218586476671, "sfb": 0.03316453575688474, "oneh-out": 0.015298917154565035, "sft": 0.0, "oneh-in": 0.012881555785986576, "roll-out": 0.20506340784970414, "dsfb-red": 0.013332822546975572, "unknown": 0.022916559801936097, "alternate": 0.26655840593100877, "bad-redirect": 0.019339540253319732}, "english-5k": {"dsfb-alt": 0.02961795329157506, "roll-in": 0.2295598788733563, "dsfb": 0.0, "sfR": 0.10644211224955408, "sfT": 0.00024889036379474843, "redirect": 0.02584311610735471, "sfb": 0.041481727299124735, "oneh-out": 0.012900817190027792, "sft": 0.0, "oneh-in": 0.01277637200813042, "roll-out": 0.2446592276102377, "dsfb-red": 0.00866968100551707, "unknown": 0.002157049819554486, "alternate": 0.2698386360808064, "bad-redirect": 0.015804538100966523}, "mt-quotes": {"dsfb-alt": 0.027333524581346146, "roll-in": 0.237429925532805, "dsfb": 0.0, "sfR": 0.0964592223377679, "sfT": 0.0003376722726240423, "redirect": 0.037146938238844865, "sfb": 0.03274524569393146, "oneh-out": 0.010130168178721267, "sft": 0.0, "oneh-in": 0.011573493025424033, "roll-out": 0.2539474785144811, "dsfb-red": 0.011843929668543288, "unknown": 0.007977133909467972, "alternate": 0.2560586772809314, "bad-redirect": 0.01701659076511158}, "wordle": {"dsfb-alt": 0.04732413328845506, "roll-in": 0.20071805228318187, "dsfb": 0.0, "sfR": 0.13138112868843263, "sfT": 0.0015707393694603389, "redirect": 0.03442163132503085, "sfb": 0.06282957477841355, "oneh-out": 0.013800067317401549, "sft": 0.0, "oneh-in": 0.017682037473353528, "roll-out": 0.2228430382587232, "dsfb-red": 0.015595198025356222, "unknown": 0.0, "alternate": 0.23536407494670705, "bad-redirect": 0.016470324245484124}, "english-1k": {"dsfb-alt": 0.032462949894142556, "roll-in": 0.2148906139731828, "dsfb": 0.0, "sfR": 0.10832745236414962, "sfT": 0.0, "redirect": 0.026817219477769938, "sfb": 0.03387438249823571, "oneh-out": 0.016584333098094567, "sft": 0.0, "oneh-in": 0.014820042342978124, "roll-out": 0.2819336626676076, "dsfb-red": 0.011291460832745237, "unknown": 0.0, "alternate": 0.23853211009174313, "bad-redirect": 0.020465772759350742}, "english-10k": {"dsfb-alt": 0.03066324463055518, "roll-in": 0.23837826363829337, "dsfb": 0.0, "sfR": 0.10567144593890508, "sfT": 0.0001929719611740414, "redirect": 0.02566527083614751, "sfb": 0.04067848941548793, "oneh-out": 0.014106250361822427, "sft": 0.0, "oneh-in": 0.011578317670442484, "roll-out": 0.24102197950637771, "dsfb-red": 0.008085525173192335, "unknown": 0.0, "alternate": 0.26689951949981666, "bad-redirect": 0.01705872136778526}, "reddit": {"dsfb-alt": 0.030534384313434644, "roll-in": 0.21842593835970617, "dsfb": 0.0, "sfR": 0.10397777127267367, "sfT": 0.0002846388833795277, "redirect": 0.03056869530398283, "sfb": 0.03558240752654279, "oneh-out": 0.009606740236772054, "sft": 0.0, "oneh-in": 0.012416420805570367, "roll-out": 0.23971103853113002, "dsfb-red": 0.011984424458417308, "unknown": 0.039285409944231534, "alternate": 0.2502051448880838, "bad-redirect": 0.017416985476075293}, "akl": {"dsfb-alt": 0.028074284789656647, "roll-in": 0.18814920614597652, "dsfb": 0.0, "sfR": 0.13064861186637447, "sfT": 0.0006254235346285569, "redirect": 0.02344724270942281, "sfb": 0.036818379332999994, "oneh-out": 0.007471282415725519, "sft": 0.0, "oneh-in": 0.013668616154131754, "roll-out": 0.20336795255488097, "dsfb-red": 0.011264269968307311, "unknown": 0.13277008071454782, "alternate": 0.21029025675720184, "bad-redirect": 0.013404393056145826}, "french": {"dsfb-alt": 0.020365457076486314, "roll-in": 0.1903235662084816, "dsfb": 0.0, "sfR": 0.10898279115633469, "sfT": 0.0009297129601126683, "redirect": 0.02814083641176402, "sfb": 0.03739980727063521, "oneh-out": 0.015888569161476844, "sft": 0.0, "oneh-in": 0.01229249348623378, "roll-out": 0.2041540802370031, "dsfb-red": 0.011674492654651862, "unknown": 0.15807953387545715, "alternate": 0.1937005025343053, "bad-redirect": 0.01806815696705747}, "keymash": {"dsfb-alt": 0.02863147697372472, "roll-in": 0.23716304138120708, "dsfb": 0.0, "sfR": 0.099723742164827, "sfT": 0.00031607508630491804, "redirect": 0.03644304696383198, "sfb": 0.03533473172613941, "oneh-out": 0.010471526560569428, "sft": 0.0, "oneh-in": 0.011727617163287674, "roll-out": 0.24687106188914384, "dsfb-red": 0.011567527184509858, "unknown": 0.01232282349464109, "alternate": 0.25257272805638453, "bad-redirect": 0.016854601355428486}, "movie": {"dsfb-alt": 0.027745430297954614, "roll-in": 0.20558385420854494, "dsfb": 0.0, "sfR": 0.11567713207251198, "sfT": 0.0004392735851949273, "redirect": 0.040945351497168866, "sfb": 0.035492331859744604, "oneh-out": 0.00909893775540673, "sft": 0.0, "oneh-in": 0.010827343767375028, "roll-out": 0.2408826056477318, "dsfb-red": 0.015116775316035499, "unknown": 0.030236445784519856, "alternate": 0.25424860331923965, "bad-redirect": 0.013705914888571504}, "dutch": {"dsfb-alt": 0.02159586650724517, "roll-in": 0.18000855227161824, "dsfb": 0.0, "sfR": 0.18880787437283908, "sfT": 0.0005366148790662962, "redirect": 0.031614141931345215, "sfb": 0.06338417418776819, "oneh-out": 0.01394103114044621, "sft": 0.0,