{"english-450k": {"alternate": 0.2309260182856702, "dsfb-alt": 0.0354045866780175, "unknown": 0.00015377410175167997, "roll-out": 0.20768917284150568, "sfT": 0.0002259836134107388, "bad-redirect": 0.032180008080449, "oneh-in": 0.017730504747409958, "dsfb-red": 0.016419332035705995, "dsfb": 0.0, "oneh-out": 0.021875681532081196, "sfb": 0.03431150423229595, "sfR": 0.11369548401129392, "sft": 0.0, "redirect": 0.0522796864411586, "roll-in": 0.23710826339924962}, "shai": {"alternate": 0.23436633125187908, "dsfb-alt": 0.028324015453149012, "unknown": 0.023260762136131256, "roll-out": 0.23912991042635495, "sfT": 0.00013675702471457283, "bad-redirect": 0.023078113674216236, "oneh-in": 0.01301286400033688, "dsfb-red": 0.012833404755277148, "dsfb": 0.0, "oneh-out": 0.03301975797250028, "sfb": 0.019981662777163844, "sfR": 0.09823378925716947, "sft": 0.0, "redirect": 0.04899069027347689, "roll-in": 0.22563194099763037}, "tr-quotes": {"alternate": 0.24702850142160376, "dsfb-alt": 0.02497977393032986, "unknown": 0.013835787429786644, "roll-out": 0.25972238274658466, "sfT": 0.0002623610180069809, "bad-redirect": 0.02185108989621137, "oneh-in": 0.01249046485286979, "dsfb-red": 0.010937102702202908, "dsfb": 0.0, "oneh-out": 0.030151868888837523, "sfb": 0.02049420956519729, "sfR": 0.09677191928064538, "sft": 0.0, "redirect": 0.04304569935970042, "roll-in": 0.2184288389080234}, "gutenberg": {"alternate": 0.2387757761887821, "dsfb-alt": 0.024989741998474656, "unknown": 0.032975828246008664, "roll-out": 0.2608887312774896, "sfT": 0.00019114170893948367, "bad-redirect": 0.02162951243140968, "oneh-in": 0.013644373367765363, "dsfb-red": 0.010716438527954996, "dsfb": 0.0, "oneh-out": 0.031519248860443064, "sfb": 0.019557074080767508, "sfR": 0.09863878308844841, "sft": 0.0, "redirect": 0.043514006765923964, "roll-in": 0.2029593434575925}, "english-200": {"alternate": 0.22271714922049, "dsfb-alt": 0.031180400890868598, "unknown": 0.0, "roll-out": 0.27616926503340755, "sfT": 0.0, "bad-redirect": 0.0200445434298441, "oneh-in": 0.013363028953229399, "dsfb-red": 0.013363028953229399, "dsfb": 0.0, "oneh-out": 0.028953229398663696, "sfb": 0.008908685968819599, "sfR": 0.10690423162583519, "sft": 0.0, "redirect": 0.035634743875278395, "roll-in": 0.24276169265033407}, "monkeyracer": {"alternate": 0.2465620454509908, "dsfb-alt": 0.024899510455604734, "unknown": 0.013436077701487402, "roll-out": 0.26077525532946494, "sfT": 0.00024535871248260004, "bad-redirect": 0.021736240361605957, "oneh-in": 0.012430204732783834, "dsfb-red": 0.011033321863709589, "dsfb": 0.0, "oneh-out": 0.03019573955612556, "sfb": 0.020500649076434615, "sfR": 0.09690789370786869, "sft": 0.0, "redirect": 0.04289965121916887, "roll-in": 0.21837805183227238}, "chained-bigrams": {"alternate": 0.23383799458350027, "dsfb-alt": 0.03692725644743326, "unknown": 0.022916559801936097, "roll-out": 0.23979146930509465, "sfT": 0.00011297901642026635, "bad-redirect": 0.022088047014854142, "oneh-in": 0.01601250301115051, "dsfb-red": 0.02190104726353784, "dsfb": 0.0, "oneh-out": 0.01873698549907831, "sfb": 0.01919149878352766, "sfR": 0.11914286586209158, "sft": 0.0, "redirect": 0.046829153001508333, "roll-in": 0.2025116404098671}, "english-5k": {"alternate": 0.2185257394117891, "dsfb-alt": 0.03239722902061642, "unknown": 0.002157049819554486, "roll-out": 0.2270709752354088, "sfT": 8.296345459824948e-05, "bad-redirect": 0.0276683121085162, "oneh-in": 0.020326046376571122, "dsfb-red": 0.015182312191479653, "dsfb": 0.0, "oneh-out": 0.03401501638528228, "sfb": 0.019164558012195628, "sfR": 0.10644211224955408, "sft": 0.0, "redirect": 0.05139586012361555, "roll-in": 0.24557182561081844}, "mt-quotes": {"alternate": 0.2502256128901161, "dsfb-alt": 0.02436320388233466, "unknown": 0.007977133909467972, "roll-out": 0.26619183370985283, "sfT": 0.00023158939051648916, "bad-redirect": 0.021400353808823706, "oneh-in": 0.012057589557858501, "dsfb-red": 0.010808500974169565, "dsfb": 0.0, "oneh-out": 0.030402457536964654, "sfb": 0.019785204575608707, "sfR": 0.0964592223377679, "sft": 0.0, "redirect": 0.042347987712315176, "roll-in": 0.21774930971420375}, "wordle": {"alternate": 0.19533266015931786, "dsfb-alt": 0.036553349040727025, "unknown": 0.0, "roll-out": 0.23893189722876698, "sfT": 0.0007853696847301694, "bad-redirect": 0.0284079434533827, "oneh-in": 0.01222932794794121, "dsfb-red": 0.019118142039717265, "dsfb": 0.0, "oneh-out": 0.02374060361270055, "sfb": 0.04463143722652305, "sfR": 0.13138112868843263, "sft": 0.0, "redirect": 0.05235049927072815, "roll-in": 0.21653764164703243}, "english-1k": {"alternate": 0.21418489767113622, "dsfb-alt": 0.02893436838390967, "unknown": 0.0, "roll-out": 0.2565278757939308, "sfT": 0.00035285815102328866, "bad-redirect": 0.024347212420606917, "oneh-in": 0.016937191249117856, "dsfb-red": 0.008821453775582216, "dsfb": 0.0, "oneh-out": 0.040578687367678196, "sfb": 0.019407198306280876, "sfR": 0.10832745236414962, "sft": 0.0, "redirect": 0.048694424841213835, "roll-in": 0.23288637967537051}, "english-10k": {"alternate": 0.21595492174986974, "dsfb-alt": 0.03184037359371683, "unknown": 0.0, "roll-out": 0.22292120954825265, "sfT": 5.789158835221242e-05, "bad-redirect": 0.031164971729607686, "oneh-in": 0.018293741919299125, "dsfb-red": 0.014588680264757532, "dsfb": 0.0, "oneh-out": 0.030180814727620076, "sfb": 0.022925068987476118, "sfR": 0.10567144593890508, "sft": 0.0, "redirect": 0.060187954690183516, "roll-in": 0.24621292526195943}, "reddit": {"alternate": 0.23028173406098104, "dsfb-alt": 0.025476172683919177, "unknown": 0.039285409944231534, "roll-out": 0.25053304708378116, "sfT": 0.00015541080762490595, "bad-redirect": 0.02067652957815274, "oneh-in": 0.011938389297518053, "dsfb-red": 0.012388852149409381, "dsfb": 0.0, "oneh-out": 0.029069200136270068, "sfb": 0.02178013734509721, "sfR": 0.10397777127267367, "sft": 0.0, "redirect": 0.041604061282575544, "roll-in": 0.2128332843577655}, "akl": {"alternate": 0.19243703755553065, "dsfb-alt": 0.022735787303914602, "unknown": 0.13277008071454782, "roll-out": 0.21506729869042543, "sfT": 0.00016000643188300614, "bad-redirect": 0.016758845377181683, "oneh-in": 0.01114910783442734, "dsfb-red": 0.012194313530527837, "dsfb": 0.0, "oneh-out": 0.022544945784479093, "sfb": 0.02704620146188458, "sfR": 0.13064861186637447, "sft": 0.0, "redirect": 0.03301694178046391, "roll-in": 0.1834708216683596}, "french": {"alternate": 0.17044729611751802, "dsfb-alt": 0.026599295137466082, "unknown": 0.15807953387545715, "roll-out": 0.1921443839313012, "sfT": 7.738119503322695e-05, "bad-redirect": 0.034215881968163504, "oneh-in": 0.011715453000677193, "dsfb-red": 0.011953933903395279, "dsfb": 0.0, "oneh-out": 0.0451354997161466, "sfb": 0.01727987256088743, "sfR": 0.10898279115633469, "sft": 0.0, "redirect": 0.046784041279878674, "roll-in": 0.17658463615774095}, "keymash": {"alternate": 0.2469203203441524, "dsfb-alt": 0.024399354714239388, "unknown": 0.01232282349464109, "roll-out": 0.2590255856625057, "sfT": 0.0002298727900399404, "bad-redirect": 0.02175171275752936, "oneh-in": 0.011698883064532681, "dsfb-red": 0.011074942634424271, "dsfb": 0.0, "oneh-out": 0.03131195790044045, "sfb": 0.020856850824873877, "sfR": 0.099723742164827, "sft": 0.0, "redirect": 0.043470586545053015, "roll-in": 0.21721336710274083}, "movie": {"alternate": 0.24627916981240333, "dsfb-alt": 0.024943843912330045, "unknown": 0.030236445784519856, "roll-out": 0.26636481631771086, "sfT": 9.475044378081117e-05, "bad-redirect": 0.017600552921478597, "oneh-in": 0.00982772658548747, "dsfb-red": 0.010704826179652896, "dsfb": 0.0, "oneh-out": 0.028632662925691044, "sfb": 0.024133332824488356, "sfR": 0.11567713207251198, "sft": 0.0, "redirect": 0.036304422121649305, "roll-in": 0.18920031809829543}, "dutch": {"alternate": 0.18083164745017472, "dsfb-alt": 0.020963537048553256, "unknown": 0.07290361491625476, "roll-out": 0.18932871015297872, "sfT": 6.745564791149819e-05, "bad-redirect": 0.03697170187156968,