{"english-450k": {"roll-in": 0.14081731812119622, "bad-redirect": 0.003290648839005532, "alternate": 0.35448906362096494, "oneh-in": 0.0038238883097185816, "redirect": 0.022218018933509366, "dsfb-red": 0.011275208282050937, "dsfb": 0.0, "oneh-out": 0.007391973693519445, "unknown": 0.00015377410175167997, "sft": 0.0, "sfb": 0.047654477194365205, "sfR": 0.11369548401129392, "roll-out": 0.24738774052052825, "sfT": 0.0005332394707130499, "dsfb-alt": 0.04726916490138285}, "shai": {"roll-in": 0.12325679109669736, "bad-redirect": 0.0026437059566830038, "alternate": 0.3225954736962373, "oneh-in": 0.0039688294304647, "redirect": 0.022159727591339325, "dsfb-red": 0.007507733850874078, "dsfb": 0.0, "oneh-out": 0.010390673646200667, "unknown": 0.023260762136131256, "sft": 0.0, "sfb": 0.02552725030986493, "sfR": 0.09823378925716947, "roll-out": 0.3191331414436253, "sfT": 9.766589578444362e-05, "dsfb-alt": 0.04122445568892812}, "tr-quotes": {"roll-in": 0.11674718568687732, "bad-redirect": 0.0022364254178128106, "alternate": 0.31897436490141234, "oneh-in": 0.0037400892258616304, "redirect": 0.02376736552553108, "dsfb-red": 0.00759113289105661, "dsfb": 0.0, "oneh-out": 0.01171956265458496, "unknown": 0.013835787429786644, "sft": 0.0, "sfb": 0.02378354638126719, "sfR": 0.09677191928064538, "roll-out": 0.3458634798086036, "sfT": 7.39696262222325e-05, "dsfb-alt": 0.03489517117033818}, "gutenberg": {"roll-in": 0.10425596242786721, "bad-redirect": 0.0025454619851534607, "alternate": 0.29312935538832074, "oneh-in": 0.0034566528870354396, "redirect": 0.02238081869271195, "dsfb-red": 0.007858974169537581, "dsfb": 0.0, "oneh-out": 0.012331387059876797, "unknown": 0.032975828246008664, "sft": 0.0, "sfb": 0.02617106974569628, "sfR": 0.09863878308844841, "roll-out": 0.3611490931850877, "sfT": 7.29331595061459e-05, "dsfb-alt": 0.035033679964749605}, "english-200": {"roll-in": 0.10467706013363029, "bad-redirect": 0.0, "alternate": 0.34075723830734966, "oneh-in": 0.0022271714922048997, "redirect": 0.017817371937639197, "dsfb-red": 0.0066815144766146995, "dsfb": 0.0, "oneh-out": 0.015590200445434299, "unknown": 0.0, "sft": 0.0, "sfb": 0.015590200445434299, "sfR": 0.10690423162583519, "roll-out": 0.3585746102449889, "sfT": 0.0, "dsfb-alt": 0.031180400890868598}, "monkeyracer": {"roll-in": 0.11681811783474358, "bad-redirect": 0.002213116036098034, "alternate": 0.3182937891987425, "oneh-in": 0.0036940660337519745, "redirect": 0.023821300655332594, "dsfb-red": 0.007626648106730062, "dsfb": 0.0, "oneh-out": 0.01177819572391573, "unknown": 0.013436077701487402, "sft": 0.0, "sfb": 0.02362090808139262, "sfR": 0.09690789370786869, "roll-out": 0.3470994885590503, "sfT": 7.42918810704287e-05, "dsfb-alt": 0.03461610647981607}, "chained-bigrams": {"roll-in": 0.11067982850564473, "bad-redirect": 0.0035750716345401526, "alternate": 0.3117720888586457, "oneh-in": 0.004995750300790399, "redirect": 0.026705252680167442, "dsfb-red": 0.013949012699750473, "dsfb": 0.0, "oneh-out": 0.010377187588670672, "unknown": 0.022916559801936097, "sft": 0.0, "sfb": 0.027951268384250726, "sfR": 0.11914286586209158, "roll-out": 0.2982834331855732, "sfT": 0.00023699621260573115, "dsfb-alt": 0.04941468428533305}, "english-5k": {"roll-in": 0.14763346745758493, "bad-redirect": 0.00394076409341685, "alternate": 0.3610154726842826, "oneh-in": 0.0048118803666984695, "redirect": 0.019040112830298255, "dsfb-red": 0.0078815281868337, "dsfb": 0.0, "oneh-out": 0.008005973368731075, "unknown": 0.002157049819554486, "sft": 0.0, "sfb": 0.029949807109968057, "sfR": 0.10644211224955408, "roll-out": 0.26685195171526943, "sfT": 0.00020740863649562367, "dsfb-alt": 0.04206247148131248}, "mt-quotes": {"roll-in": 0.11545702298562054, "bad-redirect": 0.002087292764848615, "alternate": 0.3186490718494878, "oneh-in": 0.0035993473661562734, "redirect": 0.024100237864715938, "dsfb-red": 0.0075154492535351, "dsfb": 0.0, "oneh-out": 0.011994836303654033, "unknown": 0.007977133909467972, "sft": 0.0, "sfb": 0.022283381742986576, "sfR": 0.0964592223377679, "roll-out": 0.3560963292334541, "sfT": 4.781200320340421e-05, "dsfb-alt": 0.03373286238510178}, "wordle": {"roll-in": 0.1380679905755638, "bad-redirect": 0.0018848872433524066, "alternate": 0.31506787837989453, "oneh-in": 0.0029619656681252105, "redirect": 0.033389431167956916, "dsfb-red": 0.016358128576236957, "dsfb": 0.0, "oneh-out": 0.009312240547514866, "unknown": 0.0, "sft": 0.0, "sfb": 0.050241220688881406, "sfR": 0.13138112868843263, "roll-out": 0.24813194210703468, "sfT": 0.0005161000785369685, "dsfb-alt": 0.05268708627846965}, "english-1k": {"roll-in": 0.13020465772759351, "bad-redirect": 0.003175723359209598, "alternate": 0.33909668313338037, "oneh-in": 0.0038814396612561752, "redirect": 0.020465772759350742, "dsfb-red": 0.008115737473535639, "dsfb": 0.0, "oneh-out": 0.011644318983768526, "unknown": 0.0, "sft": 0.0, "sfb": 0.025405786873676783, "sfR": 0.10832745236414962, "roll-out": 0.3119266055045872, "sfT": 0.0, "dsfb-alt": 0.037755822159491886}, "english-10k": {"roll-in": 0.14729549796414582, "bad-redirect": 0.0031840373593716833, "alternate": 0.3551263001485884, "oneh-in": 0.0037629532428938074, "redirect": 0.02255842226124544, "dsfb-red": 0.008471469095540418, "dsfb": 0.0, "oneh-out": 0.007853958819783485, "unknown": 0.0, "sft": 0.0, "sfb": 0.03321047451805253, "sfR": 0.10567144593890508, "roll-out": 0.2685204839736786, "sfT": 0.00013508037282182898, "dsfb-alt": 0.04420987630497289}, "reddit": {"roll-in": 0.11899358672898831, "bad-redirect": 0.0023191382847164202, "alternate": 0.3055643923836343, "oneh-in": 0.005517626803176463, "redirect": 0.022347130209647268, "dsfb-red": 0.008159610532799864, "dsfb": 0.0, "oneh-out": 0.011076419303528096, "unknown": 0.039285409944231534, "sft": 0.0, "sfb": 0.022759124298118306, "sfR": 0.10397777127267367, "roll-out": 0.32438752915357294, "sfT": 0.00013956632181499147, "dsfb-alt": 0.03547269476309778}, "akl": {"roll-in": 0.10504837340836407, "bad-redirect": 0.00211721914059399, "alternate": 0.2620153007756482, "oneh-in": 0.004857662839220245, "redirect": 0.017178083971405102, "dsfb-red": 0.006760271747057009, "dsfb": 0.0, "oneh-out": 0.008274823054653735, "unknown": 0.13277008071454782, "sft": 0.0, "sfb": 0.027045361403409594, "sfR": 0.13064861186637447, "roll-out": 0.27218522162706826, "sfT": 0.00019598070069425645, "dsfb-alt": 0.030903008750963256}, "french": {"roll-in": 0.1037657404999077, "bad-redirect": 0.006129025119943474, "alternate": 0.25631940308520695, "oneh-in": 0.0013542233495156663, "redirect": 0.016378640075461724, "dsfb-red": 0.010026265709524957, "dsfb": 0.0, "oneh-out": 0.02141023055506078, "unknown": 0.15807953387545715, "sft": 0.0, "sfb": 0.030302550884203378, "sfR": 0.10898279115633469, "roll-out": 0.2559805888111167, "sfT": 0.00018748272500402748, "dsfb-alt": 0.031083524153262827}, "keymash": {"roll-in": 0.11463673941866813, "bad-redirect": 0.00244650326542508, "alternate": 0.3170315213063342, "oneh-in": 0.0034439869793483928, "redirect": 0.02320073230903113, "dsfb-red": 0.007458551062545923, "dsfb": 0.0, "oneh-out": 0.012396711177153928, "unknown": 0.01232282349464109, "sft": 0.0, "sfb": 0.023992972460418777, "sfR": 0.099723742164827, "roll-out": 0.3479165725967005, "sfT": 6.978281126212477e-05, "dsfb-alt": 0.03535936095364369}, "movie": {"roll-in": 0.10873626727205182, "bad-redirect": 0.0020968799600047847, "alternate": 0.3034227676630948, "oneh-in": 0.003940170885057315, "redirect": 0.021244628669720877, "dsfb-red": 0.008552938323119806, "dsfb": 0.0, "oneh-out": 0.013612348825337952, "unknown": 0.030236445784519856, "sft": 0.0, "sfb": 0.020656254733409755, "sfR": 0.11567713207251198, "roll-out": 0.3389599743857967, "sfT": 8.856534536734155e-05, "dsfb-alt": 0.03277562608000701}, "dutch": {"roll-in": 0.08592648180711135, "bad-redirect": 0.0021981539960442514, "alternate": 0.2797984248801389, "oneh-in": 0.0007730324010527672, "redirect": 0.016883062066117366, "dsfb-red": 0.006106995416064177, "dsfb": 0.0,