{"english-450k": {"oneh-out": 0.016000399929603035, "bad-redirect": 0.017274444673773797, "alternate": 0.22705973977679952, "dsfb": 0.0, "roll-in": 0.2526993786473843, "sfT": 0.00041571629789142377, "unknown": 0.00015377410175167997, "roll-out": 0.2101361105442843, "oneh-in": 0.02825379860036333, "sfR": 0.11369548401129392, "sft": 0.0, "redirect": 0.05279099994679299, "dsfb-red": 0.01772290374618269, "sfb": 0.03655526132534566, "dsfb-alt": 0.027241988398533357}, "shai": {"oneh-out": 0.01822701294543374, "bad-redirect": 0.018340481720368847, "alternate": 0.2173412195751034, "dsfb": 0.0, "roll-in": 0.303121562109379, "sfT": 0.00011245085741940338, "unknown": 0.023260762136131256, "roll-out": 0.18658142426709165, "oneh-in": 0.023809802847568128, "sfR": 0.09823378925716947, "sft": 0.0, "redirect": 0.044484481673304675, "dsfb-red": 0.013460530964354154, "sfb": 0.029397577836243312, "dsfb-alt": 0.02362890381043295}, "tr-quotes": {"oneh-out": 0.018962807147315134, "bad-redirect": 0.02156099026837105, "alternate": 0.21182936131850857, "dsfb": 0.0, "roll-in": 0.3230669656272393, "sfT": 5.5477219666674374e-05, "unknown": 0.013835787429786644, "roll-out": 0.1780379556644553, "oneh-in": 0.024216962159913084, "sfR": 0.09677191928064538, "sft": 0.0, "redirect": 0.0448776033841104, "dsfb-red": 0.014496890964147847, "sfb": 0.028111925290677516, "dsfb-alt": 0.02417535424516308}, "gutenberg": {"oneh-out": 0.015457472769410355, "bad-redirect": 0.018851422082948304, "alternate": 0.20255679030447415, "dsfb": 0.0, "roll-in": 0.32362943438345715, "sfT": 1.458663190122918e-05, "unknown": 0.032975828246008664, "roll-out": 0.18039514996383652, "oneh-in": 0.026157240860906802, "sfR": 0.09863878308844841, "sft": 0.0, "redirect": 0.041905499084452055, "dsfb-red": 0.011543330063654546, "sfb": 0.023874906560309283, "dsfb-alt": 0.023999555960192515}, "english-200": {"oneh-out": 0.011135857461024499, "bad-redirect": 0.024498886414253896, "alternate": 0.21603563474387527, "dsfb": 0.0, "roll-in": 0.33184855233853006, "sfT": 0.0, "unknown": 0.0, "roll-out": 0.19821826280623608, "oneh-in": 0.035634743875278395, "sfR": 0.10690423162583519, "sft": 0.0, "redirect": 0.024498886414253896, "dsfb-red": 0.013363028953229399, "sfb": 0.017817371937639197, "dsfb-alt": 0.0200445434298441}, "monkeyracer": {"oneh-out": 0.018926834227442638, "bad-redirect": 0.02181248729217824, "alternate": 0.21150214273425402, "dsfb": 0.0, "roll-in": 0.3238803431502886, "sfT": 5.669643555374822e-05, "unknown": 0.013436077701487402, "roll-out": 0.17789777437164708, "oneh-in": 0.02425923174374775, "sfR": 0.09690789370786869, "sft": 0.0, "redirect": 0.044601521810532244, "dsfb-red": 0.014528950373023444, "sfb": 0.028049095203090544, "dsfb-alt": 0.02414095124888562}, "chained-bigrams": {"oneh-out": 0.020484913730132087, "bad-redirect": 0.02146731172923475, "alternate": 0.22277838776346348, "dsfb": 0.0, "roll-in": 0.2788263687829887, "sfT": 0.00019998584515771287, "unknown": 0.022916559801936097, "roll-out": 0.15454555489254332, "oneh-in": 0.03180424242699705, "sfR": 0.11914286586209158, "sft": 0.0, "redirect": 0.0429015089191739, "dsfb-red": 0.0200576712427497, "sfb": 0.026926665580163482, "dsfb-alt": 0.037947963423368085}, "english-5k": {"oneh-out": 0.018583813830007883, "bad-redirect": 0.016426764010453395, "alternate": 0.23026506823744142, "dsfb": 0.0, "roll-in": 0.27191272244576264, "sfT": 0.00016592690919649896, "unknown": 0.002157049819554486, "roll-out": 0.20765752685941843, "oneh-in": 0.02530385365246609, "sfR": 0.10644211224955408, "sft": 0.0, "redirect": 0.0511469697598208, "dsfb-red": 0.014394159372796284, "sfb": 0.03293649147550504, "dsfb-alt": 0.02260754137802298}, "mt-quotes": {"oneh-out": 0.019087448153859026, "bad-redirect": 0.02276897240052115, "alternate": 0.21269468450054385, "dsfb": 0.0, "roll-in": 0.3312415581931844, "sfT": 3.2870752202340395e-05, "unknown": 0.007977133909467972, "roll-out": 0.17694475323029846, "oneh-in": 0.024056908236812852, "sfR": 0.0964592223377679, "sft": 0.0, "redirect": 0.04391681906742688, "dsfb-red": 0.014315212584119243, "sfb": 0.026951028555718914, "dsfb-alt": 0.023553388078077}, "wordle": {"oneh-out": 0.020531807472231572, "bad-redirect": 0.017883989677998428, "alternate": 0.20038146527544037, "dsfb": 0.0, "roll-in": 0.2422528890384831, "sfT": 0.0003141478738920678, "unknown": 0.0, "roll-out": 0.20821272298889262, "oneh-in": 0.02544597778525749, "sfR": 0.13138112868843263, "sft": 0.0, "redirect": 0.047526085493099966, "dsfb-red": 0.02190059463704701, "sfb": 0.04844608998092673, "dsfb-alt": 0.035723101088297994}, "english-1k": {"oneh-out": 0.021877205363443897, "bad-redirect": 0.02611150317572336, "alternate": 0.18595624558927312, "dsfb": 0.0, "roll-in": 0.3048694424841214, "sfT": 0.0, "unknown": 0.0, "roll-out": 0.2145377558221595, "oneh-in": 0.03458009880028229, "sfR": 0.10832745236414962, "sft": 0.0, "redirect": 0.037755822159491886, "dsfb-red": 0.009527170077628794, "sfb": 0.02928722653493296, "dsfb-alt": 0.027170077628793227}, "english-10k": {"oneh-out": 0.01808147276200768, "bad-redirect": 0.01617105034638467, "alternate": 0.2246965515910538, "dsfb": 0.0, "roll-in": 0.27508153065359603, "sfT": 9.64859805870207e-05, "unknown": 0.0, "roll-out": 0.21352347503907682, "oneh-in": 0.02628278111190444, "sfR": 0.10567144593890508, "sft": 0.0, "redirect": 0.04959379402172864, "dsfb-red": 0.014106250361822427, "sfb": 0.03378939040157465, "dsfb-alt": 0.022905771791358717}, "reddit": {"oneh-out": 0.018435190340781928, "bad-redirect": 0.020268918007033378, "alternate": 0.21359793999210022, "dsfb": 0.0, "roll-in": 0.297403433383957, "sfT": 0.00015331319248222225, "unknown": 0.039285409944231534, "roll-out": 0.17513970210493807, "oneh-in": 0.02157026345858905, "sfR": 0.10397777127267367, "sft": 0.0, "redirect": 0.039723624221986116, "dsfb-red": 0.013971278030084671, "sfb": 0.030354850931668877, "dsfb-alt": 0.026118305119473228}, "akl": {"oneh-out": 0.01620601277783297, "bad-redirect": 0.018103655457626426, "alternate": 0.175602339839578, "dsfb": 0.0, "roll-in": 0.25246450302029433, "sfT": 0.00041274049484336283, "unknown": 0.13277008071454782, "roll-out": 0.1574214978326615, "oneh-in": 0.017128668766994044, "sfR": 0.13064861186637447, "sft": 0.0, "redirect": 0.029938473376063812, "dsfb-red": 0.013545671125557043, "sfb": 0.03253222804039584, "dsfb-alt": 0.023225516687230392}, "french": {"oneh-out": 0.015826903914863726, "bad-redirect": 0.009611193878277028, "alternate": 0.1550750610326385, "dsfb": 0.0, "roll-in": 0.22336190564668934, "sfT": 0.00028234772538164474, "unknown": 0.15807953387545715, "roll-out": 0.1504794570306119, "oneh-in": 0.027782485820476557, "sfR": 0.10898279115633469, "sft": 0.0, "redirect": 0.07454633158227104, "dsfb-red": 0.02362472604397682, "sfb": 0.03578256276719828, "dsfb-alt": 0.016564699525823318}, "keymash": {"oneh-out": 0.019477614084634234, "bad-redirect": 0.021070304129910965, "alternate": 0.20934432891512358, "dsfb": 0.0, "roll-in": 0.3215017260983609, "sfT": 6.157306876069832e-05, "unknown": 0.01232282349464109, "roll-out": 0.18149277747903436, "oneh-in": 0.025043819500601364, "sfR": 0.099723742164827, "sft": 0.0, "redirect": 0.043450062188799446, "dsfb-red": 0.014022240192436364, "sfb": 0.02811015832488414, "dsfb-alt": 0.024378830357985822}, "movie": {"oneh-out": 0.020218560322277843, "bad-redirect": 0.019799421206386336, "alternate": 0.20101346127450664, "dsfb": 0.0, "roll-in": 0.29807292073112074, "sfT": 0.00011225295631254434, "unknown": 0.030236445784519856, "roll-out": 0.16929088109885249, "oneh-in": 0.022136730417484932, "sfR": 0.11567713207251198, "sft": 0.0, "redirect": 0.04603568749145436, "dsfb-red": 0.01859832773362597, "sfb": 0.029057592346480265, "dsfb-alt": 0.029750586564466032}, "dutch": {"oneh-out": 0.01694088887752475, "bad-redirect": 0.017883869346335405, "alternate": 0.15490565551236188, "dsfb": 0.0, "roll-in": 0.23151911589421822, "sfT": 0.0007780171618500548, "unknown": 0.07290361491625476, "roll-out": 0.161888695742358,