{"english-450k": {"dsfb-red": 0.012219194165237581, "sfb": 0.034071780347435916, "dsfb": 0.0, "bad-redirect": 0.029422891058357565, "oneh-out": 0.00891860555539639, "sft": 0.0, "alternate": 0.31080084733622915, "roll-in": 0.22172851445447322, "oneh-in": 0.0075498406420858085, "dsfb-alt": 0.03405540896017718, "unknown": 0.00015377410175167997, "sfR": 0.11369548401129392, "sfT": 0.00038092709996661407, "roll-out": 0.19418394773785433, "redirect": 0.03281878452974067}, "shai": {"dsfb-red": 0.009297414752697908, "sfb": 0.01756528528164036, "dsfb": 0.0, "bad-redirect": 0.022156178426465174, "oneh-out": 0.005200532846920997, "sft": 0.0, "alternate": 0.28940033201914894, "roll-in": 0.24604205415909486, "oneh-in": 0.009808173250644887, "dsfb-alt": 0.029072502200714445, "unknown": 0.023260762136131256, "sfR": 0.09823378925716947, "sfT": 6.899777776608055e-05, "roll-out": 0.21854856650895008, "redirect": 0.03134541138265555}, "tr-quotes": {"dsfb-red": 0.00892027461223735, "sfb": 0.018677330621113705, "dsfb": 0.0, "bad-redirect": 0.020412149511107, "oneh-out": 0.005524606458472989, "sft": 0.0, "alternate": 0.273184854719031, "roll-in": 0.2609105198677793, "oneh-in": 0.010922077621876518, "dsfb-alt": 0.025854695915489702, "unknown": 0.013835787429786644, "sfR": 0.09677191928064538, "sfT": 3.8140588520838634e-05, "roll-out": 0.22800674972839277, "redirect": 0.0369408936455468}, "gutenberg": {"dsfb-red": 0.008979682147819034, "sfb": 0.01744239132864515, "dsfb": 0.0, "bad-redirect": 0.01755472733796241, "oneh-out": 0.004192235895768854, "sft": 0.0, "alternate": 0.26409760085898215, "roll-in": 0.2445589021456746, "oneh-in": 0.010190183158843118, "dsfb-alt": 0.02385861499740661, "unknown": 0.032975828246008664, "sfR": 0.09863878308844841, "sfT": 4.527538992719187e-05, "roll-out": 0.23852212034312303, "redirect": 0.038943655061390775}, "english-200": {"dsfb-red": 0.008908685968819599, "sfb": 0.008908685968819599, "dsfb": 0.0, "bad-redirect": 0.008908685968819599, "oneh-out": 0.0, "sft": 0.0, "alternate": 0.2962138084632517, "roll-in": 0.26280623608017817, "oneh-in": 0.015590200445434299, "dsfb-alt": 0.0334075723830735, "unknown": 0.0, "sfR": 0.10690423162583519, "sfT": 0.0, "roll-out": 0.21380846325167038, "redirect": 0.044543429844097995}, "monkeyracer": {"dsfb-red": 0.009011800678793187, "sfb": 0.018590565713123855, "dsfb": 0.0, "bad-redirect": 0.020249425215446454, "oneh-out": 0.005427217417145002, "sft": 0.0, "alternate": 0.272736248181804, "roll-in": 0.26194046483256955, "oneh-in": 0.011013771368691055, "dsfb-alt": 0.025819361246226753, "unknown": 0.013436077701487402, "sfR": 0.09690789370786869, "sfT": 3.8123465286141044e-05, "roll-out": 0.22782778359948075, "redirect": 0.0370012668720772}, "chained-bigrams": {"dsfb-red": 0.015217104763364152, "sfb": 0.018483107364478748, "dsfb": 0.0, "bad-redirect": 0.021959484685824184, "oneh-out": 0.006195665371736676, "sft": 0.0, "alternate": 0.2756220501276208, "roll-in": 0.22893899068182835, "oneh-in": 0.011182325406838087, "dsfb-alt": 0.0405620641136439, "unknown": 0.022916559801936097, "sfR": 0.11914286586209158, "sfT": 0.00010973249295991388, "roll-out": 0.1943732553994555, "redirect": 0.045296793928221966}, "english-5k": {"dsfb-red": 0.010453395279379434, "sfb": 0.020035674285477246, "dsfb": 0.0, "bad-redirect": 0.03239722902061642, "oneh-out": 0.004604471730202846, "sft": 0.0, "alternate": 0.3268760111171029, "roll-in": 0.24905629070394492, "oneh-in": 0.010536358733977683, "dsfb-alt": 0.03048906956485668, "unknown": 0.002157049819554486, "sfR": 0.10644211224955408, "sfT": 4.148172729912474e-05, "roll-out": 0.17617289583938275, "redirect": 0.03073795992865143}, "mt-quotes": {"dsfb-red": 0.008960268225337971, "sfb": 0.017920536450675942, "dsfb": 0.0, "bad-redirect": 0.0199002522083169, "oneh-out": 0.0051861082224692505, "sft": 0.0, "alternate": 0.27122105879681097, "roll-in": 0.26630986959276126, "oneh-in": 0.011211914751198288, "dsfb-alt": 0.025513680209416575, "unknown": 0.007977133909467972, "sfR": 0.0964592223377679, "sfT": 1.942362630138296e-05, "roll-out": 0.23158640226628896, "redirect": 0.03773412940318667}, "wordle": {"dsfb-red": 0.012812745428026477, "sfb": 0.03334455290025805, "dsfb": 0.0, "bad-redirect": 0.021204981487714575, "oneh-out": 0.009918097161449568, "sft": 0.0, "alternate": 0.2893526309884438, "roll-in": 0.2122966453494895, "oneh-in": 0.011735667003253675, "dsfb-alt": 0.03736115785930663, "unknown": 0.0, "sfR": 0.13138112868843263, "sfT": 0.0006058566139347021, "roll-out": 0.2034780657466622, "redirect": 0.036508470773028164}, "english-1k": {"dsfb-red": 0.008115737473535639, "sfb": 0.021877205363443897, "dsfb": 0.0, "bad-redirect": 0.022582921665490474, "oneh-out": 0.0028228652081863093, "sft": 0.0, "alternate": 0.3038108680310515, "roll-in": 0.273817925194072, "oneh-in": 0.014467184191954835, "dsfb-alt": 0.02364149611856034, "unknown": 0.0, "sfR": 0.10832745236414962, "sfT": 0.0, "roll-out": 0.1866619618913197, "redirect": 0.03387438249823571}, "english-10k": {"dsfb-red": 0.009262654136353988, "sfb": 0.020860269002913878, "dsfb": 0.0, "bad-redirect": 0.03151232125972096, "oneh-out": 0.006406669110978175, "sft": 0.0, "alternate": 0.3168213658555412, "roll-in": 0.24434109723857123, "oneh-in": 0.00955211207811505, "dsfb-alt": 0.032535072653943384, "unknown": 0.0, "sfR": 0.10567144593890508, "sfT": 5.789158835221242e-05, "roll-out": 0.1934543910769765, "redirect": 0.029524710059628336}, "reddit": {"dsfb-red": 0.009540440615297945, "sfb": 0.01844436740703117, "dsfb": 0.0, "bad-redirect": 0.019022335293667057, "oneh-out": 0.006050233762351816, "sft": 0.0, "alternate": 0.26249780640023584, "roll-in": 0.2471127732213956, "oneh-in": 0.011372220496059762, "dsfb-alt": 0.028825614577825922, "unknown": 0.039285409944231534, "sfR": 0.10397777127267367, "sfT": 9.720198741543287e-05, "roll-out": 0.21854969765312451, "redirect": 0.03522412736868976}, "akl": {"dsfb-red": 0.0076520926486655805, "sfb": 0.023944260835389232, "dsfb": 0.0, "bad-redirect": 0.014256459425805702, "oneh-out": 0.005827708009411521, "sft": 0.0, "alternate": 0.22299302803351725, "roll-in": 0.2126353294053352, "oneh-in": 0.009466347171015374, "dsfb-alt": 0.02544028144133181, "unknown": 0.13277008071454782, "sfR": 0.13064861186637447, "sfT": 0.00013329751389882925, "roll-out": 0.1843793202014569, "redirect": 0.029853182733250327}, "french": {"dsfb-red": 0.019294570253682825, "sfb": 0.022195473648047522, "dsfb": 0.0, "bad-redirect": 0.0335107018192731, "oneh-out": 0.005311286419594279, "sft": 0.0, "alternate": 0.22616729982162773, "roll-in": 0.2318224643766717, "oneh-in": 0.009687676163009772, "dsfb-alt": 0.02428650380719225, "unknown": 0.15807953387545715, "sfR": 0.10898279115633469, "sfT": 8.445262273035824e-05, "roll-out": 0.13583692736398764, "redirect": 0.024740318672390987}, "keymash": {"dsfb-red": 0.008714641665264169, "sfb": 0.01829541116442883, "dsfb": 0.0, "bad-redirect": 0.02037247601728972, "oneh-out": 0.004864272432095167, "sft": 0.0, "alternate": 0.2747718717802416, "roll-in": 0.2609507702790902, "oneh-in": 0.010886118556891464, "dsfb-alt": 0.025593872248196935, "unknown": 0.01232282349464109, "sfR": 0.099723742164827, "sfT": 3.694384125641899e-05, "roll-out": 0.2272005188557261, "redirect": 0.036266537500051314}, "movie": {"dsfb-red": 0.00967546788624525, "sfb": 0.02263798658465314, "dsfb": 0.0, "bad-redirect": 0.017760181099681548, "oneh-out": 0.008009439249765986, "sft": 0.0, "alternate": 0.2427398459436743, "roll-in": 0.2591461484799989, "oneh-in": 0.011840120733121032, "dsfb-alt": 0.027904005693448888, "unknown": 0.030236445784519856, "sfR": 0.11567713207251198, "sfT": 4.7638417567574505e-05, "roll-out": 0.22099356631326944, "redirect": 0.03333202174154211}, "dutch": {"dsfb-red": 0.007643018973398197, "sfb": 0.027223302831498337, "dsfb": 0.0, "bad-redirect": 0.02244058622364886, "oneh-out": 0.011820087144377213, "sft": 0.0, "alternate": 0.22454678034838027, "roll-in": 0.23064705171660638, "oneh-in": 0.0036856568241787724,