{"monkeyracer": {"sfT": 0.0008348061372913962, "dsfb-red": 0.01954462987002831, "oneh-out": 0.0034838982123027353, "alternate": 0.23670761843689883, "oneh-in": 0.01267360839576458, "roll-out": 0.23570565556719897, "roll-in": 0.25887494721366344, "bad-redirect": 0.02028070600747611, "unknown": 0.013436077701487402, "dsfb-alt": 0.025048094217745592, "sfR": 0.09690789370786869, "sft": 0.0, "sfb": 0.019365742840608723, "redirect": 0.057136321691665236, "dsfb": 0.0}}