{"english-450k": {"unknown": 0.00015377410175167997, "oneh-in": 0.014175282596455244, "sfb": 0.05998885576281602, "sft": 0.0, "dsfb-red": 0.031850241565665925, "roll-out": 0.2759584424028285, "bad-redirect": 0.011771027439029738, "dsfb": 0.0, "alternate": 0.20207641812756935, "oneh-out": 0.014963740300683915, "dsfb-alt": 0.04218058692592707, "redirect": 0.049581331005477985, "sfR": 0.11369548401129392, "roll-in": 0.18293855876831036, "sfT": 0.0006662569921902636}, "shai": {"unknown": 0.023260762136131256, "oneh-in": 0.012580376779652673, "sfb": 0.043214875343421374, "sft": 0.0, "dsfb-red": 0.028836093760498484, "roll-out": 0.30336928375453187, "bad-redirect": 0.02008395381147022, "dsfb": 0.0, "alternate": 0.20171882532783136, "oneh-out": 0.014409531980878323, "dsfb-alt": 0.03467365719262839, "redirect": 0.051207683659412695, "sfR": 0.09823378925716947, "roll-in": 0.1682602133121627, "sfT": 0.00015095368421117817}, "tr-quotes": {"unknown": 0.013835787429786644, "oneh-in": 0.013083377638057373, "sfb": 0.0402972654353806, "sft": 0.0, "dsfb-red": 0.027344490418621855, "roll-out": 0.320536973255357, "bad-redirect": 0.020264210258662537, "dsfb": 0.0, "alternate": 0.20104135364415987, "oneh-out": 0.01746261066549548, "dsfb-alt": 0.028512979357851184, "redirect": 0.05509234645523682, "sfR": 0.09677191928064538, "roll-in": 0.1656099026837105, "sfT": 0.00014678347703474262}, "gutenberg": {"unknown": 0.032975828246008664, "oneh-in": 0.013296756880249056, "sfb": 0.041428497277604066, "sft": 0.0, "dsfb-red": 0.032334205879132515, "roll-out": 0.30401704476353175, "bad-redirect": 0.027688268900202054, "dsfb": 0.0, "alternate": 0.1977028517433677, "oneh-out": 0.01864095782265914, "dsfb-alt": 0.033137796691145686, "redirect": 0.04689962086123264, "sfR": 0.09863878308844841, "roll-in": 0.15307874545872685, "sfT": 0.00016064238769145903}, "english-200": {"unknown": 0.0, "oneh-in": 0.011135857461024499, "sfb": 0.0378619153674833, "sft": 0.0, "dsfb-red": 0.0378619153674833, "roll-out": 0.29398663697104677, "bad-redirect": 0.011135857461024499, "dsfb": 0.0, "alternate": 0.21380846325167038, "oneh-out": 0.011135857461024499, "dsfb-alt": 0.031180400890868598, "redirect": 0.0556792873051225, "sfR": 0.10690423162583519, "roll-in": 0.18930957683741648, "sfT": 0.0}, "monkeyracer": {"unknown": 0.013436077701487402, "oneh-in": 0.0131027417614214, "sfb": 0.040190930134351, "sft": 0.0, "dsfb-red": 0.027315951639895523, "roll-out": 0.32111590315466787, "bad-redirect": 0.020208369175907535, "dsfb": 0.0, "alternate": 0.20117263869121166, "oneh-out": 0.01737452492297105, "dsfb-alt": 0.02820940926224252, "redirect": 0.055051261397938596, "sfR": 0.09690789370786869, "roll-in": 0.16577548993540517, "sfT": 0.00013880851463159047}, "chained-bigrams": {"unknown": 0.022916559801936097, "oneh-in": 0.01752992807651926, "sfb": 0.04358782397869242, "sft": 0.0, "dsfb-red": 0.039412794808679125, "roll-out": 0.2887237202042193, "bad-redirect": 0.0168533525873818, "dsfb": 0.0, "alternate": 0.1831578154533218, "oneh-out": 0.016934515673890614, "dsfb-alt": 0.04010949874327077, "redirect": 0.04825177958183479, "sfR": 0.11914286586209158, "roll-in": 0.16307287341350515, "sfT": 0.00030647181465727426}, "english-5k": {"unknown": 0.002157049819554486, "oneh-in": 0.012859335462728667, "sfb": 0.044468411664661714, "sft": 0.0, "dsfb-red": 0.03073795992865143, "roll-out": 0.29576471564275936, "bad-redirect": 0.01182229228025055, "dsfb": 0.0, "alternate": 0.2106027294976563, "oneh-out": 0.014311195918198034, "dsfb-alt": 0.03895134193387813, "redirect": 0.048989919940266316, "sfR": 0.10644211224955408, "roll-in": 0.1826440452980462, "sfT": 0.00024889036379474843}, "mt-quotes": {"unknown": 0.007977133909467972, "oneh-in": 0.013006358996426052, "sfb": 0.039238713378993796, "sft": 0.0, "dsfb-red": 0.02729019495344306, "roll-out": 0.327542104445321, "bad-redirect": 0.020819139144882322, "dsfb": 0.0, "alternate": 0.20185032452397175, "oneh-out": 0.01742598104254073, "dsfb-alt": 0.027360418833148062, "redirect": 0.05565018347856229, "sfR": 0.0964592223377679, "roll-in": 0.16527414207336752, "sfT": 0.0001060828821075531}, "wordle": {"unknown": 0.0, "oneh-in": 0.018130820150342196, "sfb": 0.07716818130820151, "sft": 0.0, "dsfb-red": 0.040345562661281274, "roll-out": 0.22300011219566926, "bad-redirect": 0.008055649051946594, "dsfb": 0.0, "alternate": 0.18752384157971502, "oneh-out": 0.015079097946819253, "dsfb-alt": 0.04880511612251767, "redirect": 0.05109390777515988, "sfR": 0.13138112868843263, "roll-in": 0.19838438236284078, "sfT": 0.001032200157073937}, "english-1k": {"unknown": 0.0, "oneh-in": 0.014467184191954835, "sfb": 0.03493295695130558, "sft": 0.0, "dsfb-red": 0.035285815102328866, "roll-out": 0.2836979534227241, "bad-redirect": 0.009527170077628794, "dsfb": 0.0, "alternate": 0.2240649258997883, "oneh-out": 0.013761467889908258, "dsfb-alt": 0.03881439661256175, "redirect": 0.05504587155963303, "sfR": 0.10832745236414962, "roll-in": 0.18207480592801695, "sfT": 0.0}, "english-10k": {"unknown": 0.0, "oneh-in": 0.013430848497713282, "sfb": 0.04895698654985431, "sft": 0.0, "dsfb-red": 0.029717682020802376, "roll-out": 0.2916578221184462, "bad-redirect": 0.012369502711256055, "dsfb": 0.0, "alternate": 0.20979911618841782, "oneh-out": 0.013643117655004727, "dsfb-alt": 0.03724358850658999, "redirect": 0.054032149128731596, "sfR": 0.10567144593890508, "roll-in": 0.18320757993863493, "sfT": 0.00027016074564365796}, "reddit": {"unknown": 0.039285409944231534, "oneh-in": 0.012060275720273282, "sfb": 0.04079471895421899, "sft": 0.0, "dsfb-red": 0.02678976670961159, "roll-out": 0.3028388037076097, "bad-redirect": 0.016888199173052686, "dsfb": 0.0, "alternate": 0.19898022192393636, "oneh-out": 0.015189655311264549, "dsfb-alt": 0.03152367205510285, "redirect": 0.05095118418802722, "sfR": 0.10397777127267367, "roll-in": 0.16052895111564097, "sfT": 0.0001913699243566268}, "akl": {"unknown": 0.13277008071454782, "oneh-in": 0.01153649832940783, "sfb": 0.04384939698502519, "sft": 0.0, "dsfb-red": 0.02542901477472609, "roll-out": 0.2533084405888286, "bad-redirect": 0.012260431074029831, "dsfb": 0.0, "alternate": 0.1690588278866701, "oneh-out": 0.011986967332819036, "dsfb-alt": 0.02946361796927575, "redirect": 0.04278776073345802, "sfR": 0.13064861186637447, "roll-in": 0.1366791445822912, "sfT": 0.00022120716254610162}, "french": {"unknown": 0.15807953387545715, "oneh-in": 0.018543440806599403, "sfb": 0.04965796238339055, "sft": 0.0, "dsfb-red": 0.020856127264004848, "roll-out": 0.20955280066515766, "bad-redirect": 0.016490074989044905, "dsfb": 0.0, "alternate": 0.15629464260098017, "oneh-out": 0.016190093639935458, "dsfb-alt": 0.031947526770410205, "redirect": 0.054368611922040566, "sfR": 0.10898279115633469, "roll-in": 0.15894657780578783, "sfT": 8.981612085657222e-05}, "keymash": {"unknown": 0.01232282349464109, "oneh-in": 0.013016546736011625, "sfb": 0.041594660383477075, "sft": 0.0, "dsfb-red": 0.028204570363650545, "roll-out": 0.3172942330663799, "bad-redirect": 0.019888101209705557, "dsfb": 0.0, "alternate": 0.20276011542897956, "oneh-out": 0.016505687299117864, "dsfb-alt": 0.029485290193873068, "redirect": 0.05383949132435461, "sfR": 0.099723742164827, "roll-in": 0.16524980193996217, "sfT": 0.0001149363950199702}, "movie": {"unknown": 0.030236445784519856, "oneh-in": 0.014600911788784416, "sfb": 0.034687216283284875, "sft": 0.0, "dsfb-red": 0.026172704529031733, "roll-out": 0.3121223059783977, "bad-redirect": 0.015174151973658324, "dsfb": 0.0, "alternate": 0.1939877158681595, "oneh-out": 0.02059229818385771, "dsfb-alt": 0.02837933708641596, "redirect": 0.05361388062417908, "sfR": 0.11567713207251198, "roll-in": 0.15461732730316943, "sfT": 0.00013857252402943633}, "dutch": {"unknown": 0.07290361491625476, "oneh-in": 0.026130026445411184, "sfb": 0.06270762739049314, "sft": 0.0, "dsfb-red": 0.028570945464601046, "roll-out": 0.1938255919699305, "bad-redirect": 0.019041409698960253, "dsfb": 0.0, "alternate": 0.16370327418813038,