{"english-450k": {"sfb": 0.04107288717015309, "roll-in": 0.247404111907787, "oneh-in": 0.011822772716615379, "alternate": 0.2245888296855349, "sft": 0.0, "oneh-out": 0.009838326703895981, "sfR": 0.11369548401129392, "bad-redirect": 0.02726888424902985, "redirect": 0.0641600513593806, "dsfb": 0.0, "dsfb-alt": 0.02874727898773374, "unknown": 0.00015377410175167997, "sfT": 0.0006577789523598478, "roll-out": 0.20497093786415374, "dsfb-red": 0.025618882290310303}, "shai": {"sfb": 0.027487682036937324, "roll-in": 0.28658522887894694, "oneh-in": 0.01912744033145562, "alternate": 0.19738195872410272, "sft": 0.0, "oneh-out": 0.005591633786253733, "sfR": 0.09823378925716947, "bad-redirect": 0.019969412933296137, "redirect": 0.06144689272743993, "dsfb": 0.0, "dsfb-alt": 0.024035265771683655, "unknown": 0.023260762136131256, "sfT": 0.00020345190924170022, "roll-out": 0.21289180148332643, "dsfb-red": 0.023784680024015112}, "tr-quotes": {"sfb": 0.026156353297427243, "roll-in": 0.3016747185686877, "oneh-in": 0.022689027068260096, "alternate": 0.19170615565983218, "sft": 0.0, "oneh-out": 0.004736367629042324, "sfR": 0.09677191928064538, "bad-redirect": 0.01852823559325952, "redirect": 0.06846929104736367, "dsfb": 0.0, "dsfb-alt": 0.018762858001433163, "unknown": 0.013835787429786644, "sfT": 0.0001340699475277964, "roll-out": 0.21255056517417537, "dsfb-red": 0.023984651302558887}, "gutenberg": {"sfb": 0.025077830100215845, "roll-in": 0.30353739084179265, "oneh-in": 0.020754314517335927, "alternate": 0.17567116503239558, "sft": 0.0, "oneh-out": 0.005308776264935669, "sfR": 0.09863878308844841, "bad-redirect": 0.016227154398172617, "redirect": 0.05963450825811746, "dsfb": 0.0, "dsfb-alt": 0.019380519003729252, "unknown": 0.032975828246008664, "sfT": 0.0002839657301291239, "roll-out": 0.21932819656566277, "dsfb-red": 0.02318156795305605}, "english-200": {"sfb": 0.011135857461024499, "roll-in": 0.3518930957683742, "oneh-in": 0.026726057906458798, "alternate": 0.1870824053452116, "sft": 0.0, "oneh-out": 0.0, "sfR": 0.10690423162583519, "bad-redirect": 0.0066815144766146995, "redirect": 0.07349665924276169, "dsfb": 0.0, "dsfb-alt": 0.015590200445434299, "unknown": 0.0, "sfT": 0.0, "roll-out": 0.19376391982182628, "dsfb-red": 0.026726057906458798}, "monkeyracer": {"sfb": 0.02591222609756479, "roll-in": 0.30296131348045735, "oneh-in": 0.0229170902607254, "alternate": 0.19145408761749846, "sft": 0.0, "oneh-out": 0.00474490514099817, "sfR": 0.09690789370786869, "bad-redirect": 0.018327611555124575, "redirect": 0.06833093513927772, "dsfb": 0.0, "dsfb-alt": 0.01874305957426842, "unknown": 0.013436077701487402, "sfT": 0.0001368534651297371, "roll-out": 0.21218249996089902, "dsfb-red": 0.023945446298700282}, "chained-bigrams": {"sfb": 0.026401378084278452, "roll-in": 0.2531574063913658, "oneh-in": 0.015748236001477817, "alternate": 0.20832876114612667, "sft": 0.0, "oneh-out": 0.008115010041497063, "sfR": 0.11914286586209158, "bad-redirect": 0.024545015969648903, "redirect": 0.07368179784677578, "dsfb": 0.0, "dsfb-alt": 0.03358463589265435, "unknown": 0.022916559801936097, "sfT": 0.00035516966656256145, "roll-out": 0.18842952024824217, "dsfb-red": 0.025593643047342754}, "english-5k": {"sfb": 0.0315261127473348, "roll-in": 0.2840668685444062, "oneh-in": 0.015970465010163023, "alternate": 0.22362799186958146, "sft": 0.0, "oneh-out": 0.005143734185091467, "sfR": 0.10644211224955408, "bad-redirect": 0.02907869083668644, "redirect": 0.06201518231219148, "dsfb": 0.0, "dsfb-alt": 0.027917202472310946, "unknown": 0.002157049819554486, "sfT": 0.00020740863649562367, "roll-out": 0.1873314804828473, "dsfb-red": 0.024515700833782718}, "mt-quotes": {"sfb": 0.02429298000262966, "roll-in": 0.30843224441496037, "oneh-in": 0.023773024467792638, "alternate": 0.1917022268440492, "sft": 0.0, "oneh-out": 0.0044495045481168045, "sfR": 0.0964592223377679, "bad-redirect": 0.017877206822772856, "redirect": 0.06926166314053143, "dsfb": 0.0, "dsfb-alt": 0.017887665698473602, "unknown": 0.007977133909467972, "sfT": 0.00011654175780829777, "roll-out": 0.21413352697194632, "dsfb-red": 0.02363705908368296}, "wordle": {"sfb": 0.05154269045214855, "roll-in": 0.2474812072254011, "oneh-in": 0.018781555031975764, "alternate": 0.19474924267923258, "sft": 0.0, "oneh-out": 0.010972736452372938, "sfR": 0.13138112868843263, "bad-redirect": 0.01743520700100976, "redirect": 0.06121395714125435, "dsfb": 0.0, "dsfb-alt": 0.03110063951531471, "unknown": 0.0, "sfT": 0.001413665432514305, "roll-out": 0.20433075283294064, "dsfb-red": 0.02959721754740267}, "english-1k": {"sfb": 0.034227240649259, "roll-in": 0.3119266055045872, "oneh-in": 0.02893436838390967, "alternate": 0.1866619618913197, "sft": 0.0, "oneh-out": 0.0035285815102328866, "sfR": 0.10832745236414962, "bad-redirect": 0.019054340155257588, "redirect": 0.07268877911079746, "dsfb": 0.0, "dsfb-alt": 0.02117148906139732, "unknown": 0.0, "sfT": 0.0, "roll-out": 0.19124911785462245, "dsfb-red": 0.022230063514467185}, "english-10k": {"sfb": 0.03479284459967966, "roll-in": 0.2824144651782096, "oneh-in": 0.014781652225931571, "alternate": 0.21354277223519422, "sft": 0.0, "oneh-out": 0.007603095270257231, "sfR": 0.10567144593890508, "bad-redirect": 0.02782655680129677, "redirect": 0.06167383879122364, "dsfb": 0.0, "dsfb-alt": 0.029370332490689103, "unknown": 0.0, "sfT": 0.00034734953011327456, "roll-out": 0.20028559850253758, "dsfb-red": 0.021690048435962256}, "reddit": {"sfb": 0.026694063018726646, "roll-in": 0.2854874436195698, "oneh-in": 0.01803731769711074, "alternate": 0.18987061647598033, "sft": 0.0, "oneh-out": 0.0050492593077458, "sfR": 0.10397777127267367, "bad-redirect": 0.017265245494950086, "redirect": 0.06400295763735118, "dsfb": 0.0, "dsfb-alt": 0.021805570928702247, "unknown": 0.039285409944231534, "sfT": 0.00019354245432583493, "roll-out": 0.20677990417269965, "dsfb-red": 0.021550897975932487}, "akl": {"sfb": 0.029827610364967606, "roll-in": 0.24351780613886567, "oneh-in": 0.013403429459659812, "alternate": 0.1615443565822893, "sft": 0.0, "oneh-out": 0.004827494856927294, "sfR": 0.13064861186637447, "bad-redirect": 0.012140105051288905, "redirect": 0.05713138857984483, "dsfb": 0.0, "dsfb-alt": 0.019691884835000038, "unknown": 0.13277008071454782, "sfT": 0.0002400837706311258, "roll-out": 0.17580229846422735, "dsfb-red": 0.018454849315375815}, "french": {"sfb": 0.025211617342934114, "roll-in": 0.23195596753813175, "oneh-in": 0.025485545275167904, "alternate": 0.15998060930627153, "sft": 0.0, "oneh-out": 0.007477420534344343, "sfR": 0.10898279115633469, "bad-redirect": 0.03222515521671431, "redirect": 0.058435401976131444, "dsfb": 0.0, "dsfb-alt": 0.01854273666019736, "unknown": 0.15807953387545715, "sfT": 0.0008507137265385723, "roll-out": 0.14492383180950807, "dsfb-red": 0.02784867558226877}, "keymash": {"sfb": 0.027207086649727232, "roll-in": 0.3044541957941489, "oneh-in": 0.023007803360247606, "alternate": 0.1866238665424259, "sft": 0.0, "oneh-out": 0.004400421980764574, "sfR": 0.099723742164827, "bad-redirect": 0.01845139627195593, "redirect": 0.06738556645170825, "dsfb": 0.0, "dsfb-alt": 0.01903839286080792, "unknown": 0.01232282349464109, "sfT": 0.0001354607512735363, "roll-out": 0.21372422653963458, "dsfb-red": 0.023525017137837473}, "movie": {"sfb": 0.032665347091273236, "roll-in": 0.28784224156388766, "oneh-in": 0.021981313370116683, "alternate": 0.18756639933443078, "sft": 0.0, "oneh-out": 0.003960173756522153, "sfR": 0.11567713207251198, "bad-redirect": 0.016261808109558885, "redirect": 0.07110270698069947, "dsfb": 0.0, "dsfb-alt": 0.020903395474271374, "unknown": 0.030236445784519856, "sfT": 0.00019687036652235208, "roll-out": 0.18868471776672152, "dsfb-red": 0.022921448328964065}, "dutch": {"sfb": 0.034177080005303215, "roll-in": 0.24544587412245347, "oneh-in": 0.008334717291801692, "alternate": 0.15597022469687902, "sft": 0.0, "oneh-out": 0.01684920872660197, "sfR": 0.18880787437283908, "bad-redirect": 0.019989966644777948,