{"monkeyracer": {"oneh-in": 0.004740995041994463, "sfT": 7.52694058213554e-05, "unknown": 0.013436077701487402, "bad-redirect": 0.002356812174484258, "dsfb": 0.0, "dsfb-alt": 0.03056524391197585, "redirect": 0.024791005208251872, "dsfb-red": 0.010114448597838497, "sfb": 0.023812502932574253, "sft": 0.0, "roll-in": 0.19869265839811065, "roll-out": 0.2581105228584388, "alternate": 0.32461250918873263, "sfR": 0.09690789370786869, "oneh-out": 0.01178406087242129}, "akl": {"oneh-in": 0.006854210050642431, "sfT": 0.0012902556947749326, "unknown": 0.13277008071454782, "bad-redirect": 0.0020777858074739657, "dsfb": 0.0, "dsfb-alt": 0.02573902105959886, "redirect": 0.02120270529466373, "dsfb-red": 0.00955682641029202, "sfb": 0.02384036536811498, "sft": 0.0, "roll-in": 0.1576002820422207, "roll-out": 0.20925362459906666, "alternate": 0.26863854416087335, "sfR": 0.13064861186637447, "oneh-out": 0.010527686931356079}}