{"english-450k": {"roll-in": 0.2851237881519101, "dsfb": 0.0, "unknown": 0.00015377410175167997, "sfb": 0.04539961094567564, "roll-out": 0.17530598415132775, "oneh-out": 0.008870368432223334, "redirect": 0.07830609933573096, "dsfb-red": 0.027741315709924743, "dsfb-alt": 0.025305487162785967, "alternate": 0.19712611990520967, "oneh-in": 0.01963221678523254, "sfT": 0.0001543587941537776, "bad-redirect": 0.023185392512779915, "sfR": 0.11369548401129392, "sft": 0.0}, "shai": {"roll-in": 0.35748073000864183, "dsfb": 0.0, "unknown": 0.023260762136131256, "sfb": 0.02525865555002689, "roll-out": 0.1493842721448536, "oneh-out": 0.009020413464935489, "redirect": 0.06811057556694522, "dsfb-red": 0.02174702590046609, "dsfb-alt": 0.025319107465151612, "alternate": 0.18588840821851896, "oneh-in": 0.021529040606161752, "sfT": 0.0001362422603435127, "bad-redirect": 0.014630977420654298, "sfR": 0.09823378925716947, "sft": 0.0}, "tr-quotes": {"roll-in": 0.3835070849032616, "dsfb": 0.0, "unknown": 0.013835787429786644, "sfb": 0.023431034881301865, "roll-out": 0.1509604493654793, "oneh-out": 0.008983842259772081, "redirect": 0.06745220868680799, "dsfb-red": 0.019017128591572084, "dsfb-alt": 0.02190887866669749, "alternate": 0.1784101153463859, "oneh-in": 0.020220290793093086, "sfT": 8.206005409028917e-05, "bad-redirect": 0.015419199741106308, "sfR": 0.09677191928064538, "sft": 0.0}, "gutenberg": {"roll-in": 0.3805955361875394, "dsfb": 0.0, "unknown": 0.032975828246008664, "sfb": 0.02524927038424977, "roll-out": 0.1421056200966658, "oneh-out": 0.008150706807562165, "redirect": 0.0654062680083337, "dsfb-red": 0.020974250616521993, "dsfb-alt": 0.022233626316254092, "alternate": 0.17222758328303786, "oneh-in": 0.01782751629819319, "sfT": 0.00016253675547083944, "bad-redirect": 0.013452473911714126, "sfR": 0.09863878308844841, "sft": 0.0}, "english-200": {"roll-in": 0.39198218262806234, "dsfb": 0.0, "unknown": 0.0, "sfb": 0.013363028953229399, "roll-out": 0.15367483296213807, "oneh-out": 0.013363028953229399, "redirect": 0.06904231625835189, "dsfb-red": 0.0200445434298441, "dsfb-alt": 0.0200445434298441, "alternate": 0.18040089086859687, "oneh-in": 0.017817371937639197, "sfT": 0.0, "bad-redirect": 0.013363028953229399, "sfR": 0.10690423162583519, "sft": 0.0}, "monkeyracer": {"roll-in": 0.3845396640442936, "dsfb": 0.0, "unknown": 0.013436077701487402, "sfb": 0.023389234715422993, "roll-out": 0.1507411592661526, "oneh-out": 0.009087070084614542, "redirect": 0.06726934325977134, "dsfb-red": 0.018881868088900012, "dsfb-alt": 0.021802712044668972, "alternate": 0.1781763689256612, "oneh-in": 0.020263110561959428, "sfT": 9.188732658710919e-05, "bad-redirect": 0.015413610272612102, "sfR": 0.09690789370786869, "sft": 0.0}, "chained-bigrams": {"roll-in": 0.32663986769767595, "dsfb": 0.0, "unknown": 0.022916559801936097, "sfb": 0.02790516775111372, "roll-out": 0.1153593674213968, "oneh-out": 0.0067293938286186235, "redirect": 0.07547193088281413, "dsfb-red": 0.029660238333780273, "dsfb-alt": 0.03139907629914506, "alternate": 0.2026083868089856, "oneh-in": 0.02060503509816513, "sfT": 0.0002447878689105771, "bad-redirect": 0.021317322345366464, "sfR": 0.11914286586209158, "sft": 0.0}, "english-5k": {"roll-in": 0.3184552204753806, "dsfb": 0.0, "unknown": 0.002157049819554486, "sfb": 0.026589787198738956, "roll-out": 0.1677106234703613, "oneh-out": 0.010121541460986436, "redirect": 0.07180486995478491, "dsfb-red": 0.02513792674326959, "dsfb-alt": 0.02356162110590285, "alternate": 0.20433898867548844, "oneh-in": 0.02725349483552495, "sfT": 0.00012444518189737422, "bad-redirect": 0.016302318828556022, "sfR": 0.10644211224955408, "sft": 0.0}, "mt-quotes": {"roll-in": 0.3933090089767036, "dsfb": 0.0, "unknown": 0.007977133909467972, "sfb": 0.02235211149759147, "roll-out": 0.15027163194319934, "oneh-out": 0.009306905248562652, "redirect": 0.0670070283644709, "dsfb-red": 0.01822234972089743, "dsfb-alt": 0.02134805943031998, "alternate": 0.17822372431598954, "oneh-in": 0.020067594219528813, "sfT": 7.620038010542547e-05, "bad-redirect": 0.015379029655394987, "sfR": 0.0964592223377679, "sft": 0.0}, "wordle": {"roll-in": 0.25867833501626836, "dsfb": 0.0, "unknown": 0.0, "sfb": 0.04635925053292943, "roll-out": 0.2044429485021878, "oneh-out": 0.01243128015258611, "redirect": 0.068237406036127, "dsfb-red": 0.033456748569505215, "dsfb-alt": 0.03004600022439134, "alternate": 0.17863794457533938, "oneh-in": 0.013441041175810613, "sfT": 0.0004039044092898014, "bad-redirect": 0.022484012117132277, "sfR": 0.13138112868843263, "sft": 0.0}, "english-1k": {"roll-in": 0.34544812985179957, "dsfb": 0.0, "unknown": 0.0, "sfb": 0.019760056457304165, "roll-out": 0.18242766407904024, "oneh-out": 0.014114326040931546, "redirect": 0.07833450952717008, "dsfb-red": 0.025052928722653495, "dsfb-alt": 0.02117148906139732, "alternate": 0.16690190543401554, "oneh-in": 0.020112914608327453, "sfT": 0.0, "bad-redirect": 0.01834862385321101, "sfR": 0.10832745236414962, "sft": 0.0}, "english-10k": {"roll-in": 0.32405781439956777, "dsfb": 0.0, "unknown": 0.0, "sfb": 0.028598444645992937, "roll-out": 0.17159066787595761, "oneh-out": 0.009532814881997646, "redirect": 0.07170838077227379, "dsfb-red": 0.023330310105941606, "dsfb-alt": 0.02637926709249146, "alternate": 0.1957507574149476, "oneh-in": 0.02568456803226491, "sfT": 5.789158835221242e-05, "bad-redirect": 0.017637637251307386, "sfR": 0.10567144593890508, "sft": 0.0}, "reddit": {"roll-in": 0.3566548057767572, "dsfb": 0.0, "unknown": 0.039285409944231534, "sfb": 0.023842205402595087, "roll-out": 0.14544185420188835, "oneh-out": 0.009446572337662848, "redirect": 0.06525643251475775, "dsfb-red": 0.017811149835833522, "dsfb-alt": 0.024246258519454538, "alternate": 0.18020278319817762, "oneh-in": 0.01822651509149816, "sfT": 0.00026414967832509925, "bad-redirect": 0.015344092226144638, "sfR": 0.10397777127267367, "sft": 0.0}, "akl": {"roll-in": 0.2941176906604745, "dsfb": 0.0, "unknown": 0.13277008071454782, "sfb": 0.025736476176571692, "roll-out": 0.13509706739786673, "oneh-out": 0.008454644983505575, "redirect": 0.059310994416007776, "dsfb-red": 0.01492237872044912, "dsfb-alt": 0.021159615236417285, "alternate": 0.15214215034659948, "oneh-in": 0.013439255482857829, "sfT": 0.00012106725080709235, "bad-redirect": 0.012079966747520647, "sfR": 0.13064861186637447, "sft": 0.0}, "french": {"roll-in": 0.249642042681969, "dsfb": 0.0, "unknown": 0.15807953387545715, "sfb": 0.04589714641374567, "roll-out": 0.127137573112682, "oneh-out": 0.010061727720879004, "redirect": 0.06460045841728594, "dsfb-red": 0.026061881614322446, "dsfb-alt": 0.019107581929344062, "alternate": 0.14120166898278397, "oneh-in": 0.028874541980856417, "sfT": 0.0016284808821929659, "bad-redirect": 0.018724571232146686, "sfR": 0.10898279115633469, "sft": 0.0}, "keymash": {"roll-in": 0.38440477314429033, "dsfb": 0.0, "unknown": 0.01232282349464109, "sfb": 0.023869826322897383, "roll-out": 0.1481530131807416, "oneh-out": 0.009235960314104749, "redirect": 0.06711054007791045, "dsfb-red": 0.019600760222155632, "dsfb-alt": 0.0215464691949937, "alternate": 0.17799953204467742, "oneh-in": 0.020187756811007623, "sfT": 0.00017650946378066853, "bad-redirect": 0.015668293563972365, "sfR": 0.099723742164827, "sft": 0.0}, "movie": {"roll-in": 0.3782864092726995, "dsfb": 0.0, "unknown": 0.030236445784519856, "sfb": 0.02144623655843227, "roll-out": 0.14577895326815996, "oneh-out": 0.007734004973608711, "redirect": 0.06099901972770039, "dsfb-red": 0.016925982400894653, "dsfb-alt": 0.022904998599141007, "alternate": 0.16695791461642717, "oneh-in": 0.0182669643760703, "sfT": 0.00013041345803719982, "bad-redirect": 0.014655524891796968, "sfR": 0.11567713207251198, "sft": 0.0}, "dutch": {"roll-in": 0.3113946001556608, "dsfb": 0.0, "unknown": 0.07290361491625476, "sfb": 0.03601138232473393, "roll-out": 0.11261469387705335, "oneh-out": 0.00737366258240231, "redirect": 0.06645082413337154, "dsfb-red": 0.020426617345984967,