{"english-450k": {"dsfb-alt": 0.03866746262792339, "roll-in": 0.2265314701915043, "dsfb": 0.0, "sfR": 0.11369548401129392, "sfT": 0.00023621573044744755, "redirect": 0.05162161514259771, "sfb": 0.03083784667143386, "oneh-out": 0.009876331710032328, "sft": 0.0, "oneh-in": 0.013442370670425849, "roll-out": 0.18082548042712948, "dsfb-red": 0.012465642012721738, "unknown": 0.00015377410175167997, "alternate": 0.2983729179834427, "bad-redirect": 0.023273388719295608}, "shai": {"dsfb-alt": 0.031091938310018507, "roll-in": 0.23997519996854133, "dsfb": 0.0, "sfR": 0.09823378925716947, "sfT": 0.00029107022376845916, "redirect": 0.04399117871906808, "sfb": 0.02367538742018056, "oneh-out": 0.007710717440650377, "sft": 0.0, "oneh-in": 0.014114568125852071, "roll-out": 0.2077282736149897, "dsfb-red": 0.010381260811986997, "unknown": 0.023260762136131256, "alternate": 0.2837804674710718, "bad-redirect": 0.015765386500571427}, "tr-quotes": {"dsfb-alt": 0.028391622939830333, "roll-in": 0.24506021589884652, "dsfb": 0.0, "sfR": 0.09677191928064538, "sfT": 0.00027738609833337184, "redirect": 0.050166431659000026, "sfb": 0.021897320912600264, "oneh-out": 0.006883798340306511, "sft": 0.0, "oneh-in": 0.012943528813480964, "roll-out": 0.22060978710616952, "dsfb-red": 0.012007350731605835, "unknown": 0.013835787429786644, "alternate": 0.27405168627632276, "bad-redirect": 0.017103164513071818}, "gutenberg": {"dsfb-alt": 0.030723993266659165, "roll-in": 0.23702007613085233, "dsfb": 0.0, "sfR": 0.09863878308844841, "sfT": 0.0003885348315509227, "redirect": 0.04750278756218736, "sfb": 0.02192825423021797, "oneh-out": 0.008748758715512561, "sft": 0.0, "oneh-in": 0.009501580471038338, "roll-out": 0.22419899500000567, "dsfb-red": 0.0077572466197848525, "unknown": 0.032975828246008664, "alternate": 0.26454429278136005, "bad-redirect": 0.016070869056373734}, "english-200": {"dsfb-alt": 0.0378619153674833, "roll-in": 0.23162583518930957, "dsfb": 0.0, "sfR": 0.10690423162583519, "sfT": 0.0, "redirect": 0.04899777282850779, "sfb": 0.0022271714922048997, "oneh-out": 0.004454342984409799, "sft": 0.0, "oneh-in": 0.013363028953229399, "roll-out": 0.2516703786191537, "dsfb-red": 0.0022271714922048997, "unknown": 0.0, "alternate": 0.2873051224944321, "bad-redirect": 0.013363028953229399}, "monkeyracer": {"dsfb-alt": 0.028341375103617623, "roll-in": 0.2453411170370834, "dsfb": 0.0, "sfR": 0.09690789370786869, "sfT": 0.0002844597025196678, "redirect": 0.05006197506920875, "sfb": 0.021920015014780175, "oneh-out": 0.006916965137557283, "sft": 0.0, "oneh-in": 0.0128867087914666, "roll-out": 0.22126468242175892, "dsfb-red": 0.012054835228427983, "unknown": 0.013436077701487402, "alternate": 0.2735593240220842, "bad-redirect": 0.017024571062139292}, "chained-bigrams": {"dsfb-alt": 0.04055102593387871, "roll-in": 0.2382779400678783, "dsfb": 0.0, "sfR": 0.11914286586209158, "sfT": 0.00024219065014229513, "redirect": 0.04635256335752859, "sfb": 0.02371910040133523, "oneh-out": 0.009645421200707223, "sft": 0.0, "oneh-in": 0.011160249047307691, "roll-out": 0.18833666967727608, "dsfb-red": 0.014408720421736384, "unknown": 0.022916559801936097, "alternate": 0.2636813368404444, "bad-redirect": 0.021565356737737393}, "english-5k": {"dsfb-alt": 0.033434272203094535, "roll-in": 0.24909777243124404, "dsfb": 0.0, "sfR": 0.10644211224955408, "sfT": 4.148172729912474e-05, "redirect": 0.04351433193678185, "sfb": 0.020450491558468495, "oneh-out": 0.009416352096901314, "sft": 0.0, "oneh-in": 0.020450491558468495, "roll-out": 0.1797818061144066, "dsfb-red": 0.011117102916165428, "unknown": 0.002157049819554486, "alternate": 0.30443439664827643, "bad-redirect": 0.019662338739785123}, "mt-quotes": {"dsfb-alt": 0.028001398501093698, "roll-in": 0.24746596383021957, "dsfb": 0.0, "sfR": 0.0964592223377679, "sfT": 0.00024802476661765934, "redirect": 0.050626934892004635, "sfb": 0.02042020774315392, "oneh-out": 0.006790798579983505, "sft": 0.0, "oneh-in": 0.012720981102305734, "roll-out": 0.22670658968934151, "dsfb-red": 0.012221943318870202, "unknown": 0.007977133909467972, "alternate": 0.27328593968515796, "bad-redirect": 0.01707486164401573}, "wordle": {"dsfb-alt": 0.04380118927409402, "roll-in": 0.21160103220015708, "dsfb": 0.0, "sfR": 0.13138112868843263, "sfT": 0.00044878267698866825, "redirect": 0.046089980926736225, "sfb": 0.04736901155615393, "oneh-out": 0.010568832043083136, "sft": 0.0, "oneh-in": 0.011264445192415573, "roll-out": 0.17044766072029618, "dsfb-red": 0.013171771569617413, "unknown": 0.0, "alternate": 0.2963760798833165, "bad-redirect": 0.017480085268708628}, "english-1k": {"dsfb-alt": 0.029640084685956247, "roll-in": 0.24523641496118562, "dsfb": 0.0, "sfR": 0.10832745236414962, "sfT": 0.0, "redirect": 0.043754410726887794, "sfb": 0.017290049400141144, "oneh-out": 0.008821453775582216, "sft": 0.0, "oneh-in": 0.012350035285815103, "roll-out": 0.21347918136908964, "dsfb-red": 0.008468595624558928, "unknown": 0.0, "alternate": 0.2911079745942131, "bad-redirect": 0.021524347212420608}, "english-10k": {"dsfb-alt": 0.035429652071554005, "roll-in": 0.2501109588776751, "dsfb": 0.0, "sfR": 0.10567144593890508, "sfT": 0.00013508037282182898, "redirect": 0.046602728623531, "sfb": 0.022925068987476118, "oneh-out": 0.008722332645066671, "sft": 0.0, "oneh-in": 0.01906562976399529, "roll-out": 0.17404141178286794, "dsfb-red": 0.009011790586827734, "unknown": 0.0, "alternate": 0.309411242546458, "bad-redirect": 0.01887265780282125}, "reddit": {"dsfb-alt": 0.0287977837197721, "roll-in": 0.23185404644007554, "dsfb": 0.0, "sfR": 0.10397777127267367, "sfT": 0.0003132938045251177, "redirect": 0.047996955461450046, "sfb": 0.021671398474397016, "oneh-out": 0.006944529503987061, "sft": 0.0, "oneh-in": 0.01487973267393303, "roll-out": 0.2108610391772704, "dsfb-red": 0.01199191594106975, "unknown": 0.039285409944231534, "alternate": 0.2660669734803387, "bad-redirect": 0.015359150106276045}, "akl": {"dsfb-alt": 0.026225859653456605, "roll-in": 0.20111486630975878, "dsfb": 0.0, "sfR": 0.13064861186637447, "sfT": 0.0002196011684027422, "redirect": 0.040225335308722604, "sfb": 0.024864001327490053, "oneh-out": 0.005892244266372363, "sft": 0.0, "oneh-in": 0.01244524393852719, "roll-out": 0.1812351542827923, "dsfb-red": 0.010538978305564006, "unknown": 0.13277008071454782, "alternate": 0.22170867745566944, "bad-redirect": 0.01211134540232167}, "french": {"dsfb-alt": 0.024953255540737018, "roll-in": 0.20096897136930242, "dsfb": 0.0, "sfR": 0.10898279115633469, "sfT": 0.00025863147528724044, "redirect": 0.04810340189157395, "sfb": 0.03868491939988209, "oneh-out": 0.014684284050081708, "sft": 0.0, "oneh-in": 0.01210465119710956, "roll-out": 0.17353129255825273, "dsfb-red": 0.007959640965038338, "unknown": 0.15807953387545715, "alternate": 0.18777442139653416, "bad-redirect": 0.02391420512440896}, "keymash": {"dsfb-alt": 0.029017334871291763, "roll-in": 0.24402228124114886, "dsfb": 0.0, "sfR": 0.099723742164827, "sfT": 0.0002791312450484991, "redirect": 0.04845800511466958, "sfb": 0.0227574062139541, "oneh-out": 0.006916708057451778, "sft": 0.0, "oneh-in": 0.012158628644612562, "roll-out": 0.22238140000738876, "dsfb-red": 0.011817924330803364, "unknown": 0.01232282349464109, "alternate": 0.2729123651036685, "bad-redirect": 0.017232249510494103}, "movie": {"dsfb-alt": 0.028485273346476447, "roll-in": 0.22339009455173103, "dsfb": 0.0, "sfR": 0.11567713207251198, "sfT": 0.000442037139805201, "redirect": 0.050823611652672775, "sfb": 0.022534287487848585, "oneh-out": 0.00594440596669864, "sft": 0.0, "oneh-in": 0.013044109358330254, "roll-out": 0.21894853590166694, "dsfb-red": 0.016058094655430143, "unknown": 0.030236445784519856, "alternate": 0.2581432413521467, "bad-redirect": 0.016272730730161396}, "dutch": {"dsfb-alt": 0.024397373798497823, "roll-in": 0.21875364555460286, "dsfb": 0.0, "sfR": 0.18880787437283908, "sfT": 0.0003608572339763161, "redirect": 0.049572334419784064, "sfb": 0.03645678325352755, "oneh-out": 0.009099967728156536,