{"english-450k": {"bad-redirect": 0.004505054958162336, "roll-in": 0.20390679769233602, "sfb": 0.04081649955183327, "sfR": 0.11369548401129392, "dsfb-alt": 0.04760799414839844, "unknown": 0.00015377410175167997, "redirect": 0.022425877082455078, "roll-out": 0.19236613905973277, "dsfb-red": 0.010206098224815397, "oneh-out": 0.00851955299096475, "oneh-in": 0.0046059143975241785, "dsfb": 0.0, "alternate": 0.3511247435392951, "sfT": 6.60702414370336e-05, "sft": 0.0}, "shai": {"bad-redirect": 0.0028286921455162243, "roll-in": 0.2026414340267145, "sfb": 0.021204893868746078, "sfR": 0.09823378925716947, "dsfb-alt": 0.04540363022671616, "unknown": 0.024097749651430984, "redirect": 0.017912170670785193, "roll-out": 0.24125113054641192, "dsfb-red": 0.007329145447795462, "oneh-out": 0.010035312061772963, "oneh-in": 0.00474955668337548, "dsfb": 0.0, "alternate": 0.324264800365862, "sfT": 4.76950477035626e-05, "sft": 0.0}, "tr-quotes": {"bad-redirect": 0.00271144911120871, "roll-in": 0.1916714823975405, "sfb": 0.019647026189870784, "sfR": 0.09677191928064538, "dsfb-alt": 0.03957837313053327, "unknown": 0.013894731975682485, "redirect": 0.02115878042578766, "roll-out": 0.27100737384711404, "dsfb-red": 0.00830424631885532, "oneh-out": 0.011125494093987656, "oneh-in": 0.004776819768382608, "dsfb": 0.0, "alternate": 0.3193395899308846, "sfT": 1.271352950694621e-05, "sft": 0.0}, "gutenberg": {"bad-redirect": 0.0026362022017857828, "roll-in": 0.18400051072155332, "sfb": 0.018940836242135058, "sfR": 0.09863878308844841, "dsfb-alt": 0.038455476484644445, "unknown": 0.03298207965968062, "redirect": 0.020319367675190186, "roll-out": 0.2844109065572783, "dsfb-red": 0.008333323861494437, "oneh-out": 0.013666537470784113, "oneh-in": 0.004467108660556952, "dsfb": 0.0, "alternate": 0.29313863779043975, "sfT": 1.022958600865423e-05, "sft": 0.0}, "english-200": {"bad-redirect": 0.0, "roll-in": 0.17817371937639198, "sfb": 0.015590200445434299, "sfR": 0.10690423162583519, "dsfb-alt": 0.028953229398663696, "unknown": 0.0, "redirect": 0.028953229398663696, "roll-out": 0.27616926503340755, "dsfb-red": 0.008908685968819599, "oneh-out": 0.011135857461024499, "oneh-in": 0.0022271714922048997, "dsfb": 0.0, "alternate": 0.3429844097995546, "sfT": 0.0, "sft": 0.0}, "monkeyracer": {"bad-redirect": 0.002736091777843815, "roll-in": 0.19201616434928132, "sfb": 0.019618921751098736, "sfR": 0.09690789370786869, "dsfb-alt": 0.03938740478908926, "unknown": 0.013491796612290222, "redirect": 0.02115852323380828, "roll-out": 0.2718936218465052, "dsfb-red": 0.00838129721444547, "oneh-out": 0.01116626522983562, "oneh-in": 0.004786938705288018, "dsfb": 0.0, "alternate": 0.3184413954361324, "sfT": 1.3685346512973709e-05, "sft": 0.0}, "chained-bigrams": {"bad-redirect": 0.00383349490198421, "roll-in": 0.1833850720955465, "sfb": 0.023173684459996013, "sfR": 0.11914286586209158, "dsfb-alt": 0.05671481693828164, "unknown": 0.023159399756770463, "redirect": 0.02769284511680667, "roll-out": 0.2253074295390781, "dsfb-red": 0.01327893025753372, "oneh-out": 0.007675430764965337, "oneh-in": 0.004652268118685106, "dsfb": 0.0, "alternate": 0.3118779255234532, "sfT": 0.0001058366648074909, "sft": 0.0}, "english-5k": {"bad-redirect": 0.004065209275314224, "roll-in": 0.2195213008669681, "sfb": 0.023603102833201973, "sfR": 0.10644211224955408, "dsfb-alt": 0.04650101630231883, "unknown": 0.002157049819554486, "redirect": 0.01796158792052101, "roll-out": 0.19815821130791886, "dsfb-red": 0.007176338822748579, "oneh-out": 0.010743767370473306, "oneh-in": 0.0024059401833492347, "dsfb": 0.0, "alternate": 0.3612643630480773, "sfT": 0.0, "sft": 0.0}, "mt-quotes": {"bad-redirect": 0.0024996712924779765, "roll-in": 0.19212954662267961, "sfb": 0.0187064462533319, "sfR": 0.0964592223377679, "dsfb-alt": 0.03858876896044752, "unknown": 0.007995063410669249, "redirect": 0.02145115406222732, "roll-out": 0.2791204982010734, "dsfb-red": 0.008492607069004674, "oneh-out": 0.011480857269217437, "oneh-in": 0.004875330201647123, "dsfb": 0.0, "alternate": 0.31819037544375517, "sfT": 1.0458875700744673e-05, "sft": 0.0}, "wordle": {"bad-redirect": 0.0031863570066195447, "roll-in": 0.17060473465724224, "sfb": 0.043442163132503084, "sfR": 0.13138112868843263, "dsfb-alt": 0.05311342982160889, "unknown": 0.0, "redirect": 0.03018063502748794, "roll-out": 0.21090541905082463, "dsfb-red": 0.017524963536407496, "oneh-out": 0.010232245035341635, "oneh-in": 0.007921014248849995, "dsfb": 0.0, "alternate": 0.3212835184561876, "sfT": 0.00022439133849433412, "sft": 0.0}, "english-1k": {"bad-redirect": 0.002117148906139732, "roll-in": 0.19336626676076218, "sfb": 0.017642907551164433, "sfR": 0.10832745236414962, "dsfb-alt": 0.03987297106563162, "unknown": 0.0, "redirect": 0.019760056457304165, "roll-out": 0.24700070571630206, "dsfb-red": 0.0077628793225123505, "oneh-out": 0.013408609738884969, "oneh-in": 0.0014114326040931546, "dsfb": 0.0, "alternate": 0.34932956951305577, "sfT": 0.0, "sft": 0.0}, "english-10k": {"bad-redirect": 0.0029717682020802376, "roll-in": 0.23374693657011636, "sfb": 0.026302078308021844, "sfR": 0.10567144593890508, "dsfb-alt": 0.05038497906254221, "unknown": 0.0, "redirect": 0.0186410914494124, "roll-out": 0.18552324347272342, "dsfb-red": 0.006889099013913279, "oneh-out": 0.008490766291657821, "oneh-in": 0.006348777522625962, "dsfb": 0.0, "alternate": 0.3549912197757666, "sfT": 3.859439223480828e-05, "sft": 0.0}, "reddit": {"bad-redirect": 0.0027243151239737372, "roll-in": 0.18356702077032294, "sfb": 0.02039136629098754, "sfR": 0.10397777127267367, "dsfb-alt": 0.0415965697999231, "unknown": 0.04519937363713543, "redirect": 0.019234082050838326, "roll-out": 0.2537613891606112, "dsfb-red": 0.008481070053416145, "oneh-out": 0.010950075448594663, "oneh-in": 0.00520253504281476, "dsfb": 0.0, "alternate": 0.30481007499535995, "sfT": 0.00010435635334851482, "sft": 0.0}, "akl": {"bad-redirect": 0.0024767394602866434, "roll-in": 0.15746315484998, "sfb": 0.02279772926264386, "sfR": 0.13064861186637447, "dsfb-alt": 0.03357980566630807, "unknown": 0.13920166722946467, "redirect": 0.016944621838165058, "roll-out": 0.21579501169818488, "dsfb-red": 0.0067877960159139685, "oneh-out": 0.00862836413461265, "oneh-in": 0.00488852263437495, "dsfb": 0.0, "alternate": 0.26062389215744386, "sfT": 0.00016408318624691845, "sft": 0.0}, "french": {"bad-redirect": 0.004434803931108533, "roll-in": 0.16646870414574286, "sfb": 0.039973567242977535, "sfR": 0.10898279115633469, "dsfb-alt": 0.0397914030705847, "unknown": 0.15842537463172957, "redirect": 0.010949911025109366, "roll-out": 0.19036138036845524, "dsfb-red": 0.006388795214944659, "oneh-out": 0.012139543898606634, "oneh-in": 0.002771445329256835, "dsfb": 0.0, "alternate": 0.2592268685247652, "sfT": 8.541146038420655e-05, "sft": 0.0}, "keymash": {"bad-redirect": 0.0027338442529750056, "roll-in": 0.1891155233916088, "sfb": 0.019489928698386377, "sfR": 0.099723742164827, "dsfb-alt": 0.03947654681810905, "unknown": 0.012376186820900362, "redirect": 0.020622873163583223, "roll-out": 0.2744475869514353, "dsfb-red": 0.008164588917668598, "oneh-out": 0.011452590789489887, "oneh-in": 0.004539987603288823, "dsfb": 0.0, "alternate": 0.317836076071474, "sfT": 2.052435625356611e-05, "sft": 0.0}, "movie": {"bad-redirect": 0.0025441810133533644, "roll-in": 0.16370139450281612, "sfb": 0.019732964297901185, "sfR": 0.11567713207251198, "dsfb-alt": 0.03833313440126734, "unknown": 0.030282373430185833, "redirect": 0.021174092228239606, "roll-out": 0.2725771554837675, "dsfb-red": 0.011787086804171494, "oneh-out": 0.009727317434647526, "oneh-in": 0.004067425994968488, "dsfb": 0.0, "alternate": 0.31037218632306296, "sfT": 2.3556013106618333e-05, "sft": 0.0}, "dutch": {"bad-redirect": 0.0014059535759544319, "roll-in": 0.1799444138206402, "sfb": 0.039250723749613095, "sfR": 0.18880787437283908, "dsfb-alt": 0.03922667855454417, "unknown": 0.07360268279108878, "redirect": 0.017446842098449458, "roll-out": 0.16227203819230482,