{"english-200": {"dsfb-red": 0.022271714922048998, "dsfb-alt": 0.0200445434298441, "sfb": 0.024498886414253896, "bad-redirect": 0.015590200445434299, "roll-out": 0.26948775055679286, "oneh-in": 0.0066815144766146995, "sfR": 0.10690423162583519, "roll-in": 0.25389755011135856, "unknown": 0.0, "dsfb": 0.0, "oneh-out": 0.0, "alternate": 0.23608017817371937, "sfT": 0.0, "redirect": 0.044543429844097995, "sft": 0.0}, "english-450k": {"dsfb-red": 0.02384843369675864, "dsfb-alt": 0.03196074842966238, "sfb": 0.040300800853183154, "bad-redirect": 0.020257252963074922, "roll-out": 0.23613591993456123, "oneh-in": 0.01622521415820958, "sfR": 0.11369548401129392, "roll-in": 0.23417603100272993, "unknown": 0.00015377410175167997, "dsfb": 0.0, "oneh-out": 0.012798039643314246, "alternate": 0.22411815230184629, "sfT": 0.0004183474137008632, "redirect": 0.04591180148991318, "sft": 0.0}, "shai": {"dsfb-red": 0.01775001215308365, "dsfb-alt": 0.02693612943018603, "sfb": 0.031440352510641305, "bad-redirect": 0.018770162894669457, "roll-out": 0.26534959235306305, "oneh-in": 0.009234880557636115, "sfR": 0.09823378925716947, "roll-in": 0.21783774657987456, "unknown": 0.023260762136131256, "dsfb": 0.0, "oneh-out": 0.010339890012270744, "alternate": 0.2345438243292659, "sfT": 0.0001378368687711576, "redirect": 0.04616502091723734, "sft": 0.0}, "tr-quotes": {"dsfb-red": 0.018658838214558146, "dsfb-alt": 0.021480085989690482, "sfb": 0.031995330667344724, "bad-redirect": 0.019173158271884608, "roll-out": 0.285312406093248, "oneh-in": 0.007640831233674672, "sfR": 0.09677191928064538, "roll-in": 0.2135965419199741, "unknown": 0.013835787429786644, "dsfb": 0.0, "oneh-out": 0.0104771040891334, "alternate": 0.22738147523173297, "sfT": 0.000147939252444465, "redirect": 0.05352858232588244, "sft": 0.0}, "gutenberg": {"dsfb-red": 0.01954627618442504, "dsfb-alt": 0.02391165729522926, "sfb": 0.029708233263355387, "bad-redirect": 0.020016837140823134, "roll-out": 0.2722971823552523, "oneh-in": 0.007939105926605372, "sfR": 0.09863878308844841, "roll-in": 0.1935869588691079, "unknown": 0.032975828246008664, "dsfb": 0.0, "oneh-out": 0.009468807908455055, "alternate": 0.2375020032939267, "sfT": 0.00018318536426608592, "redirect": 0.05422514106409669, "sft": 0.0}, "monkeyracer": {"dsfb-red": 0.01861891393090073, "dsfb-alt": 0.021342297886982498, "sfb": 0.03199927272158531, "bad-redirect": 0.01905977759356867, "roll-out": 0.2863922689522499, "oneh-in": 0.007581681968187435, "sfR": 0.09690789370786869, "roll-in": 0.21340342837480644, "unknown": 0.013436077701487402, "dsfb": 0.0, "oneh-out": 0.01046537998342118, "alternate": 0.22722465082815896, "sfT": 0.00015249386114456418, "redirect": 0.053415862489638234, "sft": 0.0}, "chained-bigrams": {"dsfb-red": 0.025351452397200457, "dsfb-alt": 0.03252302272111909, "sfb": 0.028065546010055134, "bad-redirect": 0.01804158017387081, "roll-out": 0.24783051069761947, "oneh-in": 0.01641507192023422, "sfR": 0.11914286586209158, "roll-in": 0.20327652133712615, "unknown": 0.022916559801936097, "dsfb": 0.0, "oneh-out": 0.014308727499157526, "alternate": 0.22095124435997712, "sfT": 0.00033049608826388264, "redirect": 0.050846401131348494, "sft": 0.0}, "english-5k": {"dsfb-red": 0.019289003194093, "dsfb-alt": 0.031609076201933047, "sfb": 0.03181648483842867, "bad-redirect": 0.01866677728460613, "roll-out": 0.23777326087858297, "oneh-in": 0.010245986642883809, "sfR": 0.10644211224955408, "roll-in": 0.23752437051478822, "unknown": 0.002157049819554486, "dsfb": 0.0, "oneh-out": 0.013066744099224292, "alternate": 0.24677479570249305, "sfT": 0.00024889036379474843, "redirect": 0.04438544821006347, "sft": 0.0}, "mt-quotes": {"dsfb-red": 0.018311997226903815, "dsfb-alt": 0.020411242992553282, "sfb": 0.030911954196100933, "bad-redirect": 0.019160660283764237, "roll-out": 0.2926587657331373, "oneh-in": 0.007097094225505313, "sfR": 0.0964592223377679, "roll-in": 0.21470428276018694, "unknown": 0.007977133909467972, "dsfb": 0.0, "oneh-out": 0.010301992565233502, "alternate": 0.22711448584167054, "sfT": 0.00013596538410968074, "redirect": 0.05475520254359857, "sft": 0.0}, "wordle": {"dsfb-red": 0.03199820486929204, "dsfb-alt": 0.035700661954448557, "sfb": 0.05502075619881073, "bad-redirect": 0.019163020307416134, "roll-out": 0.228475260854931, "oneh-in": 0.014675193537529451, "sfR": 0.13138112868843263, "roll-in": 0.21905082463816897, "unknown": 0.0, "dsfb": 0.0, "oneh-out": 0.015303489285313587, "alternate": 0.1953102210254684, "sfT": 0.0005834174800852687, "redirect": 0.05333782116010322, "sft": 0.0}, "english-1k": {"dsfb-red": 0.021524347212420608, "dsfb-alt": 0.02646436132674665, "sfb": 0.032462949894142556, "bad-redirect": 0.02081863091037403, "roll-out": 0.23218066337332394, "oneh-in": 0.011644318983768526, "sfR": 0.10832745236414962, "roll-in": 0.24100211714890615, "unknown": 0.0, "dsfb": 0.0, "oneh-out": 0.014467184191954835, "alternate": 0.24770642201834864, "sfT": 0.0, "redirect": 0.043401552575864505, "sft": 0.0}, "english-10k": {"dsfb-red": 0.019548059666930396, "dsfb-alt": 0.029061577352810637, "sfb": 0.033538526852048396, "bad-redirect": 0.019683140039752224, "roll-out": 0.23984485054321608, "oneh-in": 0.010960807394685553, "sfR": 0.10567144593890508, "roll-in": 0.24196754211613053, "unknown": 0.0, "dsfb": 0.0, "oneh-out": 0.0130449045753652, "alternate": 0.2423148916462438, "sfT": 0.00015437756893923313, "redirect": 0.04420987630497289, "sft": 0.0}, "reddit": {"dsfb-red": 0.017077021993307483, "dsfb-alt": 0.024652484166283198, "sfb": 0.033725343891828984, "bad-redirect": 0.017256480460246727, "roll-out": 0.27231730474433724, "oneh-in": 0.007450391870093196, "sfR": 0.10397777127267367, "roll-in": 0.20404828485313978, "unknown": 0.039285409944231534, "dsfb": 0.0, "oneh-out": 0.009251831246112624, "alternate": 0.22266604262616171, "sfT": 0.00012735520509151127, "redirect": 0.04816427772649234, "sft": 0.0}, "akl": {"dsfb-red": 0.01848002636202325, "dsfb-alt": 0.019890015097086176, "sfb": 0.03860985344611629, "bad-redirect": 0.013184915425754113, "roll-out": 0.22882777770955734, "oneh-in": 0.007485612825004726, "sfR": 0.13064861186637447, "roll-in": 0.1726154625165538, "unknown": 0.13277008071454782, "dsfb": 0.0, "oneh-out": 0.008810335624856372, "alternate": 0.18545553393832534, "sfT": 0.00015882046697714074, "redirect": 0.0430629540068232, "sft": 0.0}, "french": {"dsfb-red": 0.02593901555808479, "dsfb-alt": 0.021948722770564998, "sfb": 0.03143964245063743, "bad-redirect": 0.029367489407802837, "roll-out": 0.19983797741107331, "oneh-in": 0.00808974324919488, "sfR": 0.10898279115633469, "roll-in": 0.1538577567037247, "unknown": 0.15807953387545715, "dsfb": 0.0, "oneh-out": 0.015281535035560817, "alternate": 0.20797271112080737, "sfT": 0.0006956516997052907, "redirect": 0.03850742956105176, "sft": 0.0}, "keymash": {"dsfb-red": 0.018459606014457355, "dsfb-alt": 0.022002109903822866, "sfb": 0.03189484961804173, "bad-redirect": 0.01836108910444024, "roll-out": 0.28375743494805283, "oneh-in": 0.007758206663847988, "sfR": 0.099723742164827, "roll-in": 0.2123901433831528, "unknown": 0.01232282349464109, "dsfb": 0.0, "oneh-out": 0.010253968384281628, "alternate": 0.22917085705606843, "sfT": 0.00012725100877210987, "redirect": 0.053777918255593915, "sft": 0.0}, "movie": {"dsfb-red": 0.020512155100159774, "dsfb-alt": 0.023311504322528404, "sfb": 0.035200316255925686, "bad-redirect": 0.0163666915869107, "roll-out": 0.28621055996327893, "oneh-in": 0.006346963754928503, "sfR": 0.11567713207251198, "roll-in": 0.19059564998080644, "unknown": 0.030236445784519856, "dsfb": 0.0, "oneh-out": 0.012726432175987368, "alternate": 0.2090028976528078, "sfT": 9.06709107846929e-05, "redirect": 0.05372258043884984, "sft": 0.0}, "dutch": {"dsfb-red": 0.019389267107116307, "dsfb-alt": 0.013810423235239577, "sfb": 0.03382977845176844, "bad-redirect": 0.040736505221501074, "roll-out": 0.1695357312136648, "oneh-in": 0.015539005591861629, "sfR": 0.18880787437283908, "roll-in": 0.2082867237279527,