{"english-450k": {"redirect": 0.05592202776002587, "dsfb-red": 0.023341797730341035, "roll-in": 0.27054506779800747, "oneh-out": 0.009132018282162029, "sfb": 0.02758549518476572, "alternate": 0.25695857045046455, "dsfb-alt": 0.03978100930771835, "sft": 0.0, "roll-out": 0.1917153764161981, "bad-redirect": 0.0011161777956043995, "dsfb": 0.0, "oneh-in": 0.010062848586301475, "unknown": 5.846924020976424e-07, "sfT": 0.00014354198471497123, "sfR": 0.11369548401129392}, "shai": {"redirect": 0.045427379055143415, "dsfb-red": 0.017102434703881213, "roll-in": 0.33812538452511476, "oneh-out": 0.007253343491350255, "sfb": 0.017578208576640133, "alternate": 0.24310919383100185, "dsfb-alt": 0.034294902857383486, "sft": 0.0, "roll-out": 0.15734545535049957, "bad-redirect": 0.0005538709816254664, "dsfb": 0.0, "oneh-in": 0.01596800627192006, "unknown": 0.024948461636353107, "sfT": 5.956946191718997e-05, "sfR": 0.09823378925716947}, "tr-quotes": {"redirect": 0.04406856059730473, "dsfb-red": 0.014288851390397818, "roll-in": 0.35840595455491087, "oneh-out": 0.007550680751716326, "sfb": 0.013790712188807472, "alternate": 0.23473451838838677, "dsfb-alt": 0.0324796005640184, "sft": 0.0, "roll-out": 0.14391946556945054, "bad-redirect": 0.00046115438847923074, "dsfb": 0.0, "oneh-in": 0.017912207299877487, "unknown": 0.03558401331453272, "sfT": 3.236171147222672e-05, "sfR": 0.09677191928064538}, "gutenberg": {"redirect": 0.0391270298624348, "dsfb-red": 0.013670515643120811, "roll-in": 0.36911831955938523, "oneh-out": 0.008529390926660309, "sfb": 0.017367942674915503, "alternate": 0.22544586787239387, "dsfb-alt": 0.03716560146366432, "sft": 0.0, "roll-out": 0.13867529892176375, "bad-redirect": 0.0008098422256851265, "dsfb": 0.0, "oneh-in": 0.018507215457434882, "unknown": 0.03277691962917372, "sfT": 0.00016727267491929045, "sfR": 0.09863878308844841}, "english-200": {"redirect": 0.031180400890868598, "dsfb-red": 0.013363028953229399, "roll-in": 0.39198218262806234, "oneh-out": 0.004454342984409799, "sfb": 0.004454342984409799, "alternate": 0.2516703786191537, "dsfb-alt": 0.035634743875278395, "sft": 0.0, "roll-out": 0.14253897550111358, "bad-redirect": 0.0, "dsfb": 0.0, "oneh-in": 0.017817371937639197, "unknown": 0.0, "sfT": 0.0, "sfR": 0.10690423162583519}, "monkeyracer": {"redirect": 0.04393093983139653, "dsfb-red": 0.014289456809046405, "roll-in": 0.3595208955690758, "oneh-out": 0.007477086819838278, "sfb": 0.013677526314966295, "alternate": 0.23445246883651094, "dsfb-alt": 0.03244013638425325, "sft": 0.0, "roll-out": 0.14361989145565165, "bad-redirect": 0.0004936499992179803, "dsfb": 0.0, "oneh-in": 0.018041196803103055, "unknown": 0.03511757667704146, "sfT": 3.128079202965419e-05, "sfR": 0.09690789370786869}, "chained-bigrams": {"redirect": 0.05464548288465297, "dsfb-red": 0.024224259451766077, "roll-in": 0.31344015261257485, "oneh-out": 0.004256192256522104, "sfb": 0.017913017844840853, "alternate": 0.24765519843076042, "dsfb-alt": 0.04562664071179377, "sft": 0.0, "roll-out": 0.12603523516841988, "bad-redirect": 0.0033211934999405886, "dsfb": 0.0, "oneh-in": 0.016530648155422767, "unknown": 0.027156519441156438, "sfT": 5.25936800577102e-05, "sfR": 0.11914286586209158}, "english-5k": {"redirect": 0.05438254448915253, "dsfb-red": 0.01899863110299913, "roll-in": 0.30928775874227404, "oneh-out": 0.007342265731945078, "sfb": 0.020118637740075496, "alternate": 0.25984153980171737, "dsfb-alt": 0.034927614385863025, "sft": 0.0, "roll-out": 0.17360102874683703, "bad-redirect": 0.00016592690919649896, "dsfb": 0.0, "oneh-in": 0.01480897664578753, "unknown": 8.296345459824948e-05, "sfT": 0.0, "sfR": 0.10644211224955408}, "mt-quotes": {"redirect": 0.0435238641660989, "dsfb-red": 0.013503902654761478, "roll-in": 0.3674322563679612, "oneh-out": 0.007212141858213505, "sfb": 0.012489391711789245, "alternate": 0.23500645462043246, "dsfb-alt": 0.03215058390408912, "sft": 0.0, "roll-out": 0.14122918683735552, "bad-redirect": 0.00045570815553244644, "dsfb": 0.0, "oneh-in": 0.01856151611862158, "unknown": 0.0319593358912755, "sfT": 1.6435376101170198e-05, "sfR": 0.0964592223377679}, "wordle": {"redirect": 0.04247728037697745, "dsfb-red": 0.023022551329518682, "roll-in": 0.2601817569841804, "oneh-out": 0.01249859755413441, "sfb": 0.034556266128127455, "alternate": 0.24416021541568494, "dsfb-alt": 0.04579827218669359, "sft": 0.0, "roll-out": 0.1901267811062493, "bad-redirect": 0.002019522046449007, "dsfb": 0.0, "oneh-in": 0.013508358577358914, "unknown": 0.0, "sfT": 0.00026926960619320093, "sfR": 0.13138112868843263}, "english-1k": {"redirect": 0.046224417784050814, "dsfb-red": 0.01587861679604799, "roll-in": 0.3503881439661256, "oneh-out": 0.010232886379675371, "sfb": 0.020112914608327453, "alternate": 0.22477064220183487, "dsfb-alt": 0.03458009880028229, "sft": 0.0, "roll-out": 0.1683133380381087, "bad-redirect": 0.0, "dsfb": 0.0, "oneh-in": 0.02117148906139732, "unknown": 0.0, "sfT": 0.0, "sfR": 0.10832745236414962}, "english-10k": {"redirect": 0.05229540147816522, "dsfb-red": 0.019046332567877886, "roll-in": 0.3033133285733583, "oneh-out": 0.009687192450936879, "sfb": 0.020570811061152813, "alternate": 0.2520213812932981, "dsfb-alt": 0.03477354740356226, "sft": 0.0, "roll-out": 0.1900966789525482, "bad-redirect": 0.0005017270990525077, "dsfb": 0.0, "oneh-in": 0.011944964396673164, "unknown": 0.0, "sfT": 7.718878446961657e-05, "sfR": 0.10567144593890508}, "reddit": {"redirect": 0.04203324832373394, "dsfb-red": 0.014743350232245326, "roll-in": 0.3327933847211586, "oneh-out": 0.006546319743596514, "sfb": 0.014835233266977525, "alternate": 0.2333596846235633, "dsfb-alt": 0.032599673708473074, "sft": 0.0, "roll-out": 0.1428547081252808, "bad-redirect": 0.0005792039812735409, "dsfb": 0.0, "oneh-in": 0.01545451668044163, "unknown": 0.06011330492937686, "sfT": 0.0001096003912052241, "sfR": 0.10397777127267367}, "akl": {"redirect": 0.03172668608568898, "dsfb-red": 0.013018855631330751, "roll-in": 0.2825406224482452, "oneh-out": 0.0057950198516936065, "sfb": 0.02210994374004855, "alternate": 0.19741878197302706, "dsfb-alt": 0.027563726897681596, "sft": 0.0, "roll-out": 0.12592918806149417, "bad-redirect": 0.000851745170831203, "dsfb": 0.0, "oneh-in": 0.011685509878309377, "unknown": 0.14963166030170008, "sfT": 0.001079648093575003, "sfR": 0.13064861186637447}, "french": {"redirect": 0.05134863287653858, "dsfb-red": 0.020504458572617637, "roll-in": 0.24462552393174136, "oneh-out": 0.011893392294657763, "sfb": 0.022418073802123746, "alternate": 0.1844217256851468, "dsfb-alt": 0.026729936767802914, "sft": 0.0, "roll-out": 0.1246567904290863, "bad-redirect": 0.002627574735664564, "dsfb": 0.0, "oneh-in": 0.024834269780629782, "unknown": 0.1767446421912269, "sfT": 0.00021218777642896286, "sfR": 0.10898279115633469}, "keymash": {"redirect": 0.04366762036508725, "dsfb-red": 0.01380057714489785, "roll-in": 0.3604118006838716, "oneh-out": 0.007897772286372238, "sfb": 0.014580502682533362, "alternate": 0.23137517291770143, "dsfb-alt": 0.03380771962087409, "sft": 0.0, "roll-out": 0.1449635282189374, "bad-redirect": 0.000574681975099851, "dsfb": 0.0, "oneh-in": 0.01825846732317241, "unknown": 0.030885051290366276, "sfT": 5.3363326259271875e-05, "sfR": 0.099723742164827}, "movie": {"redirect": 0.038771223605915006, "dsfb-red": 0.015093219302928881, "roll-in": 0.32937675658439913, "oneh-out": 0.0071277337312501046, "sfb": 0.013512071272336595, "alternate": 0.2180985454622499, "dsfb-alt": 0.035674989659699834, "sft": 0.0, "roll-out": 0.1303916127959948, "bad-redirect": 0.0006170622651225327, "dsfb": 0.0, "oneh-in": 0.01630681457035477, "unknown": 0.07931480690188553, "sfT": 3.803177535090893e-05, "sfR": 0.11567713207251198}, "dutch": {"redirect": 0.043585582909858776, "dsfb-red": 0.016680569606823226, "roll-in": 0.25754702646646194, "oneh-out": 0.018033250793105925, "sfb": 0.03276246585573335, "alternate": 0.1832237588474573, "dsfb-alt": 0.02755514804040267, "sft": 0.0, "roll-out": 0.15405421174812012,