{"english-450k": {"unknown": 0.017344315415824468, "sfT": 0.001733320626018461, "oneh-out": 0.006885045380900789, "bad-redirect": 0.0028775636569235473, "sfb": 0.037535498137462354, "alternate": 0.36991324918830076, "dsfb-alt": 0.050015465114035484, "roll-in": 0.20570618855979153, "redirect": 0.012124473996097763, "roll-out": 0.16957775268797715, "dsfb-red": 0.0061012652158888995, "sfR": 0.11369548401129392, "dsfb": 0.0, "sft": 0.0, "oneh-in": 0.0064903780094848805}, "shai": {"unknown": 0.030721741448641378, "sfT": 0.00020099032924174355, "oneh-out": 0.012879946421156831, "bad-redirect": 0.002051688225875819, "sfb": 0.018513763792975858, "alternate": 0.33610336298272897, "dsfb-alt": 0.044526258865945446, "roll-in": 0.23746445029512642, "redirect": 0.012727630353046306, "roll-out": 0.19215578828925764, "dsfb-red": 0.006024186803887624, "sfR": 0.09823378925716947, "dsfb": 0.0, "sft": 0.0, "oneh-in": 0.008396402934946479}, "tr-quotes": {"unknown": 0.01892697810961374, "sfT": 0.000187235616375026, "oneh-out": 0.02070224913894732, "bad-redirect": 0.0018261251473613647, "sfb": 0.01834099997688449, "alternate": 0.3301946325789972, "dsfb-alt": 0.03869882804373454, "roll-in": 0.2296849356233097, "redirect": 0.014938397170661796, "roll-out": 0.2116640854349183, "dsfb-red": 0.008303090543445598, "sfR": 0.09677191928064538, "dsfb": 0.0, "sft": 0.0, "oneh-in": 0.009760523335105522}, "gutenberg": {"unknown": 0.03758539336357502, "sfT": 0.00012180784821416055, "oneh-out": 0.015541582698814846, "bad-redirect": 0.0019061128596125714, "sfb": 0.01917081249055184, "alternate": 0.299778586293946, "dsfb-alt": 0.03709721478682869, "roll-in": 0.2439379283875937, "redirect": 0.01584941746296416, "roll-out": 0.21444148544197306, "dsfb-red": 0.00786598333032129, "sfR": 0.09863878308844841, "dsfb": 0.0, "sft": 0.0, "oneh-in": 0.008064891947156231}, "english-200": {"unknown": 0.0, "sfT": 0.0, "oneh-out": 0.013363028953229399, "bad-redirect": 0.0, "sfb": 0.011135857461024499, "alternate": 0.35634743875278396, "dsfb-alt": 0.026726057906458798, "roll-in": 0.20489977728285078, "redirect": 0.017817371937639197, "roll-out": 0.24944320712694878, "dsfb-red": 0.0022271714922048997, "sfR": 0.10690423162583519, "dsfb": 0.0, "sft": 0.0, "oneh-in": 0.011135857461024499}, "monkeyracer": {"unknown": 0.018463487495503385, "sfT": 0.0001779095046686582, "oneh-out": 0.021087163926990633, "bad-redirect": 0.0018494768287533041, "sfb": 0.018295353238343994, "alternate": 0.32947276225034017, "dsfb-alt": 0.03855944132505435, "roll-in": 0.2293087335971347, "redirect": 0.014932668095156169, "roll-out": 0.21282082362325414, "dsfb-red": 0.00835490404617045, "sfR": 0.09690789370786869, "dsfb": 0.0, "sft": 0.0, "oneh-in": 0.009769382360761374}, "chained-bigrams": {"unknown": 0.029079759939069246, "sfT": 0.00011103110234405486, "oneh-out": 0.0066144668981221455, "bad-redirect": 0.003365995523693453, "sfb": 0.020733597427195088, "alternate": 0.3257321397381614, "dsfb-alt": 0.05643561592069133, "roll-in": 0.22689043437834594, "redirect": 0.02077190640402725, "roll-out": 0.17089374842949429, "dsfb-red": 0.012223160828227093, "sfR": 0.11914286586209158, "dsfb": 0.0, "sft": 0.0, "oneh-in": 0.00800527754853715}, "english-5k": {"unknown": 0.011697847098353175, "sfT": 0.0003733355456921226, "oneh-out": 0.009291906915003941, "bad-redirect": 0.0029037209109387314, "sfb": 0.020367528103870245, "alternate": 0.3801800306964782, "dsfb-alt": 0.04666694321151533, "roll-in": 0.2263657858713237, "redirect": 0.010163023188285561, "roll-out": 0.17613141411208363, "dsfb-red": 0.004397063093707222, "sfR": 0.10644211224955408, "dsfb": 0.0, "sft": 0.0, "oneh-in": 0.005019289003194093}, "mt-quotes": {"unknown": 0.012390779455182223, "sfT": 0.00014493013471031903, "oneh-out": 0.022458194379699023, "bad-redirect": 0.0016913496133204242, "sfb": 0.01741402804173988, "alternate": 0.3289704880410227, "dsfb-alt": 0.03755035201587358, "roll-in": 0.2317328265260994, "redirect": 0.015066757509472754, "roll-out": 0.2173399194367746, "dsfb-red": 0.008573289824410418, "sfR": 0.0964592223377679, "dsfb": 0.0, "sft": 0.0, "oneh-in": 0.0102078626839268}, "wordle": {"unknown": 0.021878155503197577, "sfT": 0.0005385392123864019, "oneh-out": 0.006372714013239089, "bad-redirect": 0.0009424436216762033, "sfb": 0.04059239313362504, "alternate": 0.3384270167171547, "dsfb-alt": 0.05077975990126781, "roll-in": 0.182138449455851, "redirect": 0.017053741725569393, "roll-out": 0.18222820599124873, "dsfb-red": 0.012678110624929878, "sfR": 0.13138112868843263, "dsfb": 0.0, "sft": 0.0, "oneh-in": 0.01498934141142152}, "english-1k": {"unknown": 0.007057163020465773, "sfT": 0.0, "oneh-out": 0.012350035285815103, "bad-redirect": 0.0017642907551164433, "sfb": 0.016937191249117856, "alternate": 0.36273817925194074, "dsfb-alt": 0.038108680310515175, "roll-in": 0.19760056457304165, "redirect": 0.011997177134791814, "roll-out": 0.23218066337332394, "dsfb-red": 0.004940014114326041, "sfR": 0.10832745236414962, "dsfb": 0.0, "sft": 0.0, "oneh-in": 0.005998588567395907}, "english-10k": {"unknown": 0.01034329711892862, "sfT": 0.00036664672623067866, "oneh-out": 0.00773817564307906, "bad-redirect": 0.0022770691418536886, "sfb": 0.023214526929237183, "alternate": 0.3700237355512244, "dsfb-alt": 0.04949730804114162, "roll-in": 0.24125354585978656, "redirect": 0.010285405530576407, "roll-out": 0.16580150904073637, "dsfb-red": 0.0045927326759421854, "sfR": 0.10567144593890508, "dsfb": 0.0, "sft": 0.0, "oneh-in": 0.008934601802358118}, "reddit": {"unknown": 0.050486150402376896, "sfT": 0.00026688406949324054, "oneh-out": 0.015786913765730475, "bad-redirect": 0.001984306467565532, "sfb": 0.01777279344465302, "alternate": 0.31874782864057494, "dsfb-alt": 0.03934826348368552, "roll-in": 0.21612481709076886, "redirect": 0.014785190162859214, "roll-out": 0.20231011104812022, "dsfb-red": 0.009218269403829683, "sfR": 0.10397777127267367, "dsfb": 0.0, "sft": 0.0, "oneh-in": 0.009190700747668697}, "akl": {"unknown": 0.14610783736754532, "sfT": 0.00027356257161961767, "oneh-out": 0.014622774336104876, "bad-redirect": 0.0013412768933293501, "sfb": 0.02007164068089902, "alternate": 0.2697801836283821, "dsfb-alt": 0.029670667675758083, "roll-in": 0.18148729536329972, "redirect": 0.0128389842872745, "roll-out": 0.17544258048371703, "dsfb-red": 0.008719213987922381, "sfR": 0.13064861186637447, "dsfb": 0.0, "sft": 0.0, "oneh-in": 0.008995370857773579}, "french": {"unknown": 0.183591057658309, "sfT": 0.00029941203925247636, "oneh-out": 0.011636858276738316, "bad-redirect": 0.006065577034567731, "sfb": 0.015099535663389735, "alternate": 0.25830067629666276, "dsfb-alt": 0.034785042006752524, "roll-in": 0.1801861352584636, "redirect": 0.007892072874118713, "roll-out": 0.18358000106161307, "dsfb-red": 0.005231193511821262, "sfR": 0.10898279115633469, "dsfb": 0.0, "sft": 0.0, "oneh-in": 0.00434964716197613}, "keymash": {"unknown": 0.017626317150562572, "sfT": 0.00019703382003423463, "oneh-out": 0.02046278318480541, "bad-redirect": 0.0018800310328266553, "sfb": 0.018689478804497298, "alternate": 0.32734706275937653, "dsfb-alt": 0.03849548258918859, "roll-in": 0.2300903482162282, "redirect": 0.014810375472573302, "roll-out": 0.21322753711829828, "dsfb-red": 0.008394461707708538, "sfR": 0.099723742164827, "dsfb": 0.0, "sft": 0.0, "oneh-in": 0.009055345979073367}, "movie": {"unknown": 0.03416477286410457, "sfT": 0.00016489209174632831, "oneh-out": 0.02959003720139299, "bad-redirect": 0.0019117218011164498, "sfb": 0.018652414445284184, "alternate": 0.3174971564997028, "dsfb-alt": 0.03775726225962174, "roll-in": 0.19063486613670463, "redirect": 0.016457494095533976, "roll-out": 0.2163635595583524, "dsfb-red": 0.012854213677252879, "sfR": 0.11567713207251198, "dsfb": 0.0, "sft": 0.0, "oneh-in": 0.008274477296675088}, "dutch": {"unknown": 0.09843156115284822, "sfT": 0.0002291196887328878, "oneh-out": 0.004978036749449677, "bad-redirect": 0.0020812631484272773, "sfb": 0.034143764589614864,