{"english-450k": {"roll-out": 0.1106012918193932, "sft": 0.0, "sfb": 0.02022509488095955, "alternate": 0.2748463574540388, "dsfb-alt": 0.03850901098695493, "oneh-in": 0.0034628407514232873, "sfT": 0.00013564863728665304, "dsfb-red": 0.01103373031998461, "unknown": 0.20315722203284686, "oneh-out": 0.003458455558407555, "roll-in": 0.1907898083436775, "dsfb": 0.0, "sfR": 0.11369548401129392, "bad-redirect": 0.0012567963183088824, "redirect": 0.02882825888542426}, "shai": {"roll-out": 0.15226803246684686, "sft": 0.0, "sfb": 0.011447701642880167, "alternate": 0.2506273352111525, "dsfb-alt": 0.03405417117053238, "oneh-in": 0.0031401362012340103, "sfT": 4.966895619409388e-05, "dsfb-red": 0.008274454094319695, "unknown": 0.2087246484352866, "oneh-out": 0.012031196733498822, "roll-in": 0.1929762685110042, "dsfb": 0.0, "sfR": 0.09823378925716947, "bad-redirect": 0.0006427587902402533, "redirect": 0.027529838529640985}, "tr-quotes": {"roll-out": 0.16677492429671067, "sft": 0.0, "sfb": 0.007750629897598299, "alternate": 0.2632232264626338, "dsfb-alt": 0.031962968955872494, "oneh-in": 0.003052402857076813, "sfT": 3.0050160652781953e-05, "dsfb-red": 0.00920575113843878, "unknown": 0.1862636092554495, "oneh-out": 0.02218742054044058, "roll-in": 0.1858972284505675, "dsfb": 0.0, "sfR": 0.09677191928064538, "bad-redirect": 0.0006391438015764776, "redirect": 0.02624072490233698}, "gutenberg": {"roll-out": 0.1835557131669548, "sft": 0.0, "sfb": 0.008982713136266042, "alternate": 0.23517325698273436, "dsfb-alt": 0.03622807884964895, "oneh-in": 0.00253295915780955, "sfT": 0.00017769169770588274, "dsfb-red": 0.006332492612912844, "unknown": 0.20664919301826967, "oneh-out": 0.012536547090383697, "roll-in": 0.1853792315913864, "dsfb": 0.0, "sfR": 0.09863878308844841, "bad-redirect": 0.0009843134981660626, "redirect": 0.022829026109313356}, "english-200": {"roll-out": 0.1403118040089087, "sft": 0.0, "sfb": 0.0, "alternate": 0.23608017817371937, "dsfb-alt": 0.031180400890868598, "oneh-in": 0.0066815144766146995, "sfT": 0.0, "dsfb-red": 0.0022271714922048997, "unknown": 0.19821826280623608, "oneh-out": 0.017817371937639197, "roll-in": 0.23608017817371937, "dsfb": 0.0, "sfR": 0.10690423162583519, "bad-redirect": 0.0, "redirect": 0.024498886414253896}, "monkeyracer": {"roll-out": 0.1671137213194238, "sft": 0.0, "sfb": 0.007699962463049564, "alternate": 0.2632708760185808, "dsfb-alt": 0.03185753163270094, "oneh-in": 0.0031075511831959585, "sfT": 2.834821777687411e-05, "dsfb-red": 0.009155496817179412, "unknown": 0.18599754445782568, "oneh-out": 0.02276068630057713, "roll-in": 0.18530838950842235, "dsfb": 0.0, "sfR": 0.09690789370786869, "bad-redirect": 0.0006490764346153245, "redirect": 0.02614292193878349}, "chained-bigrams": {"roll-out": 0.15868422299980067, "sft": 0.0, "sfb": 0.01255950065871961, "alternate": 0.2610230834311078, "dsfb-alt": 0.04140745882271969, "oneh-in": 0.004747715908419469, "sfT": 4.674993782907573e-05, "dsfb-red": 0.013917196769839019, "unknown": 0.18808863528490516, "oneh-out": 0.005540516937437545, "roll-in": 0.15755508214029007, "dsfb": 0.0, "sfR": 0.11914286586209158, "bad-redirect": 0.00248553836124586, "redirect": 0.03480143288559446}, "english-5k": {"roll-out": 0.1083502717053138, "sft": 0.0, "sfb": 0.012983780644626042, "alternate": 0.2575600448002655, "dsfb-alt": 0.03447131538557265, "oneh-in": 0.003442983365827353, "sfT": 8.296345459824948e-05, "dsfb-red": 0.00945783382420044, "unknown": 0.21408719459078276, "oneh-out": 0.004397063093707222, "roll-in": 0.2203924171402497, "dsfb": 0.0, "sfR": 0.10644211224955408, "bad-redirect": 0.0010370431824781184, "redirect": 0.027294976562824078}, "mt-quotes": {"roll-out": 0.1709592880792723, "sft": 0.0, "sfb": 0.006690692198276377, "alternate": 0.2669493551356068, "dsfb-alt": 0.031681428622655716, "oneh-in": 0.003151109836124359, "sfT": 1.6435376101170198e-05, "dsfb-red": 0.009100715984747971, "unknown": 0.17956246040568485, "oneh-out": 0.024502157516644554, "roll-in": 0.18463352099544592, "dsfb": 0.0, "sfR": 0.0964592223377679, "bad-redirect": 0.000575238163540957, "redirect": 0.025718375348131147}, "wordle": {"roll-out": 0.14262313474699875, "sft": 0.0, "sfb": 0.024974755974419387, "alternate": 0.24669583754067093, "dsfb-alt": 0.04570851565129586, "oneh-in": 0.001682935038707506, "sfT": 0.0002019522046449007, "dsfb-red": 0.014585437002131718, "unknown": 0.1876360372489622, "oneh-out": 0.006215640076293055, "roll-in": 0.16750813418602042, "dsfb": 0.0, "sfR": 0.13138112868843263, "bad-redirect": 0.0011219566924716706, "redirect": 0.02966453494895097}, "english-1k": {"roll-out": 0.12879322512350036, "sft": 0.0, "sfb": 0.007410021171489062, "alternate": 0.22335920959774172, "dsfb-alt": 0.03211009174311927, "oneh-in": 0.0038814396612561752, "sfT": 0.0, "dsfb-red": 0.008468595624558928, "unknown": 0.22477064220183487, "oneh-out": 0.007410021171489062, "roll-in": 0.22759350741002118, "dsfb": 0.0, "sfR": 0.10832745236414962, "bad-redirect": 0.0, "redirect": 0.027875793930839804}, "english-10k": {"roll-out": 0.10779413751181953, "sft": 0.0, "sfb": 0.01333436251712626, "alternate": 0.26182435692093936, "dsfb-alt": 0.035526138052141026, "oneh-in": 0.003415603712780533, "sfT": 7.718878446961657e-05, "dsfb-red": 0.008722332645066671, "unknown": 0.21190251056521486, "oneh-out": 0.003994519596302658, "roll-in": 0.21784604696937535, "dsfb": 0.0, "sfR": 0.10567144593890508, "bad-redirect": 0.0005017270990525077, "redirect": 0.029389629686806508}, "reddit": {"roll-out": 0.1576715498023466, "sft": 0.0, "sfb": 0.010452978117191885, "alternate": 0.25679030796923324, "dsfb-alt": 0.034268401469304495, "oneh-in": 0.003387348796128102, "sfT": 5.584900317395391e-05, "dsfb-red": 0.008575874766382796, "unknown": 0.19880567037813446, "oneh-out": 0.016956858611562316, "roll-in": 0.1817684656151247, "dsfb": 0.0, "sfR": 0.10397777127267367, "bad-redirect": 0.0007258497541950898, "redirect": 0.026563074444548702}, "akl": {"roll-out": 0.13039101040577963, "sft": 0.0, "sfb": 0.017387950344538865, "alternate": 0.22545474527166293, "dsfb-alt": 0.02734424926728988, "oneh-in": 0.003470578051401844, "sfT": 0.00012838070105992895, "dsfb-red": 0.009891515589768118, "unknown": 0.26505332283523786, "oneh-out": 0.01463861190911862, "roll-in": 0.15281103455350756, "dsfb": 0.0, "sfR": 0.13064861186637447, "bad-redirect": 0.001228017244819205, "redirect": 0.02155197195944109}, "french": {"roll-out": 0.12102681085367668, "sft": 0.0, "sfb": 0.03975147647140492, "alternate": 0.19162111326355183, "dsfb-alt": 0.03020278682268813, "oneh-in": 0.0012227427362317168, "sfT": 8.487211420391687e-05, "dsfb-red": 0.00765348709853224, "unknown": 0.3271801724718219, "oneh-out": 0.009620527563563708, "roll-in": 0.1430375883986517, "dsfb": 0.0, "sfR": 0.10898279115633469, "bad-redirect": 0.0017047234575122481, "redirect": 0.017910907591826345}, "keymash": {"roll-out": 0.16697795273651242, "sft": 0.0, "sfb": 0.008513502973979221, "alternate": 0.25799526297857667, "dsfb-alt": 0.032473636464392296, "oneh-in": 0.002906248845504961, "sfT": 4.104871250713222e-05, "dsfb-red": 0.009371421065378284, "unknown": 0.18742021156506425, "oneh-out": 0.021337120761207324, "roll-in": 0.18636525965363096, "dsfb": 0.0, "sfR": 0.099723742164827, "bad-redirect": 0.0007306670826269534, "redirect": 0.026143924995792506}, "movie": {"roll-out": 0.16213116909282635, "sft": 0.0, "sfb": 0.007807831361054594, "alternate": 0.2570416358453562, "dsfb-alt": 0.03806914913706691, "oneh-in": 0.0017999952361582433, "sfT": 2.737235042556767e-05, "dsfb-red": 0.009959456021910514, "unknown": 0.17881211631827673, "oneh-out": 0.033732210768677454, "roll-in": 0.16959368772543532, "dsfb": 0.0, "sfR": 0.11567713207251198, "bad-redirect": 0.0005467890193184311, "redirect": 0.02480145505098166}, "dutch": {"roll-out": 0.11303294758337541, "sft": 0.0, "sfb": 0.029085379951198833, "alternate": 0.2196055375887005, "dsfb-alt": 0.02436414803678065, "oneh-in": 0.0023897086708551327, "sfT": 0.0002951408731055981,