{"english-450k": {"dsfb": 0.0, "bad-redirect": 0.0014886268557405978, "sft": 0.0, "redirect": 0.045049087850618105, "dsfb-red": 0.010639939987171849, "roll-in": 0.18454675522027994, "sfb": 0.02590713564454444, "oneh-in": 0.004572294584403564, "alternate": 0.3644244492636092, "oneh-out": 0.005524466161219575, "unknown": 0.00015377410175167997, "sfR": 0.11369548401129392, "dsfb-alt": 0.05321051674529805, "roll-out": 0.1907213993326321, "sfT": 6.60702414370336e-05}, "shai": {"dsfb": 0.0, "bad-redirect": 0.0009089848598896531, "sft": 0.0, "redirect": 0.0446345335522643, "dsfb-red": 0.009213105637699393, "roll-in": 0.1832834295723384, "sfb": 0.018014802301066404, "oneh-in": 0.005273571331479459, "alternate": 0.3757937356969043, "oneh-out": 0.006120954764829317, "unknown": 0.024097749651430984, "sfR": 0.09823378925716947, "dsfb-alt": 0.050443452088828666, "roll-out": 0.1839379969798426, "sfT": 4.3894306257088656e-05}, "tr-quotes": {"dsfb": 0.0, "bad-redirect": 0.0015186888883752109, "sft": 0.0, "redirect": 0.04667830147245787, "dsfb-red": 0.011051524467765424, "roll-in": 0.1880608400175678, "sfb": 0.0158526155197522, "oneh-in": 0.006035459189570283, "alternate": 0.37413721365664226, "oneh-out": 0.005725711379764684, "unknown": 0.013894731975682485, "sfR": 0.09677191928064538, "dsfb-alt": 0.053277779061972674, "roll-out": 0.18696054182751207, "sfT": 3.467326229167148e-05}, "gutenberg": {"dsfb": 0.0, "bad-redirect": 0.0012320968037090206, "sft": 0.0, "redirect": 0.0328595140643547, "dsfb-red": 0.00744316044196358, "roll-in": 0.1987648343204884, "sfb": 0.014676424933971812, "oneh-in": 0.006206138282028171, "alternate": 0.3715362905929864, "oneh-out": 0.0063019932916648196, "unknown": 0.03298207965968062, "sfR": 0.09863878308844841, "dsfb-alt": 0.05443465814049617, "roll-out": 0.17489580030029517, "sfT": 2.8226079912768152e-05}, "english-200": {"dsfb": 0.0, "bad-redirect": 0.0, "sft": 0.0, "redirect": 0.028953229398663696, "dsfb-red": 0.004454342984409799, "roll-in": 0.19821826280623608, "sfb": 0.008908685968819599, "oneh-in": 0.008908685968819599, "alternate": 0.37193763919821826, "oneh-out": 0.0066815144766146995, "unknown": 0.0, "sfR": 0.10690423162583519, "dsfb-alt": 0.0645879732739421, "roll-out": 0.20044543429844097, "sfT": 0.0}, "monkeyracer": {"dsfb": 0.0, "bad-redirect": 0.0015806575222484633, "sft": 0.0, "redirect": 0.046822458044637694, "dsfb-red": 0.011009861269687348, "roll-in": 0.18803568356350783, "sfb": 0.015844698687770775, "oneh-in": 0.006086069099269594, "alternate": 0.37394427326899915, "oneh-out": 0.005750778109701738, "unknown": 0.013491796612290222, "sfR": 0.09690789370786869, "dsfb-alt": 0.053251638331482554, "roll-out": 0.1872399784162535, "sfT": 3.421336628243427e-05}, "chained-bigrams": {"dsfb": 0.0, "bad-redirect": 0.002245295625179776, "sft": 0.0, "redirect": 0.03175359666101555, "dsfb-red": 0.013518523688907734, "roll-in": 0.17033729430838987, "sfb": 0.018716207748932057, "oneh-in": 0.005983992042121694, "alternate": 0.37220482446372305, "oneh-out": 0.005087302262372338, "unknown": 0.023159399756770463, "sfR": 0.11914286586209158, "dsfb-alt": 0.06689136937710254, "roll-out": 0.17090998104679603, "sfT": 4.934715659735772e-05}, "english-5k": {"dsfb": 0.0, "bad-redirect": 0.0009540797278798689, "sft": 0.0, "redirect": 0.0555025511262289, "dsfb-red": 0.00937487036960219, "roll-in": 0.1895300120297009, "sfb": 0.02161197992284399, "oneh-in": 0.005060770730493218, "alternate": 0.3663666155058697, "oneh-out": 0.004936325548595843, "unknown": 0.002157049819554486, "sfR": 0.10644211224955408, "dsfb-alt": 0.0551706973078359, "roll-out": 0.1828099722072427, "sfT": 8.296345459824948e-05}, "mt-quotes": {"dsfb": 0.0, "bad-redirect": 0.0016211257336154242, "sft": 0.0, "redirect": 0.047395142300474535, "dsfb-red": 0.011253750254001268, "roll-in": 0.18969711095970643, "sfb": 0.014830685743655946, "oneh-in": 0.006364972926453186, "alternate": 0.3772680819019615, "oneh-out": 0.0055835454990975485, "unknown": 0.007995063410669249, "sfR": 0.0964592223377679, "dsfb-alt": 0.05374666810102676, "roll-out": 0.18775773657976835, "sfT": 2.689425180191487e-05}, "wordle": {"dsfb": 0.0, "bad-redirect": 0.0022439133849433412, "sft": 0.0, "redirect": 0.03715920565466173, "dsfb-red": 0.013463480309660047, "roll-in": 0.1745540222147425, "sfb": 0.035812857623695724, "oneh-in": 0.0039044092898014135, "alternate": 0.3439919219118142, "oneh-out": 0.007270279367216426, "unknown": 0.0, "sfR": 0.13138112868843263, "dsfb-alt": 0.057848087063839336, "roll-out": 0.1922136205542466, "sfT": 0.0001570739369460339}, "english-1k": {"dsfb": 0.0, "bad-redirect": 0.0, "sft": 0.0, "redirect": 0.03599153140437544, "dsfb-red": 0.008468595624558928, "roll-in": 0.1901905434015526, "sfb": 0.014114326040931546, "oneh-in": 0.00529287226534933, "alternate": 0.3796753705010586, "oneh-out": 0.008821453775582216, "unknown": 0.0, "sfR": 0.10832745236414962, "dsfb-alt": 0.05469301340860974, "roll-out": 0.19407198306280876, "sfT": 0.00035285815102328866}, "english-10k": {"dsfb": 0.0, "bad-redirect": 0.0010806429825746318, "sft": 0.0, "redirect": 0.05437949865884487, "dsfb-red": 0.00988016441211092, "roll-in": 0.18563902664942783, "sfb": 0.02140059049420119, "oneh-in": 0.004245383145828911, "alternate": 0.3654503000713996, "oneh-out": 0.004882190617703248, "unknown": 0.0, "sfR": 0.10567144593890508, "dsfb-alt": 0.0521989154975782, "roll-out": 0.19513324713919067, "sfT": 3.859439223480828e-05}, "reddit": {"dsfb": 0.0, "bad-redirect": 0.0008477736343635808, "sft": 0.0, "redirect": 0.043821989636657475, "dsfb-red": 0.011548457625458456, "roll-in": 0.1805539839049241, "sfb": 0.01672548416984165, "oneh-in": 0.0060011270935650595, "alternate": 0.35076826091036123, "oneh-out": 0.006532048469143613, "unknown": 0.04519937363713543, "sfR": 0.10397777127267367, "dsfb-alt": 0.051148509841092545, "roll-out": 0.18281967046091535, "sfT": 5.554934386785624e-05}, "akl": {"dsfb": 0.0, "bad-redirect": 0.0007354959024541888, "sft": 0.0, "redirect": 0.038349657687289866, "dsfb-red": 0.013331900951274804, "roll-in": 0.16186555541096118, "sfb": 0.019996949599431706, "oneh-in": 0.006625615315036876, "alternate": 0.29230948950066504, "oneh-out": 0.005765617805069027, "unknown": 0.13920166722946467, "sfR": 0.13064861186637447, "dsfb-alt": 0.046574101941046525, "roll-out": 0.14447748152841128, "sfT": 0.00011785526252037358}, "french": {"dsfb": 0.0, "bad-redirect": 0.001439754664606604, "sft": 0.0, "redirect": 0.043029532664175515, "dsfb-red": 0.0079881214397253, "roll-in": 0.15194941508131476, "sfb": 0.046225533328350374, "oneh-in": 0.00629640221789337, "alternate": 0.2677057350612007, "oneh-out": 0.009930351980463444, "unknown": 0.15842537463172957, "sfR": 0.10898279115633469, "dsfb-alt": 0.042841225938062714, "roll-out": 0.15515041967949564, "sfT": 3.5342156647315075e-05}, "keymash": {"dsfb": 0.0, "bad-redirect": 0.001539326719017458, "sft": 0.0, "redirect": 0.04562564395167745, "dsfb-red": 0.010886118556891464, "roll-in": 0.18880355317655462, "sfb": 0.01619782195531437, "oneh-in": 0.006300977369844795, "alternate": 0.37332162076736464, "oneh-out": 0.005931538957280605, "unknown": 0.012376186820900362, "sfR": 0.099723742164827, "dsfb-alt": 0.052698337116656335, "roll-out": 0.18656639834491592, "sfT": 2.873409875499255e-05}, "movie": {"dsfb": 0.0, "bad-redirect": 0.002463379940462506, "sft": 0.0, "redirect": 0.05487077158049925, "dsfb-red": 0.018943903657748763, "roll-in": 0.17499854255393768, "sfb": 0.014137029407774195, "oneh-in": 0.006725965530051749, "alternate": 0.3407831308415458, "oneh-out": 0.007502129582022893, "unknown": 0.030282373430185833, "sfR": 0.11567713207251198, "dsfb-alt": 0.05298392177087527, "roll-out": 0.18059302986784023, "sfT": 3.868976454383123e-05}, "dutch": {"dsfb": 0.0, "bad-redirect": 0.0011396095583899998, "sft": 0.0, "redirect": 0.037675306237345114, "dsfb-red": 0.0073250701300258715, "roll-in": 0.17923896258305858, "sfb": 0.0259490688699931, "oneh-in": 0.0070444532002505,