{"english-450k": {"oneh-out": 0.003321345190115658, "alternate": 0.36559324937540233, "bad-redirect": 0.001844412182417013, "sfb": 0.03980907454301903, "sfT": 0.001766063400535929, "dsfb-red": 0.010542004009820494, "dsfb-alt": 0.05302546160003414, "dsfb": 0.0, "unknown": 0.00015377410175167997, "oneh-in": 0.003424835745286941, "sfR": 0.11369548401129392, "roll-out": 0.16028903684205295, "roll-in": 0.2228511238665007, "redirect": 0.0236841351317692, "sft": 0.0}, "shai": {"oneh-out": 0.012360649801386101, "alternate": 0.3210701649382453, "bad-redirect": 0.0014184699933398005, "sfb": 0.02072596948321992, "sfT": 0.0002277116316312101, "dsfb-red": 0.010039852051301186, "dsfb-alt": 0.052122617337635575, "dsfb": 0.0, "unknown": 0.023260762136131256, "oneh-in": 0.0031009715345365865, "sfR": 0.09823378925716947, "roll-out": 0.21072379199122626, "roll-in": 0.2259459704864299, "redirect": 0.020769279357747458, "sft": 0.0}, "tr-quotes": {"oneh-out": 0.02253184161253785, "alternate": 0.311070016874321, "bad-redirect": 0.0009303992048265181, "sfb": 0.02029426041931532, "sfT": 0.0002011049212916946, "dsfb-red": 0.011109313238251543, "dsfb-alt": 0.05021497422620836, "dsfb": 0.0, "unknown": 0.013835787429786644, "oneh-in": 0.0034650146783477033, "sfR": 0.09677191928064538, "roll-out": 0.24017128591572084, "roll-in": 0.20789856915004276, "redirect": 0.021505513048704374, "sft": 0.0}, "gutenberg": {"oneh-out": 0.015154942235043304, "alternate": 0.28401782524305685, "bad-redirect": 0.001302567285101972, "sfb": 0.01915925684709762, "sfT": 0.00021216919129060625, "dsfb-red": 0.011702267520344563, "dsfb-alt": 0.04623640270167155, "dsfb": 0.0, "unknown": 0.032975828246008664, "oneh-in": 0.0035631163562366186, "sfR": 0.09863878308844841, "roll-out": 0.263263321288943, "roll-in": 0.20071243383446938, "redirect": 0.023061086162287456, "sft": 0.0}, "english-200": {"oneh-out": 0.013363028953229399, "alternate": 0.32293986636971045, "bad-redirect": 0.0022271714922048997, "sfb": 0.011135857461024499, "sfT": 0.0, "dsfb-red": 0.008908685968819599, "dsfb-alt": 0.044543429844097995, "dsfb": 0.0, "unknown": 0.0, "oneh-in": 0.0066815144766146995, "sfR": 0.10690423162583519, "roll-out": 0.25389755011135856, "roll-in": 0.21380846325167038, "redirect": 0.015590200445434299, "sft": 0.0}, "monkeyracer": {"oneh-out": 0.022969876597275445, "alternate": 0.31056547851791605, "bad-redirect": 0.0009149631668673851, "sfb": 0.02018588610663622, "sfT": 0.00018963980167977854, "dsfb-red": 0.011104681170527238, "dsfb-alt": 0.04991143625756604, "dsfb": 0.0, "unknown": 0.013436077701487402, "oneh-in": 0.0034809656380499552, "sfR": 0.09690789370786869, "roll-out": 0.24081028981653815, "roll-in": 0.20801140184869482, "redirect": 0.021511409668892815, "sft": 0.0}, "chained-bigrams": {"oneh-out": 0.006647581437417741, "alternate": 0.31223634171347614, "bad-redirect": 0.0027309755348485076, "sfb": 0.02438723492947577, "sfT": 0.0001733643527828225, "dsfb-red": 0.015245674169815253, "dsfb-alt": 0.05863156438927375, "dsfb": 0.0, "unknown": 0.022916559801936097, "oneh-in": 0.005747645134208034, "sfR": 0.11914286586209158, "roll-out": 0.20439267610279532, "roll-in": 0.20052346944274724, "redirect": 0.02722404712913177, "sft": 0.0}, "english-5k": {"oneh-out": 0.004397063093707222, "alternate": 0.36520512714149417, "bad-redirect": 0.0017007508192641142, "sfb": 0.024225328742688845, "sfT": 0.0003733355456921226, "dsfb-red": 0.008462272369021445, "dsfb-alt": 0.05338698303397353, "dsfb": 0.0, "unknown": 0.002157049819554486, "oneh-in": 0.0038578006388186002, "sfR": 0.10644211224955408, "roll-out": 0.15464387937113702, "roll-in": 0.25598373916289874, "redirect": 0.019164558012195628, "sft": 0.0}, "mt-quotes": {"oneh-out": 0.02473524103226115, "alternate": 0.30949755561133624, "bad-redirect": 0.0008322276807592546, "sfb": 0.01899481239765243, "sfT": 0.00014941251001063816, "dsfb-red": 0.011283632756003395, "dsfb-alt": 0.04941519943581836, "dsfb": 0.0, "unknown": 0.007977133909467972, "oneh-in": 0.003457405481646167, "sfR": 0.0964592223377679, "roll-out": 0.2479620133634549, "roll-in": 0.20770729491638876, "redirect": 0.021528848567432854, "sft": 0.0}, "wordle": {"oneh-out": 0.006529787950185123, "alternate": 0.32305621003029283, "bad-redirect": 0.0014585437002131718, "sfb": 0.04155727588915068, "sfT": 0.00042634354313923485, "dsfb-red": 0.016874228654773924, "dsfb-alt": 0.05605295635588466, "dsfb": 0.0, "unknown": 0.0, "oneh-in": 0.00282733086502861, "sfR": 0.13138112868843263, "roll-out": 0.2038370918882531, "roll-in": 0.18422528890384832, "redirect": 0.03177381353079771, "sft": 0.0}, "english-1k": {"oneh-out": 0.009527170077628794, "alternate": 0.3405081157374735, "bad-redirect": 0.00035285815102328866, "sfb": 0.020112914608327453, "sfT": 0.0, "dsfb-red": 0.011291460832745237, "dsfb-alt": 0.04551870148200424, "dsfb": 0.0, "unknown": 0.0, "oneh-in": 0.0038814396612561752, "sfR": 0.10832745236414962, "roll-out": 0.20712773465067044, "roll-in": 0.23394495412844038, "redirect": 0.019407198306280876, "sft": 0.0}, "english-10k": {"oneh-out": 0.003550684085602362, "alternate": 0.35516489454082323, "bad-redirect": 0.0013893981204530983, "sfb": 0.026726616622604737, "sfT": 0.0004245383145828911, "dsfb-red": 0.00876092703730148, "dsfb-alt": 0.05540225005306729, "dsfb": 0.0, "unknown": 0.0, "oneh-in": 0.0031840373593716833, "sfR": 0.10567144593890508, "roll-out": 0.1514250979332703, "roll-in": 0.2632909438258621, "redirect": 0.025009166168155766, "sft": 0.0}, "reddit": {"oneh-out": 0.017028664472785972, "alternate": 0.2987206233213226, "bad-redirect": 0.0011428631360432648, "sfb": 0.0223127068468593, "sfT": 0.00028108042911961784, "dsfb-red": 0.01204956290008029, "dsfb-alt": 0.0529989809710722, "dsfb": 0.0, "unknown": 0.039285409944231534, "oneh-in": 0.004150880708064975, "sfR": 0.10397777127267367, "roll-out": 0.22274410387540017, "roll-in": 0.20501786999543206, "redirect": 0.02028948212691433, "sft": 0.0}, "akl": {"oneh-out": 0.014683530329928272, "alternate": 0.25296806866084526, "bad-redirect": 0.0010354709008315172, "sfb": 0.029107680251902898, "sfT": 0.0003648571617690475, "dsfb-red": 0.010154083278406275, "dsfb-alt": 0.043557699033386715, "dsfb": 0.0, "unknown": 0.13277008071454782, "oneh-in": 0.004205110357370017, "sfR": 0.13064861186637447, "roll-out": 0.18598306595301559, "roll-in": 0.17781253368727137, "redirect": 0.016709207804350777, "sft": 0.0}, "french": {"oneh-out": 0.011308426416618587, "alternate": 0.25264513719566023, "bad-redirect": 0.0028294400254763163, "sfb": 0.04772323774366143, "sfT": 0.00016111468952319894, "dsfb-red": 0.010819643940731068, "dsfb-alt": 0.03916690012116262, "dsfb": 0.0, "unknown": 0.15807953387545715, "oneh-in": 0.0034830227231190127, "sfR": 0.10898279115633469, "roll-out": 0.14677910776051287, "roll-in": 0.20138521178394098, "redirect": 0.016636432567801843, "sft": 0.0}, "keymash": {"oneh-out": 0.02172297865877437, "alternate": 0.3091419587624634, "bad-redirect": 0.0009892739714218864, "sfb": 0.0207090754598482, "sfT": 0.0001724045925299553, "dsfb-red": 0.011037998793167853, "dsfb-alt": 0.04957042522361286, "dsfb": 0.0, "unknown": 0.01232282349464109, "oneh-in": 0.003370099296835555, "sfR": 0.099723742164827, "roll-out": 0.24205604791205723, "roll-in": 0.20818265035117173, "redirect": 0.02100052131864884, "sft": 0.0}, "movie": {"oneh-out": 0.034637472300299954, "alternate": 0.2880264785379059, "bad-redirect": 0.0005921902736300698, "sfb": 0.023636682581670607, "sfT": 0.00010383069464313891, "dsfb-red": 0.01389699495019614, "dsfb-alt": 0.054052891013696834, "dsfb": 0.0, "unknown": 0.030236445784519856, "oneh-in": 0.00330060538953684, "sfR": 0.11567713207251198, "roll-out": 0.23894272190915827, "roll-in": 0.17667970494185414, "redirect": 0.020216849550376243, "sft": 0.0}, "dutch": {"oneh-out": 0.0059721020510354154, "alternate": 0.2783957705703237, "bad-redirect": 0.0007077643100379204, "sfb": 0.03972138916748363, "sfT": 0.00014168913604376893, "dsfb-red": 0.010534126443442385,