{"english-450k": {"dsfb": 0.0, "dsfb-red": 0.006196277731229766, "sft": 0.0, "oneh-out": 0.0030053189467818824, "oneh-in": 0.0034844743703009, "sfb": 0.047441356813800614, "dsfb-alt": 0.06398230486914291, "alternate": 0.3646062886006615, "redirect": 0.015176568335047456, "unknown": 0.030030678810338062, "sfR": 0.11369548401129392, "roll-out": 0.1412245563792572, "sfT": 0.0008901941821936606, "roll-in": 0.20944120362439125, "bad-redirect": 0.0008252933255608224}, "shai": {"dsfb": 0.0, "dsfb-red": 0.01376621972217896, "sft": 0.0, "oneh-out": 0.006024771235617174, "oneh-in": 0.003414265645663145, "sfb": 0.038362040671494256, "dsfb-alt": 0.0550396593049427, "alternate": 0.30382047666097045, "redirect": 0.015191323596210468, "unknown": 0.0647510645946459, "sfR": 0.09823378925716947, "roll-out": 0.19346666478822827, "sfT": 0.0017154542017622436, "roll-in": 0.2053256089778622, "bad-redirect": 0.0008886613432547909}, "tr-quotes": {"dsfb": 0.0, "dsfb-red": 0.02240932941910728, "sft": 0.0, "oneh-out": 0.007410831927139918, "oneh-in": 0.0029009962784031806, "sfb": 0.04575599269549941, "dsfb-alt": 0.05599616282563972, "alternate": 0.2762938905711842, "redirect": 0.0187339636161901, "unknown": 0.0663380411918356, "sfR": 0.09677191928064538, "roll-out": 0.2146448302165923, "sfT": 0.0024987864358197915, "roll-in": 0.18946395136497077, "bad-redirect": 0.0007813041769723307}, "gutenberg": {"dsfb": 0.0, "dsfb-red": 0.016869345075382576, "sft": 0.0, "oneh-out": 0.007968658063963708, "oneh-in": 0.003481847978501199, "sfb": 0.04371158932531334, "dsfb-alt": 0.04834975939634834, "alternate": 0.2609681052874457, "redirect": 0.013418375291685278, "unknown": 0.0867336287789322, "sfR": 0.09863878308844841, "roll-out": 0.2331979996991744, "sfT": 0.002884932691218431, "roll-in": 0.1829377703973209, "bad-redirect": 0.0008392049262655229}, "english-200": {"dsfb": 0.0, "dsfb-red": 0.015590200445434299, "sft": 0.0, "oneh-out": 0.008908685968819599, "oneh-in": 0.004454342984409799, "sfb": 0.044543429844097995, "dsfb-alt": 0.0645879732739421, "alternate": 0.2650334075723831, "redirect": 0.004454342984409799, "unknown": 0.07126948775055679, "sfR": 0.10690423162583519, "roll-out": 0.19599109131403117, "sfT": 0.0022271714922048997, "roll-in": 0.21380846325167038, "bad-redirect": 0.0022271714922048997}, "monkeyracer": {"dsfb": 0.0, "dsfb-red": 0.02274015828080767, "sft": 0.0, "oneh-out": 0.007499569889109593, "oneh-in": 0.002888585638988379, "sfb": 0.04566604626429141, "dsfb-alt": 0.05588900010948277, "alternate": 0.27595816976085835, "redirect": 0.018655082346685017, "unknown": 0.0661510549447112, "sfR": 0.09690789370786869, "roll-out": 0.21535163520340336, "sfT": 0.0025278790058964294, "roll-in": 0.1889946353441669, "bad-redirect": 0.0007702895037302345}, "chained-bigrams": {"dsfb": 0.0, "dsfb-red": 0.012332244016494937, "sft": 0.0, "oneh-out": 0.006700824422167522, "oneh-in": 0.006013860057956937, "sfb": 0.03901022589959542, "dsfb-alt": 0.06145409188570419, "alternate": 0.3065906374159232, "redirect": 0.01717865423810912, "unknown": 0.06513694809912805, "sfR": 0.11914286586209158, "roll-out": 0.18458303925241654, "sfT": 0.000881755771831734, "roll-in": 0.1783315336771618, "bad-redirect": 0.0026433194014189904}, "english-5k": {"dsfb": 0.0, "dsfb-red": 0.0065126311859625835, "sft": 0.0, "oneh-out": 0.003111129547434355, "oneh-in": 0.005226697639689717, "sfb": 0.0394076409341685, "dsfb-alt": 0.05811589994607375, "alternate": 0.35529099431700334, "redirect": 0.013688970008711162, "unknown": 0.026174969925747707, "sfR": 0.10644211224955408, "roll-out": 0.14207491599950223, "sfT": 0.0014933421827684904, "roll-in": 0.2421288422449911, "bad-redirect": 0.0003318538183929979}, "mt-quotes": {"dsfb": 0.0, "dsfb-red": 0.02418092062012168, "sft": 0.0, "oneh-out": 0.007784391771554248, "oneh-in": 0.002764131435196806, "sfb": 0.045721722188355386, "dsfb-alt": 0.056095432758393994, "alternate": 0.27278839602682253, "redirect": 0.01892907089324775, "unknown": 0.06263820657175984, "sfR": 0.0964592223377679, "roll-out": 0.22147416358876895, "sfT": 0.0026326484263874445, "roll-in": 0.18777566608096963, "bad-redirect": 0.0007560273006538291}, "wordle": {"dsfb": 0.0, "dsfb-red": 0.010164927633793336, "sft": 0.0, "oneh-out": 0.004532705037585549, "oneh-in": 0.003320991809716145, "sfb": 0.06049590485807248, "dsfb-alt": 0.06846179737462134, "alternate": 0.30806686861887134, "redirect": 0.019836194322899136, "unknown": 0.060563222259620776, "sfR": 0.13138112868843263, "roll-out": 0.16676764276898912, "sfT": 0.00282733086502861, "roll-in": 0.1619207898575115, "bad-redirect": 0.0016604959048580725}, "english-1k": {"dsfb": 0.0, "dsfb-red": 0.009174311926605505, "sft": 0.0, "oneh-out": 0.0056457304163726185, "oneh-in": 0.0028228652081863093, "sfb": 0.040578687367678196, "dsfb-alt": 0.05963302752293578, "alternate": 0.31333803810868033, "redirect": 0.012702893436838392, "unknown": 0.04163726182074806, "sfR": 0.10832745236414962, "roll-out": 0.20007057163020467, "sfT": 0.0038814396612561752, "roll-in": 0.2021877205363444, "bad-redirect": 0.0}, "english-10k": {"dsfb": 0.0, "dsfb-red": 0.006310183130391154, "sft": 0.0, "oneh-out": 0.0029910653981976417, "oneh-in": 0.004071708380772273, "sfb": 0.038227745508577604, "dsfb-alt": 0.06049670982806198, "alternate": 0.3537561992242527, "redirect": 0.017020126975550453, "unknown": 0.026128403542965205, "sfR": 0.10567144593890508, "roll-out": 0.14409216340865671, "sfT": 0.0012543177476312692, "roll-in": 0.239555392601455, "bad-redirect": 0.0004245383145828911}, "reddit": {"dsfb": 0.0, "dsfb-red": 0.01857513123672954, "sft": 0.0, "oneh-out": 0.007182871024574498, "oneh-in": 0.002961944953709192, "sfb": 0.04611962736616138, "dsfb-alt": 0.05273426943154817, "alternate": 0.27249421610717467, "redirect": 0.018162687659299355, "unknown": 0.08866214668060832, "sfR": 0.10397777127267367, "roll-out": 0.20324160200112484, "sfT": 0.002643369653914103, "roll-in": 0.18244528361535955, "bad-redirect": 0.0007990789971227088}, "akl": {"dsfb": 0.0, "dsfb-red": 0.016454670086429417, "sft": 0.0, "oneh-out": 0.005547103771163328, "oneh-in": 0.002851702031357752, "sfb": 0.04306777198925328, "dsfb-alt": 0.04385127476279281, "alternate": 0.23197036234168078, "redirect": 0.019617465537156986, "unknown": 0.18023738718292642, "sfR": 0.13064861186637447, "roll-out": 0.16601808799083784, "sfT": 0.0020675568601608765, "roll-in": 0.15691360836172463, "bad-redirect": 0.0007543972181414185}, "french": {"dsfb": 0.0, "dsfb-red": 0.006797634601442574, "sft": 0.0, "oneh-out": 0.005088746192871423, "oneh-in": 0.0030651492881012456, "sfb": 0.015217113130692883, "dsfb-alt": 0.04408537772128426, "alternate": 0.30545790018778685, "redirect": 0.016184115886437245, "unknown": 0.09954943169916984, "sfR": 0.10898279115633469, "roll-out": 0.15281283340676682, "sfT": 0.00016572909573234394, "roll-in": 0.24120836136997106, "bad-redirect": 0.001384816263408764}, "keymash": {"dsfb": 0.0, "dsfb-red": 0.02222377295136138, "sft": 0.0, "oneh-out": 0.007228678272505983, "oneh-in": 0.003099177794288482, "sfb": 0.04568721702043815, "dsfb-alt": 0.05556764212090488, "alternate": 0.27647128847803687, "redirect": 0.018061433503138175, "unknown": 0.06422892045990977, "sfR": 0.099723742164827, "roll-out": 0.21558783808745838, "sfT": 0.0027338442529750056, "roll-in": 0.18860651935652037, "bad-redirect": 0.0007799255376355121}, "movie": {"dsfb": 0.0, "dsfb-red": 0.03258796756218557, "sft": 0.0, "oneh-out": 0.009021821421996236, "oneh-in": 0.0021463607473125416, "sfb": 0.04907322880166087, "dsfb-alt": 0.05260649916981504, "alternate": 0.2438355295477285, "redirect": 0.026852538963159055, "unknown": 0.08472242528499815, "sfR": 0.11567713207251198, "roll-out": 0.21771204261032734, "sfT": 0.0025302316424634114, "roll-in": 0.16231580086036035, "bad-redirect": 0.000918421315480946}, "dutch": {"dsfb": 0.0, "dsfb-red": 0.007882377145639182, "sft": 0.0, "oneh-out": 0.002867689852773476, "oneh-in": 0.005117932806069961, "sfb": 0.06692509364088327,