{"english-450k": {"sft": 0.0, "roll-out": 0.19391381984808523, "alternate": 0.3540929345185438, "unknown": 0.00015377410175167997, "sfT": 0.00023299992223591053, "oneh-out": 0.00534701201718294, "dsfb-red": 0.016074948210870483, "oneh-in": 0.004419397521255031, "redirect": 0.049910220481657906, "sfR": 0.11369548401129392, "dsfb-alt": 0.04281000829678518, "roll-in": 0.1898753494267968, "sfb": 0.027324137681028076, "bad-redirect": 0.0021499139625130313, "dsfb": 0.0}, "shai": {"sft": 0.0, "roll-out": 0.18989918901002065, "alternate": 0.3788777896745544, "unknown": 0.024097749651430984, "sfT": 5.291235877265312e-05, "oneh-out": 0.005323429937704996, "dsfb-red": 0.011549744971023023, "oneh-in": 0.003998190351659151, "redirect": 0.0437921081125936, "sfR": 0.09823378925716947, "dsfb-alt": 0.04455073533122804, "roll-in": 0.18178445120544656, "sfb": 0.016754732658478533, "bad-redirect": 0.001085177479917997, "dsfb": 0.0}, "tr-quotes": {"sft": 0.0, "roll-out": 0.19669794965442317, "alternate": 0.37939136866924017, "unknown": 0.013894731975682485, "sfT": 1.271352950694621e-05, "oneh-out": 0.006258523843646702, "dsfb-red": 0.013279859457710179, "oneh-in": 0.004400036984813111, "redirect": 0.03899008344698458, "sfR": 0.09677191928064538, "dsfb-alt": 0.04690483345276346, "roll-in": 0.18820993504542197, "sfb": 0.014236841496960312, "bad-redirect": 0.000951203162201521, "dsfb": 0.0}, "gutenberg": {"sft": 0.0, "roll-out": 0.184044270617257, "alternate": 0.3761308902050956, "unknown": 0.03298207965968062, "sfT": 2.519509146575949e-05, "oneh-out": 0.006660028801967718, "dsfb-red": 0.00951389386160431, "oneh-in": 0.0042094746425612155, "redirect": 0.033620671038109756, "sfR": 0.09863878308844841, "dsfb-alt": 0.045650853621065066, "roll-in": 0.19164580020557678, "sfb": 0.01562341938688408, "bad-redirect": 0.0012546397802836475, "dsfb": 0.0}, "english-200": {"sft": 0.0, "roll-out": 0.20044543429844097, "alternate": 0.38084632516703787, "unknown": 0.0, "sfT": 0.0, "oneh-out": 0.0066815144766146995, "dsfb-red": 0.004454342984409799, "oneh-in": 0.004454342984409799, "redirect": 0.042316258351893093, "sfR": 0.10690423162583519, "dsfb-alt": 0.060133630289532294, "roll-in": 0.18485523385300667, "sfb": 0.008908685968819599, "bad-redirect": 0.0, "dsfb": 0.0}, "monkeyracer": {"sft": 0.0, "roll-out": 0.19755090948902826, "alternate": 0.37878106573658443, "unknown": 0.013491796612290222, "sfT": 1.0752772260193629e-05, "oneh-out": 0.006359776029529068, "dsfb-red": 0.013267943444328011, "oneh-in": 0.004415479299935875, "redirect": 0.03885954142358884, "sfR": 0.09690789370786869, "dsfb-alt": 0.04705510893535824, "roll-in": 0.18817058197913572, "sfb": 0.014158468492422228, "bad-redirect": 0.0009706820776702066, "dsfb": 0.0}, "chained-bigrams": {"sft": 0.0, "roll-out": 0.17037755119929823, "alternate": 0.36663573811983435, "unknown": 0.023159399756770463, "sfT": 7.791656304845956e-05, "oneh-out": 0.0063917553887419655, "dsfb-red": 0.0159092635651113, "oneh-in": 0.005237940950932694, "redirect": 0.03326972311700016, "sfR": 0.11914286586209158, "dsfb-alt": 0.06355394325986018, "roll-in": 0.17501034017722122, "sfb": 0.018411034543658923, "bad-redirect": 0.0028225274964304476, "dsfb": 0.0}, "english-5k": {"sft": 0.0, "roll-out": 0.18297589911643922, "alternate": 0.3628821504127432, "unknown": 0.002157049819554486, "sfT": 0.0, "oneh-out": 0.004853362093997594, "dsfb-red": 0.01277637200813042, "oneh-in": 0.005143734185091467, "redirect": 0.05811589994607375, "sfR": 0.10644211224955408, "dsfb-alt": 0.04608619902932758, "roll-in": 0.19542041730617662, "sfb": 0.02128012610445099, "bad-redirect": 0.0018666777284606132, "dsfb": 0.0}, "mt-quotes": {"sft": 0.0, "roll-out": 0.19839142491722547, "alternate": 0.382415342871828, "unknown": 0.007995063410669249, "sfT": 1.4941251001063816e-06, "oneh-out": 0.006423243805357335, "dsfb-red": 0.013336560643549563, "oneh-in": 0.004376292418211592, "redirect": 0.03854095695724412, "sfR": 0.0964592223377679, "dsfb-alt": 0.047847862205806765, "roll-in": 0.1899481239765243, "sfb": 0.013384372646752967, "bad-redirect": 0.0008800396839626589, "dsfb": 0.0}, "wordle": {"sft": 0.0, "roll-out": 0.20697857062717379, "alternate": 0.3385840906541008, "unknown": 0.0, "sfT": 0.0003365870077415012, "oneh-out": 0.008706383933580164, "dsfb-red": 0.020419611802984405, "oneh-in": 0.004196118029844048, "redirect": 0.041938741164591044, "sfR": 0.13138112868843263, "dsfb-alt": 0.05380904297094132, "roll-in": 0.15907101985863345, "sfb": 0.03255918321552788, "bad-redirect": 0.002019522046449007, "dsfb": 0.0}, "english-1k": {"sft": 0.0, "roll-out": 0.18842625264643614, "alternate": 0.3733239237826394, "unknown": 0.0, "sfT": 0.0, "oneh-out": 0.007057163020465773, "dsfb-red": 0.013408609738884969, "oneh-in": 0.006351446718419196, "redirect": 0.04234297812279464, "sfR": 0.10832745236414962, "dsfb-alt": 0.046224417784050814, "roll-in": 0.1993648553281581, "sfb": 0.015172900494001412, "bad-redirect": 0.0, "dsfb": 0.0}, "english-10k": {"sft": 0.0, "roll-out": 0.19422627892167268, "alternate": 0.3638100384014203, "unknown": 0.0, "sfT": 0.0, "oneh-out": 0.004650624264294398, "dsfb-red": 0.012408097103490863, "oneh-in": 0.004862893421585844, "redirect": 0.05696532293857703, "sfR": 0.10567144593890508, "dsfb-alt": 0.04478879218849501, "roll-in": 0.18922830512726502, "sfb": 0.02213388394666255, "bad-redirect": 0.0012543177476312692, "dsfb": 0.0}, "reddit": {"sft": 0.0, "roll-out": 0.18776374935222087, "alternate": 0.35695798607970153, "unknown": 0.04519937363713543, "sfT": 0.00010150958994058692, "oneh-out": 0.005075067465483462, "dsfb-red": 0.014131670673673451, "oneh-in": 0.00429187041158393, "redirect": 0.04122259498591321, "sfR": 0.10397777127267367, "dsfb-alt": 0.0456071724953211, "roll-in": 0.1788201177024297, "sfb": 0.015793993216837034, "bad-redirect": 0.001057123117086068, "dsfb": 0.0}, "akl": {"sft": 0.0, "roll-out": 0.15260549201075976, "alternate": 0.29724651315816947, "unknown": 0.13920166722946467, "sfT": 0.00026281476466021253, "oneh-out": 0.0035694825830305766, "dsfb-red": 0.01241986923106211, "oneh-in": 0.0031005322931696353, "redirect": 0.03565391004105341, "sfR": 0.13064861186637447, "dsfb-alt": 0.043783131195909965, "roll-in": 0.1588433956319875, "sfb": 0.021268822838165724, "bad-redirect": 0.0013957571561925416, "dsfb": 0.0}, "french": {"sft": 0.0, "roll-out": 0.1897344953067369, "alternate": 0.2705099306890718, "unknown": 0.15842537463172957, "sfT": 3.319975376449776e-05, "oneh-out": 0.016957298599559176, "dsfb-red": 0.010895152405971623, "oneh-in": 0.0010895841570535327, "redirect": 0.04674711104836717, "sfR": 0.10898279115633469, "dsfb-alt": 0.034332245906561004, "roll-in": 0.11264164073422814, "sfb": 0.04779705326116941, "bad-redirect": 0.001854122349452488, "dsfb": 0.0}, "keymash": {"sft": 0.0, "roll-out": 0.1989548997795684, "alternate": 0.37798475450817487, "unknown": 0.012376186820900362, "sfT": 4.104871250713221e-06, "oneh-out": 0.006415913764864765, "dsfb-red": 0.013435243603584373, "oneh-in": 0.004191073546978199, "redirect": 0.039201520444311265, "sfR": 0.099723742164827, "dsfb-alt": 0.04670522509061503, "roll-in": 0.1858152069060354, "sfb": 0.014211064269969173, "bad-redirect": 0.0009810642289204599, "dsfb": 0.0}, "movie": {"sft": 0.0, "roll-out": 0.1982980714731549, "alternate": 0.3473073568850476, "unknown": 0.030282373430185833, "sfT": 2.0397664980591294e-05, "oneh-out": 0.008191965451882633, "dsfb-red": 0.02074258291552116, "oneh-in": 0.003030829820438697, "redirect": 0.03666881653668967, "sfR": 0.11567713207251198, "dsfb-alt": 0.04756366999525853, "roll-in": 0.17746929197336092, "sfb": 0.013985955089079235, "bad-redirect": 0.0007615566918882697, "dsfb": 0.0}, "dutch": {"sft": 0.0, "roll-out": 0.1861844377991327, "alternate": 0.2565613886381666, "unknown": 0.07360268279108878, "sfT": 0.00035076219682209667, "oneh-out": 0.0055091289438916405, "dsfb-red": 0.011030630135805325, "oneh-in": 0.004357900230837459, "redirect": 0.04052831076964025,