{"english-450k": {"sft": 0.0, "roll-in": 0.21956456787430984, "oneh-in": 0.012419451312956024, "alternate": 0.1634612854696337, "sfT": 0.002618252576593243, "oneh-out": 0.014226443181638787, "dsfb-alt": 0.05095565049660849, "bad-redirect": 0.0045027161885539445, "dsfb": 0.0, "dsfb-red": 0.03996781853018855, "redirect": 0.061753457432346705, "unknown": 0.00015377410175167997, "roll-out": 0.17832211990754843, "sfR": 0.11369548401129392, "sfb": 0.13835897891657667}, "shai": {"sft": 0.0, "roll-in": 0.20048964541791592, "oneh-in": 0.013697968933312238, "alternate": 0.19442813239151321, "sfT": 0.001430437297364747, "oneh-out": 0.015116067367406762, "dsfb-alt": 0.05388160202722724, "bad-redirect": 0.003973744849647003, "dsfb": 0.0, "dsfb-red": 0.04954865614761801, "redirect": 0.05942863709282138, "unknown": 0.023260762136131256, "roll-out": 0.17040018556287975, "sfR": 0.09823378925716947, "sfb": 0.11611037151899302}, "tr-quotes": {"sft": 0.0, "roll-in": 0.20605973047317444, "oneh-in": 0.012517047687293404, "alternate": 0.19645985992002035, "sfT": 0.0014655232195279813, "oneh-out": 0.012676544693835093, "dsfb-alt": 0.05554309886502855, "bad-redirect": 0.003834862809458866, "dsfb": 0.0, "dsfb-red": 0.0628834284921754, "redirect": 0.05868218487783454, "unknown": 0.013085689188876818, "roll-out": 0.17707981784979543, "sfR": 0.09677191928064538, "sfb": 0.10294029264233374}, "gutenberg": {"sft": 0.0, "roll-in": 0.1902310863479355, "oneh-in": 0.01357200851859303, "alternate": 0.21613997559296552, "sfT": 0.0010403867844357227, "oneh-out": 0.011906290930183833, "dsfb-alt": 0.055457427304583654, "bad-redirect": 0.00380673205266494, "dsfb": 0.0, "dsfb-red": 0.05387714570302451, "redirect": 0.05122029489244348, "unknown": 0.03293907751108868, "roll-out": 0.1696705656544302, "sfR": 0.09863878308844841, "sfb": 0.10150022561920252}, "english-200": {"sft": 0.0, "roll-in": 0.22271714922049, "oneh-in": 0.028953229398663696, "alternate": 0.15812917594654788, "sfT": 0.0022271714922048997, "oneh-out": 0.017817371937639197, "dsfb-alt": 0.06904231625835189, "bad-redirect": 0.0022271714922048997, "dsfb": 0.0, "dsfb-red": 0.060133630289532294, "redirect": 0.0556792873051225, "unknown": 0.0, "roll-out": 0.1870824053452116, "sfR": 0.10690423162583519, "sfb": 0.08908685968819599}, "monkeyracer": {"sft": 0.0, "roll-in": 0.20599085818852933, "oneh-in": 0.012506451663356117, "alternate": 0.1960797347388836, "sfT": 0.0014643320768881868, "oneh-out": 0.012695113940284969, "dsfb-alt": 0.055456934169573174, "bad-redirect": 0.003830919498881712, "dsfb": 0.0, "dsfb-red": 0.0637160407901528, "redirect": 0.05854982248150523, "unknown": 0.012941450177518495, "roll-out": 0.1771802712044669, "sfR": 0.09690789370786869, "sfb": 0.10268017736209081}, "chained-bigrams": {"sft": 0.0, "roll-in": 0.2102318731985853, "oneh-in": 0.01497816063668221, "alternate": 0.18862041582771089, "sfT": 0.002140108265064356, "oneh-out": 0.013664617244623594, "dsfb-alt": 0.05598110263624198, "bad-redirect": 0.004113345224266594, "dsfb": 0.0, "dsfb-red": 0.036897388431598024, "redirect": 0.04926988933900133, "unknown": 0.022782803035369576, "roll-out": 0.17122229660368193, "sfR": 0.11914286586209158, "sfb": 0.11095513369508261}, "english-5k": {"sft": 0.0, "roll-in": 0.21259385240801426, "oneh-in": 0.012817853735429542, "alternate": 0.16576098228730243, "sfT": 0.002074086364956237, "oneh-out": 0.014269714190898909, "dsfb-alt": 0.05570995976272452, "bad-redirect": 0.004231136184510723, "dsfb": 0.0, "dsfb-red": 0.04600323557472933, "redirect": 0.06923300286223918, "unknown": 0.002157049819554486, "roll-out": 0.17248102210976066, "sfR": 0.10644211224955408, "sfb": 0.13622599245032563}, "mt-quotes": {"sft": 0.0, "roll-in": 0.20908936063398717, "oneh-in": 0.012422156082284457, "alternate": 0.19747403210576014, "sfT": 0.0014104540945004244, "oneh-out": 0.01276431073020882, "dsfb-alt": 0.055496288593251335, "bad-redirect": 0.003815995505671699, "dsfb": 0.0, "dsfb-red": 0.06633915444472335, "redirect": 0.05795113613272612, "unknown": 0.007917368905463717, "roll-out": 0.17861966746751773, "sfR": 0.0964592223377679, "sfb": 0.10024085296613715}, "wordle": {"sft": 0.0, "roll-in": 0.1854145629978683, "oneh-in": 0.016268372040839224, "alternate": 0.16972960843711432, "sfT": 0.003365870077415012, "oneh-out": 0.015168854482216986, "dsfb-alt": 0.0478177942331426, "bad-redirect": 0.006978570627173791, "dsfb": 0.0, "dsfb-red": 0.03715920565466173, "redirect": 0.055290025805003924, "unknown": 0.0, "roll-out": 0.17973746213396163, "sfR": 0.13138112868843263, "sfb": 0.15168854482216987}, "english-1k": {"sft": 0.0, "roll-in": 0.2081863091037403, "oneh-in": 0.016231474947071278, "alternate": 0.16901905434015527, "sfT": 0.0028228652081863093, "oneh-out": 0.01834862385321101, "dsfb-alt": 0.05998588567395907, "bad-redirect": 0.007057163020465773, "dsfb": 0.0, "dsfb-red": 0.0529287226534933, "redirect": 0.06104446012702894, "unknown": 0.0, "roll-out": 0.16725476358503882, "sfR": 0.10832745236414962, "sfb": 0.12879322512350036}, "english-10k": {"sft": 0.0, "roll-in": 0.21464271241388627, "oneh-in": 0.013392254105478474, "alternate": 0.1644700025086355, "sfT": 0.0018911252195056058, "oneh-out": 0.017232396132841898, "dsfb-alt": 0.052121726713108586, "bad-redirect": 0.004554138283707377, "dsfb": 0.0, "dsfb-red": 0.04316782771463307, "redirect": 0.0685436406090195, "unknown": 0.0, "roll-out": 0.1723818529167712, "sfR": 0.10567144593890508, "sfb": 0.14193087744350746}, "reddit": {"sft": 0.0, "roll-in": 0.1983821019489654, "oneh-in": 0.013502573417934647, "alternate": 0.18583465511180383, "sfT": 0.0012640004105332493, "oneh-out": 0.012587975758311285, "dsfb-alt": 0.052797422630308254, "bad-redirect": 0.0038841839256380448, "dsfb": 0.0, "dsfb-red": 0.0574591849978565, "redirect": 0.05507022609481932, "unknown": 0.038515360442387035, "roll-out": 0.1707762880340233, "sfR": 0.10397777127267367, "sfb": 0.10594825595474545}, "akl": {"sft": 0.0, "roll-in": 0.16498901635897753, "oneh-in": 0.012389380049940488, "alternate": 0.15385087869992944, "sfT": 0.002310827911476516, "oneh-out": 0.010011026261636262, "dsfb-alt": 0.043384548157130366, "bad-redirect": 0.0035195485189732025, "dsfb": 0.0, "dsfb-red": 0.05457934034803573, "redirect": 0.044556281484125375, "unknown": 0.13237676039503798, "roll-out": 0.1521712064867932, "sfR": 0.13064861186637447, "sfb": 0.09521257346156942}, "french": {"sft": 0.0, "roll-in": 0.16556567383971618, "oneh-in": 0.013417464745449652, "alternate": 0.1715858409222712, "sfT": 0.001051260614576283, "oneh-out": 0.011962923006400106, "dsfb-alt": 0.038654820886654256, "bad-redirect": 0.002567527527592314, "dsfb": 0.0, "dsfb-red": 0.029746889481959943, "redirect": 0.04568459907319651, "unknown": 0.15797034623762518, "roll-out": 0.15942204142738986, "sfR": 0.10898279115633469, "sfb": 0.09338782108083386}, "keymash": {"sft": 0.0, "roll-in": 0.20426249830674062, "oneh-in": 0.013020651607262339, "alternate": 0.19475151161883808, "sfT": 0.0014572292940031935, "oneh-out": 0.013246419526051566, "dsfb-alt": 0.05498885527455431, "bad-redirect": 0.0037395377093997445, "dsfb": 0.0, "dsfb-red": 0.06289483730342797, "redirect": 0.058482100708911265, "unknown": 0.012306404009638238, "roll-out": 0.17583216002430083, "sfR": 0.099723742164827, "sfb": 0.10529405245204485}, "movie": {"sft": 0.0, "roll-in": 0.19416010903670514, "oneh-in": 0.011305833508468123, "alternate": 0.17964499903867778, "sfT": 0.0012713667185644676, "oneh-out": 0.009251854443841873, "dsfb-alt": 0.053558083140619266, "bad-redirect": 0.00391582528491919, "dsfb": 0.0, "dsfb-red": 0.07203218251462151, "redirect": 0.057022396241355175, "unknown": 0.030157750277046348, "roll-out": 0.1786786761099521, "sfR": 0.11567713207251198, "sfb": 0.09332379161271703}, "dutch": {"sft": 0.0, "roll-in": 0.17286868931524413, "oneh-in": 0.015179995229691502, "alternate": 0.13553871224406794, "sfT": 0.0014112790218421818, "oneh-out": 0.010290267641848452, "dsfb-alt": 0.039648374973359324,