{"english-450k": {"roll-in": 0.22875096254986696, "dsfb-red": 0.04728962913545627, "oneh-out": 0.013742610218902988, "alternate": 0.16251349908583343, "sfR": 0.11369548401129392, "bad-redirect": 0.004439861755328448, "sft": 0.0, "redirect": 0.06776351063350837, "oneh-in": 0.013701681750756154, "sfb": 0.09965000312810435, "roll-out": 0.1953711656603136, "dsfb-alt": 0.05190343688040877, "dsfb": 0.0, "sfT": 0.0010243810884750695, "unknown": 0.00015377410175167997}, "shai": {"roll-in": 0.21030379845016448, "dsfb-red": 0.0451685454663115, "oneh-out": 0.014563485231913347, "alternate": 0.19200754389120994, "sfR": 0.09823378925716947, "bad-redirect": 0.004836025486487165, "sft": 0.0, "redirect": 0.0635225658766801, "oneh-in": 0.022374206295266368, "sfb": 0.09080657926148265, "roll-out": 0.17768478260533008, "dsfb-alt": 0.05630219052753053, "dsfb": 0.0, "sfT": 0.0009357255143231445, "unknown": 0.023260762136131256}, "tr-quotes": {"roll-in": 0.21494995492475902, "dsfb-red": 0.049652111601673564, "oneh-out": 0.013330713575737962, "alternate": 0.1968701601904718, "sfR": 0.09677191928064538, "bad-redirect": 0.005116617738840989, "sft": 0.0, "redirect": 0.06015464274982085, "oneh-in": 0.029546242574142994, "sfb": 0.07816393518411502, "roll-out": 0.18656757818820646, "dsfb-alt": 0.0551327985945771, "dsfb": 0.0, "sfT": 0.0006576362081320358, "unknown": 0.013085689188876818}, "gutenberg": {"roll-in": 0.20084712338358332, "dsfb-red": 0.048192716307437704, "oneh-out": 0.011561705431114537, "alternate": 0.21340753950798722, "sfR": 0.09863878308844841, "bad-redirect": 0.004508027004591569, "sft": 0.0, "redirect": 0.05421491147808804, "oneh-in": 0.021340810781832104, "sfb": 0.07984135048721244, "roll-out": 0.17561319737834655, "dsfb-alt": 0.05818986338956196, "dsfb": 0.0, "sfT": 0.0007048942507074516, "unknown": 0.03293907751108868}, "english-200": {"roll-in": 0.24053452115812918, "dsfb-red": 0.060133630289532294, "oneh-out": 0.017817371937639197, "alternate": 0.1603563474387528, "sfR": 0.10690423162583519, "bad-redirect": 0.004454342984409799, "sft": 0.0, "redirect": 0.05790645879732739, "oneh-in": 0.026726057906458798, "sfb": 0.05790645879732739, "roll-out": 0.20044543429844097, "dsfb-alt": 0.066815144766147, "dsfb": 0.0, "sfT": 0.0, "unknown": 0.0}, "monkeyracer": {"roll-in": 0.2147533900558362, "dsfb-red": 0.049868425168525264, "oneh-out": 0.013430212552981841, "alternate": 0.19652548602530617, "sfR": 0.09690789370786869, "bad-redirect": 0.0051065892988410464, "sft": 0.0, "redirect": 0.060000469211880444, "oneh-in": 0.0299005270813457, "sfb": 0.07806805918325851, "roll-out": 0.186833328119868, "dsfb-alt": 0.0550111828831506, "dsfb": 0.0, "sfT": 0.0006529865336190313, "unknown": 0.012941450177518495}, "chained-bigrams": {"roll-in": 0.21797093582337354, "dsfb-red": 0.03806094243978835, "oneh-out": 0.01474441094753683, "alternate": 0.1852024759286518, "sfR": 0.11914286586209158, "bad-redirect": 0.005474287858846355, "sft": 0.0, "redirect": 0.053933844942143705, "oneh-in": 0.01470480336132053, "sfb": 0.08581795184626542, "roll-out": 0.18096965864104425, "dsfb-alt": 0.05939904253530107, "dsfb": 0.0, "sfT": 0.0017959767782669929, "unknown": 0.022782803035369576}, "english-5k": {"roll-in": 0.21827684904799435, "dsfb-red": 0.050317335213838306, "oneh-out": 0.013647488281412039, "alternate": 0.16107354710250135, "sfR": 0.10644211224955408, "bad-redirect": 0.004770398639399345, "sft": 0.0, "redirect": 0.07466710913842452, "oneh-in": 0.016219355373957772, "sfb": 0.10499025179408471, "roll-out": 0.1858381383000788, "dsfb-alt": 0.060397394947525614, "dsfb": 0.0, "sfT": 0.0012029700916746174, "unknown": 0.002157049819554486}, "mt-quotes": {"roll-in": 0.2175296733244881, "dsfb-red": 0.050628429017104744, "oneh-out": 0.013621938537669883, "alternate": 0.19830625978651942, "sfR": 0.0964592223377679, "bad-redirect": 0.005165190471067761, "sft": 0.0, "redirect": 0.05889243494579314, "oneh-in": 0.031137567086216993, "sfb": 0.07622876848232749, "roll-out": 0.18881707127574376, "dsfb-alt": 0.05466406091249208, "dsfb": 0.0, "sfT": 0.0006320149173449994, "unknown": 0.007917368905463717}, "wordle": {"roll-in": 0.2018175698418041, "dsfb-red": 0.04326265006170762, "oneh-out": 0.017457646134859194, "alternate": 0.17123303040502635, "sfR": 0.13138112868843263, "bad-redirect": 0.008302479524290363, "sft": 0.0, "redirect": 0.06067541792886794, "oneh-in": 0.01889375070122293, "sfb": 0.09704925389879951, "roll-out": 0.20291708740042635, "dsfb-alt": 0.04631437226523056, "dsfb": 0.0, "sfT": 0.0006956131493324357, "unknown": 0.0}, "english-1k": {"roll-in": 0.22159491884262528, "dsfb-red": 0.0529287226534933, "oneh-out": 0.016937191249117856, "alternate": 0.1679604798870854, "sfR": 0.10832745236414962, "bad-redirect": 0.0067043048694424845, "sft": 0.0, "redirect": 0.06986591390261115, "oneh-in": 0.022935779816513763, "sfb": 0.0963302752293578, "roll-out": 0.1743119266055046, "dsfb-alt": 0.06104446012702894, "dsfb": 0.0, "sfT": 0.001058574453069866, "unknown": 0.0}, "english-10k": {"roll-in": 0.2212423534860385, "dsfb-red": 0.04772196599834044, "oneh-out": 0.016421913895910925, "alternate": 0.1589895988112927, "sfR": 0.10567144593890508, "bad-redirect": 0.004554138283707377, "sft": 0.0, "redirect": 0.0741205302869493, "oneh-in": 0.016267536326971692, "sfb": 0.11003261226143841, "roll-out": 0.18610215935624555, "dsfb-alt": 0.05760213041045136, "dsfb": 0.0, "sfT": 0.0012736149437486733, "unknown": 0.0}, "reddit": {"roll-in": 0.20683946145978657, "dsfb-red": 0.044903909561323126, "oneh-out": 0.01395397270515753, "alternate": 0.18532785631036613, "sfR": 0.10397777127267367, "bad-redirect": 0.005091960758864718, "sft": 0.0, "redirect": 0.06014971353506773, "oneh-in": 0.027656231593193015, "sfb": 0.07664063938306143, "roll-out": 0.1828721482968957, "dsfb-alt": 0.05330422143174594, "dsfb": 0.0, "sfT": 0.0007667532494774222, "unknown": 0.038515360442387035}, "akl": {"roll-in": 0.17455644233061574, "dsfb-red": 0.03973528472657814, "oneh-out": 0.013969505333790688, "alternate": 0.15205246175059342, "sfR": 0.13064861186637447, "bad-redirect": 0.00400720246370373, "sft": 0.0, "redirect": 0.04980998247909805, "oneh-in": 0.025683527785045245, "sfb": 0.06738393165304013, "roll-out": 0.16380268083907906, "dsfb-alt": 0.04518296510646642, "dsfb": 0.0, "sfT": 0.0007906432705769297, "unknown": 0.13237676039503798}, "french": {"roll-in": 0.17120512244634004, "dsfb-red": 0.028459215458356685, "oneh-out": 0.010334517033398848, "alternate": 0.16236792030045538, "sfR": 0.10898279115633469, "bad-redirect": 0.002353721712622482, "sft": 0.0, "redirect": 0.050680637650411475, "oneh-in": 0.015149994494923501, "sfb": 0.08434894840903588, "roll-out": 0.16000125427950593, "dsfb-alt": 0.04787274150847007, "dsfb": 0.0, "sfT": 0.0002727893125198444, "unknown": 0.15797034623762518}, "keymash": {"roll-in": 0.21431122312848658, "dsfb-red": 0.05044886767126549, "oneh-out": 0.013176636714789441, "alternate": 0.19423840271249893, "sfR": 0.099723742164827, "bad-redirect": 0.005114669578388674, "sft": 0.0, "redirect": 0.06022667099046439, "oneh-in": 0.029653589915152313, "sfb": 0.08066892981901623, "roll-out": 0.18393517587320873, "dsfb-alt": 0.05550196418089347, "dsfb": 0.0, "sfT": 0.0006937232413705344, "unknown": 0.012306404009638238}, "movie": {"roll-in": 0.20412693453757638, "dsfb-red": 0.04835970532085593, "oneh-out": 0.010978944477424325, "alternate": 0.1805265729593551, "sfR": 0.11567713207251198, "bad-redirect": 0.00615035658408332, "sft": 0.0, "redirect": 0.05863394337266047, "oneh-in": 0.039675695550506, "sfb": 0.06416921165920002, "roll-out": 0.18834888008265396, "dsfb-alt": 0.05267650921994197, "dsfb": 0.0, "sfT": 0.0005183638861841878, "unknown": 0.030157750277046348}, "dutch": {"roll-in": 0.16779936689234484, "dsfb-red": 0.04962176961948954, "oneh-out": 0.00939261622086349, "alternate": 0.13195970778399804, "sfR": 0.18880787437283908, "bad-redirect": 0.0014856200947398616, "sft": 0.0, "redirect": 0.05101664196460683,