{"english-450k": {"roll-in": 0.21578014630173284, "oneh-out": 0.014193115714719222, "sfb": 0.14236529125574973, "sfT": 0.002214522472944821, "dsfb-alt": 0.04926968995515994, "sfR": 0.11369548401129392, "sft": 0.0, "roll-out": 0.1806225921636016, "dsfb-red": 0.042212745008042445, "redirect": 0.058930854861220336, "alternate": 0.1630367987857108, "oneh-in": 0.01365549105099044, "dsfb": 0.0, "unknown": 5.846924020976424e-07, "bad-redirect": 0.00402268372643178}, "shai": {"roll-in": 0.20176210810949727, "oneh-out": 0.015156726011902901, "sfb": 0.12089206807708491, "sfT": 0.0013819720383089968, "dsfb-alt": 0.05103284568246609, "sfR": 0.09823378925716947, "sft": 0.0, "roll-out": 0.16891750935787442, "dsfb-red": 0.04440300182714259, "redirect": 0.05772070696577599, "alternate": 0.19451134231041112, "oneh-in": 0.014490953770908335, "dsfb": 0.0, "unknown": 0.02529763056669287, "bad-redirect": 0.006199346024765043}, "tr-quotes": {"roll-in": 0.21386352603961997, "oneh-out": 0.012608353944661473, "sfb": 0.10578696747647998, "sfT": 0.0013753727375696355, "dsfb-alt": 0.05153949284575021, "sfR": 0.09677191928064538, "sft": 0.0, "roll-out": 0.16620975012135641, "dsfb-red": 0.05160190471787522, "redirect": 0.05377822981438247, "alternate": 0.19114329303529737, "oneh-in": 0.013344582880654631, "dsfb": 0.0, "unknown": 0.03651556829476896, "bad-redirect": 0.005461038810938259}, "gutenberg": {"roll-in": 0.18976734511554316, "oneh-out": 0.011950429699443398, "sfb": 0.10370905844996009, "sfT": 0.0010208747963081045, "dsfb-alt": 0.05208602096762033, "sfR": 0.09863878308844841, "sft": 0.0, "roll-out": 0.16700291694750669, "dsfb-red": 0.05067490640875986, "redirect": 0.050463305527803065, "alternate": 0.21731277868517995, "oneh-in": 0.01428675348175326, "dsfb": 0.0, "unknown": 0.03787371613959672, "bad-redirect": 0.005213110692076958}, "english-200": {"roll-in": 0.22048997772828507, "oneh-out": 0.017817371937639197, "sfb": 0.09131403118040089, "sfT": 0.0022271714922048997, "dsfb-alt": 0.062360801781737196, "sfR": 0.10690423162583519, "sft": 0.0, "roll-out": 0.18262806236080179, "dsfb-red": 0.060133630289532294, "redirect": 0.0556792873051225, "alternate": 0.16481069042316257, "oneh-in": 0.028953229398663696, "dsfb": 0.0, "unknown": 0.0, "bad-redirect": 0.0066815144766146995}, "monkeyracer": {"roll-in": 0.21421575144282654, "oneh-out": 0.01267360839576458, "sfb": 0.10558929102084864, "sfT": 0.001374399799802931, "dsfb-alt": 0.05143246477000798, "sfR": 0.09690789370786869, "sft": 0.0, "roll-out": 0.1665790152806669, "dsfb-red": 0.051938822590988004, "redirect": 0.05362505278633655, "alternate": 0.19081283138089056, "oneh-in": 0.013311932058119712, "dsfb": 0.0, "unknown": 0.03603156231915792, "bad-redirect": 0.005507374446720991}, "chained-bigrams": {"roll-in": 0.20721909942737818, "oneh-out": 0.014080821552240783, "sfb": 0.11526002380351001, "sfT": 0.0020102473266502565, "dsfb-alt": 0.05360010233041947, "sfR": 0.11914286586209158, "sft": 0.0, "roll-out": 0.1675920340703158, "dsfb-red": 0.0355202131797165, "redirect": 0.049352351034894285, "alternate": 0.18924634555086686, "oneh-in": 0.014361321179215238, "dsfb": 0.0, "unknown": 0.027883740696275392, "bad-redirect": 0.004730833986425636}, "english-5k": {"roll-in": 0.20247231094702783, "oneh-out": 0.014145269009001534, "sfb": 0.14269714190898908, "sfT": 0.002032604637657112, "dsfb-alt": 0.05359439167046916, "sfR": 0.10644211224955408, "sft": 0.0, "roll-out": 0.1781225370224416, "dsfb-red": 0.04608619902932758, "redirect": 0.0689426307711453, "alternate": 0.16625876301489195, "oneh-in": 0.013979342099805036, "dsfb": 0.0, "unknown": 8.296345459824948e-05, "bad-redirect": 0.005143734185091467}, "mt-quotes": {"roll-in": 0.2186054433965647, "oneh-out": 0.012804652107911691, "sfb": 0.10279879513751927, "sfT": 0.0013282772139945733, "dsfb-alt": 0.05120665543084591, "sfR": 0.0964592223377679, "sft": 0.0, "roll-out": 0.1671896104517039, "dsfb-red": 0.05332233657259655, "redirect": 0.05299512317567325, "alternate": 0.19166188546634633, "oneh-in": 0.0132513955128435, "dsfb": 0.0, "unknown": 0.032851328576039014, "bad-redirect": 0.005525274620193399}, "wordle": {"roll-in": 0.18043307528329405, "oneh-out": 0.016268372040839224, "sfb": 0.15456075395489735, "sfT": 0.0029170874004263436, "dsfb-alt": 0.0459329069897902, "sfR": 0.13138112868843263, "sft": 0.0, "roll-out": 0.1811960058341748, "dsfb-red": 0.03789969707169303, "redirect": 0.055267586671154494, "alternate": 0.17029058678335016, "oneh-in": 0.016425445977785256, "dsfb": 0.0, "unknown": 0.0, "bad-redirect": 0.007427353304162459}, "english-1k": {"roll-in": 0.205363443895554, "oneh-out": 0.01834862385321101, "sfb": 0.13232180663373325, "sfT": 0.0028228652081863093, "dsfb-alt": 0.05716302046577276, "sfR": 0.10832745236414962, "sft": 0.0, "roll-out": 0.1683133380381087, "dsfb-red": 0.0529287226534933, "redirect": 0.06280875088214538, "alternate": 0.1679604798870854, "oneh-in": 0.016231474947071278, "dsfb": 0.0, "unknown": 0.0, "bad-redirect": 0.007410021171489062}, "english-10k": {"roll-in": 0.20883425638254763, "oneh-out": 0.01715520734837228, "sfb": 0.1477779278670809, "sfT": 0.0018332336311533933, "dsfb-alt": 0.05094459774994693, "sfR": 0.10567144593890508, "sft": 0.0, "roll-out": 0.17483259682368152, "dsfb-red": 0.04415198471662068, "redirect": 0.06701916211574459, "alternate": 0.16230871654348622, "oneh-in": 0.014434302695818298, "dsfb": 0.0, "unknown": 0.0, "bad-redirect": 0.005036568186642481}, "reddit": {"roll-in": 0.20141663936957674, "oneh-out": 0.012471782862371912, "sfb": 0.1077811970153184, "sfT": 0.0011698324735920555, "dsfb-alt": 0.04890754517785435, "sfR": 0.10397777127267367, "sft": 0.0, "roll-out": 0.16098649341863885, "dsfb-red": 0.048651673587860204, "redirect": 0.05080551230785049, "alternate": 0.1815773578926609, "oneh-in": 0.014374507083852352, "dsfb": 0.0, "unknown": 0.062022097251805776, "bad-redirect": 0.0058575902859442745}, "akl": {"roll-in": 0.17182931602957827, "oneh-out": 0.010461297604229822, "sfb": 0.09867232958320524, "sfT": 0.002010778790292571, "dsfb-alt": 0.04180242155750152, "sfR": 0.13064861186637447, "sft": 0.0, "roll-out": 0.14179833739085695, "dsfb-red": 0.04577584872899029, "redirect": 0.04163772068119946, "alternate": 0.14655250008443824, "oneh-in": 0.013074521859099809, "dsfb": 0.0, "unknown": 0.14977145591497898, "bad-redirect": 0.0059648599092544125}, "french": {"roll-in": 0.15938088631746608, "oneh-out": 0.011841704952380003, "sfb": 0.09724240837665744, "sfT": 0.0009982698523628224, "dsfb-alt": 0.037591290146476386, "sfR": 0.10898279115633469, "sft": 0.0, "roll-out": 0.1536591724365097, "dsfb-red": 0.02863896755477656, "redirect": 0.04313758168229355, "alternate": 0.1681954059601019, "oneh-in": 0.0122205956440335, "dsfb": 0.0, "unknown": 0.17674910677905262, "bad-redirect": 0.001361819141554746}, "keymash": {"roll-in": 0.2113721353129759, "oneh-out": 0.013336726693567256, "sfb": 0.10894738786517962, "sfT": 0.0013587123839860762, "dsfb-alt": 0.0519102018365194, "sfR": 0.099723742164827, "sft": 0.0, "roll-out": 0.16676039456022462, "dsfb-red": 0.05175011185774158, "redirect": 0.05365887698932323, "alternate": 0.19021562888679996, "oneh-in": 0.013726689462385012, "dsfb": 0.0, "unknown": 0.03177991322302176, "bad-redirect": 0.005459478763448584}, "movie": {"roll-in": 0.21146075048404975, "oneh-out": 0.009266724999601917, "sfb": 0.09537316475299283, "sfT": 0.0011239771393498725, "dsfb-alt": 0.04939090598400376, "sfR": 0.11567713207251198, "sft": 0.0, "roll-out": 0.1551562204521728, "dsfb-red": 0.05194772038986123, "redirect": 0.045851187321758954, "alternate": 0.1674750941220641, "oneh-in": 0.011901050532385635, "dsfb": 0.0, "unknown": 0.07952799540039235, "bad-redirect": 0.0058480763488548155}, "dutch": {"roll-in": 0.16823657344817314, "oneh-out": 0.00937312544753021, "sfb": 0.11400804210466069, "sfT": 0.0015119604314708533, "dsfb-alt": 0.040642314759385414, "sfR": 0.18880787437283908, "sft": 0.0, "roll-out": 0.1589285188529212,