{"english-450k": {"sfb": 0.1409710922229479, "oneh-out": 0.013962746908292752, "sfT": 0.0027281747481876, "sft": 0.0, "bad-redirect": 0.003339178308379636, "oneh-in": 0.011120557141696111, "sfR": 0.11369548401129392, "redirect": 0.05898844706282695, "unknown": 0.00015377410175167997, "dsfb-red": 0.04428050968806076, "dsfb-alt": 0.05295062097256565, "alternate": 0.16146631499367656, "roll-out": 0.17941315592986265, "dsfb": 0.0, "roll-in": 0.21692994391045786}, "shai": {"sfb": 0.11708154610756083, "oneh-out": 0.015403843873282197, "sfT": 0.0014734801136847438, "sft": 0.0, "bad-redirect": 0.0034677817882093724, "oneh-in": 0.011342709063227928, "sfR": 0.09823378925716947, "redirect": 0.058058241447248034, "unknown": 0.023260762136131256, "dsfb-red": 0.05296827456865842, "dsfb-alt": 0.057158762311383365, "alternate": 0.1911509721073571, "roll-out": 0.17251517432476074, "dsfb": 0.0, "roll-in": 0.19788466290132656}, "tr-quotes": {"sfb": 0.10390189778322276, "oneh-out": 0.013277547906890733, "sfT": 0.0014921060539515962, "sft": 0.0, "bad-redirect": 0.0030916992210073737, "oneh-in": 0.009545549108897159, "sfR": 0.09677191928064538, "redirect": 0.05722244053535517, "unknown": 0.013085689188876818, "dsfb-red": 0.06709276253438431, "dsfb-alt": 0.06005062296294584, "alternate": 0.19195233582210305, "roll-out": 0.17963061417905274, "dsfb": 0.0, "roll-in": 0.20288481542266706}, "gutenberg": {"sfb": 0.10339440396180499, "oneh-out": 0.012599818974215003, "sfT": 0.0010568677841163324, "sft": 0.0, "bad-redirect": 0.0030982385031766654, "oneh-in": 0.010828395663716378, "sfR": 0.09863878308844841, "redirect": 0.049625994969316925, "unknown": 0.03293907751108868, "dsfb-red": 0.057542936792903544, "dsfb-alt": 0.05988323874755011, "alternate": 0.21171416414999908, "roll-out": 0.1720076471838518, "dsfb": 0.0, "roll-in": 0.18667043266981206}, "english-200": {"sfb": 0.08908685968819599, "oneh-out": 0.017817371937639197, "sfT": 0.0022271714922048997, "sft": 0.0, "bad-redirect": 0.0022271714922048997, "oneh-in": 0.015590200445434299, "sfR": 0.10690423162583519, "redirect": 0.053452115812917596, "unknown": 0.0, "dsfb-red": 0.0757238307349666, "dsfb-alt": 0.07349665924276169, "alternate": 0.15367483296213807, "roll-out": 0.18930957683741648, "dsfb": 0.0, "roll-in": 0.22048997772828507}, "monkeyracer": {"sfb": 0.10360687082596931, "oneh-out": 0.013327572454134538, "sfT": 0.0014907252451632075, "sft": 0.0, "bad-redirect": 0.0030850681139246447, "oneh-in": 0.009513270876018581, "sfR": 0.09690789370786869, "redirect": 0.057073760107605925, "unknown": 0.012941450177518495, "dsfb-red": 0.06794285781315983, "dsfb-alt": 0.060029794954408244, "alternate": 0.19150687395404853, "roll-out": 0.17976973426967172, "dsfb": 0.0, "roll-in": 0.2028041275005083}, "chained-bigrams": {"sfb": 0.11262449605839586, "oneh-out": 0.014467157844022728, "sfT": 0.0024478786891057713, "sft": 0.0, "bad-redirect": 0.0033159990624040247, "oneh-in": 0.012421198759308595, "sfR": 0.11914286586209158, "redirect": 0.04894718490704229, "unknown": 0.022782803035369576, "dsfb-red": 0.038821927538894976, "dsfb-alt": 0.05845040838018608, "alternate": 0.1861511100837668, "roll-out": 0.17351499147138286, "dsfb": 0.0, "roll-in": 0.20691197830802885}, "english-5k": {"sfb": 0.13705562699630813, "oneh-out": 0.01410378728170241, "sfT": 0.0021155680922553613, "sft": 0.0, "bad-redirect": 0.0036918737296221015, "oneh-in": 0.0117393288256523, "sfR": 0.10644211224955408, "redirect": 0.0670759530426847, "unknown": 0.002157049819554486, "dsfb-red": 0.049695109304351434, "dsfb-alt": 0.058198863400672006, "alternate": 0.16327207864935495, "roll-out": 0.1747210353839134, "dsfb": 0.0, "roll-in": 0.20973161322437467}, "mt-quotes": {"sfb": 0.10111342202459928, "oneh-out": 0.013433678775056478, "sfT": 0.0014358542212022328, "sft": 0.0, "bad-redirect": 0.003058474079917763, "oneh-in": 0.009256104995159034, "sfR": 0.0964592223377679, "redirect": 0.05653171728762506, "unknown": 0.007917368905463717, "dsfb-red": 0.07067361136013196, "dsfb-alt": 0.060305877290493776, "alternate": 0.1926644434085177, "roll-out": 0.181264268894706, "dsfb": 0.0, "roll-in": 0.20588595641935908}, "wordle": {"sfb": 0.15040951419275217, "oneh-out": 0.016201054639290922, "sfT": 0.003343430943565578, "sft": 0.0, "bad-redirect": 0.005520026926960619, "oneh-in": 0.015168854482216986, "sfR": 0.13138112868843263, "redirect": 0.054078312577134524, "unknown": 0.0, "dsfb-red": 0.040323123527431844, "dsfb-alt": 0.052260742735330414, "alternate": 0.1652866599349265, "roll-out": 0.18263211040053853, "dsfb": 0.0, "roll-in": 0.18339504095141929}, "english-1k": {"sfb": 0.13126323218066338, "oneh-out": 0.019760056457304165, "sfT": 0.003175723359209598, "sft": 0.0, "bad-redirect": 0.0056457304163726185, "oneh-in": 0.013761467889908258, "sfR": 0.10832745236414962, "redirect": 0.05963302752293578, "unknown": 0.0, "dsfb-red": 0.0561044460127029, "dsfb-alt": 0.06422018348623854, "alternate": 0.1647847565278758, "roll-out": 0.17043048694424842, "dsfb": 0.0, "roll-in": 0.20289343683839098}, "english-10k": {"sfb": 0.14333957276007797, "oneh-out": 0.017174504544489686, "sfT": 0.00191042241562301, "sft": 0.0, "bad-redirect": 0.0037822504390112115, "oneh-in": 0.01225371953455163, "sfR": 0.10567144593890508, "redirect": 0.06609289670210919, "unknown": 0.0, "dsfb-red": 0.0466220258196484, "dsfb-alt": 0.05503560332683661, "alternate": 0.16155612589490748, "roll-out": 0.17413789776345498, "dsfb": 0.0, "roll-in": 0.2124235348603848}, "reddit": {"sfb": 0.10663091731144922, "oneh-out": 0.012754473960261805, "sfT": 0.0013671206692441112, "sft": 0.0, "bad-redirect": 0.0032191275531675205, "oneh-in": 0.010798148180403143, "sfR": 0.10397777127267367, "redirect": 0.05414030835317172, "unknown": 0.038515360442387035, "dsfb-red": 0.06117098990766186, "dsfb-alt": 0.05781443110523529, "alternate": 0.18081764663687677, "roll-out": 0.17305032759317204, "dsfb": 0.0, "roll-in": 0.1957433770142958}, "akl": {"sfb": 0.0975259462560731, "oneh-out": 0.010204091465270265, "sfT": 0.0024246311272351825, "sft": 0.0, "bad-redirect": 0.0027437298097195903, "oneh-in": 0.010121469243494977, "sfR": 0.13064861186637447, "redirect": 0.04451356203991202, "unknown": 0.13237676039503798, "dsfb-red": 0.05621745437426231, "dsfb-alt": 0.04906966859421378, "alternate": 0.14816575826284603, "roll-out": 0.15354020530979715, "dsfb": 0.0, "roll-in": 0.16244811125576314}, "french": {"sfb": 0.09606775734150155, "oneh-out": 0.012123962786731599, "sfT": 0.0010662424529176628, "sft": 0.0, "bad-redirect": 0.0022037235471485867, "oneh-in": 0.012830356464527659, "sfR": 0.10898279115633469, "redirect": 0.0438249634072344, "unknown": 0.15797034623762518, "dsfb-red": 0.0310448110829887, "dsfb-alt": 0.03999380770657674, "alternate": 0.1702468541023487, "roll-out": 0.1600339296689285, "dsfb": 0.0, "roll-in": 0.16361045404513605}, "keymash": {"sfb": 0.10641878717474026, "oneh-out": 0.013780052788644285, "sfT": 0.0014982780065103257, "sft": 0.0, "bad-redirect": 0.003090968051787056, "oneh-in": 0.010097983276754525, "sfR": 0.099723742164827, "redirect": 0.05668416710109887, "unknown": 0.012306404009638238, "dsfb-red": 0.06715979853291902, "dsfb-alt": 0.05950831852158957, "alternate": 0.19023204837180283, "roll-out": 0.17820477560721307, "dsfb": 0.0, "roll-in": 0.20129467639247495}, "movie": {"sfb": 0.0939253253328866, "oneh-out": 0.009756663752651861, "sfT": 0.001287816448387525, "sft": 0.0, "bad-redirect": 0.003188615628901465, "oneh-in": 0.008934703652853324, "sfR": 0.11567713207251198, "redirect": 0.05573365860809756, "unknown": 0.030157750277046348, "dsfb-red": 0.07571639560363205, "dsfb-alt": 0.05766051416065122, "alternate": 0.17554256801864584, "roll-out": 0.1807221273474916, "dsfb": 0.0, "roll-in": 0.19169672909624264}, "dutch": {"sfb": 0.11416597654028122, "oneh-out": 0.010555840635260785, "sfT": 0.0015187741332800956, "sft": 0.0, "bad-redirect": 0.0009660215394024362, "oneh-in": 0.012718473727925802, "sfR": 0.18880787437283908,