{"monkeyracer": {"sfR": 0.09690789370786869, "bad-redirect": 0.0012893551464723087, "alternate": 0.2389402849680154, "sft": 0.0, "dsfb-red": 0.016918020864288282, "roll-out": 0.17387819259583653, "dsfb": 0.0, "oneh-in": 0.014192681858704662, "unknown": 0.013484953939033737, "sfT": 2.052801976946056e-05, "oneh-out": 0.013339302751145659, "redirect": 0.04608344933293711, "dsfb-alt": 0.03337465004613917, "roll-in": 0.33946893035331654, "sfb": 0.012101756416472466}, "english-450k": {"sfR": 0.11369548401129392, "bad-redirect": 0.0009957311607722852, "alternate": 0.2562820813412376, "sft": 0.0, "dsfb-red": 0.02376628441426392, "roll-out": 0.18166539106274276, "dsfb": 0.0, "oneh-in": 0.015120145518245033, "unknown": 0.00015377410175167997, "sfT": 0.00014354198471497123, "oneh-out": 0.007908549430772712, "redirect": 0.051410248839239406, "dsfb-alt": 0.040374472095847456, "roll-in": 0.2806590769694925, "sfb": 0.027825219069625755}, "shai": {"sfR": 0.09823378925716947, "bad-redirect": 0.0006063382433855488, "alternate": 0.24143141805895593, "sft": 0.0, "dsfb-red": 0.017585713299312956, "roll-out": 0.17149880884298618, "dsfb": 0.0, "oneh-in": 0.016645521333228885, "unknown": 0.024052709704167625, "sfT": 3.169864811264933e-05, "oneh-out": 0.010206229314600142, "redirect": 0.042715755164750915, "dsfb-alt": 0.035334130843968956, "roll-in": 0.3260425178340697, "sfb": 0.01561536945529105}, "tr-quotes": {"sfR": 0.09677191928064538, "bad-redirect": 0.001211252629389057, "alternate": 0.23926053489285962, "sft": 0.0, "dsfb-red": 0.01692864242620374, "roll-out": 0.17375234044520468, "dsfb": 0.0, "oneh-in": 0.01429000716580754, "unknown": 0.013890108874043596, "sfT": 2.3115508194447656e-05, "oneh-out": 0.013304130741314348, "redirect": 0.046170916067589746, "dsfb-alt": 0.03340422089179631, "roll-in": 0.33876817456831787, "sfb": 0.012224636508633643}, "gutenberg": {"sfR": 0.09863878308844841, "bad-redirect": 0.0011843587356686342, "alternate": 0.22363617833275176, "sft": 0.0, "dsfb-red": 0.014381092997166405, "roll-out": 0.16642324040701628, "dsfb": 0.0, "oneh-in": 0.012856695245098986, "unknown": 0.03296484091288825, "sfT": 0.00016840929558691872, "oneh-out": 0.012146875638165145, "redirect": 0.0414769930927562, "dsfb-alt": 0.03815427200772296, "roll-in": 0.3431239943275051, "sfb": 0.014844265919224916}, "english-200": {"sfR": 0.10690423162583519, "bad-redirect": 0.0, "alternate": 0.24498886414253898, "sft": 0.0, "dsfb-red": 0.011135857461024499, "roll-out": 0.18040089086859687, "dsfb": 0.0, "oneh-in": 0.0066815144766146995, "unknown": 0.0, "sfT": 0.0, "oneh-out": 0.011135857461024499, "redirect": 0.0378619153674833, "dsfb-alt": 0.042316258351893093, "roll-in": 0.35412026726057905, "sfb": 0.004454342984409799}, "chained-bigrams": {"sfR": 0.11914286586209158, "bad-redirect": 0.003252367202581116, "alternate": 0.24757013951609919, "sft": 0.0, "dsfb-red": 0.02586700032270443, "roll-out": 0.13720652239549277, "dsfb": 0.0, "oneh-in": 0.015147629161312608, "unknown": 0.023120441475246233, "sfT": 3.701036744801829e-05, "oneh-out": 0.0062437139189498924, "redirect": 0.05397280322366794, "dsfb-alt": 0.04660189635928366, "roll-in": 0.3047699870593575, "sfb": 0.017067623135765066}, "english-5k": {"sfR": 0.10644211224955408, "bad-redirect": 0.00016592690919649896, "alternate": 0.2578089351640602, "sft": 0.0, "dsfb-red": 0.02103123574065624, "roll-out": 0.17173435101837642, "dsfb": 0.0, "oneh-in": 0.02522089019786784, "unknown": 0.002157049819554486, "sfT": 0.0, "oneh-out": 0.009167461733106567, "redirect": 0.03944912266146763, "dsfb-alt": 0.03575724893184552, "roll-in": 0.3120670344713154, "sfb": 0.01899863110299913}, "mt-quotes": {"sfR": 0.0964592223377679, "bad-redirect": 0.0013357478394951054, "alternate": 0.2401880804676014, "sft": 0.0, "dsfb-red": 0.016792472000095624, "roll-out": 0.17384892602287805, "dsfb": 0.0, "oneh-in": 0.013920763557691158, "unknown": 0.00799058103536893, "sfT": 5.9765004004255265e-06, "oneh-out": 0.013493443779060733, "redirect": 0.04589504069996773, "dsfb-alt": 0.033169577222361676, "roll-in": 0.34575250116541756, "sfb": 0.011147667371893714}, "wordle": {"sfR": 0.13138112868843263, "bad-redirect": 0.0011668349601705373, "alternate": 0.23991921911814204, "sft": 0.0, "dsfb-red": 0.02519914731291372, "roll-out": 0.20430831369909122, "dsfb": 0.0, "oneh-in": 0.008235162122742062, "unknown": 0.0, "sfT": 0.00026926960619320093, "oneh-out": 0.013104454168069112, "redirect": 0.045259732974307194, "dsfb-alt": 0.05003926848423651, "roll-in": 0.24516997643890945, "sfb": 0.03594749242679233}, "english-1k": {"sfR": 0.10832745236414962, "bad-redirect": 0.0, "alternate": 0.221242060691602, "sft": 0.0, "dsfb-red": 0.01834862385321101, "roll-out": 0.20148200423429782, "dsfb": 0.0, "oneh-in": 0.01305575158786168, "unknown": 0.0, "sfT": 0.0, "oneh-out": 0.01799576570218772, "redirect": 0.045871559633027525, "dsfb-alt": 0.038108680310515175, "roll-in": 0.3203952011291461, "sfb": 0.015172900494001412}, "english-10k": {"sfR": 0.10567144593890508, "bad-redirect": 0.0004824299029351035, "alternate": 0.2506126859767276, "sft": 0.0, "dsfb-red": 0.02078308021844426, "roll-out": 0.18135504911136413, "dsfb": 0.0, "oneh-in": 0.021477779278670808, "unknown": 0.0, "sfT": 7.718878446961657e-05, "oneh-out": 0.009610003666467262, "redirect": 0.04085216418054457, "dsfb-alt": 0.03618224272013276, "roll-in": 0.31346365373111285, "sfb": 0.01943227649022597}, "reddit": {"sfR": 0.10397777127267367, "bad-redirect": 0.0007684013756609594, "alternate": 0.23591892492729047, "sft": 0.0, "dsfb-red": 0.016610602283366454, "roll-out": 0.16906808015961353, "dsfb": 0.0, "oneh-in": 0.013285058219120998, "unknown": 0.04413374768723884, "sfT": 4.015434701708826e-05, "oneh-out": 0.01091389158738337, "redirect": 0.042500080065220845, "dsfb-alt": 0.03460446938109303, "roll-in": 0.314769514235409, "sfb": 0.013409304458911746}, "akl": {"sfR": 0.13064861186637447, "bad-redirect": 0.0007807355220925125, "alternate": 0.19813297992238008, "sft": 0.0, "dsfb-red": 0.014827402697571067, "roll-out": 0.1432356033187548, "dsfb": 0.0, "oneh-in": 0.00937673269781592, "unknown": 0.1386736163551281, "sfT": 0.00105032016975704, "oneh-out": 0.008646524222233713, "redirect": 0.03236377160855854, "dsfb-alt": 0.03025809091819454, "roll-in": 0.2704771850866, "sfb": 0.02152842561453922}, "french": {"sfR": 0.10898279115633469, "bad-redirect": 0.00127315662225046, "alternate": 0.18084619011026978, "sft": 0.0, "dsfb-red": 0.021211032032473792, "roll-out": 0.1394837615075313, "dsfb": 0.0, "oneh-in": 0.02537018511993928, "unknown": 0.15841440792606368, "sfT": 5.330538081862952e-05, "oneh-out": 0.012495002995094212, "redirect": 0.04261667814500211, "dsfb-alt": 0.02856047770370607, "roll-in": 0.2302542853938028, "sfb": 0.050438725906713215}, "keymash": {"sfR": 0.099723742164827, "bad-redirect": 0.0013546075127353631, "alternate": 0.2349997742320812, "sft": 0.0, "dsfb-red": 0.016394855775348605, "roll-out": 0.17338976163012648, "dsfb": 0.0, "oneh-in": 0.014215169141219886, "unknown": 0.012376186820900362, "sfT": 2.462922750427933e-05, "oneh-out": 0.013521445899849351, "redirect": 0.045822677771711694, "dsfb-alt": 0.03452196721849819, "roll-in": 0.34063863586918597, "sfb": 0.013016546736011625}, "movie": {"sfR": 0.11567713207251198, "bad-redirect": 0.002300856609810698, "alternate": 0.2305198022505599, "sft": 0.0, "dsfb-red": 0.02030962602657829, "roll-out": 0.1736018946930408, "dsfb": 0.0, "oneh-in": 0.011243324535140506, "unknown": 0.030144722091026487, "sfT": 1.5791740630135195e-05, "oneh-out": 0.01508848178073984, "redirect": 0.045590755199200306, "dsfb-alt": 0.03610531459187102, "roll-in": 0.30871142160012705, "sfb": 0.010690876808762942}, "dutch": {"sfR": 0.18880787437283908, "bad-redirect": 0.0018428553082807384, "alternate": 0.1824637621338133, "sft": 0.0, "dsfb-red": 0.022269400931088767, "roll-out": 0.12395864671131841, "dsfb": 0.0, "oneh-in": 0.006739289013167622, "unknown": 0.07358430372699806, "sfT": 4.5293186237226055e-05,