{"english-450k": {"sfb": 0.01919895971527819, "oneh-out": 0.008483594408235743, "sfT": 3.2158082115370337e-06, "sft": 0.0, "bad-redirect": 0.004112726356354817, "oneh-in": 0.014836569703227678, "sfR": 0.11369548401129392, "redirect": 0.0507425301160439, "unknown": 0.00015377410175167997, "dsfb-red": 0.01872711294678539, "dsfb-alt": 0.03951058907174819, "alternate": 0.26500598432673544, "roll-out": 0.18730474928097451, "dsfb": 0.0, "roll-in": 0.278224710153359}, "shai": {"sfb": 0.012704779459461803, "oneh-out": 0.010256900706674722, "sfT": 1.926689503110725e-05, "sft": 0.0, "bad-redirect": 0.0018192933995906037, "oneh-in": 0.016479507888357593, "sfR": 0.09823378925716947, "redirect": 0.04220609199249574, "unknown": 0.023260762136131256, "dsfb-red": 0.016087985074465117, "dsfb-alt": 0.03440293370794762, "alternate": 0.2447513541012245, "roll-out": 0.17546283509612393, "dsfb": 0.0, "roll-in": 0.32431450028532655}, "tr-quotes": {"sfb": 0.009972030235084719, "oneh-out": 0.013357296410161578, "sfT": 3.4673262291671484e-06, "sft": 0.0, "bad-redirect": 0.0028582325882434527, "oneh-in": 0.0140865906936964, "sfR": 0.09677191928064538, "redirect": 0.04548900857585354, "unknown": 0.013835787429786644, "dsfb-red": 0.015290908670627124, "dsfb-alt": 0.0321802547329003, "alternate": 0.24213032523520028, "roll-out": 0.1772081089202746, "dsfb": 0.0, "roll-in": 0.33681606990129676}, "gutenberg": {"sfb": 0.012973198863530882, "oneh-out": 0.012155779166728234, "sfT": 1.74281835702998e-05, "sft": 0.0, "bad-redirect": 0.0020419390293941473, "oneh-in": 0.012772964189250372, "sfR": 0.09863878308844841, "redirect": 0.041088079387649405, "unknown": 0.032975828246008664, "dsfb-red": 0.013548707794906651, "dsfb-alt": 0.03680377721780266, "alternate": 0.22607328248092468, "roll-out": 0.16937769639573796, "dsfb": 0.0, "roll-in": 0.34153253595604766}, "english-200": {"sfb": 0.004454342984409799, "oneh-out": 0.011135857461024499, "sfT": 0.0, "sft": 0.0, "bad-redirect": 0.0022271714922048997, "oneh-in": 0.0066815144766146995, "sfR": 0.10690423162583519, "redirect": 0.035634743875278395, "unknown": 0.0, "dsfb-red": 0.011135857461024499, "dsfb-alt": 0.0467706013363029, "alternate": 0.24053452115812918, "roll-out": 0.18930957683741648, "dsfb": 0.0, "roll-in": 0.34521158129175944}, "monkeyracer": {"sfb": 0.009863224736850336, "oneh-out": 0.013379381265933653, "sfT": 3.9100990037067735e-06, "sft": 0.0, "bad-redirect": 0.0029452820745421273, "oneh-in": 0.013985446611508204, "sfR": 0.09690789370786869, "redirect": 0.045371811314262475, "unknown": 0.013436077701487402, "dsfb-red": 0.015288487104493485, "dsfb-alt": 0.03221530569154011, "alternate": 0.24176435397344262, "roll-out": 0.17726629338254846, "dsfb": 0.0, "roll-in": 0.33757253233651874}, "chained-bigrams": {"sfb": 0.014764539392991015, "oneh-out": 0.0066462828280336, "sfT": 3.701036744801829e-05, "sft": 0.0, "bad-redirect": 0.003929591996410644, "oneh-in": 0.015242427646354901, "sfR": 0.11914286586209158, "redirect": 0.05375658476120846, "unknown": 0.022916559801936097, "dsfb-red": 0.024443724437685905, "dsfb-alt": 0.04535133552235589, "alternate": 0.25041474337206004, "roll-out": 0.13749156715531174, "dsfb": 0.0, "roll-in": 0.30586276685611213}, "english-5k": {"sfb": 0.013979342099805036, "oneh-out": 0.00937487036960219, "sfT": 0.0, "sft": 0.0, "bad-redirect": 0.0017007508192641142, "oneh-in": 0.024764591197577467, "sfR": 0.10644211224955408, "redirect": 0.03911726884307463, "unknown": 0.002157049819554486, "dsfb-red": 0.01866677728460613, "dsfb-alt": 0.03405649811258141, "alternate": 0.2624963703488613, "roll-out": 0.17808105529514248, "dsfb": 0.0, "roll-in": 0.30916331356037663}, "mt-quotes": {"sfb": 0.00922921074335712, "oneh-out": 0.013532291031663498, "sfT": 0.0, "sft": 0.0, "bad-redirect": 0.0029598618233107423, "oneh-in": 0.01371756254407669, "sfR": 0.0964592223377679, "redirect": 0.045098672021611025, "unknown": 0.007977133909467972, "dsfb-red": 0.01524605252148552, "dsfb-alt": 0.03178601737966316, "alternate": 0.2430941537873083, "roll-out": 0.17709715399050932, "dsfb": 0.0, "roll-in": 0.34380266790977876}, "wordle": {"sfb": 0.025154269045214856, "oneh-out": 0.013373723774262313, "sfT": 0.0, "sft": 0.0, "bad-redirect": 0.004398070234488949, "oneh-in": 0.009424436216762033, "sfR": 0.13138112868843263, "redirect": 0.04301581958936385, "unknown": 0.0, "dsfb-red": 0.019499607315157635, "dsfb-alt": 0.0480197464377875, "alternate": 0.25161000785369686, "roll-out": 0.20502636598227308, "dsfb": 0.0, "roll-in": 0.2490968248625603}, "english-1k": {"sfb": 0.011291460832745237, "oneh-out": 0.017290049400141144, "sfT": 0.0, "sft": 0.0, "bad-redirect": 0.001058574453069866, "oneh-in": 0.01305575158786168, "sfR": 0.10832745236414962, "redirect": 0.04693013408609739, "unknown": 0.0, "dsfb-red": 0.017290049400141144, "dsfb-alt": 0.035638673253352154, "alternate": 0.2244177840508116, "roll-out": 0.20924488355681017, "dsfb": 0.0, "roll-in": 0.31545518701482006}, "english-10k": {"sfb": 0.015090407363810038, "oneh-out": 0.00988016441211092, "sfT": 0.0, "sft": 0.0, "bad-redirect": 0.0021226915729144554, "oneh-in": 0.021419887690318596, "sfR": 0.10567144593890508, "redirect": 0.03988730437467436, "unknown": 0.0, "dsfb-red": 0.01848671388047317, "dsfb-alt": 0.03554543524825843, "alternate": 0.2545879083769128, "roll-out": 0.1859091873950715, "dsfb": 0.0, "roll-in": 0.31139885374655063}, "reddit": {"sfb": 0.011610149985101313, "oneh-out": 0.011035178691526404, "sfT": 5.629849213310042e-05, "sft": 0.0, "bad-redirect": 0.002080721849302459, "oneh-in": 0.012806352477629965, "sfR": 0.10397777127267367, "redirect": 0.0426054852261407, "unknown": 0.039285409944231534, "dsfb-red": 0.01486838307771458, "dsfb-alt": 0.03372740404955841, "alternate": 0.24131451547805866, "roll-out": 0.17412850177651146, "dsfb": 0.0, "roll-in": 0.31250382767941776}, "akl": {"sfb": 0.01743020034431032, "oneh-out": 0.008782094835535452, "sfT": 0.00013554590569953237, "sft": 0.0, "bad-redirect": 0.0021066937020544347, "oneh-in": 0.008804998782779978, "sfR": 0.13064861186637447, "redirect": 0.03434786618846915, "unknown": 0.13277008071454782, "dsfb-red": 0.013521161184169158, "dsfb-alt": 0.029418625425659484, "alternate": 0.20438684465463255, "roll-out": 0.14831210139070938, "dsfb": 0.0, "roll-in": 0.26933517500505827}, "french": {"sfb": 0.04899961546115529, "oneh-out": 0.012536173086856324, "sfT": 2.7207018427945814e-05, "sft": 0.0, "bad-redirect": 0.0019446126530344222, "oneh-in": 0.025311501259156096, "sfR": 0.10898279115633469, "redirect": 0.04227342924676276, "unknown": 0.15807953387545715, "dsfb-red": 0.020556999879680855, "dsfb-alt": 0.02773780997854256, "alternate": 0.1830087585474946, "roll-out": 0.14219833577844426, "dsfb": 0.0, "roll-in": 0.22834323205865306}, "keymash": {"sfb": 0.010516680144327273, "oneh-out": 0.013566599483607196, "sfT": 0.0, "sft": 0.0, "bad-redirect": 0.002783102707983564, "oneh-in": 0.014071498647444922, "sfR": 0.099723742164827, "redirect": 0.04572005599044386, "unknown": 0.01232282349464109, "dsfb-red": 0.014826794957576156, "dsfb-alt": 0.03338081301079992, "alternate": 0.2376638356737941, "roll-out": 0.17695278987574556, "dsfb": 0.0, "roll-in": 0.3384712638488094}, "movie": {"sfb": 0.008580837064899711, "oneh-out": 0.01514072612265787, "sfT": 4.8691200276250184e-06, "sft": 0.0, "bad-redirect": 0.0036626310434826896, "oneh-in": 0.01112751843718618, "sfR": 0.11567713207251198, "redirect": 0.0456848476537882, "unknown": 0.030236445784519856, "dsfb-red": 0.01816010693113972, "dsfb-alt": 0.034381777699930345, "alternate": 0.23333783836600755, "roll-out": 0.1758223450234764, "dsfb": 0.0, "roll-in": 0.3081829246803719}, "dutch": {"sfb": 0.026103990932182186, "oneh-out": 0.008144166741467963, "sfT": 3.528780305418087e-05, "sft": 0.0, "bad-redirect": 0.002176045326752684, "oneh-in": 0.0065691078450846796, "sfR": 0.18880787437283908, "redirect": 0.037898024632536165, "unknown": 0.07290361491625476, "dsfb-red": 0.01669844660867537,