{"english-450k": {"oneh-out": 0.006002452199934397, "sfb": 0.016575737253267116, "alternate": 0.3357955704873002, "oneh-in": 0.014965786724091256, "dsfb": 0.0, "roll-out": 0.16391091392684679, "sfR": 0.11369548401129392, "unknown": 0.00015377410175167997, "bad-redirect": 0.0026433943498834415, "roll-in": 0.2581095374439938, "redirect": 0.038229528018752255, "dsfb-alt": 0.03491753790707016, "dsfb-red": 0.014997944806206627, "sfT": 2.3387696083905697e-06, "sft": 0.0}, "shai": {"oneh-out": 0.009146108861285477, "sfb": 0.011751776440233301, "alternate": 0.31652014718080973, "oneh-in": 0.020328989392912444, "dsfb": 0.0, "roll-out": 0.1777812564152026, "sfR": 0.09823378925716947, "unknown": 0.023621906111313578, "bad-redirect": 0.0035347321197176274, "roll-in": 0.26893795285718225, "redirect": 0.025725666817251372, "dsfb-alt": 0.03424031461159829, "dsfb-red": 0.01014879631834329, "sfT": 2.856361698062907e-05, "sft": 0.0}, "tr-quotes": {"oneh-out": 0.011818959339821087, "sfb": 0.011141674949723769, "alternate": 0.3040648621159936, "oneh-in": 0.02483530200411456, "dsfb": 0.0, "roll-out": 0.18487205566214374, "sfR": 0.09677191928064538, "unknown": 0.0147164882919951, "bad-redirect": 0.003741245001271353, "roll-in": 0.2782910704791845, "redirect": 0.027917755021844154, "dsfb-alt": 0.02986061348558748, "dsfb-red": 0.011958808164397493, "sfT": 9.246203277779062e-06, "sft": 0.0}, "gutenberg": {"oneh-out": 0.010374505143776832, "sfb": 0.012545640055724722, "alternate": 0.28980019345283764, "oneh-in": 0.015256480348018093, "dsfb": 0.0, "roll-out": 0.17517199912252884, "sfR": 0.09863878308844841, "unknown": 0.03781669566943737, "bad-redirect": 0.003909975096641172, "roll-in": 0.2918885444928266, "redirect": 0.023431813936712204, "dsfb-alt": 0.03263218993082905, "dsfb-red": 0.008532611351885256, "sfT": 5.683103338141238e-07, "sft": 0.0}, "english-200": {"oneh-out": 0.011135857461024499, "sfb": 0.0, "alternate": 0.31625835189309576, "oneh-in": 0.011135857461024499, "dsfb": 0.0, "roll-out": 0.20044543429844097, "sfR": 0.10690423162583519, "unknown": 0.0, "bad-redirect": 0.004454342984409799, "roll-in": 0.27616926503340755, "redirect": 0.026726057906458798, "dsfb-alt": 0.0378619153674833, "dsfb-red": 0.008908685968819599, "sfT": 0.0, "sft": 0.0}, "monkeyracer": {"oneh-out": 0.011847599981231525, "sfb": 0.011040164536966076, "alternate": 0.3035243677369911, "oneh-in": 0.025147801742340117, "dsfb": 0.0, "roll-out": 0.18497896366736005, "sfR": 0.09690789370786869, "unknown": 0.014307052254563085, "bad-redirect": 0.003816256627617811, "roll-in": 0.2787832162910365, "redirect": 0.027841859955894083, "dsfb-alt": 0.02985262836855029, "dsfb-red": 0.011942419882071413, "sfT": 9.775247509266934e-06, "sft": 0.0}, "chained-bigrams": {"oneh-out": 0.006399547045046812, "sfb": 0.013197767171024909, "alternate": 0.304802452293961, "oneh-in": 0.013704224830839894, "dsfb": 0.0, "roll-out": 0.14677207911907533, "sfR": 0.11914286586209158, "unknown": 0.023334712023629495, "bad-redirect": 0.006516421889619501, "roll-in": 0.26927444745793966, "redirect": 0.03740254748202887, "dsfb-alt": 0.043309272265794174, "dsfb-red": 0.016121586199418354, "sfT": 2.2076359530396875e-05, "sft": 0.0}, "english-5k": {"oneh-out": 0.006885966731654706, "sfb": 0.008877089642012694, "alternate": 0.3504791139503049, "oneh-in": 0.025428298834363462, "dsfb": 0.0, "roll-out": 0.16758617828846392, "sfR": 0.10644211224955408, "unknown": 0.002157049819554486, "bad-redirect": 0.002157049819554486, "roll-in": 0.255734848799104, "redirect": 0.02679719583523458, "dsfb-alt": 0.03683577384162277, "dsfb-red": 0.010619322188575933, "sfT": 0.0, "sft": 0.0}, "mt-quotes": {"oneh-out": 0.0121278134375635, "sfb": 0.010385663570839459, "alternate": 0.303187865313587, "oneh-in": 0.02605604762075519, "dsfb": 0.0, "roll-out": 0.18687172039540526, "sfR": 0.0964592223377679, "unknown": 0.008869126594231481, "bad-redirect": 0.003832430881772869, "roll-in": 0.28302016471235103, "redirect": 0.027727973607774233, "dsfb-alt": 0.02943874684739604, "dsfb-red": 0.012020236430355841, "sfT": 2.9882502002127633e-06, "sft": 0.0}, "wordle": {"oneh-out": 0.01579715023000112, "sfb": 0.021160103220015707, "alternate": 0.3094805340513856, "oneh-in": 0.006372714013239089, "dsfb": 0.0, "roll-out": 0.2074497924380119, "sfR": 0.13138112868843263, "unknown": 0.0, "bad-redirect": 0.00374733535285538, "roll-in": 0.2102771233030405, "redirect": 0.03545383148210479, "dsfb-alt": 0.04196118029844048, "dsfb-red": 0.016919106922472792, "sfT": 0.0, "sft": 0.0}, "english-1k": {"oneh-out": 0.012350035285815103, "sfb": 0.0077628793225123505, "alternate": 0.3172194777699365, "oneh-in": 0.016937191249117856, "dsfb": 0.0, "roll-out": 0.2057163020465773, "sfR": 0.10832745236414962, "unknown": 0.0, "bad-redirect": 0.0017642907551164433, "roll-in": 0.2642907551164432, "redirect": 0.02893436838390967, "dsfb-alt": 0.030698659139026113, "dsfb-red": 0.005998588567395907, "sfT": 0.0, "sft": 0.0}, "english-10k": {"oneh-out": 0.009204762548001776, "sfb": 0.010941510198568148, "alternate": 0.3368711526215241, "oneh-in": 0.022867177399123906, "dsfb": 0.0, "roll-out": 0.17595183419849095, "sfR": 0.10567144593890508, "unknown": 0.0, "bad-redirect": 0.002219177553501476, "roll-in": 0.2616892765481176, "redirect": 0.027652882036240133, "dsfb-alt": 0.036780455799772294, "dsfb-red": 0.010150325157754578, "sfT": 0.0, "sft": 0.0}, "reddit": {"oneh-out": 0.010094847788991904, "sfb": 0.012733610181074754, "alternate": 0.2991378239902371, "oneh-in": 0.020113769401301308, "dsfb": 0.0, "roll-out": 0.17487686343607714, "sfR": 0.10397777127267367, "unknown": 0.03963713505476368, "bad-redirect": 0.003917595938267936, "roll-in": 0.2619357953716496, "redirect": 0.028435533076113278, "dsfb-alt": 0.03330896728600627, "dsfb-red": 0.011767059089256708, "sfT": 6.322811358660912e-05, "sft": 0.0}, "akl": {"oneh-out": 0.007598378321470761, "sfb": 0.018266948000602766, "alternate": 0.2561910271229433, "oneh-in": 0.016557626664819854, "dsfb": 0.0, "roll-out": 0.14974958968702706, "sfR": 0.13064861186637447, "unknown": 0.1306992130356914, "bad-redirect": 0.0042575893044545605, "roll-in": 0.2238567069762137, "redirect": 0.023552941831658063, "dsfb-alt": 0.02589388831022312, "dsfb-red": 0.012614466306032858, "sfT": 0.00011301257248808989, "sft": 0.0}, "french": {"oneh-out": 0.005779453885924058, "sfb": 0.044469571983710605, "alternate": 0.23924698403983263, "oneh-in": 0.01819956267114971, "dsfb": 0.0, "roll-out": 0.14357591581393414, "sfR": 0.10898279115633469, "unknown": 0.15819484908517076, "bad-redirect": 0.0017158549633998932, "roll-in": 0.21695083243813104, "redirect": 0.025661881512445944, "dsfb-alt": 0.0248264192973389, "dsfb-red": 0.012365604857339714, "sfT": 3.0278295287928685e-05, "sft": 0.0}, "keymash": {"oneh-out": 0.011464905403242028, "sfb": 0.011522373600752013, "alternate": 0.30135091312860973, "oneh-in": 0.024366515744233683, "dsfb": 0.0, "roll-out": 0.1863734693961324, "sfR": 0.099723742164827, "unknown": 0.013394194891077241, "bad-redirect": 0.0036656500268869067, "roll-in": 0.2786427653696642, "redirect": 0.02752726660728286, "dsfb-alt": 0.029908091932696532, "dsfb-red": 0.012060111734595444, "sfT": 0.0, "sft": 0.0}, "movie": {"oneh-out": 0.011279513940751232, "sfb": 0.012918038628966342, "alternate": 0.2819540278742646, "oneh-in": 0.03146701717312314, "dsfb": 0.0, "roll-out": 0.1872620135337849, "sfR": 0.11567713207251198, "unknown": 0.030433447748880793, "bad-redirect": 0.005253912107645979, "roll-in": 0.2454189147415767, "redirect": 0.030662033194502, "dsfb-alt": 0.03102050570680607, "dsfb-red": 0.016643705037130987, "sfT": 9.738240055250037e-06, "sft": 0.0}, "dutch": {"oneh-out": 0.00715252209710393, "sfb": 0.023385234256323356, "alternate": 0.22613516182488005, "oneh-in": 0.006935631210039208, "dsfb": 0.0, "roll-out": 0.1669712869529911, "sfR": 0.18880787437283908, "unknown": 0.0732489440824237, "bad-redirect": 0.0034626694670742025, "roll-in": 0.23071499149596222,