{"english-450k": {"dsfb-alt": 0.052541628637298346, "roll-out": 0.14856858529580466, "redirect": 0.0379830801712681, "roll-in": 0.2537111888492143, "sft": 0.0, "dsfb-red": 0.01756620618242052, "alternate": 0.3170906758517945, "sfb": 0.03997717360862211, "dsfb": 0.0, "sfT": 0.00012833998226043252, "oneh-in": 0.010688469456545953, "bad-redirect": 0.003031922451077325, "unknown": 0.00015377410175167997, "sfR": 0.11369548401129392, "oneh-out": 0.00486347140064819}, "shai": {"dsfb-alt": 0.050448421693734244, "roll-out": 0.1429574157497152, "redirect": 0.02384995446851082, "roll-in": 0.29390412935463567, "sft": 0.0, "dsfb-red": 0.017024759469574408, "alternate": 0.29887328916319594, "sfb": 0.023616499150213043, "dsfb": 0.0, "sfT": 5.045851959030639e-05, "oneh-in": 0.01273624975345496, "bad-redirect": 0.002885881306018362, "unknown": 0.024458529808185636, "sfR": 0.09823378925716947, "oneh-out": 0.010960622306001951}, "tr-quotes": {"dsfb-alt": 0.055051894315896535, "roll-out": 0.1508101985622154, "redirect": 0.023246110815746283, "roll-in": 0.3007396962622223, "sft": 0.0, "dsfb-red": 0.021490487968377985, "alternate": 0.2782309701578789, "sfb": 0.02615519752201752, "dsfb": 0.0, "sfT": 7.281385081251011e-05, "oneh-in": 0.010371928526848663, "bad-redirect": 0.002469892050576732, "unknown": 0.01482859850673817, "sfR": 0.09677191928064538, "oneh-out": 0.019760292180023578}, "gutenberg": {"dsfb-alt": 0.051664145263152314, "roll-out": 0.14399714632437713, "redirect": 0.023479930878308467, "roll-in": 0.31255136104641845, "sft": 0.0, "dsfb-red": 0.016691274504120817, "alternate": 0.27009156994971967, "sfb": 0.021849448530595745, "dsfb": 0.0, "sfT": 4.565426348306795e-05, "oneh-in": 0.009515598792605752, "bad-redirect": 0.00236852803455933, "unknown": 0.03803056979172942, "sfR": 0.09863878308844841, "oneh-out": 0.011075989532481399}, "english-200": {"dsfb-alt": 0.060133630289532294, "roll-out": 0.15812917594654788, "redirect": 0.017817371937639197, "roll-in": 0.31403118040089084, "sft": 0.0, "dsfb-red": 0.013363028953229399, "alternate": 0.29398663697104677, "sfb": 0.015590200445434299, "dsfb": 0.0, "sfT": 0.0, "oneh-in": 0.011135857461024499, "bad-redirect": 0.0, "unknown": 0.0, "sfR": 0.10690423162583519, "oneh-out": 0.008908685968819599}, "monkeyracer": {"dsfb-alt": 0.055170519417551654, "roll-out": 0.1515573924331764, "redirect": 0.02321914540876175, "roll-in": 0.300725714375088, "sft": 0.0, "dsfb-red": 0.021429297589814975, "alternate": 0.2776150742136791, "sfb": 0.025983585404382437, "dsfb": 0.0, "sfT": 6.647168306301516e-05, "oneh-in": 0.010312886122276616, "bad-redirect": 0.0024662949465880475, "unknown": 0.014407737303908536, "sfR": 0.09690789370786869, "oneh-out": 0.020137987393840814}, "chained-bigrams": {"dsfb-alt": 0.05707907687053319, "roll-out": 0.12331205128987624, "redirect": 0.03672207616473899, "roll-in": 0.2852908462972426, "sft": 0.0, "dsfb-red": 0.01860322873251179, "alternate": 0.28861463701595147, "sfb": 0.024679422040907496, "dsfb": 0.0, "sfT": 0.00013440607125859272, "oneh-in": 0.013669162377468088, "bad-redirect": 0.0032984678357181212, "unknown": 0.023895061972886336, "sfR": 0.11914286586209158, "oneh-out": 0.005558697468815519}, "english-5k": {"dsfb-alt": 0.05193512257850417, "roll-out": 0.13386153399427553, "redirect": 0.024640146015680094, "roll-in": 0.27535570581158997, "sft": 0.0, "dsfb-red": 0.016053428464761273, "alternate": 0.33363753266686025, "sfb": 0.02555274401626084, "dsfb": 0.0, "sfT": 4.148172729912474e-05, "oneh-in": 0.02206827892313436, "bad-redirect": 0.0041896544572115986, "unknown": 0.002157049819554486, "sfR": 0.10644211224955408, "oneh-out": 0.004065209275314224}, "mt-quotes": {"dsfb-alt": 0.05628817489630772, "roll-out": 0.15272797360777424, "redirect": 0.022444747253798067, "roll-in": 0.30620002151540143, "sft": 0.0, "dsfb-red": 0.021757449707749132, "alternate": 0.2758438818565401, "sfb": 0.02520290218859445, "dsfb": 0.0, "sfT": 6.424737930457441e-05, "oneh-in": 0.010209356809026906, "bad-redirect": 0.002457835789674998, "unknown": 0.008887056095432758, "sfR": 0.0964592223377679, "oneh-out": 0.021457130562627748}, "wordle": {"dsfb-alt": 0.0570851565129586, "roll-out": 0.17567597890721418, "redirect": 0.037989453607090766, "roll-in": 0.22836306518568383, "sft": 0.0, "dsfb-red": 0.022573768652530014, "alternate": 0.29350387075058904, "sfb": 0.03778750140244586, "dsfb": 0.0, "sfT": 0.00011219566924716706, "oneh-in": 0.0061707618085941884, "bad-redirect": 0.003119039605071244, "unknown": 0.0, "sfR": 0.13138112868843263, "oneh-out": 0.006238079210142488}, "english-1k": {"dsfb-alt": 0.05010585744530699, "roll-out": 0.1619618913196895, "redirect": 0.022582921665490474, "roll-in": 0.2956951305575159, "sft": 0.0, "dsfb-red": 0.017290049400141144, "alternate": 0.2956951305575159, "sfb": 0.02328863796753705, "dsfb": 0.0, "sfT": 0.0, "oneh-in": 0.012702893436838392, "bad-redirect": 0.004940014114326041, "unknown": 0.0, "sfR": 0.10832745236414962, "oneh-out": 0.007410021171489062}, "english-10k": {"dsfb-alt": 0.04936222766831979, "roll-out": 0.13913278400648385, "redirect": 0.027093263348835415, "roll-in": 0.2854827193608769, "sft": 0.0, "dsfb-red": 0.01682715501437641, "alternate": 0.3224368499257058, "sfb": 0.025974025974025976, "dsfb": 0.0, "sfT": 7.718878446961657e-05, "oneh-in": 0.019220007332934524, "bad-redirect": 0.004303274734181123, "unknown": 0.0, "sfR": 0.10567144593890508, "oneh-out": 0.004419057910885548}, "reddit": {"dsfb-alt": 0.051298114749661804, "roll-out": 0.14144271347494858, "redirect": 0.023029791566351033, "roll-in": 0.2825636303125615, "sft": 0.0, "dsfb-red": 0.020152050877655286, "alternate": 0.27706413289740395, "sfb": 0.026939221788527805, "dsfb": 0.0, "sfT": 7.397839119286317e-05, "oneh-in": 0.009089378444794422, "bad-redirect": 0.0017848457419442681, "unknown": 0.04712745652739438, "sfR": 0.10397777127267367, "oneh-out": 0.015456913954890412}, "akl": {"dsfb-alt": 0.04363636803880912, "roll-out": 0.12121149378876823, "redirect": 0.019402880012001966, "roll-in": 0.2431944083335975, "sft": 0.0, "dsfb-red": 0.01649593178211265, "alternate": 0.23358394171891728, "sfb": 0.02915687308789411, "dsfb": 0.0, "sfT": 0.00015407660735367918, "oneh-in": 0.006913310635118057, "bad-redirect": 0.0017780825927208982, "unknown": 0.1393782771700298, "sfR": 0.13064861186637447, "oneh-out": 0.01444574436630226}, "french": {"dsfb-alt": 0.03030027364477549, "roll-out": 0.1387516440133031, "redirect": 0.027645956327671563, "roll-in": 0.22702490519380333, "sft": 0.0, "dsfb-red": 0.014429083415774644, "alternate": 0.22774370383374606, "sfb": 0.027630884598300133, "dsfb": 0.0, "sfT": 9.267765197977577e-05, "oneh-in": 0.024396305700396224, "bad-redirect": 0.004751549957321986, "unknown": 0.15856935009819023, "sfR": 0.10898279115633469, "oneh-out": 0.009680874408402786}, "keymash": {"dsfb-alt": 0.05498064553205289, "roll-out": 0.15198285805765702, "redirect": 0.02380004351163526, "roll-in": 0.30123597673358976, "sft": 0.0, "dsfb-red": 0.021480791254982288, "alternate": 0.2756708385841478, "sfb": 0.025983835017014692, "dsfb": 0.0, "sfT": 7.388768251283799e-05, "oneh-in": 0.010340170680546604, "bad-redirect": 0.002631222471707175, "unknown": 0.013447558217336513, "sfR": 0.099723742164827, "oneh-out": 0.018648430091990166}, "movie": {"dsfb-alt": 0.056134505624425825, "roll-out": 0.14697649359927853, "redirect": 0.02611677544763334, "roll-in": 0.27274994344582887, "sft": 0.0, "dsfb-red": 0.02587779377276396, "alternate": 0.2565890708784643, "sfb": 0.028996136155861323, "dsfb": 0.0, "sfT": 0.00013844092619085186, "oneh-in": 0.006651086359897191, "bad-redirect": 0.0015468009947217423, "unknown": 0.03049740429843284, "sfR": 0.11567713207251198, "oneh-out": 0.032048416423989284}, "dutch": {"dsfb-alt": 0.04054672569531944, "roll-out": 0.11573631963778075, "redirect": 0.031247439258448338, "roll-in": 0.24834248634632777, "sft": 0.0, "dsfb-red": 0.01429731602189264, "alternate": 0.21441376577197144, "sfb": 0.06191596489423037,