{"english-450k": {"alternate": 0.23471336332025766, "sfb": 0.02656696102031163, "sft": 0.0, "oneh-out": 0.008396182894122146, "dsfb-red": 0.02749223674663115, "sfT": 0.0001540664479527288, "dsfb": 0.0, "redirect": 0.05550952727034598, "roll-in": 0.3013121666887875, "sfR": 0.11369548401129392, "unknown": 0.00015377410175167997, "roll-out": 0.18536678631422188, "oneh-in": 0.012276786366844199, "dsfb-alt": 0.0322165513555801, "bad-redirect": 0.0021461134618993966}, "shai": {"alternate": 0.2251929360085186, "sfb": 0.016126460808395256, "sft": 0.0, "oneh-out": 0.0110077600148376, "dsfb-red": 0.019904235249020553, "sfT": 4.064316286091949e-05, "dsfb": 0.0, "redirect": 0.05053581552455031, "roll-in": 0.3477411094387505, "sfR": 0.09823378925716947, "unknown": 0.023260762136131256, "roll-out": 0.16479266374848164, "oneh-in": 0.011498442702313235, "dsfb-alt": 0.02893760684263506, "bad-redirect": 0.0027277751063356113}, "tr-quotes": {"alternate": 0.22977624188067775, "sfb": 0.014004530639606112, "sft": 0.0, "oneh-out": 0.013210512933126835, "dsfb-red": 0.01692979820161346, "sfT": 3.0050160652781953e-05, "dsfb": 0.0, "redirect": 0.05636254363052172, "roll-in": 0.3579586694713483, "sfR": 0.09677191928064538, "unknown": 0.013835787429786644, "roll-out": 0.1610399667136682, "oneh-in": 0.011638658375904394, "dsfb-alt": 0.025618917731906336, "bad-redirect": 0.002822403550542059}, "gutenberg": {"alternate": 0.21506208032649807, "sfb": 0.013359839327302425, "sft": 0.0, "oneh-out": 0.011865562022927155, "dsfb-red": 0.018915072840335483, "sfT": 0.00018451142171165222, "dsfb": 0.0, "redirect": 0.04972601758806821, "roll-in": 0.37135443128616585, "sfR": 0.09863878308844841, "unknown": 0.032975828246008664, "roll-out": 0.1523753667022429, "oneh-in": 0.010476232693529559, "dsfb-alt": 0.02249485963303065, "bad-redirect": 0.0025714148237309725}, "english-200": {"alternate": 0.23385300668151449, "sfb": 0.011135857461024499, "sft": 0.0, "oneh-out": 0.013363028953229399, "dsfb-red": 0.017817371937639197, "sfT": 0.0, "dsfb": 0.0, "redirect": 0.0467706013363029, "roll-in": 0.38084632516703787, "sfR": 0.10690423162583519, "unknown": 0.0, "roll-out": 0.1603563474387528, "oneh-in": 0.013363028953229399, "dsfb-alt": 0.015590200445434299, "bad-redirect": 0.0}, "monkeyracer": {"alternate": 0.22970072102225628, "sfb": 0.013878896413657194, "sft": 0.0, "oneh-out": 0.013330505028387318, "dsfb-red": 0.01682417848819932, "sfT": 3.03032672787275e-05, "dsfb": 0.0, "redirect": 0.05651852604907956, "roll-in": 0.35844268576880367, "sfR": 0.09690789370786869, "unknown": 0.013436077701487402, "roll-out": 0.16080282152744108, "oneh-in": 0.011704881367596228, "dsfb-alt": 0.02556618233573674, "bad-redirect": 0.0028563273222077983}, "chained-bigrams": {"alternate": 0.2491959984650437, "sfb": 0.01767407371815891, "sft": 0.0, "oneh-out": 0.0065508350382992376, "dsfb-red": 0.026600065320052022, "sfT": 6.752768797533162e-05, "dsfb": 0.0, "redirect": 0.05791797853268827, "roll-in": 0.30256364971570193, "sfR": 0.11914286586209158, "unknown": 0.022916559801936097, "roll-out": 0.13514887582632137, "oneh-in": 0.02143939162747572, "dsfb-alt": 0.03737462738026984, "bad-redirect": 0.0034075510239859647}, "english-5k": {"alternate": 0.22590948687103332, "sfb": 0.017920106193221885, "sft": 0.0, "oneh-out": 0.009167461733106567, "dsfb-red": 0.023686066287800223, "sfT": 4.148172729912474e-05, "dsfb": 0.0, "redirect": 0.0467913883934127, "roll-in": 0.33849089476085786, "sfR": 0.10644211224955408, "unknown": 0.002157049819554486, "roll-out": 0.1872899987555482, "oneh-in": 0.01095117600696893, "dsfb-alt": 0.03073795992865143, "bad-redirect": 0.00041481727299124733}, "mt-quotes": {"alternate": 0.2318284505325062, "sfb": 0.013033253248227968, "sft": 0.0, "oneh-out": 0.013666762290673073, "dsfb-red": 0.016202292585553602, "sfT": 1.792950120127658e-05, "dsfb": 0.0, "redirect": 0.05725337971097644, "roll-in": 0.36475329006347046, "sfR": 0.0964592223377679, "unknown": 0.007977133909467972, "roll-out": 0.15895399289991752, "oneh-in": 0.01159889315212584, "dsfb-alt": 0.02527611431849966, "bad-redirect": 0.0029792854496121252}, "wordle": {"alternate": 0.2181308201503422, "sfb": 0.03428699652193425, "sft": 0.0, "oneh-out": 0.012341523617188377, "dsfb-red": 0.033434309435655785, "sfT": 0.0001795130707954673, "dsfb": 0.0, "redirect": 0.05109390777515988, "roll-in": 0.2584315045439246, "sfR": 0.13138112868843263, "unknown": 0.0, "roll-out": 0.20558734432850892, "oneh-in": 0.011623471334006508, "dsfb-alt": 0.038842140693369234, "bad-redirect": 0.004667339840682149}, "english-1k": {"alternate": 0.20395201129146084, "sfb": 0.013408609738884969, "sft": 0.0, "oneh-out": 0.016231474947071278, "dsfb-red": 0.02328863796753705, "sfT": 0.0, "dsfb": 0.0, "redirect": 0.05187014820042343, "roll-in": 0.34262526464361326, "sfR": 0.10832745236414962, "unknown": 0.0, "roll-out": 0.20395201129146084, "oneh-in": 0.010938602681721948, "dsfb-alt": 0.025405786873676783, "bad-redirect": 0.0}, "english-10k": {"alternate": 0.22570000578915883, "sfb": 0.018062175565890275, "sft": 0.0, "oneh-out": 0.009822272823758707, "dsfb-red": 0.02250053067289323, "sfT": 9.64859805870207e-05, "dsfb": 0.0, "redirect": 0.046776403388587635, "roll-in": 0.3341502479689701, "sfR": 0.10567144593890508, "unknown": 0.0, "roll-out": 0.19082997240500954, "oneh-in": 0.009918758804345729, "dsfb-alt": 0.03270874741900002, "bad-redirect": 0.0037629532428938074}, "reddit": {"alternate": 0.22750104553004769, "sfb": 0.01518729549422903, "sft": 0.0, "oneh-out": 0.011838078344801857, "dsfb-red": 0.017155869848224436, "sfT": 5.573663093416729e-05, "dsfb": 0.0, "redirect": 0.05438808914190123, "roll-in": 0.33065149491599893, "sfR": 0.10397777127267367, "unknown": 0.039285409944231534, "roll-out": 0.15823726911484573, "oneh-in": 0.010968092464373786, "dsfb-alt": 0.02827809956817221, "bad-redirect": 0.002475747729565717}, "akl": {"alternate": 0.1890581000007091, "sfb": 0.021209919914507745, "sft": 0.0, "oneh-out": 0.008763786502301155, "dsfb-red": 0.0157248569324825, "sfT": 0.00012682412212098064, "dsfb": 0.0, "redirect": 0.044806124757627686, "roll-in": 0.27970120009518357, "sfR": 0.13064861186637447, "unknown": 0.13277008071454782, "roll-out": 0.14131357423558447, "oneh-in": 0.008621100099564225, "dsfb-alt": 0.02507987164795976, "bad-redirect": 0.0021759491110365328}, "french": {"alternate": 0.1686768772988788, "sfb": 0.04014528907404643, "sft": 0.0, "oneh-out": 0.015237743122088964, "dsfb-red": 0.02054911943271329, "sfT": 3.899772520261176e-05, "dsfb": 0.0, "redirect": 0.04262400426395105, "roll-in": 0.2500763212299706, "sfR": 0.10898279115633469, "unknown": 0.15807953387545715, "roll-out": 0.15321070608759885, "oneh-in": 0.013285984132165703, "dsfb-alt": 0.026082481642041844, "bad-redirect": 0.00301015095955004}, "keymash": {"alternate": 0.22777109595957523, "sfb": 0.014350629892493421, "sft": 0.0, "oneh-out": 0.013271048753555845, "dsfb-red": 0.017408758974274772, "sfT": 4.925845500855866e-05, "dsfb": 0.0, "redirect": 0.05466457044574797, "roll-in": 0.3604118006838716, "sfR": 0.099723742164827, "unknown": 0.01232282349464109, "roll-out": 0.1593962555364451, "oneh-in": 0.01186307791456121, "dsfb-alt": 0.02586889862199472, "bad-redirect": 0.0028980391030035343}, "movie": {"alternate": 0.2274797605814203, "sfb": 0.013887783101495228, "sft": 0.0, "oneh-out": 0.01358774002952266, "dsfb-red": 0.015840826623927197, "sfT": 2.763554610273659e-05, "dsfb": 0.0, "redirect": 0.057151625318845115, "roll-in": 0.3301984534885205, "sfR": 0.11567713207251198, "unknown": 0.030236445784519856, "roll-out": 0.15428767471751537, "oneh-in": 0.01154086724817997, "dsfb-alt": 0.026433268249428963, "bad-redirect": 0.003650787238010088}, "dutch": {"alternate": 0.19248874367495716, "sfb": 0.029896784251914176, "sft": 0.0, "oneh-out": 0.0059159428034918716, "dsfb-red": 0.02454749040783197, "sfT": 4.834142125715022e-05, "dsfb": 0.0, "redirect": 0.04004654619013836, "roll-in": 0.28133941526747597,