{"english-450k": {"dsfb-alt": 0.03687801153130355, "unknown": 0.00015377410175167997, "sfR": 0.11369548401129392, "dsfb": 0.0, "sfb": 0.036210000461907, "redirect": 0.04269540858597405, "oneh-in": 0.011370220797391804, "dsfb-red": 0.019988002111908956, "oneh-out": 0.00604893524590116, "alternate": 0.3117331393713738, "sft": 0.0, "roll-out": 0.18621225152765508, "sfT": 0.0005197915454648041, "bad-redirect": 0.00239080723217726, "roll-in": 0.23210417347589693}, "shai": {"dsfb-alt": 0.03311199368473136, "unknown": 0.020787679281206256, "sfR": 0.09823378925716947, "dsfb": 0.0, "sfb": 0.021230500493399713, "redirect": 0.03381816138242333, "oneh-in": 0.012218845763589857, "dsfb-red": 0.018021250402135473, "oneh-out": 0.008179749061271049, "alternate": 0.29066633886884363, "sft": 0.0, "roll-out": 0.19429963094877964, "sfT": 9.940370933787214e-05, "bad-redirect": 0.0024661045078496536, "roll-in": 0.26686655263926273}, "tr-quotes": {"dsfb-alt": 0.030266290654400035, "unknown": 0.013924782136335268, "sfR": 0.09677191928064538, "dsfb": 0.0, "sfb": 0.019881648598044428, "redirect": 0.03670973856360232, "oneh-in": 0.009945447400661103, "dsfb-red": 0.02185686877325998, "oneh-out": 0.011955340838168326, "alternate": 0.28028247151013613, "sft": 0.0, "roll-out": 0.2025611983079448, "sfT": 6.0100321305563905e-05, "bad-redirect": 0.0022606967014169805, "roll-in": 0.2735234969140797}, "gutenberg": {"dsfb-alt": 0.03431552513958649, "unknown": 0.033392589157472355, "sfR": 0.09863878308844841, "dsfb": 0.0, "sfb": 0.018950686954587837, "redirect": 0.03465935289154404, "oneh-in": 0.0090601927784427, "dsfb-red": 0.016734087215934817, "oneh-out": 0.011069169808475629, "alternate": 0.2625775601528073, "sft": 0.0, "roll-out": 0.20178161500915168, "sfT": 1.0797896342468354e-05, "bad-redirect": 0.003299609798124803, "roll-in": 0.2755100301090815}, "english-200": {"dsfb-alt": 0.022271714922048998, "unknown": 0.0, "sfR": 0.10690423162583519, "dsfb": 0.0, "sfb": 0.017817371937639197, "redirect": 0.028953229398663696, "oneh-in": 0.0066815144766146995, "dsfb-red": 0.024498886414253896, "oneh-out": 0.011135857461024499, "alternate": 0.30066815144766146, "sft": 0.0, "roll-out": 0.21158129175946547, "sfT": 0.0, "bad-redirect": 0.0022271714922048997, "roll-in": 0.267260579064588}, "monkeyracer": {"dsfb-alt": 0.030099942130534744, "unknown": 0.013203426810766849, "sfR": 0.09690789370786869, "dsfb": 0.0, "sfb": 0.019805628978525735, "redirect": 0.03673831271407792, "oneh-in": 0.009842696717080877, "dsfb-red": 0.021930767787040367, "oneh-out": 0.012050925129424277, "alternate": 0.27968253906188906, "sft": 0.0, "roll-out": 0.20347861957864774, "sfT": 6.451663356116176e-05, "bad-redirect": 0.0022825202934138294, "roll-in": 0.2739122104571688}, "chained-bigrams": {"dsfb-alt": 0.044805919581016665, "unknown": 0.020495302605205216, "sfR": 0.11914286586209158, "dsfb": 0.0, "sfb": 0.022665278886104815, "redirect": 0.04801802989268941, "oneh-in": 0.009516209566985194, "dsfb-red": 0.02870186460828422, "oneh-out": 0.006585248186978973, "alternate": 0.2722534573851591, "sft": 0.0, "roll-out": 0.15830373045024734, "sfT": 0.0001396005087951567, "bad-redirect": 0.004680188220444138, "roll-in": 0.26469230424599816}, "english-5k": {"dsfb-alt": 0.03613058447753764, "unknown": 0.002157049819554486, "sfR": 0.10644211224955408, "dsfb": 0.0, "sfb": 0.025594225743559962, "redirect": 0.03550835856805078, "oneh-in": 0.020118637740075496, "dsfb-red": 0.016136391919359522, "oneh-out": 0.006429667731364334, "alternate": 0.31957522711245695, "sft": 0.0, "roll-out": 0.18836852366532542, "sfT": 0.00020740863649562367, "bad-redirect": 0.0026963122744431078, "roll-in": 0.2406355000622226}, "mt-quotes": {"dsfb-alt": 0.029632983110409867, "unknown": 0.007993569285569142, "sfR": 0.0964592223377679, "dsfb": 0.0, "sfb": 0.018984353521951686, "redirect": 0.036465617193196354, "oneh-in": 0.009623659769785204, "dsfb-red": 0.02241785300199615, "oneh-out": 0.012490885836889351, "alternate": 0.2795044883518007, "sft": 0.0, "roll-out": 0.20510751724220366, "sfT": 4.781200320340421e-05, "bad-redirect": 0.0021933756469561683, "roll-in": 0.2790786626982704}, "wordle": {"dsfb-alt": 0.045349489509704924, "unknown": 0.0, "sfR": 0.13138112868843263, "dsfb": 0.0, "sfb": 0.04012117132278694, "redirect": 0.04321777179400875, "oneh-in": 0.0072254010995175585, "dsfb-red": 0.026882082351621227, "oneh-out": 0.008100527319645461, "alternate": 0.2853584651632447, "sft": 0.0, "roll-out": 0.20170537417255693, "sfT": 0.0003365870077415012, "bad-redirect": 0.0012790306294177044, "roll-in": 0.20904297094132165}, "english-1k": {"dsfb-alt": 0.029992942836979536, "unknown": 0.0, "sfR": 0.10832745236414962, "dsfb": 0.0, "sfb": 0.017290049400141144, "redirect": 0.040578687367678196, "oneh-in": 0.009880028228652082, "dsfb-red": 0.016937191249117856, "oneh-out": 0.01305575158786168, "alternate": 0.2836979534227241, "sft": 0.0, "roll-out": 0.22300635144671843, "sfT": 0.00035285815102328866, "bad-redirect": 0.0017642907551164433, "roll-in": 0.25511644318983767}, "english-10k": {"dsfb-alt": 0.03612435113178055, "unknown": 0.0, "sfR": 0.10567144593890508, "dsfb": 0.0, "sfb": 0.026302078308021844, "redirect": 0.03720499411435518, "oneh-in": 0.018911252195056058, "dsfb-red": 0.01653769707261535, "oneh-out": 0.005789158835221242, "alternate": 0.3118040948650161, "sft": 0.0, "roll-out": 0.18199185658323846, "sfT": 0.00011578317670442484, "bad-redirect": 0.0016788560622141603, "roll-in": 0.2578684317168715}, "reddit": {"dsfb-alt": 0.03190292836438272, "unknown": 0.03880003678317982, "sfR": 0.10397777127267367, "dsfb": 0.0, "sfb": 0.019724811621986527, "redirect": 0.03290873482529956, "oneh-in": 0.011023829095307953, "dsfb-red": 0.020128789824019454, "oneh-out": 0.010100316571328186, "alternate": 0.27879942248160233, "sft": 0.0, "roll-out": 0.19185237583944403, "sfT": 0.0001934675394993105, "bad-redirect": 0.0020497071111213495, "roll-in": 0.2585378086701551}, "akl": {"dsfb-alt": 0.028449519144352016, "unknown": 0.13155799987315117, "sfR": 0.13064861186637447, "dsfb": 0.0, "sfb": 0.023861688028818353, "redirect": 0.024467098405660432, "oneh-in": 0.009064502728744648, "dsfb-red": 0.017970975633782735, "oneh-out": 0.00829424322998728, "alternate": 0.23837239856435982, "sft": 0.0, "roll-out": 0.1645428217707479, "sfT": 0.00022763113911953916, "bad-redirect": 0.0015101039391997302, "roll-in": 0.2210324056757019}, "french": {"dsfb-alt": 0.028292018142466884, "unknown": 0.15508195267827551, "sfR": 0.10898279115633469, "dsfb": 0.0, "sfb": 0.05145343083573653, "redirect": 0.031981835180211964, "oneh-in": 0.013156556030734522, "dsfb-red": 0.015480149266452489, "oneh-out": 0.014837518292637342, "alternate": 0.2251159792796981, "sft": 0.0, "roll-out": 0.173626756832164, "sfT": 0.00012490358625208385, "bad-redirect": 0.0018140459318892969, "roll-in": 0.18005206278714658}, "keymash": {"dsfb-alt": 0.029776736052673707, "unknown": 0.011928755854572622, "sfR": 0.099723742164827, "dsfb": 0.0, "sfb": 0.020142603227249777, "redirect": 0.03657850771510551, "oneh-in": 0.009309847996617587, "dsfb-red": 0.021956956320065023, "oneh-out": 0.012097055575851863, "alternate": 0.2773456260544388, "sft": 0.0, "roll-out": 0.20784605090861324, "sfT": 5.3363326259271875e-05, "bad-redirect": 0.0026106981154536088, "roll-in": 0.27063005668827195}, "movie": {"dsfb-alt": 0.03270574762771866, "unknown": 0.029220115677132074, "sfR": 0.11567713207251198, "dsfb": 0.0, "sfb": 0.017186546121291887, "redirect": 0.03521610799655582, "oneh-in": 0.007080621705036868, "dsfb-red": 0.02749592079599848, "oneh-out": 0.015491171166808287, "alternate": 0.26865659267665926, "sft": 0.0, "roll-out": 0.20891880663395232, "sfT": 8.409101885546991e-05, "bad-redirect": 0.0017255108595194389, "roll-in": 0.24054163564795947}, "dutch": {"dsfb-alt": 0.02770915563208578, "unknown": 0.07218598866938768, "sfR": 0.18880787437283908, "dsfb": 0.0, "sfb": 0.034525833953171006, "redirect": 0.033964187685352865,