{"english-450k": {"roll-in": 0.17102223526735938, "oneh-in": 0.0058492627905848155, "dsfb": 0.0, "alternate": 0.3614509960527416, "oneh-out": 0.009240478722751142, "bad-redirect": 0.0012120673495484128, "sfR": 0.11369548401129392, "sft": 0.0, "dsfb-alt": 0.04879988961007448, "redirect": 0.04075101400279834, "roll-out": 0.19908220833642734, "sfb": 0.03422993964220333, "sfT": 0.0005089747360259978, "dsfb-red": 0.014003675376439586, "unknown": 0.00015377410175167997}, "shai": {"roll-in": 0.18909230940481472, "oneh-in": 0.00869085202560167, "dsfb": 0.0, "alternate": 0.3785062381700955, "oneh-out": 0.007912872762942415, "bad-redirect": 0.000654919614705448, "sfR": 0.09823378925716947, "sft": 0.0, "dsfb-alt": 0.04409067144780847, "redirect": 0.0415490707458092, "roll-out": 0.17244740733699462, "sfb": 0.023986831475898345, "sfT": 0.0003377550947739263, "dsfb-red": 0.011236520527254955, "unknown": 0.023260762136131256}, "tr-quotes": {"roll-in": 0.2112618755923349, "oneh-in": 0.01032685328586949, "dsfb": 0.0, "alternate": 0.37777328309562885, "oneh-out": 0.004920135919188183, "bad-redirect": 0.0004992949770000693, "sfR": 0.09677191928064538, "sft": 0.0, "dsfb-alt": 0.04082892212385289, "redirect": 0.04582880654631192, "roll-out": 0.161969210143085, "sfb": 0.023411386699336584, "sfT": 0.0002750745475139271, "dsfb-red": 0.012297450359446153, "unknown": 0.013835787429786644}, "gutenberg": {"roll-in": 0.22232906456497928, "oneh-in": 0.010231669813211549, "dsfb": 0.0, "alternate": 0.3724950301261308, "oneh-out": 0.004244709883257691, "bad-redirect": 0.0006976956531458061, "sfR": 0.09863878308844841, "sft": 0.0, "dsfb-alt": 0.04374417245111868, "redirect": 0.03484613755459094, "roll-out": 0.14828485835622676, "sfb": 0.022058397296661404, "sfT": 0.00041903415279894736, "dsfb-red": 0.009034618813421066, "unknown": 0.032975828246008664}, "english-200": {"roll-in": 0.23608017817371937, "oneh-in": 0.015590200445434299, "dsfb": 0.0, "alternate": 0.3830734966592428, "oneh-out": 0.0022271714922048997, "bad-redirect": 0.0, "sfR": 0.10690423162583519, "sft": 0.0, "dsfb-alt": 0.053452115812917596, "redirect": 0.0378619153674833, "roll-out": 0.1492204899777283, "sfb": 0.008908685968819599, "sfT": 0.0, "dsfb-red": 0.0066815144766146995, "unknown": 0.0}, "monkeyracer": {"roll-in": 0.21183156857531632, "oneh-in": 0.01045071711215728, "dsfb": 0.0, "alternate": 0.37748975554061026, "oneh-out": 0.004820174546819525, "bad-redirect": 0.0005239532664967077, "sfR": 0.09690789370786869, "sft": 0.0, "dsfb-alt": 0.040664052113799525, "redirect": 0.04608931448144267, "roll-out": 0.16174613291208534, "sfb": 0.02343224580446377, "sfT": 0.00027859455401410766, "dsfb-red": 0.012329519683438385, "unknown": 0.013436077701487402}, "chained-bigrams": {"roll-in": 0.17541420769568908, "oneh-in": 0.007926711680796618, "dsfb": 0.0, "alternate": 0.3757104204962116, "oneh-out": 0.00426528252221109, "bad-redirect": 0.0022784101644753715, "sfR": 0.11914286586209158, "sft": 0.0, "dsfb-alt": 0.05691025765059486, "redirect": 0.031728923082716874, "roll-out": 0.16425915308591796, "sfb": 0.02390285362919118, "sfT": 0.0001597289542493421, "dsfb-red": 0.01538462537391834, "unknown": 0.022916559801936097}, "english-5k": {"roll-in": 0.17384991911063177, "oneh-in": 0.007342265731945078, "dsfb": 0.0, "alternate": 0.370805160326876, "oneh-out": 0.014352677645497159, "bad-redirect": 0.00078815281868337, "sfR": 0.10644211224955408, "sft": 0.0, "dsfb-alt": 0.048367694030779444, "redirect": 0.043306923300286224, "roll-out": 0.19110631766706765, "sfb": 0.029037209109387317, "sfT": 0.00020740863649562367, "dsfb-red": 0.012237109553241797, "unknown": 0.002157049819554486}, "mt-quotes": {"roll-in": 0.2168274345274381, "oneh-in": 0.010951936983779777, "dsfb": 0.0, "alternate": 0.3817175864500783, "oneh-out": 0.004416633795914464, "bad-redirect": 0.0004990377834355315, "sfR": 0.0964592223377679, "sft": 0.0, "dsfb-alt": 0.03981992804293518, "redirect": 0.04702011690034783, "roll-out": 0.15954118406425932, "sfb": 0.02219971073738062, "sfT": 0.0002450365164174466, "dsfb-red": 0.012325037950777542, "unknown": 0.007977133909467972}, "wordle": {"roll-in": 0.17374621339616292, "oneh-in": 0.009289801413665432, "dsfb": 0.0, "alternate": 0.33685627734769436, "oneh-out": 0.006148322674744755, "bad-redirect": 0.0016156176371592056, "sfR": 0.13138112868843263, "sft": 0.0, "dsfb-alt": 0.05169976438909458, "redirect": 0.0388870189610681, "roll-out": 0.18716481543812408, "sfb": 0.043711432738696286, "sfT": 0.0006507348816335689, "dsfb-red": 0.018848872433524066, "unknown": 0.0}, "english-1k": {"roll-in": 0.2173606210303458, "oneh-in": 0.01305575158786168, "dsfb": 0.0, "alternate": 0.3786167960479887, "oneh-out": 0.005998588567395907, "bad-redirect": 0.0, "sfR": 0.10832745236414962, "sft": 0.0, "dsfb-alt": 0.04693013408609739, "redirect": 0.034227240649259, "roll-out": 0.1587861679604799, "sfb": 0.025405786873676783, "sfT": 0.00035285815102328866, "dsfb-red": 0.010938602681721948, "unknown": 0.0}, "english-10k": {"roll-in": 0.16375600625229153, "oneh-in": 0.006136508365334517, "dsfb": 0.0, "alternate": 0.3680747187433666, "oneh-out": 0.01439570830358349, "bad-redirect": 0.0008297794330483781, "sfR": 0.10567144593890508, "sft": 0.0, "dsfb-alt": 0.046718511800235424, "redirect": 0.043534474440863745, "roll-out": 0.20883425638254763, "sfb": 0.03020011192373748, "sfT": 0.00030875513787846626, "dsfb-red": 0.011539723278207676, "unknown": 0.0}, "reddit": {"roll-in": 0.19991190016400728, "oneh-in": 0.010630413883814971, "dsfb": 0.0, "alternate": 0.3570772130261151, "oneh-out": 0.005699632374217538, "bad-redirect": 0.0005588646058721612, "sfR": 0.10397777127267367, "sft": 0.0, "dsfb-alt": 0.04095649752209847, "redirect": 0.042889000387122365, "roll-out": 0.16106440483822423, "sfb": 0.023832990878932585, "sfT": 0.0004309100821684546, "dsfb-red": 0.013684991020521606, "unknown": 0.039285409944231534}, "akl": {"roll-in": 0.1730127360524165, "oneh-in": 0.00997517553083604, "dsfb": 0.0, "alternate": 0.3004486678192104, "oneh-out": 0.00469118301555939, "bad-redirect": 0.0005661252893352872, "sfR": 0.13064861186637447, "sft": 0.0, "dsfb-alt": 0.033779023062891246, "redirect": 0.03605721223185426, "roll-out": 0.1316045984109108, "sfb": 0.030212974836567243, "sfT": 0.0014169315712826802, "dsfb-red": 0.014816704305816074, "unknown": 0.1327700560069456}, "french": {"roll-in": 0.15602555380253066, "oneh-in": 0.011893392294657763, "dsfb": 0.0, "alternate": 0.2810329791761586, "oneh-out": 0.009964046134893207, "bad-redirect": 0.0027104992108841017, "sfR": 0.10898279115633469, "sft": 0.0, "dsfb-alt": 0.038674132476276296, "redirect": 0.034710357542620744, "roll-out": 0.15693294382351466, "sfb": 0.030531263628322883, "sfT": 0.00034077689491302616, "dsfb-red": 0.010121834856304619, "unknown": 0.15807942900258876}, "keymash": {"roll-in": 0.2109082848616453, "oneh-in": 0.01050026065932442, "dsfb": 0.0, "alternate": 0.37674097851920874, "oneh-out": 0.005106459835887247, "bad-redirect": 0.0005336332625927188, "sfR": 0.099723742164827, "sft": 0.0, "dsfb-alt": 0.04037961849326596, "redirect": 0.04438186796271135, "roll-out": 0.16297980813831775, "sfb": 0.023245885892788972, "sfT": 0.00061162581635627, "dsfb-red": 0.012565010898433171, "unknown": 0.01232282349464109}, "movie": {"roll-in": 0.20980090694598397, "oneh-in": 0.010868665488690548, "dsfb": 0.0, "alternate": 0.33686046246902024, "oneh-out": 0.003518926203748459, "bad-redirect": 0.0006345647776542659, "sfR": 0.11567713207251198, "sft": 0.0, "dsfb-alt": 0.042246722522930595, "redirect": 0.05427989728525503, "roll-out": 0.15040856522956125, "sfb": 0.025502871530636833, "sfT": 0.00028372493998809567, "dsfb-red": 0.019681114749498907, "unknown": 0.030236445784519856}, "dutch": {"roll-in": 0.1479197642860824, "oneh-in": 0.0032173403403530122, "dsfb": 0.0, "alternate": 0.25137668155436604, "oneh-out": 0.008567172108262263, "bad-redirect": 0.0013402551458779489, "sfR": 0.18880787437283908, "sft": 0.0,