{"english-450k": {"sft": 0.0, "dsfb": 0.0, "roll-in": 0.2883904646024296, "bad-redirect": 0.0018110847154974474, "oneh-in": 0.012032969635169482, "oneh-out": 0.007601585919671449, "dsfb-red": 0.0291410693205465, "alternate": 0.249374232956655, "redirect": 0.05898289248500702, "sfR": 0.11369548401129392, "sfT": 0.00016283683398419342, "roll-out": 0.16354811229134522, "unknown": 0.00015377410175167997, "dsfb-alt": 0.03548527422950697, "sfb": 0.0396202188971415}, "shai": {"sft": 0.0, "dsfb": 0.0, "roll-in": 0.355036021120666, "bad-redirect": 0.0010071810016803768, "oneh-in": 0.016887716034608268, "oneh-out": 0.005720580325999889, "dsfb-red": 0.021911653738985203, "alternate": 0.23334306096079646, "redirect": 0.0456204427871526, "sfR": 0.09823378925716947, "sfT": 6.716320399252794e-05, "roll-out": 0.13879072328032319, "unknown": 0.023621906111313578, "dsfb-alt": 0.03421719278939743, "sfb": 0.025542569387914972}, "tr-quotes": {"sft": 0.0, "dsfb": 0.0, "roll-in": 0.37490696007951735, "bad-redirect": 0.0007524097917292711, "oneh-in": 0.01923210281778045, "oneh-out": 0.0063752571600286636, "dsfb-red": 0.021626869466725224, "alternate": 0.2280645384988789, "redirect": 0.04662166847738147, "sfR": 0.09677191928064538, "sfT": 6.587919835417581e-05, "roll-out": 0.13388849078846998, "unknown": 0.01476965396084233, "dsfb-alt": 0.0344109012736645, "sfb": 0.022513349205982292}, "gutenberg": {"sft": 0.0, "dsfb": 0.0, "roll-in": 0.3814362566080284, "bad-redirect": 0.001068423427570553, "oneh-in": 0.0192696984886355, "oneh-out": 0.0072383792850125575, "dsfb-red": 0.017552264659849215, "alternate": 0.20993478449482705, "redirect": 0.03609263155342326, "sfR": 0.09863878308844841, "sfT": 0.00021046426028916386, "roll-out": 0.12193590747604667, "unknown": 0.03802431837805746, "dsfb-alt": 0.039711442322373655, "sfb": 0.028886645957438103}, "english-200": {"sft": 0.0, "dsfb": 0.0, "roll-in": 0.42538975501113585, "bad-redirect": 0.0, "oneh-in": 0.017817371937639197, "oneh-out": 0.004454342984409799, "dsfb-red": 0.0200445434298441, "alternate": 0.23162583518930957, "redirect": 0.031180400890868598, "sfR": 0.10690423162583519, "sfT": 0.0, "roll-out": 0.11581291759465479, "unknown": 0.0, "dsfb-alt": 0.0400890868596882, "sfb": 0.0066815144766146995}, "monkeyracer": {"sft": 0.0, "dsfb": 0.0, "roll-in": 0.3758631543550683, "bad-redirect": 0.0007624693057228209, "oneh-in": 0.019347169870341116, "oneh-out": 0.0063196975147410735, "dsfb-red": 0.021554420757933592, "alternate": 0.22754625647121385, "redirect": 0.0465555937876347, "sfR": 0.09690789370786869, "sfT": 6.256158405930838e-05, "roll-out": 0.13381531820385692, "unknown": 0.014352018393105714, "dsfb-alt": 0.03449684846020301, "sfb": 0.022416597588250934}, "chained-bigrams": {"sft": 0.0, "dsfb": 0.0, "roll-in": 0.3250029705689662, "bad-redirect": 0.0033991100629890483, "oneh-in": 0.01895839839907435, "oneh-out": 0.003721814494948085, "dsfb-red": 0.028453180911221218, "alternate": 0.2407102354443744, "redirect": 0.05455717744653138, "sfR": 0.11914286586209158, "sfT": 0.00015193729794449613, "roll-out": 0.11149340728480907, "unknown": 0.02365222201805197, "dsfb-alt": 0.044422180508003006, "sfb": 0.02633449970099519}, "english-5k": {"sft": 0.0, "dsfb": 0.0, "roll-in": 0.32409673538806155, "bad-redirect": 0.0007051893640851205, "oneh-in": 0.015223793918778778, "oneh-out": 0.005682996639980089, "dsfb-red": 0.024764591197577467, "alternate": 0.25345335379765216, "redirect": 0.05525366076243415, "sfR": 0.10644211224955408, "sfT": 0.0, "roll-out": 0.14933421827684903, "unknown": 0.002157049819554486, "dsfb-alt": 0.03256315592981292, "sfb": 0.030323142655660183}, "mt-quotes": {"sft": 0.0, "dsfb": 0.0, "roll-in": 0.38390498559663405, "bad-redirect": 0.0007440742998529781, "oneh-in": 0.019834510703912216, "oneh-out": 0.006184183789340314, "dsfb-red": 0.02112991716570445, "alternate": 0.22849953980946916, "redirect": 0.0463567253559006, "sfR": 0.0964592223377679, "sfT": 6.723562950478718e-05, "roll-out": 0.13240637812122732, "unknown": 0.008869126594231481, "dsfb-alt": 0.03439774805464912, "sfb": 0.02114635254180562}, "wordle": {"sft": 0.0, "dsfb": 0.0, "roll-in": 0.26195444855828565, "bad-redirect": 0.0034556266128127453, "oneh-in": 0.015101537080668687, "oneh-out": 0.010658588578480871, "dsfb-red": 0.03242454841243128, "alternate": 0.22751037809940536, "redirect": 0.04692022887916526, "sfR": 0.13138112868843263, "sfT": 0.0006282957477841356, "roll-out": 0.1815999102434646, "unknown": 0.0, "dsfb-alt": 0.043711432738696286, "sfb": 0.04465387636037249}, "english-1k": {"sft": 0.0, "dsfb": 0.0, "roll-in": 0.3722653493295695, "bad-redirect": 0.0017642907551164433, "oneh-in": 0.022935779816513763, "oneh-out": 0.007410021171489062, "dsfb-red": 0.02117148906139732, "alternate": 0.21418489767113622, "redirect": 0.046224417784050814, "sfR": 0.10832745236414962, "sfT": 0.0, "roll-out": 0.13796753705010587, "unknown": 0.0, "dsfb-alt": 0.03881439661256175, "sfb": 0.02893436838390967}, "english-10k": {"sft": 0.0, "dsfb": 0.0, "roll-in": 0.3197352424692692, "bad-redirect": 0.0011964261592790567, "oneh-in": 0.012794041025838946, "oneh-out": 0.007236448544026553, "dsfb-red": 0.025086354952625383, "alternate": 0.24665676077265974, "redirect": 0.053433936049092065, "sfR": 0.10567144593890508, "sfT": 0.0, "roll-out": 0.1635630342911175, "unknown": 0.0, "dsfb-alt": 0.03128075490631211, "sfb": 0.03334555489087435}, "reddit": {"sft": 0.0, "dsfb": 0.0, "roll-in": 0.3523540579582301, "bad-redirect": 0.0011132717795661197, "oneh-in": 0.016275058775363584, "oneh-out": 0.005488597307898252, "dsfb-red": 0.021840968184235036, "alternate": 0.22906710252112739, "redirect": 0.04478505718904213, "sfR": 0.10397777127267367, "sfT": 6.918384229530039e-05, "roll-out": 0.13122152183102323, "unknown": 0.041217688064775854, "dsfb-alt": 0.031729200881672595, "sfb": 0.02086052039209671}, "akl": {"sft": 0.0, "dsfb": 0.0, "roll-in": 0.2957167172600119, "bad-redirect": 0.0015252991145561306, "oneh-in": 0.01173092245116314, "oneh-out": 0.004337913719224736, "dsfb-red": 0.02024466801914434, "alternate": 0.1956351401698099, "redirect": 0.03392969002114057, "sfR": 0.13064861186637447, "sfT": 0.00021129941406168446, "roll-out": 0.12096088457959756, "unknown": 0.13295000147380848, "dsfb-alt": 0.02822722484730887, "sfb": 0.023881627063798216}, "french": {"sft": 0.0, "dsfb": 0.0, "roll-in": 0.25755512009344234, "bad-redirect": 0.002508768757617422, "oneh-in": 0.027726978109421745, "oneh-out": 0.005204316093836827, "dsfb-red": 0.020102735559331876, "alternate": 0.18282708877576703, "redirect": 0.051240224294300356, "sfR": 0.10898279115633469, "sfT": 7.54035923721648e-05, "roll-out": 0.11637911499973715, "unknown": 0.15822382396052298, "dsfb-alt": 0.029245237606937178, "sfb": 0.03992839700037828}, "keymash": {"sft": 0.0, "dsfb": 0.0, "roll-in": 0.3755300415002483, "bad-redirect": 0.0009523301301654673, "oneh-in": 0.019473509213383523, "oneh-out": 0.006534955031135449, "dsfb-red": 0.021296072048700192, "alternate": 0.22423269694146042, "redirect": 0.044985284036566195, "sfR": 0.099723742164827, "sfT": 8.209742501426443e-05, "roll-out": 0.13503794953471285, "unknown": 0.013394194891077241, "dsfb-alt": 0.03547429734866366, "sfb": 0.023282829734045392}, "movie": {"sft": 0.0, "dsfb": 0.0, "roll-in": 0.3490485278873586, "bad-redirect": 0.0009981696056631287, "oneh-in": 0.018238802438613227, "oneh-out": 0.006284849575116639, "dsfb-red": 0.02631812014066756, "alternate": 0.2196712712311728, "redirect": 0.04706557217621635, "sfR": 0.11567713207251198, "sfT": 4.5927645665976524e-05, "roll-out": 0.12946490081668302, "unknown": 0.030451476652766863, "dsfb-alt": 0.03627046987929451, "sfb": 0.020464779878269366}, "dutch": {"sft": 0.0, "dsfb": 0.0, "roll-in": 0.2670864779613146, "bad-redirect": 0.005744703718549073, "oneh-in": 0.005360805413980978, "oneh-out": 0.0165875267155386, "dsfb-red": 0.021118620487890455, "alternate": 0.17287815677460014, "redirect": 0.03997143409308858, "sfR": 0.18880787437283908,