{"english-450k": {"sfb": 0.03023678288207748, "dsfb-red": 0.015228898305035196, "sfR": 0.11369548401129392, "oneh-in": 0.0048506081678020415, "redirect": 0.030052897121617773, "dsfb-alt": 0.05978625984548919, "bad-redirect": 0.0017336129722195098, "alternate": 0.34854508066124035, "oneh-out": 0.007056944947117495, "dsfb": 0.0, "sft": 0.0, "sfT": 0.00016459091119048637, "unknown": 0.00015377410175167997, "roll-in": 0.19200158334702488, "roll-out": 0.19649348272614}, "shai": {"sfb": 0.01913471670000895, "dsfb-red": 0.012339563814216662, "sfR": 0.09823378925716947, "oneh-in": 0.0038502168822277948, "redirect": 0.028130994295636688, "dsfb-alt": 0.04825979453393001, "bad-redirect": 0.0009624855208006606, "alternate": 0.31955991594091343, "oneh-out": 0.017424832016517046, "dsfb": 0.0, "sft": 0.0, "sfT": 3.625411927609112e-05, "unknown": 0.024097749651430984, "roll-in": 0.16362537554576634, "roll-out": 0.2643443117221059}, "tr-quotes": {"sfb": 0.01737939483599547, "dsfb-red": 0.012804835764314279, "sfR": 0.09677191928064538, "oneh-in": 0.0039030535586324867, "redirect": 0.02826448764476087, "dsfb-alt": 0.042450475023693396, "bad-redirect": 0.0009581378146598553, "alternate": 0.32757564550056634, "oneh-out": 0.02702202907930931, "dsfb": 0.0, "sft": 0.0, "sfT": 2.195973278472527e-05, "unknown": 0.013894731975682485, "roll-in": 0.16041700376782783, "roll-out": 0.2685363260211276}, "gutenberg": {"sfb": 0.01777996766693074, "dsfb-red": 0.009433383230980643, "sfR": 0.09863878308844841, "oneh-in": 0.0037226221232604492, "redirect": 0.025243208407355753, "dsfb-alt": 0.044113005857764044, "bad-redirect": 0.0011875791608935808, "alternate": 0.3041924632199024, "oneh-out": 0.01764262600292566, "dsfb": 0.0, "sft": 0.0, "sfT": 0.00017314521503536973, "unknown": 0.03298207965968062, "roll-in": 0.14768907968961162, "roll-out": 0.2972020566772107}, "english-200": {"sfb": 0.017817371937639197, "dsfb-red": 0.008908685968819599, "sfR": 0.10690423162583519, "oneh-in": 0.004454342984409799, "redirect": 0.035634743875278395, "dsfb-alt": 0.042316258351893093, "bad-redirect": 0.0, "alternate": 0.3184855233853007, "oneh-out": 0.017817371937639197, "dsfb": 0.0, "sft": 0.0, "sfT": 0.0, "unknown": 0.0, "roll-in": 0.19599109131403117, "roll-out": 0.2516703786191537}, "monkeyracer": {"sfb": 0.017376479972472905, "dsfb-red": 0.012760608098597057, "sfR": 0.09690789370786869, "oneh-in": 0.003954087617498475, "redirect": 0.02822211708400457, "dsfb-alt": 0.04241186636845645, "bad-redirect": 0.0009687270281683532, "alternate": 0.3273124325507922, "oneh-out": 0.027584770946400362, "dsfb": 0.0, "sft": 0.0, "sfT": 1.955049501853387e-05, "unknown": 0.013491796612290222, "roll-in": 0.16012344182554702, "roll-out": 0.2688662276928852}, "chained-bigrams": {"sfb": 0.020208959236002126, "dsfb-red": 0.019644064153900794, "sfR": 0.11914286586209158, "oneh-in": 0.005026267621317712, "redirect": 0.03397616662197286, "dsfb-alt": 0.06201184461619275, "bad-redirect": 0.006441751850031394, "alternate": 0.31634384319551406, "oneh-out": 0.012551059697722694, "dsfb": 0.0, "sft": 0.0, "sfT": 5.9086726978415166e-05, "unknown": 0.023159399756770463, "roll-in": 0.13270878879352047, "roll-out": 0.24872590186798466}, "english-5k": {"sfb": 0.02206827892313436, "dsfb-red": 0.015431202555274401, "sfR": 0.10644211224955408, "oneh-in": 0.005102252457792342, "redirect": 0.029908325382668934, "dsfb-alt": 0.05342846476127266, "bad-redirect": 0.001244451818973742, "alternate": 0.3401086821255237, "oneh-out": 0.0070933753681503295, "dsfb": 0.0, "sft": 0.0, "sfT": 0.0, "unknown": 0.002157049819554486, "roll-in": 0.1977433940349276, "roll-out": 0.21927241050317337}, "mt-quotes": {"sfb": 0.01692544913400509, "dsfb-red": 0.01258650984329616, "sfR": 0.0964592223377679, "oneh-in": 0.003969890390982656, "redirect": 0.02810150488280083, "dsfb-alt": 0.04190722080778379, "bad-redirect": 0.0008710749333620205, "alternate": 0.32978030384528034, "oneh-out": 0.02945966459879753, "dsfb": 0.0, "sft": 0.0, "sfT": 7.470625500531909e-06, "unknown": 0.007995063410669249, "roll-in": 0.15887032189431158, "roll-out": 0.27306630329544235}, "wordle": {"sfb": 0.03789969707169303, "dsfb-red": 0.017188376528665995, "sfR": 0.13138112868843263, "oneh-in": 0.002670256928082576, "redirect": 0.0280713564456412, "dsfb-alt": 0.060540783125771346, "bad-redirect": 0.0006058566139347021, "alternate": 0.3181869179849658, "oneh-out": 0.015976663300796588, "dsfb": 0.0, "sft": 0.0, "sfT": 0.00022439133849433412, "unknown": 0.0, "roll-in": 0.16526422080107708, "roll-out": 0.22199035117244476}, "english-1k": {"sfb": 0.017290049400141144, "dsfb-red": 0.014114326040931546, "sfR": 0.10832745236414962, "oneh-in": 0.006351446718419196, "redirect": 0.03175723359209598, "dsfb-alt": 0.04516584333098095, "bad-redirect": 0.0, "alternate": 0.30875088214537755, "oneh-out": 0.009527170077628794, "dsfb": 0.0, "sft": 0.0, "sfT": 0.0, "unknown": 0.0, "roll-in": 0.21877205363443897, "roll-out": 0.2399435426958363}, "english-10k": {"sfb": 0.022481233476775823, "dsfb-red": 0.013893981204530982, "sfR": 0.10567144593890508, "oneh-in": 0.004862893421585844, "redirect": 0.028540553057640725, "dsfb-alt": 0.05518998089577584, "bad-redirect": 0.0010034541981050154, "alternate": 0.34144458810134887, "oneh-out": 0.010709943845159298, "dsfb": 0.0, "sft": 0.0, "sfT": 7.718878446961657e-05, "unknown": 0.0, "roll-in": 0.19607880974894348, "roll-out": 0.22004592732675943}, "reddit": {"sfb": 0.01772413626482541, "dsfb-red": 0.012910259342019333, "sfR": 0.10397777127267367, "oneh-in": 0.0036971590612198345, "redirect": 0.026850597548749418, "dsfb-alt": 0.04454480534037832, "bad-redirect": 0.0009820584609086006, "alternate": 0.3158337917184281, "oneh-out": 0.02119302984962534, "dsfb": 0.0, "sft": 0.0, "sfT": 4.6447192445139405e-05, "unknown": 0.04519937363713543, "roll-in": 0.15810710460375957, "roll-out": 0.2489334657078318}, "akl": {"sfb": 0.022752687303823182, "dsfb-red": 0.012685426539567137, "sfR": 0.13064861186637447, "oneh-in": 0.0038705447159049482, "redirect": 0.02103884447683666, "dsfb-alt": 0.03968090329412377, "bad-redirect": 0.000982695462520507, "alternate": 0.2680698245733065, "oneh-out": 0.018028297270899562, "dsfb": 0.0, "sft": 0.0, "sfT": 0.0001621807008770927, "unknown": 0.13920166722946467, "roll-in": 0.14053970742690508, "roll-out": 0.2023386091393964}, "french": {"sfb": 0.05113307418648281, "dsfb-red": 0.011942577669932513, "sfR": 0.10898279115633469, "oneh-in": 0.0014989628897317372, "redirect": 0.01867250934391039, "dsfb-alt": 0.04323033424346503, "bad-redirect": 0.0017234657372773143, "alternate": 0.2430853909502475, "oneh-out": 0.0141562941032548, "dsfb": 0.0, "sft": 0.0, "sfT": 5.5312947156374424e-05, "unknown": 0.15842537463172957, "roll-in": 0.11377444749489656, "roll-out": 0.2333194646455807}, "keymash": {"sfb": 0.01814353092815244, "dsfb-red": 0.012913924954743795, "sfR": 0.099723742164827, "oneh-in": 0.003874998460673281, "redirect": 0.028241514204906962, "dsfb-alt": 0.0420051475085484, "bad-redirect": 0.001038532426430445, "alternate": 0.32434640187510516, "oneh-out": 0.026131610382040368, "dsfb": 0.0, "sft": 0.0, "sfT": 2.873409875499255e-05, "unknown": 0.012376186820900362, "roll-in": 0.16046352206163053, "roll-out": 0.27071215411328625}, "movie": {"sfb": 0.01451247804125566, "dsfb-red": 0.013676436972728585, "sfR": 0.11567713207251198, "oneh-in": 0.002328623753752019, "redirect": 0.02567394872079663, "dsfb-alt": 0.04542152037878069, "bad-redirect": 0.0006760180968083708, "alternate": 0.31596627884344974, "oneh-out": 0.037262849180059926, "dsfb": 0.0, "sft": 0.0, "sfT": 1.6449729823057495e-05, "unknown": 0.030282373430185833, "roll-in": 0.15820955350300944, "roll-out": 0.24029633727683802}, "dutch": {"sfb": 0.03379694716752443, "dsfb-red": 0.009156270422053959, "sfR": 0.18880787437283908, "oneh-in": 0.002951821139323383, "redirect": 0.02036524023731908, "dsfb-alt": 0.05195981967215407, "bad-redirect": 0.00157782023869545, "alternate": 0.26105681806078535,