{"monkeyracer": {"dsfb-alt": 0.04340307646589612, "roll-in": 0.23477896210332044, "dsfb": 0.0, "sfR": 0.09690789370786869, "sfT": 0.00012414564336769008, "redirect": 0.02946064094342869, "sfb": 0.02223184541032579, "oneh-out": 0.008480027214289065, "sft": 0.0, "oneh-in": 0.009553349390806576, "roll-out": 0.24887682406118522, "dsfb-red": 0.022992359666546756, "unknown": 0.013436077701487402, "alternate": 0.2672865476953876, "bad-redirect": 0.002468249996089901}, "english-450k": {"dsfb-alt": 0.05171662765793857, "roll-in": 0.23347556950501697, "dsfb": 0.0, "sfR": 0.11369548401129392, "sfT": 0.00040285306504527564, "redirect": 0.036331324135342256, "sfb": 0.0379699245922209, "oneh-out": 0.004718175338726926, "sft": 0.0, "oneh-in": 0.01037682840622791, "roll-out": 0.17625377053512803, "dsfb-red": 0.016476631891111565, "unknown": 0.00015377410175167997, "alternate": 0.3150103402851311, "bad-redirect": 0.0034186964750649155}, "shai": {"dsfb-alt": 0.042861700539968475, "roll-in": 0.24051314421793435, "dsfb": 0.0, "sfR": 0.09823378925716947, "sfT": 0.00018527259908478766, "redirect": 0.027248537217696253, "sfb": 0.027042147668171587, "oneh-out": 0.007305172135657519, "sft": 0.0, "oneh-in": 0.01171244147554846, "roll-out": 0.21901821352457074, "dsfb-red": 0.01670507144310205, "unknown": 0.023260762136131256, "alternate": 0.28305450263234244, "bad-redirect": 0.0028592451526226045}, "tr-quotes": {"dsfb-alt": 0.043290723746561566, "roll-in": 0.23447678047201867, "dsfb": 0.0, "sfR": 0.09677191928064538, "sfT": 0.0001259795196597397, "redirect": 0.02957051385774716, "sfb": 0.022378123483044774, "oneh-out": 0.008479924181133122, "sft": 0.0, "oneh-in": 0.009646101569543007, "roll-out": 0.2482189500936178, "dsfb-red": 0.022804604609232334, "unknown": 0.013835787429786644, "alternate": 0.26794572478675943, "bad-redirect": 0.002454866970250341}, "gutenberg": {"dsfb-alt": 0.03762403846627438, "roll-in": 0.2201405014694611, "dsfb": 0.0, "sfR": 0.09863878308844841, "sfT": 0.00022997624841678213, "redirect": 0.029584531047361848, "sfb": 0.022849864154886542, "oneh-out": 0.01143667715767543, "sft": 0.0, "oneh-in": 0.007713297287303227, "roll-out": 0.260939689770755, "dsfb-red": 0.017079430462115866, "unknown": 0.032975828246008664, "alternate": 0.25770827721268785, "bad-redirect": 0.0030791053886049234}, "english-200": {"dsfb-alt": 0.0334075723830735, "roll-in": 0.24276169265033407, "dsfb": 0.0, "sfR": 0.10690423162583519, "sfT": 0.0, "redirect": 0.022271714922048998, "sfb": 0.0066815144766146995, "oneh-out": 0.008908685968819599, "sft": 0.0, "oneh-in": 0.011135857461024499, "roll-out": 0.25389755011135856, "dsfb-red": 0.024498886414253896, "unknown": 0.0, "alternate": 0.289532293986637, "bad-redirect": 0.0}, "chained-bigrams": {"dsfb-alt": 0.05253783985419214, "roll-in": 0.2217765106235987, "dsfb": 0.0, "sfR": 0.11914286586209158, "sfT": 0.0001428470322555092, "redirect": 0.03947123223096547, "sfb": 0.025831937869332626, "oneh-out": 0.006196963981120817, "sft": 0.0, "oneh-in": 0.009102602478136287, "roll-out": 0.19493035882525198, "dsfb-red": 0.029386881058418593, "unknown": 0.022916559801936097, "alternate": 0.27518766528862565, "bad-redirect": 0.0033757350940745103}, "english-5k": {"dsfb-alt": 0.047538059484796946, "roll-in": 0.2617911809847762, "dsfb": 0.0, "sfR": 0.10644211224955408, "sfT": 0.00020740863649562367, "redirect": 0.03127722238354005, "sfb": 0.028539428381797818, "oneh-out": 0.004604471730202846, "sft": 0.0, "oneh-in": 0.01970382046708425, "roll-out": 0.1607831750114075, "dsfb-red": 0.0155971294644709, "unknown": 0.002157049819554486, "alternate": 0.31704484174721037, "bad-redirect": 0.004314099639108972}, "mt-quotes": {"dsfb-alt": 0.043520875915898684, "roll-in": 0.23534860926835682, "dsfb": 0.0, "sfR": 0.0964592223377679, "sfT": 0.00010458875700744671, "redirect": 0.029250487084782634, "sfb": 0.020890857149687428, "oneh-out": 0.008679372706517972, "sft": 0.0, "oneh-in": 0.00928299924696095, "roll-out": 0.2569700935919963, "dsfb-red": 0.023989672607308065, "unknown": 0.007977133909467972, "alternate": 0.2651100871373758, "bad-redirect": 0.0024160002868720194}, "wordle": {"dsfb-alt": 0.06116907887355548, "roll-in": 0.1946370470099854, "dsfb": 0.0, "sfR": 0.13138112868843263, "sfT": 0.0016604959048580725, "redirect": 0.03325479636486032, "sfb": 0.05239537753842702, "oneh-out": 0.007382475036463593, "sft": 0.0, "oneh-in": 0.006081005273196455, "roll-out": 0.19391899472680355, "dsfb-red": 0.019813755189049702, "unknown": 0.0, "alternate": 0.295209244923146, "bad-redirect": 0.003096600471221811}, "english-1k": {"dsfb-alt": 0.043048694424841216, "roll-in": 0.2537050105857445, "dsfb": 0.0, "sfR": 0.10832745236414962, "sfT": 0.0, "redirect": 0.03387438249823571, "sfb": 0.02328863796753705, "oneh-out": 0.009880028228652082, "sft": 0.0, "oneh-in": 0.010232886379675371, "roll-out": 0.1993648553281581, "dsfb-red": 0.016231474947071278, "unknown": 0.0, "alternate": 0.29887085391672547, "bad-redirect": 0.003175723359209598}, "english-10k": {"dsfb-alt": 0.04760618282163601, "roll-in": 0.2680573512668609, "dsfb": 0.0, "sfR": 0.10567144593890508, "sfT": 0.00027016074564365796, "redirect": 0.03230350630053453, "sfb": 0.03099129696455105, "oneh-out": 0.004496246695355165, "sft": 0.0, "oneh-in": 0.01765693444742479, "roll-out": 0.16421913895910925, "dsfb-red": 0.01462727465699234, "unknown": 0.0, "alternate": 0.3099129696455105, "bad-redirect": 0.004187491557476698}, "reddit": {"dsfb-alt": 0.041797566279488114, "roll-in": 0.2270545906213754, "dsfb": 0.0, "sfR": 0.10397777127267367, "sfT": 0.00021942552689002147, "redirect": 0.02708762805987268, "sfb": 0.026763209403608684, "oneh-out": 0.007963071485413054, "sft": 0.0, "oneh-in": 0.00946627493703877, "roll-out": 0.23123435099506554, "dsfb-red": 0.021322557584686062, "unknown": 0.039285409944231534, "alternate": 0.26177000886055113, "bad-redirect": 0.0020581350291053466}, "akl": {"dsfb-alt": 0.038369275523441056, "roll-in": 0.1930084008565335, "dsfb": 0.0, "sfR": 0.13064861186637447, "sfT": 0.00032910526137764696, "redirect": 0.021458601930706395, "sfb": 0.03140358477164727, "oneh-out": 0.006075475844328567, "sft": 0.0, "oneh-in": 0.007961851857516298, "roll-out": 0.19262743433812646, "dsfb-red": 0.020002854716358827, "unknown": 0.13277008071454782, "alternate": 0.22341834469788321, "bad-redirect": 0.0019263776211584835}, "french": {"dsfb-alt": 0.04033455463781308, "roll-in": 0.19098721670148971, "dsfb": 0.0, "sfR": 0.10898279115633469, "sfT": 9.516463714444483e-05, "redirect": 0.028968553016448576, "sfb": 0.054240816840988595, "oneh-out": 0.01070684567985882, "sft": 0.0, "oneh-in": 0.013654267682273503, "roll-out": 0.1622717368983037, "dsfb-red": 0.014978302627531288, "unknown": 0.15807953387545715, "alternate": 0.21164137380281442, "bad-redirect": 0.005058842443542029}, "keymash": {"dsfb-alt": 0.0437456129188508, "roll-in": 0.23301712141798672, "dsfb": 0.0, "sfR": 0.099723742164827, "sfT": 0.0001149363950199702, "redirect": 0.029399087897608093, "sfb": 0.023143264111521143, "oneh-out": 0.00844782503396781, "sft": 0.0, "oneh-in": 0.009260589541609028, "roll-out": 0.2480327404530957, "dsfb-red": 0.022211458337609243, "unknown": 0.01232282349464109, "alternate": 0.26786337346529127, "bad-redirect": 0.0027174247679721524}, "movie": {"dsfb-alt": 0.04299788298557069, "roll-in": 0.21043428734309097, "dsfb": 0.0, "sfR": 0.11567713207251198, "sfT": 0.00023055941319997383, "redirect": 0.02876807710159445, "sfb": 0.02622455407743401, "oneh-out": 0.008587153761151765, "sft": 0.0, "oneh-in": 0.008468847304264336, "roll-out": 0.2526100786310245, "dsfb-red": 0.027118892988454, "unknown": 0.030236445784519856, "alternate": 0.24706151896278794, "bad-redirect": 0.0015845695743954822}, "dutch": {"dsfb-alt": 0.037983321420711334, "roll-in": 0.24529374926416503, "dsfb": 0.0, "sfR": 0.18880787437283908, "sfT": 0.00014744492099315513, "redirect": 0.024437987047439755, "sfb": 0.06428928481915486, "oneh-out": 0.0060956093617250484, "sft": 0.0,