{"english-450k": {"oneh-out": 0.016379572952363357, "bad-redirect": 0.018607251004355375, "alternate": 0.18491189562538993, "dsfb": 0.0, "roll-in": 0.27571140986294224, "sfT": 6.665493383913124e-05, "unknown": 0.00015377410175167997, "roll-out": 0.1977581723918772, "oneh-in": 0.03132489544238119, "sfR": 0.11369548401129392, "sft": 0.0, "redirect": 0.04855051830057984, "dsfb-red": 0.030452826724652562, "sfb": 0.043021959292545583, "dsfb-alt": 0.03936558535602797}, "shai": {"oneh-out": 0.022618684537840678, "bad-redirect": 0.01152375130548889, "alternate": 0.1638751020626802, "dsfb": 0.0, "roll-in": 0.29046408678633145, "sfT": 0.00010495000515538453, "unknown": 0.024413516953783913, "roll-out": 0.18627706692989576, "oneh-in": 0.05563968491156735, "sfR": 0.09823378925716947, "sft": 0.0, "redirect": 0.047825279219032006, "dsfb-red": 0.031099017287722786, "sfb": 0.036839212845546226, "dsfb-alt": 0.03108585789778591}, "tr-quotes": {"oneh-out": 0.02168581401262107, "bad-redirect": 0.011585492707057164, "alternate": 0.16276091629874484, "dsfb": 0.0, "roll-in": 0.30349275328818104, "sfT": 7.974850327084441e-05, "unknown": 0.014823975405099282, "roll-out": 0.1950891102840896, "oneh-in": 0.056013499456785555, "sfR": 0.09677191928064538, "sft": 0.0, "redirect": 0.04513880862670766, "dsfb-red": 0.029395991770879083, "sfb": 0.03353713506391438, "dsfb-alt": 0.029624835302004115}, "gutenberg": {"oneh-out": 0.022173953731203608, "bad-redirect": 0.011736934450707224, "alternate": 0.15116050864532624, "dsfb": 0.0, "roll-in": 0.29315758146823356, "sfT": 0.00012275503210385075, "unknown": 0.038013520481714996, "roll-out": 0.18019302092177664, "oneh-in": 0.06560366113094514, "sfR": 0.09863878308844841, "sft": 0.0, "redirect": 0.04340204963016258, "dsfb-red": 0.02849413295355048, "sfb": 0.03387754730899374, "dsfb-alt": 0.03342555115683357}, "english-200": {"oneh-out": 0.026726057906458798, "bad-redirect": 0.0066815144766146995, "alternate": 0.16481069042316257, "dsfb": 0.0, "roll-in": 0.3585746102449889, "sfT": 0.0, "unknown": 0.0, "roll-out": 0.20489977728285078, "oneh-in": 0.035634743875278395, "sfR": 0.10690423162583519, "sft": 0.0, "redirect": 0.044543429844097995, "dsfb-red": 0.026726057906458798, "sfb": 0.004454342984409799, "dsfb-alt": 0.0200445434298441}, "monkeyracer": {"oneh-out": 0.0216316452132568, "bad-redirect": 0.011497646120399769, "alternate": 0.16321144251372444, "dsfb": 0.0, "roll-in": 0.3041978822903796, "sfT": 8.308960382876894e-05, "unknown": 0.014400894630652049, "roll-out": 0.1953876472152275, "oneh-in": 0.05561431565447237, "sfR": 0.09690789370786869, "sft": 0.0, "redirect": 0.044904554483319516, "dsfb-red": 0.029170316092403458, "sfb": 0.033385402818399364, "dsfb-alt": 0.029607269656067692}, "chained-bigrams": {"oneh-out": 0.01477103243991172, "bad-redirect": 0.017379289387958904, "alternate": 0.154975394598694, "dsfb": 0.0, "roll-in": 0.2848532149347871, "sfT": 0.0001240171961854648, "unknown": 0.023856103691362106, "roll-out": 0.17097166499254274, "oneh-in": 0.05442666720342521, "sfR": 0.11914286586209158, "sft": 0.0, "redirect": 0.0511411854615485, "dsfb-red": 0.03843494194242096, "sfb": 0.03379306269880898, "dsfb-alt": 0.03613055959026277}, "english-5k": {"oneh-out": 0.02103123574065624, "bad-redirect": 0.016260837101256895, "alternate": 0.17866179947733024, "dsfb": 0.0, "roll-in": 0.2659393537146887, "sfT": 0.0, "unknown": 0.002157049819554486, "roll-out": 0.21446053013647487, "oneh-in": 0.028332019745302195, "sfR": 0.10644211224955408, "sft": 0.0, "redirect": 0.055129215580536774, "dsfb-red": 0.030032770564566307, "sfb": 0.04156469075372299, "dsfb-alt": 0.039988385116356245}, "mt-quotes": {"oneh-out": 0.021809744086252855, "bad-redirect": 0.011095372993389991, "alternate": 0.1636066984616488, "dsfb": 0.0, "roll-in": 0.310519537179809, "sfT": 7.769450520553185e-05, "unknown": 0.00888257372013244, "roll-out": 0.19633252052927888, "oneh-in": 0.056507811286023356, "sfR": 0.0964592223377679, "sft": 0.0, "redirect": 0.04454435160947156, "dsfb-red": 0.028599048541136252, "sfb": 0.032639162811823906, "dsfb-alt": 0.02892626193805955}, "wordle": {"oneh-out": 0.018444968024234263, "bad-redirect": 0.014091776057444183, "alternate": 0.1639403119039605, "dsfb": 0.0, "roll-in": 0.2617076180859419, "sfT": 0.00042634354313923485, "unknown": 0.0, "roll-out": 0.19315606417592282, "oneh-in": 0.03518456187591159, "sfR": 0.13138112868843263, "sft": 0.0, "redirect": 0.043711432738696286, "dsfb-red": 0.04166947155839785, "sfb": 0.057040278245259736, "dsfb-alt": 0.039246045102659034}, "english-1k": {"oneh-out": 0.02399435426958363, "bad-redirect": 0.01587861679604799, "alternate": 0.16654904728299225, "dsfb": 0.0, "roll-in": 0.2985179957657022, "sfT": 0.0, "unknown": 0.0, "roll-out": 0.20889202540578689, "oneh-in": 0.035638673253352154, "sfR": 0.10832745236414962, "sft": 0.0, "redirect": 0.04798870853916726, "dsfb-red": 0.027170077628793227, "sfb": 0.03175723359209598, "dsfb-alt": 0.035285815102328866}, "english-10k": {"oneh-out": 0.01900773817564308, "bad-redirect": 0.01597807838521063, "alternate": 0.17209239497501014, "dsfb": 0.0, "roll-in": 0.28218289882480074, "sfT": 3.859439223480828e-05, "unknown": 0.0, "roll-out": 0.20113467513170336, "oneh-in": 0.035777001601667274, "sfR": 0.10567144593890508, "sft": 0.0, "redirect": 0.05474614538507555, "dsfb-red": 0.031029891356785858, "sfb": 0.04666062021188321, "dsfb-alt": 0.03568051562108026}, "reddit": {"oneh-out": 0.02084561234161835, "bad-redirect": 0.010521862300181088, "alternate": 0.15997353259178893, "dsfb": 0.0, "roll-in": 0.2908505960504529, "sfT": 0.0001563847003697234, "unknown": 0.04607067052702768, "roll-out": 0.18096260682620152, "oneh-in": 0.050412808787209495, "sfR": 0.10397777127267367, "sft": 0.0, "redirect": 0.04414700761153366, "dsfb-red": 0.029340354350875203, "sfb": 0.034479773652343136, "dsfb-alt": 0.028261018987724644}, "akl": {"oneh-out": 0.01732094332735747, "bad-redirect": 0.008766677291759202, "alternate": 0.13058207429363497, "dsfb": 0.0, "roll-in": 0.24268313392115848, "sfT": 0.00020774151934408827, "unknown": 0.13885049807931749, "roll-out": 0.167013606698903, "oneh-in": 0.037543498042527865, "sfR": 0.13064861186637447, "sft": 0.0, "redirect": 0.03948850519574931, "dsfb-red": 0.02942687776479613, "sfb": 0.033842768676581515, "dsfb-alt": 0.023625063322496004}, "french": {"oneh-out": 0.010202661874156364, "bad-redirect": 0.012135199165487633, "alternate": 0.15092500192104621, "dsfb": 0.0, "roll-in": 0.21012521176266677, "sfT": 0.0006975843568513288, "unknown": 0.15855839837436267, "roll-out": 0.1485184692282704, "oneh-in": 0.03551775877451439, "sfR": 0.10898279115633469, "sft": 0.0, "redirect": 0.044858395634184436, "dsfb-red": 0.030321098400070006, "sfb": 0.058430937388305716, "dsfb-alt": 0.030726491963749405}, "keymash": {"oneh-out": 0.022330499603879925, "bad-redirect": 0.011436171304487035, "alternate": 0.15938804579394367, "dsfb": 0.0, "roll-in": 0.30164646385866106, "sfT": 0.00012725100877210987, "unknown": 0.013447558217336513, "roll-out": 0.1933681700073477, "oneh-in": 0.05677036939736385, "sfR": 0.099723742164827, "sft": 0.0, "redirect": 0.047008985563167814, "dsfb-red": 0.029300570987590976, "sfb": 0.034160738548435425, "dsfb-alt": 0.031291433544186883}, "movie": {"oneh-out": 0.022601007592010905, "bad-redirect": 0.011923816958460747, "alternate": 0.16017338804820533, "dsfb": 0.0, "roll-in": 0.28243370199590495, "sfT": 6.922046309542593e-05, "unknown": 0.030359752959273494, "roll-out": 0.19570454127033235, "oneh-in": 0.04661471798122599, "sfR": 0.11567713207251198, "sft": 0.0, "redirect": 0.04283022733921409, "dsfb-red": 0.03089956729314695, "sfb": 0.03089719853205243, "dsfb-alt": 0.029815727494565337}, "dutch": {"oneh-out": 0.013817039698312236, "bad-redirect": 0.017504023401264387, "alternate": 0.14557624534117622, "dsfb": 0.0, "roll-in": 0.20213741163749427, "sfT": 0.0002833244797048333, "unknown": 0.07394048102367909, "roll-out": 0.18784230110329253,