{"english-450k": {"redirect": 0.04179673636394997, "unknown": 0.00015377410175167997, "roll-in": 0.22100963514609417, "oneh-out": 0.007897732621333906, "dsfb": 0.0, "oneh-in": 0.012550422411025896, "sft": 0.0, "sfT": 7.30865502622053e-05, "dsfb-red": 0.02390836466797365, "dsfb-alt": 0.041607296025670336, "bad-redirect": 0.001255626933504687, "alternate": 0.3120661216943684, "sfR": 0.11369548401129392, "sfb": 0.039816675544246304, "roll-out": 0.18416904392852487}, "shai": {"redirect": 0.03175498965362318, "unknown": 0.02126309320594631, "roll-in": 0.2277005429099839, "oneh-out": 0.01118887966527466, "dsfb": 0.0, "oneh-in": 0.018854232044322065, "sft": 0.0, "sfT": 4.7188024150112414e-05, "dsfb-red": 0.01917607201808998, "dsfb-alt": 0.0397367982677908, "bad-redirect": 0.0026088529253943094, "alternate": 0.28062573595823426, "sfR": 0.09823378925716947, "sfb": 0.01907157485076478, "roll-out": 0.22973825121925617}, "tr-quotes": {"redirect": 0.035731952566977185, "unknown": 0.013051015926585146, "roll-in": 0.22355585862555188, "oneh-out": 0.013308753842953238, "dsfb": 0.0, "oneh-in": 0.022968724717412913, "sft": 0.0, "sfT": 1.271352950694621e-05, "dsfb-red": 0.021869582302766925, "dsfb-alt": 0.03420055014909503, "bad-redirect": 0.0028640114652920645, "alternate": 0.2613335336677377, "sfR": 0.09677191928064538, "sfb": 0.0179075841982386, "roll-out": 0.256423799727237}, "gutenberg": {"redirect": 0.03340869128359709, "unknown": 0.028333301129081084, "roll-in": 0.20822265489582303, "oneh-out": 0.015452168539628091, "dsfb": 0.0, "oneh-in": 0.013103531366752253, "sft": 0.0, "sfT": 7.956344673397735e-06, "dsfb-red": 0.02102293586845207, "dsfb-alt": 0.03498480527604159, "bad-redirect": 0.0035252290006490103, "alternate": 0.2463744642254328, "sfR": 0.09863878308844841, "sfb": 0.018806715003354926, "roll-out": 0.27811876397806623}, "english-200": {"redirect": 0.0378619153674833, "unknown": 0.0, "roll-in": 0.2071269487750557, "oneh-out": 0.008908685968819599, "dsfb": 0.0, "oneh-in": 0.008908685968819599, "sft": 0.0, "sfT": 0.0, "dsfb-red": 0.028953229398663696, "dsfb-alt": 0.035634743875278395, "bad-redirect": 0.0022271714922048997, "alternate": 0.289532293986637, "sfR": 0.10690423162583519, "sfb": 0.011135857461024499, "roll-out": 0.26280623608017817}, "monkeyracer": {"redirect": 0.035726574596868794, "unknown": 0.012336362356694872, "roll-in": 0.22358434865570798, "oneh-out": 0.013277718691837278, "dsfb": 0.0, "oneh-in": 0.023279751943319205, "sft": 0.0, "sfT": 1.2707821762047014e-05, "dsfb-red": 0.022025587687880255, "dsfb-alt": 0.03424073697546022, "bad-redirect": 0.002894450787493939, "alternate": 0.2610039961211818, "sfR": 0.09690789370786869, "sfb": 0.01793562413000297, "roll-out": 0.256774246523922}, "chained-bigrams": {"redirect": 0.04233466592299636, "unknown": 0.019994039382926793, "roll-in": 0.21394070159969197, "oneh-out": 0.009153248244117786, "dsfb": 0.0, "oneh-in": 0.010064872031784763, "sft": 0.0, "sfT": 9.479848504229246e-05, "dsfb-red": 0.033357379250429676, "dsfb-alt": 0.05129636928295335, "bad-redirect": 0.00299589184921327, "alternate": 0.26710512048173213, "sfR": 0.11914286586209158, "sfb": 0.021972470779665593, "roll-out": 0.20854757682735442}, "english-5k": {"redirect": 0.030157215746463684, "unknown": 0.002157049819554486, "roll-in": 0.23524287551333636, "oneh-out": 0.010619322188575933, "dsfb": 0.0, "oneh-in": 0.021155680922553616, "sft": 0.0, "sfT": 0.0, "dsfb-red": 0.019620857012486, "dsfb-alt": 0.040693574480441363, "bad-redirect": 0.001078524909777243, "alternate": 0.33131455593810927, "sfR": 0.10644211224955408, "sfb": 0.0197867839216825, "roll-out": 0.18173144729746546}, "mt-quotes": {"redirect": 0.03591727328145731, "unknown": 0.007107553101206057, "roll-in": 0.2244788491650829, "oneh-out": 0.013595044285867967, "dsfb": 0.0, "oneh-in": 0.02426010925042732, "sft": 0.0, "sfT": 4.482375300319145e-06, "dsfb-red": 0.022465665005199555, "dsfb-alt": 0.03378665088870561, "bad-redirect": 0.0028836614432053167, "alternate": 0.2589034914715339, "sfR": 0.0964592223377679, "sfb": 0.01740506329113924, "roll-out": 0.2627329341031066}, "wordle": {"redirect": 0.04077190620442051, "unknown": 0.0, "roll-in": 0.2061707618085942, "oneh-out": 0.011780545270952542, "dsfb": 0.0, "oneh-in": 0.01130932346011444, "sft": 0.0, "sfT": 6.731740154830023e-05, "dsfb-red": 0.026882082351621227, "dsfb-alt": 0.05320318635700662, "bad-redirect": 0.0018848872433524066, "alternate": 0.28102771233030405, "sfR": 0.13138112868843263, "sfb": 0.03864018848872434, "roll-out": 0.19688096039492875}, "english-1k": {"redirect": 0.03352152434721242, "unknown": 0.0, "roll-in": 0.2205363443895554, "oneh-out": 0.017290049400141144, "dsfb": 0.0, "oneh-in": 0.012702893436838392, "sft": 0.0, "sfT": 0.0, "dsfb-red": 0.0187014820042343, "dsfb-alt": 0.03705010585744531, "bad-redirect": 0.0007057163020465773, "alternate": 0.3009880028228652, "sfR": 0.10832745236414962, "sfb": 0.01305575158786168, "roll-out": 0.23712067748764998}, "english-10k": {"redirect": 0.03037378668879412, "unknown": 0.0, "roll-in": 0.2575210821867583, "oneh-out": 0.00997665039269794, "dsfb": 0.0, "oneh-in": 0.021246212925261958, "sft": 0.0, "sfT": 0.0, "dsfb-red": 0.019046332567877886, "dsfb-alt": 0.04339939406804191, "bad-redirect": 0.001215723355396461, "alternate": 0.31568283128461433, "sfR": 0.10567144593890508, "sfb": 0.02230755871171919, "roll-out": 0.17355898187993285}, "reddit": {"redirect": 0.03497765758942442, "unknown": 0.04277546696752461, "roll-in": 0.21558145985398725, "oneh-out": 0.012654500124264969, "dsfb": 0.0, "oneh-in": 0.01892269857438958, "sft": 0.0, "sfT": 5.408850475063008e-05, "dsfb-red": 0.022027056613321692, "dsfb-alt": 0.03803747876398777, "bad-redirect": 0.002947598764429766, "alternate": 0.25300407517927587, "sfR": 0.10397777127267367, "sfb": 0.019931576543193923, "roll-out": 0.23510857124877585}, "akl": {"redirect": 0.029926144282563256, "unknown": 0.1378110492545309, "roll-in": 0.1891349406435683, "oneh-out": 0.0075373999592275144, "dsfb": 0.0, "oneh-in": 0.01602045868526945, "sft": 0.0, "sfT": 0.00017920423879670222, "dsfb-red": 0.022865971659935532, "dsfb-alt": 0.02961322250063023, "bad-redirect": 0.003000861825872531, "alternate": 0.21545360205090888, "sfR": 0.13064861186637447, "sfb": 0.02305829563550337, "roll-out": 0.1947502373968189}, "french": {"redirect": 0.030355271973326693, "unknown": 0.1552825594936666, "roll-in": 0.21276426258650083, "oneh-out": 0.010966630756698346, "dsfb": 0.0, "oneh-in": 0.014767433252876367, "sft": 0.0, "sfT": 6.984533034751287e-05, "dsfb-red": 0.016550331942853935, "dsfb-alt": 0.02845048104660366, "bad-redirect": 0.0021393316059573363, "alternate": 0.22477184645299658, "sfR": 0.10898279115633469, "sfb": 0.03951203673103299, "roll-out": 0.15538717767080445}, "keymash": {"redirect": 0.03519106123236445, "unknown": 0.010910747784395743, "roll-in": 0.22188060571480175, "oneh-out": 0.013012441864760912, "dsfb": 0.0, "oneh-in": 0.022137570655096403, "sft": 0.0, "sfT": 1.2314613752139664e-05, "dsfb-red": 0.021948746577563596, "dsfb-alt": 0.03436598211097109, "bad-redirect": 0.0026763760554650204, "alternate": 0.2609836092490959, "sfR": 0.099723742164827, "sfb": 0.01754421972554831, "roll-out": 0.2596125822513577}, "movie": {"redirect": 0.03798861125985322, "unknown": 0.02905074925887387, "roll-in": 0.21834884455123754, "oneh-out": 0.011038031906948747, "dsfb": 0.0, "oneh-in": 0.029667811523996404, "sft": 0.0, "sfT": 1.5396947114381815e-05, "dsfb-red": 0.021988682849077415, "dsfb-alt": 0.03052596102940567, "bad-redirect": 0.0036461813136596318, "alternate": 0.22752174029192876, "sfR": 0.11567713207251198, "sfb": 0.014668026686462492, "roll-out": 0.25986283030892987}, "dutch": {"redirect": 0.027865476296225183, "unknown": 0.07249075837899739, "roll-in": 0.2536000641778987, "oneh-out": 0.005760841433360436, "dsfb": 0.0, "oneh-in": 0.0064864827452505, "sft": 0.0, "sfT": 0.0001526986437039656, "dsfb-red": 0.015960146156055503, "dsfb-alt": 0.033824883344942325,