{"english-450k": {"dsfb-alt": 0.04156899867333294, "unknown": 0.00015377410175167997, "sfR": 0.11369548401129392, "dsfb": 0.0, "sfb": 0.027939234088034795, "redirect": 0.0389867046794687, "oneh-in": 0.012945674474843901, "dsfb-red": 0.015930529187552365, "oneh-out": 0.004846515320987358, "alternate": 0.3289432678809169, "sft": 0.0, "roll-out": 0.1590570899508332, "sfT": 2.572646569229627e-05, "bad-redirect": 0.003514001336606831, "roll-in": 0.2523929998286851}, "shai": {"dsfb-alt": 0.038004275563198665, "unknown": 0.023621906111313578, "sfR": 0.09823378925716947, "dsfb": 0.0, "sfb": 0.02178521522414466, "redirect": 0.03138365102164859, "oneh-in": 0.019816609193676185, "dsfb-red": 0.014579272629428793, "oneh-out": 0.006396187275767866, "alternate": 0.29550548390482756, "sft": 0.0, "roll-out": 0.1624984363548428, "sfT": 0.00014187757556353926, "bad-redirect": 0.0048860389090649, "roll-in": 0.2831472569793534}, "tr-quotes": {"dsfb-alt": 0.03450105175562285, "unknown": 0.01476965396084233, "sfR": 0.09677191928064538, "dsfb": 0.0, "sfb": 0.027499364323524653, "redirect": 0.03532743117357435, "oneh-in": 0.02563509858764245, "dsfb-red": 0.016609648413120362, "oneh-out": 0.007962136797577495, "alternate": 0.2787672499479901, "sft": 0.0, "roll-out": 0.16034996879406394, "sfT": 0.0002796976491528166, "bad-redirect": 0.004378077252028386, "roll-in": 0.2971487020642149}, "gutenberg": {"dsfb-alt": 0.0388411697645263, "unknown": 0.03802431837805746, "sfR": 0.09863878308844841, "dsfb": 0.0, "sfb": 0.024721688957692327, "redirect": 0.0332080777357607, "oneh-in": 0.013500211979754513, "dsfb-red": 0.014423716272202463, "oneh-out": 0.0071641200680608455, "alternate": 0.2626336334390769, "sft": 0.0, "roll-out": 0.15994658640609258, "sfT": 0.00017712338737206862, "bad-redirect": 0.004314043743983014, "roll-in": 0.30440652677897234}, "english-200": {"dsfb-alt": 0.0200445434298441, "unknown": 0.0, "sfR": 0.10690423162583519, "dsfb": 0.0, "sfb": 0.015590200445434299, "redirect": 0.035634743875278395, "oneh-in": 0.008908685968819599, "dsfb-red": 0.017817371937639197, "oneh-out": 0.0066815144766146995, "alternate": 0.311804008908686, "sft": 0.0, "roll-out": 0.16703786191536749, "sfT": 0.0, "bad-redirect": 0.004454342984409799, "roll-in": 0.3051224944320713}, "monkeyracer": {"dsfb-alt": 0.03436390509407698, "unknown": 0.014352018393105714, "sfR": 0.09690789370786869, "dsfb": 0.0, "sfb": 0.027564242926630903, "redirect": 0.035271048062936954, "oneh-in": 0.025934709166836104, "dsfb-red": 0.01656122433020004, "oneh-out": 0.007963894145799772, "alternate": 0.27832768975710465, "sft": 0.0, "roll-out": 0.16052324944867605, "sfT": 0.00028348217776874113, "bad-redirect": 0.0043724682108951, "roll-in": 0.2975741745781003}, "chained-bigrams": {"dsfb-alt": 0.049585451419347594, "unknown": 0.02365222201805197, "sfR": 0.11914286586209158, "dsfb": 0.0, "sfb": 0.022818514793433452, "redirect": 0.04512278027074707, "oneh-in": 0.010978443733527951, "dsfb-red": 0.022913313278475744, "oneh-out": 0.005907374088457375, "alternate": 0.28238066266738265, "sft": 0.0, "roll-out": 0.1321841506023275, "sfT": 8.570821935330551e-05, "bad-redirect": 0.004639282024843696, "roll-in": 0.28058923102196015}, "english-5k": {"dsfb-alt": 0.040818019662338736, "unknown": 0.002157049819554486, "sfR": 0.10644211224955408, "dsfb": 0.0, "sfb": 0.01779566101132451, "redirect": 0.02949350810967769, "oneh-in": 0.022275687559629984, "dsfb-red": 0.013606006554112914, "oneh-out": 0.006595594640560833, "alternate": 0.33849089476085786, "sft": 0.0, "roll-out": 0.1728958393827519, "sfT": 0.0, "bad-redirect": 0.004480026548305471, "roll-in": 0.24494959970133157}, "mt-quotes": {"dsfb-alt": 0.033806074515006994, "unknown": 0.008869126594231481, "sfR": 0.0964592223377679, "dsfb": 0.0, "sfb": 0.027635337851567635, "redirect": 0.03534352924301646, "oneh-in": 0.027073546813927638, "dsfb-red": 0.01656835323507967, "oneh-out": 0.008262511803588292, "alternate": 0.2776756792292705, "sft": 0.0, "roll-out": 0.16073499001924432, "sfT": 0.00029733089492116994, "bad-redirect": 0.00442261029631489, "roll-in": 0.30285168716606303}, "wordle": {"dsfb-alt": 0.04676315494221923, "unknown": 0.0, "sfR": 0.13138112868843263, "dsfb": 0.0, "sfb": 0.03509480534051385, "redirect": 0.041534836755301244, "oneh-in": 0.008100527319645461, "dsfb-red": 0.021272298889262874, "oneh-out": 0.009155166610568833, "alternate": 0.28854482216986427, "sft": 0.0, "roll-out": 0.18752384157971502, "sfT": 8.975653539773365e-05, "bad-redirect": 0.004689778974531583, "roll-in": 0.2258498821945473}, "english-1k": {"dsfb-alt": 0.030345800988002825, "unknown": 0.0, "sfR": 0.10832745236414962, "dsfb": 0.0, "sfb": 0.01305575158786168, "redirect": 0.03599153140437544, "oneh-in": 0.015172900494001412, "dsfb-red": 0.014467184191954835, "oneh-out": 0.011997177134791814, "alternate": 0.29710656316160905, "sft": 0.0, "roll-out": 0.2018348623853211, "sfT": 0.0, "bad-redirect": 0.004234297812279464, "roll-in": 0.2674664784756528}, "english-10k": {"dsfb-alt": 0.03955925204067849, "unknown": 0.0, "sfR": 0.10567144593890508, "dsfb": 0.0, "sfb": 0.020725188630092047, "redirect": 0.031647401632542795, "oneh-in": 0.020474325080565795, "dsfb-red": 0.01402906157735281, "oneh-out": 0.006252291542038942, "alternate": 0.3249647826170857, "sft": 0.0, "roll-out": 0.16738387912236352, "sfT": 0.0, "bad-redirect": 0.00470851585264661, "roll-in": 0.2645838559657282}, "reddit": {"dsfb-alt": 0.03507781871248757, "unknown": 0.041217688064775854, "sfR": 0.10397777127267367, "dsfb": 0.0, "sfb": 0.023656678834707366, "redirect": 0.0334417538160208, "oneh-in": 0.021855726405060345, "dsfb-red": 0.01525546798636625, "oneh-out": 0.007694426917496489, "alternate": 0.27701041896678597, "sft": 0.0, "roll-out": 0.1562012339595651, "sfT": 0.00030010879505682007, "bad-redirect": 0.0044437976797754505, "roll-in": 0.2798671085892283}, "akl": {"dsfb-alt": 0.030111154807878255, "unknown": 0.13295000147380848, "sfR": 0.13064861186637447, "dsfb": 0.0, "sfb": 0.024125515805168994, "redirect": 0.027549124704778126, "oneh-in": 0.019698111150755832, "dsfb-red": 0.01621127549710275, "oneh-out": 0.00594116531873931, "alternate": 0.23374426934962894, "sft": 0.0, "roll-out": 0.13709403463852643, "sfT": 0.0002593309927492329, "bad-redirect": 0.004766911816319336, "roll-in": 0.23690049257816986}, "french": {"dsfb-alt": 0.03150984734510513, "unknown": 0.15822382396052298, "sfR": 0.10898279115633469, "dsfb": 0.0, "sfb": 0.044678763392471295, "redirect": 0.028224270269487164, "oneh-in": 0.016688329655816386, "dsfb-red": 0.013787006769978127, "oneh-out": 0.00713981978915969, "alternate": 0.23117502423274897, "sft": 0.0, "roll-out": 0.1312327837141065, "sfT": 0.00042094471187774976, "bad-redirect": 0.004277899138159262, "roll-in": 0.22365869586423207}, "keymash": {"dsfb-alt": 0.03501044689733306, "unknown": 0.013394194891077241, "sfR": 0.099723742164827, "dsfb": 0.0, "sfb": 0.027642203002302832, "redirect": 0.03552355580367222, "oneh-in": 0.024588178791772195, "dsfb-red": 0.016620623694137835, "oneh-out": 0.007606326427571599, "alternate": 0.2755025388628686, "sft": 0.0, "roll-out": 0.163004437365822, "sfT": 0.0002093484337863743, "bad-redirect": 0.00451125350453383, "roll-in": 0.2966631501602952}, "movie": {"dsfb-alt": 0.030458188142534672, "unknown": 0.030451476652766863, "sfR": 0.11567713207251198, "dsfb": 0.0, "sfb": 0.03078415598870838, "redirect": 0.03613663487745412, "oneh-in": 0.03699215242609169, "dsfb-red": 0.019851007559111445, "oneh-out": 0.006661614186983947, "alternate": 0.2580309883958342, "sft": 0.0, "roll-out": 0.14869924090418768, "sfT": 0.0003059649747088694, "bad-redirect": 0.004347071401960466, "roll-in": 0.2816043724171457}, "dutch": {"dsfb-alt": 0.023077685273607245, "unknown": 0.07325981014373002, "sfR": 0.18880787437283908, "dsfb": 0.0, "sfb": 0.06530425742681842, "redirect": 0.02646569091348754, "oneh-in": 0.007462904145309149, "dsfb-red": 0.013024982724576294, "oneh-out": 0.0026960921519459807,