{"english-450k": {"unknown": 0.00015377410175167997, "bad-redirect": 0.0005697827458441526, "sft": 0.0, "roll-out": 0.1777637386635452, "sfR": 0.11369548401129392, "oneh-out": 0.006419630228831065, "dsfb-alt": 0.054994705610299004, "alternate": 0.3416003966553256, "dsfb": 0.0, "sfT": 0.00020756580274466308, "redirect": 0.040142056866013645, "oneh-in": 0.003061449417383256, "dsfb-red": 0.01944686929376759, "roll-in": 0.20654551450300268, "sfb": 0.03539903210019757}, "shai": {"unknown": 0.023260762136131256, "bad-redirect": 0.0005098721743306438, "sft": 0.0, "roll-out": 0.2098435062126254, "sfR": 0.09823378925716947, "oneh-out": 0.014703218600998937, "dsfb-alt": 0.05341496231924804, "alternate": 0.3298231138027138, "dsfb": 0.0, "sfT": 6.268901141399038e-05, "redirect": 0.03537106228478592, "oneh-in": 0.002930452933816319, "dsfb-red": 0.01621948608402255, "roll-in": 0.19345730226932906, "sfb": 0.02216978291341462}, "tr-quotes": {"unknown": 0.013835787429786644, "bad-redirect": 0.0006888421441945402, "sft": 0.0, "roll-out": 0.22383786782552414, "sfR": 0.09677191928064538, "oneh-out": 0.023897968146829707, "dsfb-alt": 0.062075541480779456, "alternate": 0.332693419014817, "dsfb": 0.0, "sfT": 2.080395737500289e-05, "redirect": 0.03172256767065024, "oneh-in": 0.002610896650562863, "dsfb-red": 0.01318855320034211, "roll-in": 0.17760800721203857, "sfb": 0.021047825986454313}, "gutenberg": {"unknown": 0.032975828246008664, "bad-redirect": 0.000573614563596389, "sft": 0.0, "roll-out": 0.2231701638590242, "sfR": 0.09863878308844841, "oneh-out": 0.013898218650202337, "dsfb-alt": 0.05805024848422162, "alternate": 0.3230787416699913, "dsfb": 0.0, "sfT": 0.0001665149278075383, "redirect": 0.031177694349820775, "oneh-in": 0.005146807819798644, "dsfb-red": 0.012723710626986481, "roll-in": 0.18030611467820565, "sfb": 0.02009355903588804}, "english-200": {"unknown": 0.0, "bad-redirect": 0.0, "sft": 0.0, "roll-out": 0.21380846325167038, "sfR": 0.10690423162583519, "oneh-out": 0.013363028953229399, "dsfb-alt": 0.08463251670378619, "alternate": 0.33184855233853006, "dsfb": 0.0, "sfT": 0.0, "redirect": 0.031180400890868598, "oneh-in": 0.0022271714922048997, "dsfb-red": 0.0066815144766146995, "roll-in": 0.1915367483296214, "sfb": 0.017817371937639197}, "monkeyracer": {"unknown": 0.013436077701487402, "bad-redirect": 0.0006969751474107325, "sft": 0.0, "roll-out": 0.2239880663778407, "sfR": 0.09690789370786869, "oneh-out": 0.024399995307881197, "dsfb-alt": 0.06231524782207486, "alternate": 0.33273476234418253, "dsfb": 0.0, "sfT": 1.955049501853387e-05, "redirect": 0.03165322895975726, "oneh-in": 0.0026735301937845066, "dsfb-red": 0.013233730078045576, "roll-in": 0.17678241863083974, "sfb": 0.02115852323380828}, "chained-bigrams": {"unknown": 0.022916559801936097, "bad-redirect": 0.0014460015492409953, "sft": 0.0, "roll-out": 0.2074736268666698, "sfR": 0.11914286586209158, "oneh-out": 0.007381945044149472, "dsfb-alt": 0.06828802376974617, "alternate": 0.3241575758598904, "dsfb": 0.0, "sfT": 0.00010388875073127941, "redirect": 0.039481621106038596, "oneh-in": 0.004734080509885988, "dsfb-red": 0.02078813902132901, "roll-in": 0.16248590197187343, "sfb": 0.02159976988641713}, "english-5k": {"unknown": 0.002157049819554486, "bad-redirect": 0.00020740863649562367, "sft": 0.0, "roll-out": 0.18417886920811383, "sfR": 0.10644211224955408, "oneh-out": 0.007342265731945078, "dsfb-alt": 0.048989919940266316, "alternate": 0.3408968349442071, "dsfb": 0.0, "sfT": 0.0, "redirect": 0.03853652466088688, "oneh-in": 0.0021155680922553613, "dsfb-red": 0.019994192558178123, "roll-in": 0.2264072675986228, "sfb": 0.022731986559920356}, "mt-quotes": {"unknown": 0.007977133909467972, "bad-redirect": 0.0006917799213492547, "sft": 0.0, "roll-out": 0.22694266145515832, "sfR": 0.0964592223377679, "oneh-out": 0.025819975854938382, "dsfb-alt": 0.06445805094368941, "alternate": 0.335084447950658, "dsfb": 0.0, "sfT": 8.96475060063829e-06, "redirect": 0.031124119960316037, "oneh-in": 0.002599777674185104, "dsfb-red": 0.012625357095898926, "roll-in": 0.1753579923739855, "sfb": 0.020850515771984556}, "wordle": {"unknown": 0.0, "bad-redirect": 0.0020419611802984404, "sft": 0.0, "roll-out": 0.1851004151239762, "sfR": 0.13138112868843263, "oneh-out": 0.007382475036463593, "dsfb-alt": 0.054818803994165825, "alternate": 0.31587568719847414, "dsfb": 0.0, "sfT": 0.0005834174800852687, "redirect": 0.04101873667676428, "oneh-in": 0.004981487714574217, "dsfb-red": 0.02158644676315494, "roll-in": 0.19807023448894873, "sfb": 0.03715920565466173}, "english-1k": {"unknown": 0.0, "bad-redirect": 0.00035285815102328866, "sft": 0.0, "roll-out": 0.20712773465067044, "sfR": 0.10832745236414962, "oneh-out": 0.01058574453069866, "dsfb-alt": 0.05222300635144672, "alternate": 0.3274523641496119, "dsfb": 0.0, "sfT": 0.0, "redirect": 0.038461538461538464, "oneh-in": 0.0028228652081863093, "dsfb-red": 0.016231474947071278, "roll-in": 0.21524347212420608, "sfb": 0.02117148906139732}, "english-10k": {"unknown": 0.0, "bad-redirect": 0.00034734953011327456, "sft": 0.0, "roll-out": 0.18419173694062252, "sfR": 0.10567144593890508, "oneh-out": 0.007197854151791745, "dsfb-alt": 0.047876343567279676, "alternate": 0.33995870400030875, "dsfb": 0.0, "sfT": 7.718878446961657e-05, "redirect": 0.040157465120318016, "oneh-in": 0.0025472298874973467, "dsfb-red": 0.019142818548464908, "roll-in": 0.2301383608961618, "sfb": 0.02269350263406727}, "reddit": {"unknown": 0.039285409944231534, "bad-redirect": 0.00042338114210275054, "sft": 0.0, "roll-out": 0.2107222594611339, "sfR": 0.10397777127267367, "oneh-out": 0.018253109854914327, "dsfb-alt": 0.05904119884698591, "alternate": 0.3209196843763444, "dsfb": 0.0, "sfT": 0.0001246582713366322, "redirect": 0.03181613953785418, "oneh-in": 0.0026870824551911013, "dsfb-red": 0.013910709392839678, "roll-in": 0.17438182626240378, "sfb": 0.024456769181988153}, "akl": {"unknown": 0.13277008071454782, "bad-redirect": 0.0005117438568809177, "sft": 0.0, "roll-out": 0.17481283311870252, "sfR": 0.13064861186637447, "oneh-out": 0.01562785488622359, "dsfb-alt": 0.051573215802893424, "alternate": 0.27298102878650615, "dsfb": 0.0, "sfT": 0.00016655394646747135, "redirect": 0.026668817545797332, "oneh-in": 0.0022045605143905353, "dsfb-red": 0.01162381499560217, "roll-in": 0.15141722929788926, "sfb": 0.028993654667724383}, "french": {"unknown": 0.15807953387545715, "bad-redirect": 0.002457141342693027, "sft": 0.0, "roll-out": 0.1750941380066721, "sfR": 0.10898279115633469, "oneh-out": 0.013100583882691128, "dsfb-alt": 0.03170826681209837, "alternate": 0.2431343665797855, "dsfb": 0.0, "sfT": 0.00010503766861141415, "redirect": 0.030385475359422917, "oneh-in": 0.002569190511648207, "dsfb-red": 0.011838259129561485, "roll-in": 0.19516455774070163, "sfb": 0.027380657934322407}, "keymash": {"unknown": 0.01232282349464109, "bad-redirect": 0.0007224573401255269, "sft": 0.0, "roll-out": 0.22197091288231743, "sfR": 0.099723742164827, "oneh-out": 0.02340597587156679, "dsfb-alt": 0.06117079137812843, "alternate": 0.3291080525259325, "dsfb": 0.0, "sfT": 5.74681975099851e-05, "redirect": 0.03276918719444365, "oneh-in": 0.0028118368067385564, "dsfb-red": 0.01332851695106583, "roll-in": 0.18175548923908003, "sfb": 0.020852745953623165}, "movie": {"unknown": 0.030236445784519856, "bad-redirect": 0.0006764128903241241, "sft": 0.0, "roll-out": 0.21404006812030515, "sfR": 0.11567713207251198, "oneh-out": 0.03697820305520174, "dsfb-alt": 0.06180387210848294, "alternate": 0.31698418812490053, "dsfb": 0.0, "sfT": 2.658276339406091e-05, "redirect": 0.026947026211262697, "oneh-in": 0.0028283007468572134, "dsfb-red": 0.012232413889941306, "roll-in": 0.16225579224596584, "sfb": 0.019313561986332512}, "dutch": {"unknown": 0.07290361491625476, "bad-redirect": 0.000585243193031204, "sft": 0.0, "roll-out": 0.15013229877910297, "sfR": 0.18880787437283908, "oneh-out": 0.0021620772380437376, "dsfb-alt": 0.04031846668470983, "alternate": 0.2662065063034452,