{"english-450k": {"roll-in": 0.2393938259990493, "dsfb-red": 0.03300793252181926, "sfT": 5.9638625013959534e-05, "dsfb": 0.0, "roll-out": 0.20250412061970377, "sfR": 0.11369548401129392, "sft": 0.0, "oneh-out": 0.018277776835773352, "oneh-in": 0.011572524368517589, "unknown": 0.00015377410175167997, "sfb": 0.039457382063157305, "dsfb-alt": 0.025603972634056813, "redirect": 0.05256063114036652, "alternate": 0.2595031517843935, "bad-redirect": 0.004209785295103026}, "shai": {"roll-in": 0.2837124024618277, "dsfb-red": 0.030781883731061704, "sfT": 9.407802682224264e-05, "dsfb": 0.0, "roll-out": 0.19090840584673244, "sfR": 0.09823378925716947, "sft": 0.0, "oneh-out": 0.01767832444119812, "oneh-in": 0.007805228953258776, "unknown": 0.023260762136131256, "sfb": 0.020739097909886355, "dsfb-alt": 0.02602815087658567, "redirect": 0.04283124042267341, "alternate": 0.25510550269953275, "bad-redirect": 0.002821133237120131}, "tr-quotes": {"roll-in": 0.2880920459536303, "dsfb-red": 0.03315457340329627, "sfT": 1.3869304916668594e-05, "dsfb": 0.0, "roll-out": 0.20139733247035435, "sfR": 0.09677191928064538, "sft": 0.0, "oneh-out": 0.024933542913940964, "oneh-in": 0.00746515337139687, "unknown": 0.013835787429786644, "sfb": 0.01966898592265551, "dsfb-alt": 0.025234044520468783, "redirect": 0.042801830748249, "alternate": 0.24418991701532558, "bad-redirect": 0.0024409976653336726}, "gutenberg": {"roll-in": 0.31098111959409, "dsfb-red": 0.03160809470929601, "sfT": 1.932255134968021e-05, "dsfb": 0.0, "roll-out": 0.1820762119312587, "sfR": 0.09863878308844841, "sft": 0.0, "oneh-out": 0.0162733769719895, "oneh-in": 0.00895278212535183, "unknown": 0.032975828246008664, "sfb": 0.019367637302829466, "dsfb-alt": 0.024687779774441417, "redirect": 0.03854621670127677, "alternate": 0.23302258124280378, "bad-redirect": 0.0028502657608557693}, "english-200": {"roll-in": 0.30066815144766146, "dsfb-red": 0.0400890868596882, "sfT": 0.0, "dsfb": 0.0, "roll-out": 0.20489977728285078, "sfR": 0.10690423162583519, "sft": 0.0, "oneh-out": 0.0200445434298441, "oneh-in": 0.011135857461024499, "unknown": 0.0, "sfb": 0.011135857461024499, "dsfb-alt": 0.011135857461024499, "redirect": 0.031180400890868598, "alternate": 0.26280623608017817, "bad-redirect": 0.0}, "monkeyracer": {"roll-in": 0.28824761092950874, "dsfb-red": 0.032888820244928604, "sfT": 1.661792076575379e-05, "dsfb": 0.0, "roll-out": 0.20206511878880773, "sfR": 0.09690789370786869, "sft": 0.0, "oneh-out": 0.02498651015843721, "oneh-in": 0.007475131770336425, "unknown": 0.013436077701487402, "sfb": 0.019704943929180287, "dsfb-alt": 0.025181037583871625, "redirect": 0.042871303001392, "alternate": 0.24376925723759327, "bad-redirect": 0.002449677025822294}, "chained-bigrams": {"roll-in": 0.2672732903969784, "dsfb-red": 0.028903798367518142, "sfT": 0.00011427762580440735, "dsfb": 0.0, "roll-out": 0.16388320566920914, "sfR": 0.11914286586209158, "sft": 0.0, "oneh-out": 0.017448764990010447, "oneh-in": 0.019120724572091977, "unknown": 0.022916559801936097, "sfb": 0.022008831842421542, "dsfb-alt": 0.03138738881468779, "redirect": 0.049705572787380636, "alternate": 0.25505986913913237, "bad-redirect": 0.0030348501307374998}, "english-5k": {"roll-in": 0.26531712780520184, "dsfb-red": 0.03173352138383042, "sfT": 4.148172729912474e-05, "dsfb": 0.0, "roll-out": 0.18355664329862695, "sfR": 0.10644211224955408, "sft": 0.0, "oneh-out": 0.012734890280831294, "oneh-in": 0.00945783382420044, "unknown": 0.002157049819554486, "sfb": 0.02497199983407309, "dsfb-alt": 0.029369062927780312, "redirect": 0.05338698303397353, "alternate": 0.2765586759032646, "bad-redirect": 0.0042726179118098475}, "mt-quotes": {"roll-in": 0.293231015646478, "dsfb-red": 0.03295591733304646, "sfT": 1.1953000800851053e-05, "dsfb": 0.0, "roll-out": 0.20393612316372026, "sfR": 0.0964592223377679, "sft": 0.0, "oneh-out": 0.025799058103536894, "oneh-in": 0.007522919879035632, "unknown": 0.007977133909467972, "sfb": 0.018770693632636472, "dsfb-alt": 0.025078889805285616, "redirect": 0.042377870214317305, "alternate": 0.2434915910639366, "bad-redirect": 0.0023876119099699978}, "wordle": {"roll-in": 0.22777964770559855, "dsfb-red": 0.034174800852687086, "sfT": 2.2439133849433412e-05, "dsfb": 0.0, "roll-out": 0.22174352070010098, "sfR": 0.13138112868843263, "sft": 0.0, "oneh-out": 0.017480085268708628, "oneh-in": 0.012049814877145742, "unknown": 0.0, "sfb": 0.03204308313699091, "dsfb-alt": 0.029911365421294737, "redirect": 0.05145293391675081, "alternate": 0.23890945809491754, "bad-redirect": 0.003051722203522944}, "english-1k": {"roll-in": 0.2727593507410021, "dsfb-red": 0.04022582921665491, "sfT": 0.0, "dsfb": 0.0, "roll-out": 0.21065631616090333, "sfR": 0.10832745236414962, "sft": 0.0, "oneh-out": 0.016231474947071278, "oneh-in": 0.008821453775582216, "unknown": 0.0, "sfb": 0.019054340155257588, "dsfb-alt": 0.021524347212420608, "redirect": 0.045871559633027525, "alternate": 0.2508821453775582, "bad-redirect": 0.0056457304163726185}, "english-10k": {"roll-in": 0.2648540167113718, "dsfb-red": 0.032168425927712706, "sfT": 0.00011578317670442484, "dsfb": 0.0, "roll-out": 0.19793134057621428, "sfR": 0.10567144593890508, "sft": 0.0, "oneh-out": 0.01370100924335694, "oneh-in": 0.008567955076127438, "unknown": 0.0, "sfb": 0.024681113834159895, "dsfb-alt": 0.02846336427317111, "redirect": 0.05150421643735165, "alternate": 0.2679222708940391, "bad-redirect": 0.004419057910885548}, "reddit": {"roll-in": 0.27735824850633883, "dsfb-red": 0.02782587621785756, "sfT": 0.00014799423979898853, "dsfb": 0.0, "roll-out": 0.18869924824844453, "sfR": 0.10397777127267367, "sft": 0.0, "oneh-out": 0.020335180171094227, "oneh-in": 0.0070648801727985384, "unknown": 0.039285409944231534, "sfb": 0.020716758839996352, "dsfb-alt": 0.025990537882835833, "redirect": 0.04351708629270309, "alternate": 0.24318277887933787, "bad-redirect": 0.0018982293318889755}, "akl": {"roll-in": 0.22998745372667606, "dsfb-red": 0.027017441812917348, "sfT": 0.00021325131463592126, "dsfb": 0.0, "roll-out": 0.17245182406714657, "sfR": 0.13064861186637447, "sft": 0.0, "oneh-out": 0.015039739830925384, "oneh-in": 0.005931924675514443, "unknown": 0.13277008071454782, "sfb": 0.022134577219447463, "dsfb-alt": 0.02190076917977654, "redirect": 0.03687014175962058, "alternate": 0.2032531857426363, "bad-redirect": 0.0017809980897811506}, "french": {"roll-in": 0.20487719364638812, "dsfb-red": 0.03565430324915773, "sfT": 0.00016676284257789915, "dsfb": 0.0, "roll-out": 0.17866420521055454, "sfR": 0.10898279115633469, "sft": 0.0, "oneh-out": 0.011939491411234189, "oneh-in": 0.016021023594252986, "unknown": 0.15807953387545715, "sfb": 0.024845685941445914, "dsfb-alt": 0.018788274008774232, "redirect": 0.05396552556146574, "alternate": 0.18147673074054343, "bad-redirect": 0.006538478761813385}, "keymash": {"roll-in": 0.28829742255134166, "dsfb-red": 0.034000648569657614, "sfT": 2.052435625356611e-05, "dsfb": 0.0, "roll-out": 0.20109353770119, "sfR": 0.099723742164827, "sft": 0.0, "oneh-out": 0.023529122009088185, "oneh-in": 0.007594011813819459, "unknown": 0.01232282349464109, "sfb": 0.02006871554473694, "dsfb-alt": 0.025384523814410562, "redirect": 0.0429369532824603, "alternate": 0.2422325573758379, "bad-redirect": 0.0027954173217357037}, "movie": {"roll-in": 0.25108551767102355, "dsfb-red": 0.03358429479810852, "sfT": 1.3159783858445995e-05, "dsfb": 0.0, "roll-out": 0.2067637604292932, "sfR": 0.11567713207251198, "sft": 0.0, "oneh-out": 0.03127422633959691, "oneh-in": 0.006066133967389266, "unknown": 0.030236445784519856, "sfb": 0.016332081355362987, "dsfb-alt": 0.028388680532955454, "redirect": 0.042374240828518935, "alternate": 0.23674753836373089, "bad-redirect": 0.0014567880731299718}, "dutch": {"roll-in": 0.2443552694247073, "dsfb-red": 0.029378387059790484, "sfT": 9.266634460569448e-05, "dsfb": 0.0, "roll-out": 0.16354801144085085, "sfR": 0.18880787437283908, "sft": 0.0, "oneh-out": 0.011510332673970215, "oneh-in": 0.007797331388583299,