{"english-450k": {"roll-in": 0.21966630435227483, "oneh-in": 0.0035411895333043717, "sfT": 7.045543445276592e-05, "alternate": 0.3893022339342607, "dsfb": 0.0, "unknown": 0.0, "sfb": 0.03798951178769117, "sft": 0.0, "bad-redirect": 0.0018371035273907926, "redirect": 0.010078342934957064, "oneh-out": 0.003849322429209829, "dsfb-alt": 0.07066650840992317, "sfR": 0.11369548401129392, "dsfb-red": 0.003922116633270986, "roll-out": 0.1453814270119704}, "shai": {"roll-in": 0.27742070848297623, "oneh-in": 0.005984484150366311, "sfT": 0.00011295788097285357, "alternate": 0.3396233681969437, "dsfb": 0.0, "unknown": 0.015546460696927484, "sfb": 0.02840501923902809, "sft": 0.0, "bad-redirect": 0.0020951103422587026, "redirect": 0.016074272216069132, "oneh-out": 0.003158416142019852, "dsfb-alt": 0.06524911654048618, "sfR": 0.09823378925716947, "dsfb-red": 0.005818780338199418, "roll-out": 0.14227751651658255}, "tr-quotes": {"roll-in": 0.2881498347241164, "oneh-in": 0.007022491389473197, "sfT": 3.467326229167148e-05, "alternate": 0.32673424100228843, "dsfb": 0.0, "unknown": 0.009742030928549965, "sfb": 0.029315087492198515, "sft": 0.0, "bad-redirect": 0.001612306696562724, "redirect": 0.02378239060585747, "oneh-out": 0.002636323709576755, "dsfb-alt": 0.06316081459050878, "sfR": 0.09677191928064538, "dsfb-red": 0.00782922262545942, "roll-out": 0.1432086636924713}, "gutenberg": {"roll-in": 0.3050903935473287, "oneh-in": 0.005746375221972544, "sfT": 3.921341303317455e-05, "alternate": 0.3034146358096888, "dsfb": 0.0, "unknown": 0.025597834055655768, "sfb": 0.02840017231169321, "sft": 0.0, "bad-redirect": 0.0022419842668967185, "redirect": 0.0189908475515107, "oneh-out": 0.002833974197953098, "dsfb-alt": 0.056435489389077755, "sfR": 0.09863878308844841, "dsfb-red": 0.007388602649917425, "roll-out": 0.14518169449682372}, "english-200": {"roll-in": 0.2873051224944321, "oneh-in": 0.008908685968819599, "sfT": 0.0, "alternate": 0.3429844097995546, "dsfb": 0.0, "unknown": 0.0, "sfb": 0.004454342984409799, "sft": 0.0, "bad-redirect": 0.0, "redirect": 0.0200445434298441, "oneh-out": 0.0, "dsfb-alt": 0.060133630289532294, "sfR": 0.10690423162583519, "dsfb-red": 0.0022271714922048997, "roll-out": 0.16703786191536749}, "monkeyracer": {"roll-in": 0.28840205984015516, "oneh-in": 0.007025470384910146, "sfT": 3.616841578428766e-05, "alternate": 0.32631046968109234, "dsfb": 0.0, "unknown": 0.009365664638628651, "sfb": 0.029094069161831177, "sft": 0.0, "bad-redirect": 0.0015835900965012434, "redirect": 0.024257276694245898, "oneh-out": 0.002640294352252999, "dsfb-alt": 0.06291153792014013, "sfR": 0.09690789370786869, "dsfb-red": 0.007803580086647794, "roll-out": 0.14366192501994152}, "chained-bigrams": {"roll-in": 0.25908296101120115, "oneh-in": 0.006877435298410697, "sfT": 0.0001960900170052899, "alternate": 0.34196345843053966, "dsfb": 0.0, "unknown": 0.01607548556628135, "sfb": 0.028759652725878493, "sft": 0.0, "bad-redirect": 0.0026095555574313246, "redirect": 0.016617005679468142, "oneh-out": 0.003485467587034424, "dsfb-alt": 0.0735006418376881, "sfR": 0.11914286586209158, "dsfb-red": 0.008444207520376805, "roll-out": 0.12324517290659298}, "english-5k": {"roll-in": 0.2388103040610611, "oneh-in": 0.0026548305471439833, "sfT": 4.148172729912474e-05, "alternate": 0.38022151242377733, "dsfb": 0.0, "unknown": 0.0, "sfb": 0.027834239017712696, "sft": 0.0, "bad-redirect": 0.0014933421827684904, "redirect": 0.011117102916165428, "oneh-out": 0.004355581366408097, "dsfb-alt": 0.07155597959099017, "sfR": 0.10644211224955408, "dsfb-red": 0.004065209275314224, "roll-out": 0.1514083046418053}, "mt-quotes": {"roll-in": 0.29381521856061965, "oneh-in": 0.00728834223831893, "sfT": 2.689425180191487e-05, "alternate": 0.32467039600291653, "dsfb": 0.0, "unknown": 0.00522794372527223, "sfb": 0.02810150488280083, "sft": 0.0, "bad-redirect": 0.0015374547280094667, "redirect": 0.025386679575907532, "oneh-out": 0.002643107302088189, "dsfb-alt": 0.06205699190781846, "sfR": 0.0964592223377679, "dsfb-red": 0.007963686783567014, "roll-out": 0.14482255770311137}, "wordle": {"roll-in": 0.190732637720184, "oneh-in": 0.007965892516548861, "sfT": 0.00029170874004263433, "alternate": 0.35404465387636036, "dsfb": 0.0, "unknown": 0.0, "sfb": 0.05472904745876809, "sft": 0.0, "bad-redirect": 0.0016604959048580725, "redirect": 0.014024458655895883, "oneh-out": 0.003006843935824077, "dsfb-alt": 0.0746101200493661, "sfR": 0.13138112868843263, "dsfb-red": 0.008010770784247728, "roll-out": 0.15954224166947156}, "english-1k": {"roll-in": 0.24382498235709246, "oneh-in": 0.003175723359209598, "sfT": 0.0, "alternate": 0.3623853211009174, "dsfb": 0.0, "unknown": 0.0, "sfb": 0.017642907551164433, "sft": 0.0, "bad-redirect": 0.0017642907551164433, "redirect": 0.011997177134791814, "oneh-out": 0.0045871559633027525, "dsfb-alt": 0.06563161609033169, "sfR": 0.10832745236414962, "dsfb-red": 0.003175723359209598, "roll-out": 0.1774876499647142}, "english-10k": {"roll-in": 0.2522143532544721, "oneh-in": 0.0056154840701646055, "sfT": 3.859439223480828e-05, "alternate": 0.3756585168175064, "dsfb": 0.0, "unknown": 0.0, "sfb": 0.031531618455838364, "sft": 0.0, "bad-redirect": 0.0014665869049227146, "redirect": 0.009359140116941009, "oneh-out": 0.004129599969124486, "dsfb-alt": 0.06827347986337585, "sfR": 0.10567144593890508, "dsfb-red": 0.0043418691264159315, "roll-out": 0.14169931109009862}, "reddit": {"roll-in": 0.2696561428191236, "oneh-in": 0.006786571592260325, "sfT": 0.00017114292119503382, "alternate": 0.3174909825959748, "dsfb": 0.0, "unknown": 0.03279448971484982, "sfb": 0.027761337094806774, "sft": 0.0, "bad-redirect": 0.00160040543904115, "redirect": 0.020980271742295994, "oneh-out": 0.002768177754903784, "dsfb-alt": 0.06321537806609998, "sfR": 0.10397777127267367, "dsfb-red": 0.007586811769194162, "roll-out": 0.14521051721758094}, "akl": {"roll-in": 0.21597891038140063, "oneh-in": 0.0077496382621730095, "sfT": 0.0004131358164786513, "alternate": 0.2716503761621252, "dsfb": 0.0, "unknown": 0.12423987988349773, "sfb": 0.031114431703035968, "sft": 0.0, "bad-redirect": 0.0009430891761850439, "redirect": 0.022081950026749685, "oneh-out": 0.002274260660212333, "dsfb-alt": 0.05284427369075466, "sfR": 0.13064861186637447, "dsfb-red": 0.009415276557256545, "roll-out": 0.13064616581375613}, "french": {"roll-in": 0.19214012908921224, "oneh-in": 0.0033999634113544026, "sfT": 0.0004815911934836554, "alternate": 0.2596029426308105, "dsfb": 0.0, "unknown": 0.14987089475718507, "sfb": 0.05347307253518459, "sft": 0.0, "bad-redirect": 0.0027370320465866854, "redirect": 0.008874506923354697, "oneh-out": 0.003269351744694253, "dsfb-alt": 0.05663139387593087, "sfR": 0.10898279115633469, "dsfb-red": 0.005705923023344566, "roll-out": 0.15483040761252376}, "keymash": {"roll-in": 0.28490269402700186, "oneh-in": 0.006313291983596934, "sfT": 5.74681975099851e-05, "alternate": 0.3250196007602222, "dsfb": 0.0, "unknown": 0.008566866300238493, "sfb": 0.02892702770377607, "sft": 0.0, "bad-redirect": 0.0016788923415417076, "redirect": 0.0235332268803389, "oneh-out": 0.002984241399268512, "dsfb-alt": 0.0631206052222172, "sfR": 0.099723742164827, "dsfb-red": 0.008242581471432149, "roll-out": 0.14692976154802906}, "movie": {"roll-in": 0.25460575985315786, "oneh-in": 0.007195111824605348, "sfT": 4.329568889428732e-05, "alternate": 0.30885881117934166, "dsfb": 0.0, "unknown": 0.024481409107544254, "sfb": 0.03453179923591663, "sft": 0.0, "bad-redirect": 0.0009348710453040035, "redirect": 0.03531020045114371, "oneh-out": 0.0021116189179262446, "dsfb-alt": 0.06360794687763731, "sfR": 0.11567713207251198, "dsfb-red": 0.01228123668805614, "roll-out": 0.14036080705796056}, "dutch": {"roll-in": 0.20735927132694942, "oneh-in": 0.004426198626077995, "sfT": 0.0005077821619366606, "alternate": 0.27605904739643256, "dsfb": 0.0, "unknown": 0.06757562285572356, "sfb": 0.06894282798533648, "sft": 0.0, "bad-redirect": 0.005376781751644227, "redirect": 0.011240438359147282,