{"english-450k": {"roll-in": 0.18779647559113863, "oneh-in": 0.017164230155978392, "oneh-out": 0.016523407283279376, "redirect": 0.08077116250297463, "dsfb-alt": 0.036186028073420994, "sfT": 2.3972388486003343e-05, "sfb": 0.030054943545025116, "dsfb": 0.0, "roll-out": 0.2658546653483802, "unknown": 0.0001543587941537776, "bad-redirect": 0.025766517121839957, "dsfb-red": 0.02667776023050913, "alternate": 0.19933099495351989, "sft": 0.0, "sfR": 0.11369548401129392}, "shai": {"roll-in": 0.17926488087036516, "oneh-in": 0.01500763399432691, "oneh-out": 0.039485542939398995, "redirect": 0.06448539973427321, "dsfb-alt": 0.033857391846070437, "sfT": 2.8110779150448364e-05, "sfb": 0.019956176135183162, "dsfb": 0.0, "roll-out": 0.2849788040932205, "unknown": 0.031793109309943265, "bad-redirect": 0.026857753651885523, "dsfb-red": 0.023490896643674375, "alternate": 0.18256051074533855, "sft": 0.0, "sfR": 0.09823378925716947}, "tr-quotes": {"roll-in": 0.18162548253623356, "oneh-in": 0.014069254062550565, "oneh-out": 0.043133538290839324, "redirect": 0.05634867432560505, "dsfb-alt": 0.030749404775663992, "sfT": 4.623101638889531e-06, "sfb": 0.018002357781835832, "dsfb": 0.0, "roll-out": 0.2903076674140681, "unknown": 0.039616513719054114, "bad-redirect": 0.029274635352858232, "dsfb-red": 0.02158526155197522, "alternate": 0.17851066780703173, "sft": 0.0, "sfR": 0.09677191928064538}, "gutenberg": {"roll-in": 0.17021709075878144, "oneh-in": 0.012982860139205722, "oneh-out": 0.05289737868752896, "redirect": 0.05385479216322782, "dsfb-alt": 0.030031222969739747, "sfT": 7.38803433958361e-06, "sfb": 0.01999580965847201, "dsfb": 0.0, "roll-out": 0.29356752265569147, "unknown": 0.04011588984327138, "bad-redirect": 0.02586077230343377, "dsfb-red": 0.02155998913390642, "alternate": 0.1802705005639533, "sft": 0.0, "sfR": 0.09863878308844841}, "english-200": {"roll-in": 0.17817371937639198, "oneh-in": 0.0066815144766146995, "oneh-out": 0.035634743875278395, "redirect": 0.0645879732739421, "dsfb-alt": 0.026726057906458798, "sfT": 0.0, "sfb": 0.0066815144766146995, "dsfb": 0.0, "roll-out": 0.35634743875278396, "unknown": 0.0, "bad-redirect": 0.031180400890868598, "dsfb-red": 0.0200445434298441, "alternate": 0.16703786191536749, "sft": 0.0, "sfR": 0.10690423162583519}, "monkeyracer": {"roll-in": 0.18197991773151695, "oneh-in": 0.014072446314340679, "oneh-out": 0.04293581963495316, "redirect": 0.05628880773261179, "dsfb-alt": 0.030752928664153776, "sfT": 5.865148505560161e-06, "sfb": 0.017994275615058574, "dsfb": 0.0, "roll-out": 0.29027206468867794, "unknown": 0.03912933825484461, "bad-redirect": 0.029400034408871234, "dsfb-red": 0.021390196599777908, "alternate": 0.17887041149881916, "sft": 0.0, "sfR": 0.09690789370786869}, "chained-bigrams": {"roll-in": 0.16585644262841137, "oneh-in": 0.01537358719415314, "oneh-out": 0.031927610318490444, "redirect": 0.06580118679911616, "dsfb-alt": 0.037656425616628436, "sfT": 4.2854109676652756e-05, "sfb": 0.020979683905489807, "dsfb": 0.0, "roll-out": 0.290783963992159, "unknown": 0.033665798979163164, "bad-redirect": 0.018413631762427204, "dsfb-red": 0.035207897622830595, "alternate": 0.16514805120936246, "sft": 0.0, "sfR": 0.11914286586209158}, "english-5k": {"roll-in": 0.1946737462147924, "oneh-in": 0.0155971294644709, "oneh-out": 0.018003069647820134, "redirect": 0.08163603932467747, "dsfb-alt": 0.036711328659725394, "sfT": 0.0, "sfb": 0.02111419919525449, "dsfb": 0.0, "roll-out": 0.27966980545069897, "unknown": 0.0022400132741527356, "bad-redirect": 0.023769029742398473, "dsfb-red": 0.025013481561372217, "alternate": 0.19513004521508276, "sft": 0.0, "sfR": 0.10644211224955408}, "mt-quotes": {"roll-in": 0.18187237781044932, "oneh-in": 0.013707103668375947, "oneh-out": 0.044589175362474746, "redirect": 0.0548792149269074, "dsfb-alt": 0.03045774016566859, "sfT": 5.9765004004255265e-06, "sfb": 0.017396098540538602, "dsfb": 0.0, "roll-out": 0.29479984700158973, "unknown": 0.03468910244916987, "bad-redirect": 0.03047865791707008, "dsfb-red": 0.02070558563727424, "alternate": 0.17995989768231316, "sft": 0.0, "sfR": 0.0964592223377679}, "wordle": {"roll-in": 0.18343991921911815, "oneh-in": 0.014809828340626052, "oneh-out": 0.01774935487490183, "redirect": 0.06547739257264669, "dsfb-alt": 0.04207337596768765, "sfT": 6.731740154830023e-05, "sfb": 0.03715920565466173, "dsfb": 0.0, "roll-out": 0.26067541792886795, "unknown": 0.0, "bad-redirect": 0.016358128576236957, "dsfb-red": 0.029036239201166835, "alternate": 0.20177269157410524, "sft": 0.0, "sfR": 0.13138112868843263}, "english-1k": {"roll-in": 0.1771347918136909, "oneh-in": 0.009174311926605505, "oneh-out": 0.02364149611856034, "redirect": 0.06774876499647142, "dsfb-alt": 0.038461538461538464, "sfT": 0.0, "sfb": 0.016937191249117856, "dsfb": 0.0, "roll-out": 0.3119266055045872, "unknown": 0.0, "bad-redirect": 0.020465772759350742, "dsfb-red": 0.02328863796753705, "alternate": 0.20289343683839098, "sft": 0.0, "sfR": 0.10832745236414962}, "english-10k": {"roll-in": 0.19482449200131222, "oneh-in": 0.01565002605121476, "oneh-out": 0.01607456436579765, "redirect": 0.08591111711468323, "dsfb-alt": 0.035410354875436596, "sfT": 0.0, "sfb": 0.024951274579803555, "dsfb": 0.0, "roll-out": 0.2689450222882615, "unknown": 0.0, "bad-redirect": 0.029158063333397658, "dsfb-red": 0.024333764304046622, "alternate": 0.1990698751471411, "sft": 0.0, "sfR": 0.10567144593890508}, "reddit": {"roll-in": 0.17033339157961094, "oneh-in": 0.012525272048510347, "oneh-out": 0.0373523452180087, "redirect": 0.05539456983625679, "dsfb-alt": 0.030927724610101102, "sfT": 8.907372873753347e-05, "sfb": 0.02030806100389239, "dsfb": 0.0, "roll-out": 0.27974930502451867, "unknown": 0.06027826737738363, "bad-redirect": 0.02798068770687027, "dsfb-red": 0.02295734892910192, "alternate": 0.178126181664334, "sft": 0.0, "sfR": 0.10397777127267367}, "akl": {"roll-in": 0.14576615593664508, "oneh-in": 0.008934318372723717, "oneh-out": 0.026192652636092377, "redirect": 0.04437302519856697, "dsfb-alt": 0.02647595000298097, "sfT": 0.00014310643197442427, "sfb": 0.022569974585513294, "dsfb": 0.0, "roll-out": 0.23956708525380377, "unknown": 0.15113620503040356, "bad-redirect": 0.02399483729710395, "dsfb-red": 0.023239427067272105, "alternate": 0.15695865032054532, "sft": 0.0, "sfR": 0.13064861186637447}, "french": {"roll-in": 0.15531364680822496, "oneh-in": 0.01192181284199136, "oneh-out": 0.01858962981420588, "redirect": 0.06822392089301704, "dsfb-alt": 0.028918513676388365, "sfT": 3.303495354274258e-05, "sfb": 0.041352885171715016, "dsfb": 0.0, "roll-out": 0.19041606407840128, "unknown": 0.1845785256052277, "bad-redirect": 0.009109601930607631, "dsfb-red": 0.022150767842436844, "alternate": 0.1604088052279065, "sft": 0.0, "sfR": 0.10898279115633469}, "keymash": {"roll-in": 0.18109460496771518, "oneh-in": 0.013743108947387865, "oneh-out": 0.04369635446384224, "redirect": 0.056277784847278266, "dsfb-alt": 0.03289233333196504, "sfT": 1.2314613752139664e-05, "sfb": 0.0188454639120244, "dsfb": 0.0, "roll-out": 0.2910682106455731, "unknown": 0.03457533054475746, "bad-redirect": 0.02956328274763662, "dsfb-red": 0.020881480052378158, "alternate": 0.17762598876086252, "sft": 0.0, "sfR": 0.099723742164827}, "movie": {"roll-in": 0.18023074101821723, "oneh-in": 0.012849870948579593, "oneh-out": 0.0345421954651648, "redirect": 0.04706241382809032, "dsfb-alt": 0.03188102397330985, "sfT": 2.737235042556767e-05, "sfb": 0.017126932300413126, "dsfb": 0.0, "roll-out": 0.25643747016841495, "unknown": 0.08496732886260383, "bad-redirect": 0.027333529063185254, "dsfb-red": 0.021217782710649648, "alternate": 0.17064620723843382, "sft": 0.0, "sfR": 0.11567713207251198}, "dutch": {"roll-in": 0.14532216598686842, "oneh-in": 0.013421791200993481, "oneh-out": 0.012278559622168042, "redirect": 0.044510668446023055, "dsfb-alt": 0.020825326486591047, "sfT": 0.0001222880166816634, "sfb": 0.06019794377541264, "dsfb": 0.0, "roll-out": 0.23545766864028528,