{"english-450k": {"roll-in": 0.2956447432352551, "oneh-in": 0.014454473218456868, "sfT": 0.0021756404282053275, "alternate": 0.2501419340806092, "dsfb": 0.0, "unknown": 0.00015377410175167997, "sfb": 0.04074516707877736, "sft": 0.0, "bad-redirect": 0.0005767990546693243, "redirect": 0.05248900632110956, "oneh-out": 0.006087524944439604, "dsfb-alt": 0.046514911702676895, "sfR": 0.11369548401129392, "dsfb-red": 0.022498671286516232, "roll-out": 0.15482187053623894}, "shai": {"roll-in": 0.35614245488574087, "oneh-in": 0.015599818152712708, "sfT": 0.0002530589388949147, "alternate": 0.23845514335529763, "dsfb": 0.0, "unknown": 0.023260762136131256, "sfb": 0.021944339341343117, "sft": 0.0, "bad-redirect": 0.0014701709141565, "redirect": 0.043881371350862466, "oneh-out": 0.007482402025245593, "dsfb-alt": 0.03732434536679555, "sfR": 0.09823378925716947, "dsfb-red": 0.016855289749640283, "roll-out": 0.13909705452600962}, "tr-quotes": {"roll-in": 0.3784401655070387, "oneh-in": 0.013151568387230993, "sfT": 0.00019648181965280508, "alternate": 0.2314359353690391, "dsfb": 0.0, "unknown": 0.013835787429786644, "sfb": 0.01864728046046092, "sft": 0.0, "bad-redirect": 0.003589838422597721, "redirect": 0.0457814197545133, "oneh-out": 0.008817410600772058, "dsfb-alt": 0.03753149487991494, "sfR": 0.09677191928064538, "dsfb-red": 0.013961766949446383, "roll-out": 0.13783893113890108}, "gutenberg": {"roll-in": 0.3725990309172188, "oneh-in": 0.010668889896692547, "sfT": 8.695148107356095e-05, "alternate": 0.22544037420583365, "dsfb": 0.0, "unknown": 0.032975828246008664, "sfb": 0.02350664146399773, "sft": 0.0, "bad-redirect": 0.0013101447562194936, "redirect": 0.04497285939282482, "oneh-out": 0.00815392723278711, "dsfb-alt": 0.034483176688061654, "sfR": 0.09863878308844841, "dsfb-red": 0.01423844710337906, "roll-out": 0.1329249455274545}, "english-200": {"roll-in": 0.40089086859688194, "oneh-in": 0.0066815144766146995, "sfT": 0.0, "alternate": 0.2516703786191537, "dsfb": 0.0, "unknown": 0.0, "sfb": 0.0066815144766146995, "sft": 0.0, "bad-redirect": 0.0, "redirect": 0.042316258351893093, "oneh-out": 0.0066815144766146995, "dsfb-alt": 0.035634743875278395, "sfR": 0.10690423162583519, "dsfb-red": 0.011135857461024499, "roll-out": 0.13140311804008908}, "monkeyracer": {"roll-in": 0.37901567167680683, "oneh-in": 0.013096876612915838, "sfT": 0.00018475217792514507, "alternate": 0.2311660306238954, "dsfb": 0.0, "unknown": 0.013436077701487402, "sfb": 0.018422431455964464, "sft": 0.0, "bad-redirect": 0.003618796627930619, "redirect": 0.045703192204826625, "oneh-out": 0.008890587609678277, "dsfb-alt": 0.03748514162378591, "sfR": 0.09690789370786869, "dsfb-red": 0.013996199383768396, "roll-out": 0.13807634859314638}, "chained-bigrams": {"roll-in": 0.33085190723513724, "oneh-in": 0.01703450859646947, "sfT": 9.155196158193997e-05, "alternate": 0.24217636543906956, "dsfb": 0.0, "unknown": 0.022916559801936097, "sfb": 0.022498407580242696, "sft": 0.0, "bad-redirect": 0.002521899424001808, "redirect": 0.05179633389584763, "oneh-out": 0.005019774574397007, "dsfb-alt": 0.05033864486214937, "sfR": 0.11914286586209158, "dsfb-red": 0.02680914143089872, "roll-out": 0.10880203933617685}, "english-5k": {"roll-in": 0.3316464097565023, "oneh-in": 0.02293939519641598, "sfT": 0.00041481727299124733, "alternate": 0.25200149334218275, "dsfb": 0.0, "unknown": 0.002157049819554486, "sfb": 0.0275023851993197, "sft": 0.0, "bad-redirect": 0.00012444518189737422, "redirect": 0.04023727548015099, "oneh-out": 0.007217820550047704, "dsfb-alt": 0.04156469075372299, "sfR": 0.10644211224955408, "dsfb-red": 0.022109760650433484, "roll-out": 0.14564234454722694}, "mt-quotes": {"roll-in": 0.3866422227800289, "oneh-in": 0.01288384073821733, "sfT": 0.00013447125900957436, "alternate": 0.2319928042935179, "dsfb": 0.0, "unknown": 0.007977133909467972, "sfb": 0.01722278002892626, "sft": 0.0, "bad-redirect": 0.0037861130036695714, "redirect": 0.04534669678822868, "oneh-out": 0.009027503854842758, "dsfb-alt": 0.037654940772881035, "sfR": 0.0964592223377679, "dsfb-red": 0.013493443779060733, "roll-out": 0.13737882645438138}, "wordle": {"roll-in": 0.2618646920228879, "oneh-in": 0.0069112532256254905, "sfT": 0.0007404914170313026, "alternate": 0.23552114888365308, "dsfb": 0.0, "unknown": 0.0, "sfb": 0.046381689666778865, "sft": 0.0, "bad-redirect": 0.0010995175586222372, "redirect": 0.04936609446875351, "oneh-out": 0.008033209918097162, "dsfb-alt": 0.054437338718725456, "sfR": 0.13138112868843263, "dsfb-red": 0.023246942668013016, "roll-out": 0.18101649276337933}, "english-1k": {"roll-in": 0.3585038814396613, "oneh-in": 0.012702893436838392, "sfT": 0.0, "alternate": 0.21912491178546226, "dsfb": 0.0, "unknown": 0.0, "sfb": 0.020465772759350742, "sft": 0.0, "bad-redirect": 0.0, "redirect": 0.05081157374735357, "oneh-out": 0.012702893436838392, "dsfb-alt": 0.04022582921665491, "sfR": 0.10832745236414962, "dsfb-red": 0.01834862385321101, "roll-out": 0.1587861679604799}, "english-10k": {"roll-in": 0.3350572161864881, "oneh-in": 0.020204164334922135, "sfT": 0.0004245383145828911, "alternate": 0.2465795719881901, "dsfb": 0.0, "unknown": 0.0, "sfb": 0.026591536249782905, "sft": 0.0, "bad-redirect": 0.0007525906485787615, "redirect": 0.042434534262171704, "oneh-out": 0.006773315837208854, "dsfb-alt": 0.04021535670867023, "sfR": 0.10567144593890508, "dsfb-red": 0.021323401709731574, "roll-out": 0.15397232782076764}, "reddit": {"roll-in": 0.35147980193269013, "oneh-in": 0.011947753650833606, "sfT": 0.00028460142596626546, "alternate": 0.22908860307633988, "dsfb": 0.0, "unknown": 0.039285409944231534, "sfb": 0.020454294745268053, "sft": 0.0, "bad-redirect": 0.003155262663555454, "redirect": 0.04259971678449832, "oneh-out": 0.007973110072167324, "dsfb-alt": 0.040169742013939025, "sfR": 0.10397777127267367, "dsfb-red": 0.014343192686365146, "roll-out": 0.13524073973147155}, "akl": {"roll-in": 0.29709495672624076, "oneh-in": 0.008463070275857661, "sfT": 0.00031665262986606035, "alternate": 0.19097296387923982, "dsfb": 0.0, "unknown": 0.13277008071454782, "sfb": 0.02603790892347915, "sft": 0.0, "bad-redirect": 0.003647855097226515, "redirect": 0.03380081516803653, "oneh-out": 0.005581743829455479, "dsfb-alt": 0.03618860726038327, "sfR": 0.13064861186637447, "dsfb-red": 0.013620584575444206, "roll-out": 0.12085614905384831}, "french": {"roll-in": 0.2456275242618512, "oneh-in": 0.022772349333382354, "sfT": 0.00016652313316443707, "alternate": 0.18390672499216187, "dsfb": 0.0, "unknown": 0.15807953387545715, "sfb": 0.04247394617112379, "sft": 0.0, "bad-redirect": 0.0013019666973809335, "redirect": 0.041472739878446054, "oneh-out": 0.010632745507422355, "dsfb-alt": 0.03206947893450904, "sfR": 0.10898279115633469, "dsfb-red": 0.02150391199020943, "roll-out": 0.13100976406855672}, "keymash": {"roll-in": 0.3802629580523207, "oneh-in": 0.013135588002282308, "sfT": 0.00016008997877781564, "alternate": 0.22829241460841582, "dsfb": 0.0, "unknown": 0.01232282349464109, "sfb": 0.019563816380899213, "sft": 0.0, "bad-redirect": 0.0032387434168127316, "redirect": 0.04595813852298523, "oneh-out": 0.00885420728778842, "dsfb-alt": 0.038516006945442154, "sfR": 0.099723742164827, "dsfb-red": 0.013492711801094358, "roll-out": 0.13647875934371317}, "movie": {"roll-in": 0.3616140159067571, "oneh-in": 0.010491769278984655, "sfT": 9.869837893834496e-05, "alternate": 0.2208778918131537, "dsfb": 0.0, "unknown": 0.030236445784519856, "sfb": 0.017166543249827047, "sft": 0.0, "bad-redirect": 0.00727393892991744, "redirect": 0.042772324290236925, "oneh-out": 0.009794432332325602, "dsfb-alt": 0.03873858734194606, "sfR": 0.11567713207251198, "dsfb-red": 0.01298199517851839, "roll-out": 0.13227622544236284}, "dutch": {"roll-in": 0.30326293117777453, "oneh-in": 0.006984169870032942, "sfT": 0.00012316662559917093, "alternate": 0.18101129607761365, "dsfb": 0.0, "unknown": 0.07290361491625476, "sfb": 0.029515091435036965, "sft": 0.0, "bad-redirect": 0.0008382287688906744,