{"english-450k": {"sfR": 0.11369548401129392, "dsfb-red": 0.008340052423520773, "oneh-out": 0.005494354502511546, "dsfb-alt": 0.04140323837733826, "alternate": 0.35910784125133527, "bad-redirect": 0.0021066467247578056, "oneh-in": 0.006973041587416484, "sfT": 2.6895850496491555e-05, "redirect": 0.036594728062487245, "roll-out": 0.16701855404399576, "dsfb": 0.0, "sft": 0.0, "unknown": 0.00015377410175167997, "roll-in": 0.23876177351238173, "sfb": 0.020323615550713003}, "shai": {"sfR": 0.09823378925716947, "dsfb-red": 0.00897288484481054, "oneh-out": 0.012163189284974485, "dsfb-alt": 0.03079113013769676, "alternate": 0.31966379384282984, "bad-redirect": 0.001208093922746021, "oneh-in": 0.00572048743618857, "sfT": 4.0527050596770595e-05, "redirect": 0.03605460357260407, "roll-out": 0.17674935898289373, "dsfb": 0.0, "sft": 0.0, "unknown": 0.023260762136131256, "roll-in": 0.2737243171282929, "sfb": 0.01341706240306561}, "tr-quotes": {"sfR": 0.09677191928064538, "dsfb-red": 0.009132937287626269, "oneh-out": 0.019963708652134718, "dsfb-alt": 0.030208501883913916, "alternate": 0.31005177873835554, "bad-redirect": 0.001247081667090451, "oneh-in": 0.004408127412681167, "sfT": 2.7738609833337187e-05, "redirect": 0.03911375141582488, "roll-out": 0.17675273340884398, "dsfb": 0.0, "sft": 0.0, "unknown": 0.013835787429786644, "roll-in": 0.28649129701116477, "sfb": 0.011994637202098889}, "gutenberg": {"sfR": 0.09863878308844841, "dsfb-red": 0.008073416602163444, "oneh-out": 0.014648388290836981, "dsfb-alt": 0.03482624669290745, "alternate": 0.2914696997768056, "bad-redirect": 0.001935664996970906, "oneh-in": 0.005929181712682754, "sfT": 6.440850449893404e-05, "redirect": 0.03394498680193968, "roll-out": 0.1766816208059171, "dsfb": 0.0, "sft": 0.0, "unknown": 0.032975828246008664, "roll-in": 0.28696584038132866, "sfb": 0.013845934099491438}, "english-200": {"sfR": 0.10690423162583519, "dsfb-red": 0.0022271714922048997, "oneh-out": 0.0066815144766146995, "dsfb-alt": 0.028953229398663696, "alternate": 0.31625835189309576, "bad-redirect": 0.0, "oneh-in": 0.008908685968819599, "sfT": 0.0, "redirect": 0.0378619153674833, "roll-out": 0.22048997772828507, "dsfb": 0.0, "sft": 0.0, "unknown": 0.0, "roll-in": 0.26948775055679286, "sfb": 0.0022271714922048997}, "monkeyracer": {"sfR": 0.09690789370786869, "dsfb-red": 0.009145721569670143, "oneh-out": 0.020320784522264105, "dsfb-alt": 0.030105807279040307, "alternate": 0.30915491030232883, "bad-redirect": 0.0012600294039445078, "oneh-in": 0.004412546725683094, "sfT": 2.541564352409403e-05, "redirect": 0.039348303799052194, "roll-out": 0.17703559754132975, "dsfb": 0.0, "sft": 0.0, "unknown": 0.013436077701487402, "roll-in": 0.28688494142671694, "sfb": 0.011961970377089948}, "chained-bigrams": {"sfR": 0.11914286586209158, "dsfb-red": 0.01530670881086988, "oneh-out": 0.005437277491398336, "dsfb-alt": 0.04238596099366993, "alternate": 0.31453293240932945, "bad-redirect": 0.004051011973827827, "oneh-in": 0.0116816407150403, "sfT": 6.103464105462665e-05, "redirect": 0.04273983205084835, "roll-out": 0.152682050426301, "dsfb": 0.0, "sft": 0.0, "unknown": 0.022916559801936097, "roll-in": 0.25470534877726186, "sfb": 0.014356776046370744}, "english-5k": {"sfR": 0.10644211224955408, "dsfb-red": 0.010080059733687311, "oneh-out": 0.006720039822458207, "dsfb-alt": 0.03389057120338491, "alternate": 0.3493176255859294, "bad-redirect": 0.0012029700916746174, "oneh-in": 0.006761521549757332, "sfT": 4.148172729912474e-05, "redirect": 0.03567428547724727, "roll-out": 0.1769610486580661, "dsfb": 0.0, "sft": 0.0, "unknown": 0.002157049819554486, "roll-in": 0.25635707470859087, "sfb": 0.014394159372796284}, "mt-quotes": {"sfR": 0.0964592223377679, "dsfb-red": 0.009037962730543503, "oneh-out": 0.021531836817633068, "dsfb-alt": 0.02945518222349721, "alternate": 0.3082962790308507, "bad-redirect": 0.0011982883302853182, "oneh-in": 0.004285150787105103, "sfT": 2.3906001601702106e-05, "redirect": 0.03999772892984784, "roll-out": 0.17806684118047836, "dsfb": 0.0, "sft": 0.0, "unknown": 0.007977133909467972, "roll-in": 0.2925183179737273, "sfb": 0.011152149747194032}, "wordle": {"sfR": 0.13138112868843263, "dsfb-red": 0.01164591046785594, "oneh-out": 0.00664198361943229, "dsfb-alt": 0.04968024234264557, "alternate": 0.35126220127903063, "bad-redirect": 0.0010097610232245036, "oneh-in": 0.004263435431392348, "sfT": 0.00011219566924716706, "redirect": 0.029148434870414002, "roll-out": 0.1837316279591608, "dsfb": 0.0, "sft": 0.0, "unknown": 0.0, "roll-in": 0.20291708740042635, "sfb": 0.028205991248737797}, "english-1k": {"sfR": 0.10832745236414962, "dsfb-red": 0.008115737473535639, "oneh-out": 0.011291460832745237, "dsfb-alt": 0.032462949894142556, "alternate": 0.326393789696542, "bad-redirect": 0.001058574453069866, "oneh-in": 0.007410021171489062, "sfT": 0.0, "redirect": 0.03387438249823571, "roll-out": 0.20324629498941427, "dsfb": 0.0, "sft": 0.0, "unknown": 0.0, "roll-in": 0.2537050105857445, "sfb": 0.014114326040931546}, "english-10k": {"sfR": 0.10567144593890508, "dsfb-red": 0.009301248528588796, "oneh-out": 0.0067540186410914495, "dsfb-alt": 0.032592964242295595, "alternate": 0.35954535805947396, "bad-redirect": 0.0010420485903398235, "oneh-in": 0.0057312672468690295, "sfT": 5.789158835221242e-05, "redirect": 0.034020956754983504, "roll-out": 0.1752957295304992, "dsfb": 0.0, "sft": 0.0, "unknown": 0.0, "roll-in": 0.2545107195924432, "sfb": 0.01547635128615812}, "reddit": {"sfR": 0.10397777127267367, "dsfb-red": 0.008940447769663878, "oneh-out": 0.014612361658067381, "dsfb-alt": 0.028757929032061112, "alternate": 0.30490495462315315, "bad-redirect": 0.0009822457479749117, "oneh-in": 0.004756267421208799, "sfT": 9.705215776238403e-05, "redirect": 0.03807602244223458, "roll-out": 0.16958016045632118, "dsfb": 0.0, "sft": 0.0, "unknown": 0.039285409944231534, "roll-in": 0.27281942136911713, "sfb": 0.013209956105530269}, "akl": {"sfR": 0.13064861186637447, "dsfb-red": 0.009047750974449301, "oneh-out": 0.0145848975819238, "dsfb-alt": 0.023091823851696273, "alternate": 0.2645439509081687, "bad-redirect": 0.0011709179761222274, "oneh-in": 0.0036078534892557633, "sfT": 0.00012998669520328834, "redirect": 0.029966392966556062, "roll-out": 0.14370811150333332, "dsfb": 0.0, "sft": 0.0, "unknown": 0.13277008071454782, "roll-in": 0.22888803955133663, "sfb": 0.017841581921032378}, "french": {"sfR": 0.10898279115633469, "dsfb-red": 0.012215247127745627, "oneh-out": 0.018523679761827123, "dsfb-alt": 0.02463610500488835, "alternate": 0.2291998785931748, "bad-redirect": 0.0027731682406660937, "oneh-in": 0.004639950243517048, "sfT": 0.0001810105708405514, "redirect": 0.035261164829241576, "roll-out": 0.17502781340833481, "dsfb": 0.0, "sft": 0.0, "unknown": 0.15807953387545715, "roll-in": 0.21005671479776997, "sfb": 0.02042294239020219}, "keymash": {"sfR": 0.099723742164827, "dsfb-red": 0.00913744340408763, "oneh-out": 0.019769059943434874, "dsfb-alt": 0.030601815174067064, "alternate": 0.308932610328677, "bad-redirect": 0.0014490195515017672, "oneh-in": 0.004683658097063785, "sfT": 3.283897000570577e-05, "redirect": 0.037325594282735325, "roll-out": 0.17949781005118776, "dsfb": 0.0, "sft": 0.0, "unknown": 0.01232282349464109, "roll-in": 0.2843936899919134, "sfb": 0.01212989454585757}, "movie": {"sfR": 0.11567713207251198, "dsfb-red": 0.01113462472046974, "oneh-out": 0.02987415693489684, "dsfb-alt": 0.034688927055186475, "alternate": 0.29069541430223733, "bad-redirect": 0.0011098961706213352, "oneh-in": 0.00380015078480345, "sfT": 6.553572361506106e-05, "redirect": 0.03991322964915095, "roll-out": 0.17286060406829454, "dsfb": 0.0, "sft": 0.0, "unknown": 0.030236445784519856, "roll-in": 0.2565703839853853, "sfb": 0.013373498748307159}, "dutch": {"sfR": 0.18880787437283908, "dsfb-red": 0.004549401113265635, "oneh-out": 0.010544920781571763, "dsfb-alt": 0.025071123391872237, "alternate": 0.3025357119559918, "bad-redirect": 0.0015575763720043067, "oneh-in": 0.0030166409604823583,