{"english-450k": {"unknown": 0.00015377410175167997, "sft": 0.0, "sfT": 0.00017102252761356043, "roll-out": 0.14730623439967586, "roll-in": 0.28291511260298624, "dsfb-alt": 0.027935141241220113, "sfb": 0.03506897323921345, "alternate": 0.20759796082677845, "sfR": 0.11369548401129392, "dsfb": 0.0, "oneh-out": 0.012806810029345712, "dsfb-red": 0.03140090545465389, "bad-redirect": 0.02036395932645774, "redirect": 0.09104859320084593, "oneh-in": 0.029536029038163457}, "shai": {"unknown": 0.023260762136131256, "sft": 0.0, "sfT": 9.394256251406894e-05, "roll-out": 0.1358690329520413, "roll-in": 0.343093851530499, "dsfb-alt": 0.024327911251835733, "sfb": 0.026072792171742114, "alternate": 0.19637105825956075, "sfR": 0.09823378925716947, "dsfb": 0.0, "oneh-out": 0.008985169522357494, "dsfb-red": 0.02476063843786585, "bad-redirect": 0.014232143404529246, "redirect": 0.07279767933384382, "oneh-in": 0.031901229179909917}, "tr-quotes": {"unknown": 0.013835787429786644, "sft": 0.0, "sfT": 0.00019185871801391554, "roll-out": 0.1479450313215136, "roll-in": 0.3584383162663831, "dsfb-alt": 0.024425001733663115, "sfb": 0.027257807262892675, "alternate": 0.1910196250664571, "sfR": 0.09677191928064538, "dsfb": 0.0, "oneh-out": 0.009030073276160976, "dsfb-red": 0.020542752132405633, "bad-redirect": 0.013311065393772682, "redirect": 0.07066757587665565, "oneh-in": 0.026563186241649522}, "gutenberg": {"unknown": 0.032975828246008664, "sft": 0.0, "sfT": 0.00016007407735764488, "roll-out": 0.12695351941329155, "roll-in": 0.3633874781532036, "dsfb-alt": 0.02498955256169672, "sfb": 0.02996037361479092, "alternate": 0.18182558707404667, "sfR": 0.09863878308844841, "dsfb": 0.0, "oneh-out": 0.012021468491170162, "dsfb-red": 0.02143685522824669, "bad-redirect": 0.013376130890205095, "redirect": 0.0710139755088556, "oneh-in": 0.023260373652678277}, "english-200": {"unknown": 0.0, "sft": 0.0, "sfT": 0.0, "roll-out": 0.15812917594654788, "roll-in": 0.35634743875278396, "dsfb-alt": 0.0200445434298441, "sfb": 0.017817371937639197, "alternate": 0.19376391982182628, "sfR": 0.10690423162583519, "dsfb": 0.0, "oneh-out": 0.0066815144766146995, "dsfb-red": 0.024498886414253896, "bad-redirect": 0.015590200445434299, "redirect": 0.07126948775055679, "oneh-in": 0.028953229398663696}, "monkeyracer": {"unknown": 0.013436077701487402, "sft": 0.0, "sfT": 0.00018768475217792514, "roll-out": 0.14834622362638222, "roll-in": 0.358531640521138, "dsfb-alt": 0.024507523030483133, "sfb": 0.02723579461031953, "alternate": 0.190473630292319, "sfR": 0.09690789370786869, "dsfb": 0.0, "oneh-out": 0.00914963166867385, "dsfb-red": 0.020528019769460563, "bad-redirect": 0.013353965622409559, "redirect": 0.07076008414533055, "oneh-in": 0.026581830551949577}, "chained-bigrams": {"unknown": 0.022916559801936097, "sft": 0.0, "sfT": 0.00022271150938018024, "roll-out": 0.09948127048150487, "roll-in": 0.33217843672103725, "dsfb-alt": 0.032292519555434065, "sfb": 0.02633514900568726, "alternate": 0.2020493354691129, "sfR": 0.11914286586209158, "dsfb": 0.0, "oneh-out": 0.007206632777290439, "dsfb-red": 0.03638119120140198, "bad-redirect": 0.014616497923198942, "redirect": 0.08284803218473498, "oneh-in": 0.024328797507189425}, "english-5k": {"unknown": 0.002157049819554486, "sft": 0.0, "sfT": 0.0, "roll-out": 0.1450201186377401, "roll-in": 0.3157174264736384, "dsfb-alt": 0.02505496328867134, "sfb": 0.025096445015970466, "alternate": 0.2091093873148878, "sfR": 0.10644211224955408, "dsfb": 0.0, "oneh-out": 0.009748205915294314, "dsfb-red": 0.028414983199900445, "bad-redirect": 0.016177873646658646, "redirect": 0.08254863732525822, "oneh-in": 0.03451279711287178}, "mt-quotes": {"unknown": 0.007977133909467972, "sft": 0.0, "sfT": 0.00018975388771351047, "roll-out": 0.14973225278206093, "roll-in": 0.3638852033803086, "dsfb-alt": 0.02415701461851998, "sfb": 0.026764262918205616, "alternate": 0.1917037209691493, "sfR": 0.0964592223377679, "dsfb": 0.0, "oneh-out": 0.009055892231744779, "dsfb-red": 0.01958200356199424, "bad-redirect": 0.013352996019650733, "redirect": 0.07083198862074323, "oneh-in": 0.02630855476267317}, "wordle": {"unknown": 0.0, "sft": 0.0, "sfT": 0.0004039044092898014, "roll-out": 0.1502524402558061, "roll-in": 0.26460226635251877, "dsfb-alt": 0.027061595422416696, "sfb": 0.04467631549422192, "alternate": 0.2163356894423875, "sfR": 0.13138112868843263, "dsfb": 0.0, "oneh-out": 0.017323011331762592, "dsfb-red": 0.026725008414675195, "bad-redirect": 0.014832267474475485, "redirect": 0.07864916414226411, "oneh-in": 0.02775720857174913}, "english-1k": {"unknown": 0.0, "sft": 0.0, "sfT": 0.0, "roll-out": 0.1616090331686662, "roll-in": 0.34086097388849684, "dsfb-alt": 0.022935779816513763, "sfb": 0.024700070571630206, "alternate": 0.17007762879322513, "sfR": 0.10832745236414962, "dsfb": 0.0, "oneh-out": 0.014467184191954835, "dsfb-red": 0.024700070571630206, "bad-redirect": 0.016231474947071278, "redirect": 0.09174311926605505, "oneh-in": 0.024347212420606917}, "english-10k": {"unknown": 0.0, "sft": 0.0, "sfT": 1.929719611740414e-05, "roll-out": 0.1421624437969163, "roll-in": 0.3086200575056444, "dsfb-alt": 0.023503984870998244, "sfb": 0.026591536249782905, "alternate": 0.21558827502363906, "sfR": 0.10567144593890508, "dsfb": 0.0, "oneh-out": 0.010381891511163428, "dsfb-red": 0.02823179791976226, "bad-redirect": 0.016151753150267265, "redirect": 0.08021844426004901, "oneh-in": 0.0428590725767546}, "reddit": {"unknown": 0.039285409944231534, "sft": 0.0, "sfT": 0.00014979219563557457, "roll-out": 0.13975181092546593, "roll-in": 0.33441626460815704, "dsfb-alt": 0.02520224662073264, "sfb": 0.025677955769162698, "alternate": 0.19183555746088932, "sfR": 0.10397777127267367, "dsfb": 0.0, "oneh-out": 0.008365663763155277, "dsfb-red": 0.020176660398168556, "bad-redirect": 0.014224115569604583, "redirect": 0.0677939100613796, "oneh-in": 0.029142841410743574}, "akl": {"unknown": 0.13277008071454782, "sft": 0.0, "sfT": 0.0001649726599263175, "roll-out": 0.13256733013084923, "roll-in": 0.27560127000040247, "dsfb-alt": 0.024216143290058875, "sfb": 0.025613654686008007, "alternate": 0.16539656825735774, "sfR": 0.13064861186637447, "dsfb": 0.0, "oneh-out": 0.006239880229404157, "dsfb-red": 0.018562599168594127, "bad-redirect": 0.011839339409641, "redirect": 0.05368957017741022, "oneh-in": 0.02268997940942555}, "french": {"unknown": 0.15807953387545715, "sft": 0.0, "sfT": 6.425710464617819e-05, "roll-out": 0.12083833932734213, "roll-in": 0.225695491768581, "dsfb-alt": 0.01776035509833382, "sfb": 0.027146716528621762, "alternate": 0.13429355830541206, "sfR": 0.10898279115633469, "dsfb": 0.0, "oneh-out": 0.02400258298878476, "dsfb-red": 0.030089479179312276, "bad-redirect": 0.02018983996744866, "redirect": 0.0953759260105733, "oneh-in": 0.03748112868915222}, "keymash": {"unknown": 0.01232282349464109, "sft": 0.0, "sfT": 0.0002503971462935065, "roll-out": 0.1467901959255048, "roll-in": 0.35913929059615046, "dsfb-alt": 0.024485557010504366, "sfb": 0.02744927405351931, "alternate": 0.1897887222767258, "sfR": 0.099723742164827, "dsfb": 0.0, "oneh-out": 0.009420679520386843, "dsfb-red": 0.02071728520234963, "bad-redirect": 0.012774359332219544, "redirect": 0.07110868467610514, "oneh-in": 0.026028988600772535}, "movie": {"unknown": 0.030236445784519856, "sft": 0.0, "sfT": 0.0002614849052673219, "roll-out": 0.1631444724499267, "roll-in": 0.3394392537139213, "dsfb-alt": 0.025443652503273826, "sfb": 0.027699239456611468, "alternate": 0.17864274990001855, "sfR": 0.11567713207251198, "dsfb": 0.0, "oneh-out": 0.007514894572365586, "dsfb-red": 0.018221563121758662, "bad-redirect": 0.01040517790119608, "redirect": 0.06294824691281341, "oneh-in": 0.020365686705815268}, "dutch": {"unknown": 0.07290361491625476, "sft": 0.0, "sfT": 0.0003090910310203099, "roll-out": 0.12453422520625702, "roll-in": 0.26564645587631397, "dsfb-alt": 0.01664940588644306, "sfb": 0.0403008048523885, "alternate": 0.16438503884652778, "sfR": 0.18880787437283908, "dsfb": 0.0,