{"english-450k": {"sfR": 0.11369548401129392, "dsfb-red": 0.026278415319876444, "oneh-out": 0.008659002128865036, "dsfb-alt": 0.04720104823653848, "alternate": 0.2920956603545224, "bad-redirect": 0.0009922230063596992, "oneh-in": 0.008713378522260116, "sfT": 1.8125464465026915e-05, "redirect": 0.044281679072864955, "roll-out": 0.21192702337190938, "dsfb": 0.0, "sft": 0.0, "unknown": 0.00015377410175167997, "roll-in": 0.2145660325287771, "sfb": 0.03141815388051577}, "shai": {"sfR": 0.09823378925716947, "dsfb-red": 0.027862805928723172, "oneh-out": 0.009753244408884849, "dsfb-alt": 0.044425837239091874, "alternate": 0.25829827259010546, "bad-redirect": 0.0005135413218777489, "oneh-in": 0.01022699405783877, "sfT": 2.885776804980628e-05, "redirect": 0.03138731629878689, "roll-out": 0.26134962161335357, "dsfb": 0.0, "sft": 0.0, "unknown": 0.024097749651430984, "roll-in": 0.2147317202914387, "sfb": 0.019090249573248726}, "tr-quotes": {"sfR": 0.09677191928064538, "dsfb-red": 0.035601349945678554, "oneh-out": 0.014637895564133977, "dsfb-alt": 0.04489956311689512, "alternate": 0.24065093271075563, "bad-redirect": 0.0005836665819098033, "oneh-in": 0.007693996902521902, "sfT": 9.246203277779062e-06, "redirect": 0.03348512517047687, "roll-out": 0.29306188021543655, "dsfb": 0.0, "sft": 0.0, "unknown": 0.013894731975682485, "roll-in": 0.200753565567139, "sfb": 0.017956126765446938}, "gutenberg": {"sfR": 0.09863878308844841, "dsfb-red": 0.03501359966628817, "oneh-out": 0.015959859104502042, "dsfb-alt": 0.0430595479356506, "alternate": 0.23121383888705135, "bad-redirect": 0.000596536413726892, "oneh-in": 0.007058793219527295, "sfT": 7.009160783707528e-06, "redirect": 0.02903099678222689, "roll-out": 0.28864766009586257, "dsfb": 0.0, "sft": 0.0, "unknown": 0.03298207965968062, "roll-in": 0.20019186156869564, "sfb": 0.01759943441755579}, "english-200": {"sfR": 0.10690423162583519, "dsfb-red": 0.0400890868596882, "oneh-out": 0.011135857461024499, "dsfb-alt": 0.051224944320712694, "alternate": 0.24053452115812918, "bad-redirect": 0.0, "oneh-in": 0.0066815144766146995, "sfT": 0.0, "redirect": 0.022271714922048998, "roll-out": 0.30957683741648107, "dsfb": 0.0, "sft": 0.0, "unknown": 0.0, "roll-in": 0.19821826280623608, "sfb": 0.013363028953229399}, "monkeyracer": {"sfR": 0.09690789370786869, "dsfb-red": 0.035708001626601184, "oneh-out": 0.014625725323365188, "dsfb-alt": 0.044935835275349174, "alternate": 0.24006639348108294, "bad-redirect": 0.0005972676228162097, "oneh-in": 0.007608075136462456, "sfT": 7.820198007413547e-06, "redirect": 0.03345676212521701, "roll-out": 0.29394951280166415, "dsfb": 0.0, "sft": 0.0, "unknown": 0.013491796612290222, "roll-in": 0.2006281574049455, "sfb": 0.01801675868432989}, "chained-bigrams": {"sfR": 0.11914286586209158, "dsfb-red": 0.03635521901371916, "oneh-out": 0.012586771455786572, "dsfb-alt": 0.0553512770849336, "alternate": 0.2557611182065685, "bad-redirect": 0.001573914573578883, "oneh-in": 0.007054695479345942, "sfT": 7.791656304845956e-05, "redirect": 0.043338490976937344, "roll-out": 0.22534314129714195, "dsfb": 0.0, "sft": 0.0, "unknown": 0.023159399756770463, "roll-in": 0.19999493542340185, "sfb": 0.020260254306675697}, "english-5k": {"sfR": 0.10644211224955408, "dsfb-red": 0.026092006471149457, "oneh-out": 0.008296345459824947, "dsfb-alt": 0.04471730202845647, "alternate": 0.2980047289169121, "bad-redirect": 0.0003733355456921226, "oneh-in": 0.0197867839216825, "sfT": 0.0, "redirect": 0.03297797320280416, "roll-out": 0.19819969303521798, "dsfb": 0.0, "sft": 0.0, "unknown": 0.002157049819554486, "roll-in": 0.23922512133405235, "sfb": 0.02372754801509935}, "mt-quotes": {"sfR": 0.0964592223377679, "dsfb-red": 0.03722313861895029, "oneh-out": 0.015039863257670838, "dsfb-alt": 0.04534819091332879, "alternate": 0.2365409210982417, "bad-redirect": 0.0006096030408434038, "oneh-in": 0.007422813497328504, "sfT": 1.4941251001063816e-06, "redirect": 0.03289914057924242, "roll-out": 0.3026454979022484, "dsfb": 0.0, "sft": 0.0, "unknown": 0.007995063410669249, "roll-in": 0.2002291987903563, "sfb": 0.017585852428252113}, "wordle": {"sfR": 0.13138112868843263, "dsfb-red": 0.025625490856052955, "oneh-out": 0.008526870862784697, "dsfb-alt": 0.05564905194659486, "alternate": 0.2746774374509144, "bad-redirect": 0.0013912262986648714, "oneh-in": 0.004779535509929316, "sfT": 2.2439133849433412e-05, "redirect": 0.04696510714686413, "roll-out": 0.22071132054302703, "dsfb": 0.0, "sft": 0.0, "unknown": 0.0, "roll-in": 0.20525075732076742, "sfb": 0.025019634242118255}, "english-1k": {"sfR": 0.10832745236414962, "dsfb-red": 0.027170077628793227, "oneh-out": 0.013761467889908258, "dsfb-alt": 0.04798870853916726, "alternate": 0.2745236414961186, "bad-redirect": 0.00035285815102328866, "oneh-in": 0.011291460832745237, "sfT": 0.0, "redirect": 0.031051517290049402, "roll-out": 0.24100211714890615, "dsfb": 0.0, "sft": 0.0, "unknown": 0.0, "roll-in": 0.22971065631616092, "sfb": 0.014820042342978124}, "english-10k": {"sfR": 0.10567144593890508, "dsfb-red": 0.024681113834159895, "oneh-out": 0.006445263503212983, "dsfb-alt": 0.047760560390575246, "alternate": 0.28878253989695296, "bad-redirect": 0.0002894579417610621, "oneh-in": 0.017599042859072576, "sfT": 0.0, "redirect": 0.03502441095308852, "roll-out": 0.20250477605603906, "dsfb": 0.0, "sft": 0.0, "unknown": 0.0, "roll-in": 0.24899172150286564, "sfb": 0.022249667123366974}, "reddit": {"sfR": 0.10397777127267367, "dsfb-red": 0.032112914623130664, "oneh-out": 0.011704580123935344, "dsfb-alt": 0.04492668366858655, "alternate": 0.231705827455797, "bad-redirect": 0.00049848325569348, "oneh-in": 0.007318354488343909, "sfT": 9.428030918098055e-05, "redirect": 0.031053019657463193, "roll-out": 0.2708598367943047, "dsfb": 0.0, "sft": 0.0, "unknown": 0.04519937363713543, "roll-in": 0.19888036046017932, "sfb": 0.021668514253575827}, "akl": {"sfR": 0.13064861186637447, "dsfb-red": 0.03170894602730541, "oneh-out": 0.008470136650088443, "dsfb-alt": 0.03888341601773591, "alternate": 0.1954576407555654, "bad-redirect": 0.0004545210501729124, "oneh-in": 0.005136759913733901, "sfT": 0.00017320029146075867, "redirect": 0.027615390493893357, "roll-out": 0.22758466411979056, "dsfb": 0.0, "sft": 0.0, "unknown": 0.13920166722946467, "roll-in": 0.17436256177610895, "sfb": 0.020302483808305277}, "french": {"sfR": 0.10898279115633469, "dsfb-red": 0.023121740785341672, "oneh-out": 0.008038490380229019, "dsfb-alt": 0.02737599858259824, "alternate": 0.20740865988909274, "bad-redirect": 0.0024665948826864377, "oneh-in": 0.019683363940479974, "sfT": 6.846700122010593e-05, "redirect": 0.032062617252548685, "roll-out": 0.16522555614569018, "dsfb": 0.0, "sft": 0.0, "unknown": 0.15842537463172957, "roll-in": 0.21869796947998774, "sfb": 0.028442375872060974}, "keymash": {"sfR": 0.099723742164827, "dsfb-red": 0.03555228990242721, "oneh-out": 0.014609236781288355, "dsfb-alt": 0.04546965884415035, "alternate": 0.24019243636423343, "bad-redirect": 0.0007758206663847989, "oneh-in": 0.0076268507838251655, "sfT": 2.052435625356611e-05, "redirect": 0.03287591384696219, "roll-out": 0.2906987722330089, "dsfb": 0.0, "sft": 0.0, "unknown": 0.012376186820900362, "roll-in": 0.20277653491398243, "sfb": 0.017302032321756228}, "movie": {"sfR": 0.11567713207251198, "dsfb-red": 0.03537586777259735, "oneh-out": 0.01782637481248953, "dsfb-alt": 0.04760893965173158, "alternate": 0.221701825880531, "bad-redirect": 0.0006049552639727624, "oneh-in": 0.005104811756529786, "sfT": 7.106283283560837e-06, "redirect": 0.03664697129548465, "roll-out": 0.29880802625745356, "dsfb": 0.0, "sft": 0.0, "unknown": 0.030282373430185833, "roll-in": 0.17411696863326037, "sfb": 0.016238646889968022}, "dutch": {"sfR": 0.18880787437283908, "dsfb-red": 0.026811522141895052, "oneh-out": 0.0042826984798165066, "dsfb-alt": 0.035844966623440305, "alternate": 0.19345643277822344, "bad-redirect": 0.0011291200437626137, "oneh-in": 0.003504986141468444, "sfT": 6.374397350488466e-05,