{"english-450k": {"oneh-out": 0.00709553464565594, "dsfb-red": 0.015192062683703045, "dsfb": 0.0, "dsfb-alt": 0.03312428630983669, "alternate": 0.37041257649969217, "sfR": 0.11369548401129392, "sfb": 0.015394366254828828, "oneh-in": 0.004848854090595749, "sft": 0.0, "sfT": 7.308655026220531e-06, "bad-redirect": 0.005482075962067495, "unknown": 0.00015377410175167997, "roll-out": 0.18846711777634464, "roll-in": 0.21045973778884536, "redirect": 0.03566682122035829}, "shai": {"oneh-out": 0.010260767245070879, "dsfb-red": 0.011909832324601587, "dsfb": 0.0, "dsfb-alt": 0.031511637700011114, "alternate": 0.33575155830399306, "sfR": 0.09823378925716947, "sfb": 0.01251777291723239, "oneh-in": 0.01063087121663669, "sft": 0.0, "sfT": 3.183798282962801e-05, "bad-redirect": 0.006343356195580117, "unknown": 0.023260762136131256, "roll-out": 0.2066448223373987, "roll-in": 0.22334678197182156, "redirect": 0.029556210411523537}, "tr-quotes": {"oneh-out": 0.011929913779154434, "dsfb-red": 0.012459258916807285, "dsfb": 0.0, "dsfb-alt": 0.028532627539816464, "alternate": 0.3393992279420263, "sfR": 0.09677191928064538, "sfb": 0.012522826564342017, "oneh-in": 0.019672453248884676, "sft": 0.0, "sfT": 5.778877048611914e-06, "bad-redirect": 0.005610133838792446, "unknown": 0.013835787429786644, "roll-out": 0.203388733501306, "roll-in": 0.22787499133168443, "redirect": 0.02799634774970528}, "gutenberg": {"oneh-out": 0.010344953006418496, "dsfb-red": 0.009776453235826436, "dsfb": 0.0, "dsfb-alt": 0.030396078204048417, "alternate": 0.3104715346614367, "sfR": 0.09863878308844841, "sfb": 0.014691579876206855, "oneh-in": 0.011309186206123128, "sft": 0.0, "sfT": 2.083804557318454e-06, "bad-redirect": 0.005756225934425323, "unknown": 0.032975828246008664, "roll-out": 0.21134646736402132, "roll-in": 0.23947044085348088, "redirect": 0.024820385518998046}, "english-200": {"oneh-out": 0.011135857461024499, "dsfb-red": 0.013363028953229399, "dsfb": 0.0, "dsfb-alt": 0.024498886414253896, "alternate": 0.34521158129175944, "sfR": 0.10690423162583519, "sfb": 0.008908685968819599, "oneh-in": 0.0066815144766146995, "sft": 0.0, "sfT": 0.0, "bad-redirect": 0.0066815144766146995, "unknown": 0.0, "roll-out": 0.19821826280623608, "roll-in": 0.24498886414253898, "redirect": 0.0334075723830735}, "monkeyracer": {"oneh-out": 0.011985430971112189, "dsfb-red": 0.012516226910865383, "dsfb": 0.0, "dsfb-alt": 0.028544700251810377, "alternate": 0.3393545599574581, "sfR": 0.09690789370786869, "sfb": 0.012573900871170059, "oneh-in": 0.02013896491859174, "sft": 0.0, "sfT": 6.842673256486854e-06, "bad-redirect": 0.005639340288096094, "unknown": 0.013436077701487402, "roll-out": 0.2037376636376433, "roll-in": 0.2272041228083895, "redirect": 0.027954275302250652}, "chained-bigrams": {"oneh-out": 0.007916972110415562, "dsfb-red": 0.016356634497947872, "dsfb": 0.0, "dsfb-alt": 0.04014196397787429, "alternate": 0.3378072590965964, "sfR": 0.11914286586209158, "sfb": 0.014302883756928893, "oneh-in": 0.012765330246105957, "sft": 0.0, "sfT": 5.1944375365639704e-05, "bad-redirect": 0.005854780408399665, "unknown": 0.022916559801936097, "roll-out": 0.18815876019164876, "roll-in": 0.19872554475040402, "redirect": 0.035858500924285226}, "english-5k": {"oneh-out": 0.0078815281868337, "dsfb-red": 0.012734890280831294, "dsfb": 0.0, "dsfb-alt": 0.0320238934749243, "alternate": 0.3610984361388808, "sfR": 0.10644211224955408, "sfb": 0.010577840461276808, "oneh-in": 0.0048118803666984695, "sft": 0.0, "sfT": 0.0, "bad-redirect": 0.006885966731654706, "unknown": 0.002157049819554486, "roll-out": 0.21051976604305803, "roll-in": 0.214170158045381, "redirect": 0.030696478201352306}, "mt-quotes": {"oneh-out": 0.012472956335688075, "dsfb-red": 0.012357908702979883, "dsfb": 0.0, "dsfb-alt": 0.028288270520314126, "alternate": 0.3421158006717586, "sfR": 0.0964592223377679, "sfb": 0.012063566058258927, "oneh-in": 0.021599072447137855, "sft": 0.0, "sfT": 4.482375300319145e-06, "bad-redirect": 0.0055954984998983995, "unknown": 0.007977133909467972, "roll-out": 0.20471306821577556, "roll-in": 0.22874009395058628, "redirect": 0.027612925975066042}, "wordle": {"oneh-out": 0.011668349601705374, "dsfb-red": 0.01869179849657803, "dsfb": 0.0, "dsfb-alt": 0.03789969707169303, "alternate": 0.32904745876809155, "sfR": 0.13138112868843263, "sfb": 0.02380792101424885, "oneh-in": 0.005228318186917985, "sft": 0.0, "sfT": 0.0, "bad-redirect": 0.007449792438011893, "unknown": 0.0, "roll-out": 0.21151127566475933, "roll-in": 0.18900482441377764, "redirect": 0.034309435655783684}, "english-1k": {"oneh-out": 0.01058574453069866, "dsfb-red": 0.013408609738884969, "dsfb": 0.0, "dsfb-alt": 0.02328863796753705, "alternate": 0.3323923782639379, "sfR": 0.10832745236414962, "sfb": 0.009527170077628794, "oneh-in": 0.0067043048694424845, "sft": 0.0, "sfT": 0.0, "bad-redirect": 0.0067043048694424845, "unknown": 0.0, "roll-out": 0.2268877911079746, "roll-in": 0.23288637967537051, "redirect": 0.02928722653493296}, "english-10k": {"oneh-out": 0.010478377491750448, "dsfb-red": 0.012311611122903842, "dsfb": 0.0, "dsfb-alt": 0.03197545396653866, "alternate": 0.3630188533606067, "sfR": 0.10567144593890508, "sfb": 0.012678257849134521, "oneh-in": 0.00382084483124602, "sft": 0.0, "sfT": 0.0, "bad-redirect": 0.007236448544026553, "unknown": 0.0, "roll-out": 0.21263580401767623, "roll-in": 0.20933598348160012, "redirect": 0.03083691939561182}, "reddit": {"oneh-out": 0.01175488542994649, "dsfb-red": 0.012628879253593617, "dsfb": 0.0, "dsfb-alt": 0.03099226373315189, "alternate": 0.3289172915967852, "sfR": 0.10397777127267367, "sfb": 0.014721475102900197, "oneh-in": 0.014294797708430371, "sft": 0.0, "sfT": 0.00010630413883814971, "bad-redirect": 0.005842644778052653, "unknown": 0.039285409944231534, "roll-out": 0.19523631601096528, "roll-in": 0.21410661166420103, "redirect": 0.028135349366229932}, "akl": {"oneh-out": 0.008464379778774555, "dsfb-red": 0.013645465130865174, "dsfb": 0.0, "dsfb-alt": 0.025486904686693644, "alternate": 0.2856522731624073, "sfR": 0.13064861186637447, "sfb": 0.015976775644570073, "oneh-in": 0.014124866736459055, "sft": 0.0, "sfT": 0.00014624429745452647, "bad-redirect": 0.006438010491490294, "unknown": 0.13277008071454782, "roll-out": 0.16464303580529352, "roll-in": 0.178443615262805, "redirect": 0.023559736422264582}, "french": {"oneh-out": 0.009177889149767639, "dsfb-red": 0.011870515027510476, "dsfb": 0.0, "dsfb-alt": 0.026053686548749712, "alternate": 0.25692119356770354, "sfR": 0.10898279115633469, "sfb": 0.039465428231952954, "oneh-in": 0.0039023044509408694, "sft": 0.0, "sfT": 3.0383168156318345e-05, "bad-redirect": 0.005891772727969383, "unknown": 0.15807953387545715, "roll-out": 0.20584762724311267, "roll-in": 0.14900886974269875, "redirect": 0.024768005109645858}, "keymash": {"oneh-out": 0.011633205124521269, "dsfb-red": 0.012827722658478816, "dsfb": 0.0, "dsfb-alt": 0.027761244268573515, "alternate": 0.33604938981088855, "sfR": 0.099723742164827, "sfb": 0.013275153624806559, "oneh-in": 0.019309314363354993, "sft": 0.0, "sfT": 4.104871250713221e-06, "bad-redirect": 0.005849441532266341, "unknown": 0.01232282349464109, "roll-out": 0.20410240832796278, "roll-in": 0.2290312914335442, "redirect": 0.02811015832488414}, "movie": {"oneh-out": 0.011414664920977471, "dsfb-red": 0.014406015389840831, "dsfb": 0.0, "dsfb-alt": 0.029606223735538877, "alternate": 0.3257470250005626, "sfR": 0.11567713207251198, "sfb": 0.014524848238082599, "oneh-in": 0.029858365194266705, "sft": 0.0, "sfT": 1.2107001149770316e-05, "bad-redirect": 0.005048487881615637, "unknown": 0.030236445784519856, "roll-out": 0.18144723143809197, "roll-in": 0.21853018637280694, "redirect": 0.02349126697003478}, "dutch": {"oneh-out": 0.0038061338306427162, "dsfb-red": 0.00989754738651681, "dsfb": 0.0, "dsfb-alt": 0.027153014118097733, "alternate": 0.27278081407885796, "sfR": 0.18880787437283908, "sfb": 0.01936965081822338, "oneh-in": 0.004056429787366959, "sft": 0.0,