{"english-450k": {"oneh-out": 0.010936379035035353, "dsfb-alt": 0.042287585635510945, "roll-in": 0.20970753101354675, "redirect": 0.03192654392413967, "sfR": 0.11369548401129392, "sfT": 7.01630882517171e-06, "unknown": 0.00015377410175167997, "sfb": 0.014943568412811546, "dsfb": 0.0, "roll-out": 0.19063486485712164, "alternate": 0.36218361563256996, "dsfb-red": 0.013036594143370085, "oneh-in": 0.008654909282050352, "bad-redirect": 0.0018321336419729627, "sft": 0.0}, "shai": {"oneh-out": 0.017239996773627222, "dsfb-alt": 0.03202776445497058, "roll-in": 0.2051008775610108, "redirect": 0.027904850179571488, "sfR": 0.09823378925716947, "sfT": 1.903467050280945e-05, "unknown": 0.023260762136131256, "sfb": 0.010090666648501547, "dsfb": 0.0, "roll-out": 0.22580837745341345, "alternate": 0.33906528234012967, "dsfb-red": 0.010148699558123168, "oneh-in": 0.008823483194530152, "bad-redirect": 0.0022764157723184028, "sft": 0.0}, "tr-quotes": {"oneh-out": 0.025032939599177087, "dsfb-alt": 0.027408058066156586, "roll-in": 0.20048889299831257, "redirect": 0.03072744504287927, "sfR": 0.09677191928064538, "sfT": 1.1557754097223828e-06, "unknown": 0.013835787429786644, "sfb": 0.009158364346640161, "dsfb": 0.0, "roll-out": 0.23154342248214327, "alternate": 0.3444210720972701, "dsfb-red": 0.009781327292480525, "oneh-in": 0.008248769099188646, "bad-redirect": 0.0025808464899100807, "sft": 0.0}, "gutenberg": {"oneh-out": 0.015105309799223537, "dsfb-alt": 0.034147684154333384, "roll-in": 0.21139932022506605, "redirect": 0.026899643593645987, "sfR": 0.09863878308844841, "sfT": 0.0, "unknown": 0.032975828246008664, "sfb": 0.011049657820348011, "dsfb": 0.0, "roll-out": 0.23656694335802453, "alternate": 0.3166259567030878, "dsfb-red": 0.00714726019482436, "oneh-in": 0.007046858702517198, "bad-redirect": 0.0023967541144720985, "sft": 0.0}, "english-200": {"oneh-out": 0.022271714922048998, "dsfb-alt": 0.031180400890868598, "roll-in": 0.24944320712694878, "redirect": 0.024498886414253896, "sfR": 0.10690423162583519, "sfT": 0.0, "unknown": 0.0, "sfb": 0.004454342984409799, "dsfb": 0.0, "roll-out": 0.19599109131403117, "alternate": 0.33853006681514475, "dsfb-red": 0.013363028953229399, "oneh-in": 0.011135857461024499, "bad-redirect": 0.0022271714922048997, "sft": 0.0}, "monkeyracer": {"oneh-out": 0.025443014217119978, "dsfb-alt": 0.027358962728936297, "roll-in": 0.20005044027714783, "redirect": 0.03087316420851776, "sfR": 0.09690789370786869, "sfT": 1.9550495018533868e-06, "unknown": 0.013436077701487402, "sfb": 0.009178957411201652, "dsfb": 0.0, "roll-out": 0.23173886012793843, "alternate": 0.3443888124247306, "dsfb-red": 0.009823146222062342, "oneh-in": 0.008224893254297198, "bad-redirect": 0.0025738226691899837, "sft": 0.0}, "chained-bigrams": {"oneh-out": 0.012242639968989208, "dsfb-alt": 0.04487864170652856, "roll-in": 0.16881662271956077, "redirect": 0.03620133380169845, "sfR": 0.11914286586209158, "sfT": 3.9607586216300277e-05, "unknown": 0.022916559801936097, "sfb": 0.012552358307106834, "dsfb": 0.0, "roll-out": 0.21567564373690434, "alternate": 0.33820917870098804, "dsfb-red": 0.01499114673052362, "oneh-in": 0.010723266989544247, "bad-redirect": 0.0036101340879119595, "sft": 0.0}, "english-5k": {"oneh-out": 0.0115734019164558, "dsfb-alt": 0.03758244493300701, "roll-in": 0.21873314804828473, "redirect": 0.028083129381507446, "sfR": 0.10644211224955408, "sfT": 0.0, "unknown": 0.002157049819554486, "sfb": 0.009872651097191687, "dsfb": 0.0, "roll-out": 0.20724270958642718, "alternate": 0.35724063550006224, "dsfb-red": 0.010660803915875056, "oneh-in": 0.009208943460405692, "bad-redirect": 0.0012029700916746174, "sft": 0.0}, "mt-quotes": {"oneh-out": 0.026764262918205616, "dsfb-alt": 0.026570026655191786, "roll-in": 0.19935214735659387, "redirect": 0.031221238091822954, "sfR": 0.0964592223377679, "sfT": 0.0, "unknown": 0.007977133909467972, "sfb": 0.008981185976739461, "dsfb": 0.0, "roll-out": 0.23479727710641757, "alternate": 0.34750212165764216, "dsfb-red": 0.009580330141882119, "oneh-in": 0.00817585254778212, "bad-redirect": 0.002619201300486487, "sft": 0.0}, "wordle": {"oneh-out": 0.009626388421406933, "dsfb-alt": 0.044137776281835524, "roll-in": 0.21097273645237294, "redirect": 0.03392797038034332, "sfR": 0.13138112868843263, "sfT": 0.0, "unknown": 0.0, "sfb": 0.020756198810725907, "dsfb": 0.0, "roll-out": 0.19315606417592282, "alternate": 0.32361718837652864, "dsfb-red": 0.01579715023000112, "oneh-in": 0.01355323684505778, "bad-redirect": 0.0030741613373723776, "sft": 0.0}, "english-1k": {"oneh-out": 0.011291460832745237, "dsfb-alt": 0.03458009880028229, "roll-in": 0.2572335920959774, "redirect": 0.027875793930839804, "sfR": 0.10832745236414962, "sfT": 0.0, "unknown": 0.0, "sfb": 0.008468595624558928, "dsfb": 0.0, "roll-out": 0.205363443895554, "alternate": 0.3232180663373324, "dsfb-red": 0.009174311926605505, "oneh-in": 0.014114326040931546, "bad-redirect": 0.00035285815102328866, "sft": 0.0}, "english-10k": {"oneh-out": 0.010748538237394106, "dsfb-alt": 0.039231199706682617, "roll-in": 0.21475849559059068, "redirect": 0.03131934929854692, "sfR": 0.10567144593890508, "sfT": 0.0, "unknown": 0.0, "sfb": 0.011944964396673164, "dsfb": 0.0, "roll-out": 0.2083132320873777, "alternate": 0.35771212442832057, "dsfb-red": 0.010401188707280832, "oneh-in": 0.008510063487775226, "bad-redirect": 0.0013893981204530983, "sft": 0.0}, "reddit": {"oneh-out": 0.02145238497905288, "dsfb-alt": 0.027725752552207675, "roll-in": 0.19351398669175565, "redirect": 0.029512845738947677, "sfR": 0.10397777127267367, "sfT": 3.918045427227082e-05, "unknown": 0.039285409944231534, "sfb": 0.010101140634419954, "dsfb": 0.0, "roll-out": 0.21788685126803645, "alternate": 0.3354115455359472, "dsfb-red": 0.010920259347637944, "oneh-in": 0.007661089819693123, "bad-redirect": 0.0025117817611239623, "sft": 0.0}, "akl": {"oneh-out": 0.017291738941550536, "dsfb-alt": 0.02319495338330215, "roll-in": 0.16785220742536086, "redirect": 0.02501911565413636, "sfR": 0.13064861186637447, "sfT": 0.00011274078886382907, "unknown": 0.13277008071454782, "sfb": 0.01578010313101406, "dsfb": 0.0, "roll-out": 0.1751193309240621, "alternate": 0.28955982986641615, "dsfb-red": 0.01168190256838737, "oneh-in": 0.008272154633615537, "bad-redirect": 0.0026972301023687846, "sft": 0.0}, "french": {"oneh-out": 0.01087372837714345, "dsfb-alt": 0.025198717980122187, "roll-in": 0.199869034761955, "redirect": 0.022051857745707056, "sfR": 0.10898279115633469, "sfT": 1.1835652289690085e-05, "unknown": 0.15807953387545715, "sfb": 0.0073064028496774925, "dsfb": 0.0, "roll-out": 0.1819373623421875, "alternate": 0.26527690939297294, "dsfb-red": 0.010215516291453267, "oneh-in": 0.007404893454933724, "bad-redirect": 0.0027914161197658944, "sft": 0.0}, "keymash": {"oneh-out": 0.024309047546723698, "dsfb-alt": 0.028257933689909816, "roll-in": 0.20343331431409653, "redirect": 0.030371942384027125, "sfR": 0.099723742164827, "sfT": 0.0, "unknown": 0.01232282349464109, "sfb": 0.00977369844794818, "dsfb": 0.0, "roll-out": 0.2300287751474675, "alternate": 0.3406961040666959, "dsfb-red": 0.009950207911728848, "oneh-in": 0.008648963725252758, "bad-redirect": 0.002483447106681499, "sft": 0.0}, "movie": {"oneh-out": 0.03492343440354398, "dsfb-alt": 0.02579844027609753, "roll-in": 0.18756903129120245, "redirect": 0.028717411933739435, "sfR": 0.11567713207251198, "sfT": 3.816337318949339e-06, "unknown": 0.030236445784519856, "sfb": 0.009367002552603275, "dsfb": 0.0, "roll-out": 0.2135757909457792, "alternate": 0.3332674466821487, "dsfb-red": 0.01009565978484543, "oneh-in": 0.006523041662954511, "bad-redirect": 0.004245346272734678, "sft": 0.0}, "dutch": {"oneh-out": 0.005307694401457358, "dsfb-alt": 0.031443853178496864, "roll-in": 0.24280583363328564, "redirect": 0.0195040600518078, "sfR": 0.18880787437283908, "sfT": 0.00024886149318545543, "unknown": 0.07290361491625476, "sfb": 0.026290973254463182, "dsfb": 0.0, "roll-out": 0.12143951356767614,