{"english-450k": {"dsfb": 0.0, "roll-in": 0.21027409795117935, "dsfb-alt": 0.04335377223073599, "sft": 0.0, "sfR": 0.11369548401129392, "roll-out": 0.1871118007882823, "oneh-in": 0.0050222153878177, "dsfb-red": 0.019159785324337646, "sfb": 0.018924446632493343, "unknown": 0.00015377410175167997, "bad-redirect": 0.0016678350769835251, "redirect": 0.044764342650796554, "sfT": 1.4617310052441062e-05, "alternate": 0.3478837935544679, "oneh-out": 0.007974034979807648}, "shai": {"dsfb": 0.0, "roll-in": 0.20999764524328307, "dsfb-alt": 0.03987777016769398, "sft": 0.0, "sfR": 0.09823378925716947, "roll-out": 0.20676300914066706, "oneh-in": 0.007185793246477231, "dsfb-red": 0.014036335552677347, "sfb": 0.017316507014883735, "unknown": 0.023621906111313578, "bad-redirect": 0.0024790781181638906, "redirect": 0.04313701045908312, "sfT": 8.367049754569636e-05, "alternate": 0.3247867249932113, "oneh-out": 0.012480760197830527}, "tr-quotes": {"dsfb": 0.0, "roll-in": 0.20270567023416008, "dsfb-alt": 0.041683040151637735, "sft": 0.0, "sfR": 0.09677191928064538, "roll-out": 0.2114167494972377, "oneh-in": 0.00944384087284159, "dsfb-red": 0.012861468759390675, "sfb": 0.020627123737315366, "unknown": 0.01476965396084233, "bad-redirect": 0.0024872286817225675, "redirect": 0.04139178474838769, "sfT": 7.512540163195488e-05, "alternate": 0.32498555280737845, "oneh-out": 0.020780841866808442}, "gutenberg": {"dsfb": 0.0, "roll-in": 0.19345871017044386, "dsfb-alt": 0.0381061550661267, "sft": 0.0, "sfR": 0.09863878308844841, "roll-out": 0.22028276848969255, "oneh-in": 0.008063944763266542, "dsfb-red": 0.01250339565424454, "sfb": 0.01893969962146743, "unknown": 0.03802431837805746, "bad-redirect": 0.0020906242813242236, "redirect": 0.03705440207501469, "sfT": 0.00010684234275705529, "alternate": 0.3218847216586478, "oneh-out": 0.01084563441050874}, "english-200": {"dsfb": 0.0, "roll-in": 0.23608017817371937, "dsfb-alt": 0.044543429844097995, "sft": 0.0, "sfR": 0.10690423162583519, "roll-out": 0.18485523385300667, "oneh-in": 0.013363028953229399, "dsfb-red": 0.0022271714922048997, "sfb": 0.008908685968819599, "unknown": 0.0, "bad-redirect": 0.0022271714922048997, "redirect": 0.0378619153674833, "sfT": 0.0, "alternate": 0.3518930957683742, "oneh-out": 0.011135857461024499}, "monkeyracer": {"dsfb": 0.0, "roll-in": 0.20226160126374398, "dsfb-alt": 0.041735419240815176, "sft": 0.0, "sfR": 0.09690789370786869, "roll-out": 0.21135551402161504, "oneh-in": 0.009513270876018581, "dsfb-red": 0.01280948433614339, "sfb": 0.020611109373289332, "unknown": 0.014352018393105714, "bad-redirect": 0.002483890392104728, "redirect": 0.041490060528332574, "sfT": 7.722445532320879e-05, "alternate": 0.32520684423729607, "oneh-out": 0.021195669174343495}, "chained-bigrams": {"dsfb": 0.0, "roll-in": 0.1706470126465075, "dsfb-alt": 0.055133760013089984, "sft": 0.0, "sfR": 0.11914286586209158, "roll-out": 0.20677367640861782, "oneh-in": 0.00680276525882259, "dsfb-red": 0.023465871571427738, "sfb": 0.017961066392054068, "unknown": 0.02365222201805197, "bad-redirect": 0.0029913467163687766, "redirect": 0.043545619173707834, "sfT": 5.064576598149871e-05, "alternate": 0.32259340085669264, "oneh-out": 0.007239747316586034}, "english-5k": {"dsfb": 0.0, "roll-in": 0.22611689550752892, "dsfb-alt": 0.04235284357240635, "sft": 0.0, "sfR": 0.10644211224955408, "roll-out": 0.19363670303231426, "oneh-in": 0.005600033185381839, "dsfb-red": 0.017463807192931512, "sfb": 0.013730451736010287, "unknown": 0.002157049819554486, "bad-redirect": 0.0012859335462728667, "redirect": 0.04434396648276434, "sfT": 0.0, "alternate": 0.3399012734890281, "oneh-out": 0.006968930186252956}, "mt-quotes": {"dsfb": 0.0, "roll-in": 0.20167999426255961, "dsfb-alt": 0.04210743357119805, "sft": 0.0, "sfR": 0.0964592223377679, "roll-out": 0.21369574831761515, "oneh-in": 0.009898578788204779, "dsfb-red": 0.012220449193770097, "sfb": 0.02053973775116243, "unknown": 0.008869126594231481, "bad-redirect": 0.0024996712924779765, "redirect": 0.041369335771745494, "sfT": 7.171800480510633e-05, "alternate": 0.3281412486104637, "oneh-out": 0.022447735503998277}, "wordle": {"dsfb": 0.0, "roll-in": 0.21449568046673398, "dsfb-alt": 0.04633681139908, "sft": 0.0, "sfR": 0.13138112868843263, "roll-out": 0.18155503197576572, "oneh-in": 0.005475148659261753, "dsfb-red": 0.022057668573993043, "sfb": 0.02697183888701896, "unknown": 0.0, "bad-redirect": 0.003320991809716145, "redirect": 0.0488948726579154, "sfT": 0.0, "alternate": 0.31264445192415574, "oneh-out": 0.006866374957926624}, "english-1k": {"dsfb": 0.0, "roll-in": 0.25017642907551163, "dsfb-alt": 0.03387438249823571, "sft": 0.0, "sfR": 0.10832745236414962, "roll-out": 0.18842625264643614, "oneh-in": 0.009880028228652082, "dsfb-red": 0.014820042342978124, "sfb": 0.01058574453069866, "unknown": 0.0, "bad-redirect": 0.00035285815102328866, "redirect": 0.04940014114326041, "sfT": 0.0, "alternate": 0.326393789696542, "oneh-out": 0.0077628793225123505}, "english-10k": {"dsfb": 0.0, "roll-in": 0.22932787865923082, "dsfb-alt": 0.03940487447173926, "sft": 0.0, "sfR": 0.10567144593890508, "roll-out": 0.19486308639354702, "oneh-in": 0.004843596225468439, "dsfb-red": 0.017309584917311514, "sfb": 0.015765809227919182, "unknown": 0.0, "bad-redirect": 0.0014279925126879063, "redirect": 0.0461395959167133, "sfT": 0.0, "alternate": 0.33866579186044266, "oneh-out": 0.006580343876034812}, "reddit": {"dsfb": 0.0, "roll-in": 0.20128647485849058, "dsfb-alt": 0.04126319882188944, "sft": 0.0, "sfR": 0.10397777127267367, "roll-out": 0.19694988029547156, "oneh-in": 0.010060237139137621, "dsfb-red": 0.012478000792973438, "sfb": 0.018633677173658374, "unknown": 0.041217688064775854, "bad-redirect": 0.003293143401773646, "redirect": 0.040204502493446356, "sfT": 0.0001379931104579787, "alternate": 0.31352293152204264, "oneh-out": 0.01697450105320882}, "akl": {"dsfb": 0.0, "roll-in": 0.17018737232500983, "dsfb-alt": 0.03601903898644672, "sft": 0.0, "sfR": 0.13064861186637447, "roll-out": 0.16796660362357246, "oneh-in": 0.008097718962044503, "dsfb-red": 0.012777882387020227, "sfb": 0.02064737722749226, "unknown": 0.13295000147380848, "bad-redirect": 0.0038284923769511376, "redirect": 0.034175283587063524, "sfT": 0.00016722105172702062, "alternate": 0.26803288670800923, "oneh-out": 0.01450150942448014}, "french": {"dsfb": 0.0, "roll-in": 0.18122227919815342, "dsfb-alt": 0.035857441995228494, "sft": 0.0, "sfR": 0.10898279115633469, "roll-out": 0.1660549656981073, "oneh-in": 0.002160935416845606, "dsfb-red": 0.009815755898990228, "sfb": 0.042001988299693635, "unknown": 0.15822382396052298, "bad-redirect": 0.001988030020547741, "redirect": 0.034161977313811216, "sfT": 0.00042731199317283617, "alternate": 0.24932423294523332, "oneh-out": 0.009778466103358535}, "keymash": {"dsfb": 0.0, "roll-in": 0.20437332983050988, "dsfb-alt": 0.04060538641205519, "sft": 0.0, "sfR": 0.099723742164827, "roll-out": 0.2126118064306913, "oneh-in": 0.009051241107822653, "dsfb-red": 0.013320307208564404, "sfb": 0.020019457089728382, "unknown": 0.013394194891077241, "bad-redirect": 0.0023808253254136683, "redirect": 0.04211597903231765, "sfT": 8.209742501426443e-05, "alternate": 0.3226100413360535, "oneh-out": 0.01971159174592489}, "movie": {"dsfb": 0.0, "roll-in": 0.19479783216248542, "dsfb-alt": 0.041649794727111486, "sft": 0.0, "sfR": 0.11567713207251198, "roll-out": 0.19656321716709596, "oneh-in": 0.012472448347519361, "dsfb-red": 0.013596293889030648, "sfb": 0.024591556498439446, "unknown": 0.030451476652766863, "bad-redirect": 0.0041490166548908535, "redirect": 0.03852513564776207, "sfT": 7.0668039319855e-05, "alternate": 0.2972922823526377, "oneh-out": 0.03016314578842831}, "dutch": {"dsfb": 0.0, "roll-in": 0.1596735254225849, "dsfb-alt": 0.03566318423148741, "sft": 0.0, "sfR": 0.18880787437283908, "roll-out": 0.1802229866398728, "oneh-in": 0.0061409204787565095, "dsfb-red": 0.013291936389144712, "sfb": 0.035255079354702276, "unknown": 0.07325981014373002,