{"english-450k": {"alternate": 0.3543411364432343, "bad-redirect": 0.0013439154862214312, "roll-out": 0.20558194142434577, "sfT": 3.7420313734249115e-05, "unknown": 0.00015377410175167997, "roll-in": 0.17200422615668237, "dsfb": 0.0, "redirect": 0.04397617729276893, "dsfb-red": 0.0127851764104681, "sft": 0.0, "oneh-out": 0.009056300616090383, "dsfb-alt": 0.05116935556957518, "sfR": 0.11369548401129392, "sfb": 0.03028882050586417, "oneh-in": 0.005566271667969557}, "shai": {"alternate": 0.3475612012262694, "bad-redirect": 0.0005503489096129498, "roll-out": 0.1680242267465065, "sfT": 6.648975286046433e-05, "unknown": 0.055258360624875956, "roll-in": 0.19429440976730172, "dsfb": 0.0, "redirect": 0.045002663615339576, "dsfb-red": 0.009994928216301976, "sft": 0.0, "oneh-out": 0.008330466650545125, "dsfb-alt": 0.040422665671300734, "sfR": 0.09823378925716947, "sfb": 0.024167974348788236, "oneh-in": 0.008092475213127932}, "tr-quotes": {"alternate": 0.3428630868449643, "bad-redirect": 0.00029934583111809716, "roll-out": 0.15505073854048682, "sfT": 1.3869304916668594e-05, "unknown": 0.0644067404821895, "roll-in": 0.213089156515106, "dsfb": 0.0, "redirect": 0.0480328702526525, "dsfb-red": 0.009424192690876309, "sft": 0.0, "oneh-out": 0.005010286401146529, "dsfb-alt": 0.03524074801784517, "sfR": 0.09677191928064538, "sfb": 0.02022722544555142, "oneh-in": 0.00956982039250133}, "gutenberg": {"alternate": 0.337948013243904, "bad-redirect": 0.00048779970319045635, "roll-out": 0.1389888167892512, "sfT": 6.914442394738507e-05, "unknown": 0.08757529638331092, "roll-in": 0.22037786575221746, "dsfb": 0.0, "redirect": 0.03632848034195612, "dsfb-red": 0.007057088288525852, "sft": 0.0, "oneh-out": 0.0041689351720824745, "dsfb-alt": 0.038236866442903944, "sfR": 0.09863878308844841, "sfb": 0.019895029292608973, "oneh-in": 0.010227881077652788}, "english-200": {"alternate": 0.34966592427616927, "bad-redirect": 0.0, "roll-out": 0.15812917594654788, "sfT": 0.0, "unknown": 0.0, "roll-in": 0.2650334075723831, "dsfb": 0.0, "redirect": 0.044543429844097995, "dsfb-red": 0.011135857461024499, "sft": 0.0, "oneh-out": 0.0022271714922048997, "dsfb-alt": 0.044543429844097995, "sfR": 0.10690423162583519, "sfb": 0.004454342984409799, "oneh-in": 0.013363028953229399}, "monkeyracer": {"alternate": 0.34209944945806026, "bad-redirect": 0.0003059652470400551, "roll-out": 0.15491323490310774, "sfT": 1.4662871263900401e-05, "unknown": 0.06446971237311729, "roll-in": 0.21370255094859003, "dsfb": 0.0, "redirect": 0.048423643586655615, "dsfb-red": 0.009363709589126797, "sft": 0.0, "oneh-out": 0.004912061873406635, "dsfb-alt": 0.03503546459796362, "sfR": 0.09690789370786869, "sfb": 0.02017708838387788, "oneh-in": 0.009674562459921486}, "chained-bigrams": {"alternate": 0.3559579224587351, "bad-redirect": 0.0022745143363229487, "roll-out": 0.163034564436673, "sfT": 0.00011622553988061884, "unknown": 0.05022501654103703, "roll-in": 0.17254752748019783, "dsfb": 0.0, "redirect": 0.03554813328147553, "dsfb-red": 0.014358723960446955, "sft": 0.0, "oneh-out": 0.004615907055929158, "dsfb-alt": 0.051145081289700925, "sfR": 0.11914286586209158, "sfb": 0.023343802289318483, "oneh-in": 0.007689715468190888}, "english-5k": {"alternate": 0.35056207740490314, "bad-redirect": 0.00078815281868337, "roll-out": 0.18940556684780355, "sfT": 0.0, "unknown": 0.002157049819554486, "roll-in": 0.18326627120753308, "dsfb": 0.0, "redirect": 0.04994399966814618, "dsfb-red": 0.01323267100842079, "sft": 0.0, "oneh-out": 0.014684531463890156, "dsfb-alt": 0.05027585348653918, "sfR": 0.10644211224955408, "sfb": 0.03181648483842867, "oneh-in": 0.007425229186543328}, "mt-quotes": {"alternate": 0.3455956180299064, "bad-redirect": 0.0002883661443205317, "roll-out": 0.15354824828773264, "sfT": 8.96475060063829e-06, "unknown": 0.0591628715889124, "roll-in": 0.2185785491447628, "dsfb": 0.0, "redirect": 0.04970057732993868, "dsfb-red": 0.009175422239753291, "sft": 0.0, "oneh-out": 0.00449283417601989, "dsfb-alt": 0.034078005283226354, "sfR": 0.0964592223377679, "sfb": 0.018794599634238175, "oneh-in": 0.010116721052820311}, "wordle": {"alternate": 0.33306406372714015, "bad-redirect": 0.0016156176371592056, "roll-out": 0.18718725457197352, "sfT": 0.0002019522046449007, "unknown": 0.0, "roll-in": 0.18177942331426006, "dsfb": 0.0, "redirect": 0.03991921911814204, "dsfb-red": 0.013463480309660047, "sft": 0.0, "oneh-out": 0.0058566139347021205, "dsfb-alt": 0.05412319084483339, "sfR": 0.13138112868843263, "sfb": 0.042634354313923484, "oneh-in": 0.008773701335128463}, "english-1k": {"alternate": 0.3634438955539873, "bad-redirect": 0.0, "roll-out": 0.15737473535638674, "sfT": 0.0, "unknown": 0.0, "roll-in": 0.23182780522230065, "dsfb": 0.0, "redirect": 0.03634438955539873, "dsfb-red": 0.007410021171489062, "sft": 0.0, "oneh-out": 0.0056457304163726185, "dsfb-alt": 0.048694424841213835, "sfR": 0.10832745236414962, "sfb": 0.027522935779816515, "oneh-in": 0.013408609738884969}, "english-10k": {"alternate": 0.3507844310221725, "bad-redirect": 0.0008490766291657822, "roll-out": 0.2115165666428668, "sfT": 0.0, "unknown": 0.0, "roll-in": 0.17031705293220895, "dsfb": 0.0, "redirect": 0.048706123000328054, "dsfb-red": 0.012446691495725672, "sft": 0.0, "oneh-out": 0.014897435402635996, "dsfb-alt": 0.047355319272109765, "sfR": 0.10567144593890508, "sfb": 0.03133864649466433, "oneh-in": 0.0061172111692171125}, "reddit": {"alternate": 0.32746596666252764, "bad-redirect": 0.0003861110159068524, "roll-out": 0.15766581881811748, "sfT": 0.00013132569089730544, "unknown": 0.0767315485250488, "roll-in": 0.2048094944054544, "dsfb": 0.0, "redirect": 0.0444382764570606, "dsfb-red": 0.010755259442217913, "sft": 0.0, "oneh-out": 0.005998242872743869, "dsfb-alt": 0.03686135344496766, "sfR": 0.10397777127267367, "sfb": 0.021732791174733777, "oneh-in": 0.009046040217650046}, "akl": {"alternate": 0.28493575269844695, "bad-redirect": 0.0005382551140474504, "roll-out": 0.1302281873072452, "sfT": 0.0013004352268836106, "unknown": 0.14613864774749563, "roll-in": 0.17972413616231095, "dsfb": 0.0, "redirect": 0.03831437523134037, "dsfb-red": 0.012096940870235846, "sft": 0.0, "oneh-out": 0.006116465756387539, "dsfb-alt": 0.03189205406725058, "sfR": 0.13064861186637447, "sfb": 0.02885462499011387, "oneh-in": 0.009211512961867547}, "french": {"alternate": 0.2616373564228632, "bad-redirect": 0.0021335935618725876, "roll-out": 0.15030364515767583, "sfT": 3.388891832820123e-05, "unknown": 0.18332483039098268, "roll-in": 0.15752608978528823, "dsfb": 0.0, "redirect": 0.03686275331161176, "dsfb-red": 0.00935987354010038, "sft": 0.0, "oneh-out": 0.010600594482341753, "dsfb-alt": 0.03644055012531334, "sfR": 0.10898279115633469, "sfb": 0.02949615343547861, "oneh-in": 0.013297879711808758}, "keymash": {"alternate": 0.3425802399707733, "bad-redirect": 0.0003448091850599106, "roll-out": 0.154889106903162, "sfT": 8.209742501426442e-06, "unknown": 0.06285789346217156, "roll-in": 0.21293609125949764, "dsfb": 0.0, "redirect": 0.04657386921059221, "dsfb-red": 0.009194911601597616, "sft": 0.0, "oneh-out": 0.0050859354796336815, "dsfb-alt": 0.03511717354985161, "sfR": 0.099723742164827, "sfb": 0.02064339751983679, "oneh-in": 0.010044619950495253}, "movie": {"alternate": 0.30294361993280877, "bad-redirect": 0.0002739866999328456, "roll-out": 0.14033869862107837, "sfT": 0.000121596402852041, "unknown": 0.10039888620853335, "roll-in": 0.20623328954195924, "dsfb": 0.0, "redirect": 0.054002225845841814, "dsfb-red": 0.01395568758620481, "sft": 0.0, "oneh-out": 0.0035932789825486792, "dsfb-alt": 0.03340426895492497, "sfR": 0.11567713207251198, "sfb": 0.01862451570350428, "oneh-in": 0.010432813447298817}, "dutch": {"alternate": 0.21586720009105975, "bad-redirect": 0.0009810475449712388, "roll-out": 0.22723442709624164, "sfT": 4.7570397105051757e-05, "unknown": 0.09843118460616929, "roll-in": 0.14398827627294383, "dsfb": 0.0, "redirect": 0.04335703700654141, "dsfb-red": 0.01077689146658799, "sft": 0.0,