{"english-450k": {"dsfb-red": 0.0193074201558673, "oneh-in": 0.005807164937633785, "dsfb": 0.0, "alternate": 0.3064904949479653, "sfR": 0.11369548401129392, "sfT": 5.554577819927603e-06, "oneh-out": 0.005884636680911722, "dsfb-alt": 0.044005119566672767, "redirect": 0.039876021823059216, "unknown": 0.00015377410175167997, "roll-out": 0.2311727584793554, "roll-in": 0.20792129572513843, "bad-redirect": 0.004227618413367004, "sfb": 0.02145265657916355, "sft": 0.0}, "shai": {"dsfb-red": 0.013159618290994674, "oneh-in": 0.01028128428214599, "dsfb": 0.0, "alternate": 0.2842882689766918, "sfR": 0.09823378925716947, "sfT": 4.3023464275971913e-05, "oneh-out": 0.00986114753595842, "dsfb-alt": 0.039342829355533585, "redirect": 0.027990157860041682, "unknown": 0.024097749651430984, "roll-out": 0.267965675202105, "roll-in": 0.20032507563552887, "bad-redirect": 0.006534589224224548, "sfb": 0.017876791263899024, "sft": 0.0}, "tr-quotes": {"dsfb-red": 0.014751161554286771, "oneh-in": 0.01980999052264164, "dsfb": 0.0, "alternate": 0.27904810337255265, "sfR": 0.09677191928064538, "sfT": 1.733663114583574e-05, "oneh-out": 0.011740366611959964, "dsfb-alt": 0.0366519497931162, "redirect": 0.028716395829962323, "unknown": 0.013894731975682485, "roll-out": 0.28408266105730334, "roll-in": 0.19123806661889461, "bad-redirect": 0.005671389935507732, "sfb": 0.017605926816301055, "sft": 0.0}, "gutenberg": {"dsfb-red": 0.02035952827211305, "oneh-in": 0.010019500621920942, "dsfb": 0.0, "alternate": 0.25836467564824317, "sfR": 0.09863878308844841, "sfT": 2.159579268493671e-05, "oneh-out": 0.013137061676447287, "dsfb-alt": 0.03246037077323925, "redirect": 0.027918434585396775, "unknown": 0.03298207965968062, "roll-out": 0.29599648102241305, "roll-in": 0.1842971687158043, "bad-redirect": 0.005347610804412968, "sfb": 0.020456709339195266, "sft": 0.0}, "english-200": {"dsfb-red": 0.017817371937639197, "oneh-in": 0.008908685968819599, "dsfb": 0.0, "alternate": 0.2806236080178174, "sfR": 0.10690423162583519, "sfT": 0.0, "oneh-out": 0.015590200445434299, "dsfb-alt": 0.042316258351893093, "redirect": 0.026726057906458798, "unknown": 0.0, "roll-out": 0.31625835189309576, "roll-in": 0.17371937639198218, "bad-redirect": 0.0066815144766146995, "sfb": 0.004454342984409799, "sft": 0.0}, "monkeyracer": {"dsfb-red": 0.014764533837996778, "oneh-in": 0.020344245116286346, "dsfb": 0.0, "alternate": 0.27882818242957913, "sfR": 0.09690789370786869, "sfT": 1.661792076575379e-05, "oneh-out": 0.011635477110280432, "dsfb-alt": 0.036676728654769536, "redirect": 0.028839912726590238, "unknown": 0.013491796612290222, "roll-out": 0.2838624348968516, "roll-in": 0.19145408761749846, "bad-redirect": 0.005668666030623895, "sfb": 0.017509423338598933, "sft": 0.0}, "chained-bigrams": {"dsfb-red": 0.020477771378519312, "oneh-in": 0.006812504829203647, "dsfb": 0.0, "alternate": 0.2893684797634453, "sfR": 0.11914286586209158, "sfT": 5.32429847497807e-05, "oneh-out": 0.009694768357304581, "dsfb-alt": 0.05085614070172955, "redirect": 0.03724931157470023, "unknown": 0.023159399756770463, "roll-out": 0.24846942651461681, "roll-in": 0.17098919621922865, "bad-redirect": 0.004487994031591271, "sfb": 0.019238898026048806, "sft": 0.0}, "english-5k": {"dsfb-red": 0.013564524826813789, "oneh-in": 0.005185215912390592, "dsfb": 0.0, "alternate": 0.30663292819513005, "sfR": 0.10644211224955408, "sfT": 0.0, "oneh-out": 0.007300784004645953, "dsfb-alt": 0.04633508939312233, "redirect": 0.0311942589289418, "unknown": 0.002157049819554486, "roll-out": 0.24494959970133157, "roll-in": 0.21694943377442236, "bad-redirect": 0.005143734185091467, "sfb": 0.014145269009001534, "sft": 0.0}, "mt-quotes": {"dsfb-red": 0.01488596837235988, "oneh-in": 0.02153034269253296, "dsfb": 0.0, "alternate": 0.27847951853312775, "sfR": 0.0964592223377679, "sfT": 1.4941251001063817e-05, "oneh-out": 0.011953000800851054, "dsfb-alt": 0.03602634441376507, "redirect": 0.02908762744887104, "unknown": 0.007995063410669249, "roll-out": 0.2890863126187829, "roll-in": 0.19171567396995015, "bad-redirect": 0.005735946259308399, "sfb": 0.01703003789101254, "sft": 0.0}, "wordle": {"dsfb-red": 0.020486929204532704, "oneh-in": 0.004959048580724784, "dsfb": 0.0, "alternate": 0.28183552114888366, "sfR": 0.13138112868843263, "sfT": 0.0, "oneh-out": 0.010187366767642769, "dsfb-alt": 0.050667564232020644, "redirect": 0.039627510378099404, "unknown": 0.0, "roll-out": 0.23920116683496018, "roll-in": 0.18290138000673173, "bad-redirect": 0.006821496690227758, "sfb": 0.031930887467743745, "sft": 0.0}, "english-1k": {"dsfb-red": 0.017642907551164433, "oneh-in": 0.004940014114326041, "dsfb": 0.0, "alternate": 0.2974594213126323, "sfR": 0.10832745236414962, "sfT": 0.0, "oneh-out": 0.013761467889908258, "dsfb-alt": 0.038108680310515175, "redirect": 0.027522935779816515, "unknown": 0.0, "roll-out": 0.294636556104446, "roll-in": 0.18136908962597037, "bad-redirect": 0.004940014114326041, "sfb": 0.011291460832745237, "sft": 0.0}, "english-10k": {"dsfb-red": 0.012774743829721541, "oneh-in": 0.0043418691264159315, "dsfb": 0.0, "alternate": 0.3042202967908763, "sfR": 0.10567144593890508, "sfT": 0.0, "oneh-out": 0.006811910229443662, "dsfb-alt": 0.04368885200980298, "redirect": 0.0312228633179599, "unknown": 0.0, "roll-out": 0.23604330290808745, "roll-in": 0.22957874220875707, "bad-redirect": 0.007525906485787615, "sfb": 0.018120067154242487, "sft": 0.0}, "reddit": {"dsfb-red": 0.012741888269405702, "oneh-in": 0.01535428064255196, "dsfb": 0.0, "alternate": 0.2703863001758438, "sfR": 0.10397777127267367, "sfT": 6.251642273462715e-05, "oneh-out": 0.01127606731621567, "dsfb-alt": 0.03757293192470985, "redirect": 0.029028895959599933, "unknown": 0.04519937363713543, "roll-out": 0.2707649571665115, "roll-in": 0.1807181222898391, "bad-redirect": 0.0059039625635628895, "sfb": 0.017012932359215843, "sft": 0.0}, "akl": {"dsfb-red": 0.011795285754908543, "oneh-in": 0.014398132816852205, "dsfb": 0.0, "alternate": 0.22264766516988835, "sfR": 0.13064861186637447, "sfT": 0.00024366637295092751, "oneh-out": 0.009953037519259885, "dsfb-alt": 0.0345281822693651, "redirect": 0.027319714618299788, "unknown": 0.13920166722946467, "roll-out": 0.2307231719975501, "roll-in": 0.152964962915248, "bad-redirect": 0.00578493914999375, "sfb": 0.01979096231984421, "sft": 0.0}, "french": {"dsfb-red": 0.01522554790567908, "oneh-in": 0.003584045259054937, "dsfb": 0.0, "alternate": 0.19376643760484571, "sfR": 0.10898279115633469, "sfT": 5.075846830059495e-05, "oneh-out": 0.01310148279299161, "dsfb-alt": 0.03937096774121056, "redirect": 0.026471185437808943, "unknown": 0.15842537463172957, "roll-out": 0.19467703373923478, "roll-in": 0.19209002982179868, "bad-redirect": 0.005292604067182578, "sfb": 0.048961741373828284, "sft": 0.0}, "keymash": {"dsfb-red": 0.01601720762028299, "oneh-in": 0.018964505178295083, "dsfb": 0.0, "alternate": 0.27897115506972125, "sfR": 0.099723742164827, "sfT": 2.052435625356611e-05, "oneh-out": 0.01194107046832476, "dsfb-alt": 0.03643073235007984, "redirect": 0.028409813926186207, "unknown": 0.012376186820900362, "roll-out": 0.2826573294528617, "roll-in": 0.19051117961685132, "bad-redirect": 0.005603149257223547, "sfb": 0.01837340371819238, "sft": 0.0}, "movie": {"dsfb-red": 0.016781487974128918, "oneh-in": 0.03301223899378187, "dsfb": 0.0, "alternate": 0.2689357116922969, "sfR": 0.11567713207251198, "sfT": 3.5926209933557566e-05, "oneh-out": 0.012045939752667127, "dsfb-alt": 0.0377677900867085, "redirect": 0.026754893366929385, "unknown": 0.030282373430185833, "roll-out": 0.26927391813745893, "roll-in": 0.1660762090979113, "bad-redirect": 0.005834784967157785, "sfb": 0.01752159421832792, "sft": 0.0}, "dutch": {"dsfb-red": 0.010926918421950964, "oneh-in": 0.004972962334681215, "dsfb": 0.0, "alternate": 0.24070938310214143, "sfR": 0.18880787437283908, "sfT": 0.0002733549581102578, "oneh-out": 0.004890821366291377, "dsfb-alt": 0.029131318646028515, "redirect": 0.02709400387427085,