{"english-450k": {"sfR": 0.11369548401129392, "roll-out": 0.19031854626758682, "oneh-in": 0.0037850062649790886, "alternate": 0.3219056177830686, "bad-redirect": 0.0020338525206966495, "dsfb-red": 0.02194438288932767, "dsfb": 0.0, "sft": 0.0, "unknown": 0.00015377410175167997, "sfb": 0.029276717957833154, "oneh-out": 0.007447519471718721, "roll-in": 0.20778009251003185, "sfT": 2.9234620104882124e-05, "dsfb-alt": 0.05659091586802557, "redirect": 0.0450388557335814}, "shai": {"sfR": 0.09823378925716947, "roll-out": 0.2392229782764791, "oneh-in": 0.0022369956586398517, "alternate": 0.3164168962851197, "bad-redirect": 0.0010493374943840368, "dsfb-red": 0.01807821120851812, "dsfb": 0.0, "sft": 0.0, "unknown": 0.023621906111313578, "sfb": 0.021006872143057742, "oneh-out": 0.009755942083821908, "roll-in": 0.17688226495084736, "sfT": 4.5717268804226365e-05, "dsfb-alt": 0.054367686669042584, "redirect": 0.03908140259280234}, "tr-quotes": {"sfR": 0.09677191928064538, "roll-out": 0.2619703659184947, "oneh-in": 0.0019220545063683226, "alternate": 0.3299588543954139, "bad-redirect": 0.0009384896326945748, "dsfb-red": 0.014873673747717343, "dsfb": 0.0, "sft": 0.0, "unknown": 0.01476965396084233, "sfb": 0.021794456901134972, "oneh-out": 0.012080164582418345, "roll-in": 0.15348119553408382, "sfT": 4.623101638889531e-06, "dsfb-alt": 0.05526340121587573, "redirect": 0.03617114722267169}, "gutenberg": {"sfR": 0.09863878308844841, "roll-out": 0.24832566303819462, "oneh-in": 0.004715649713211662, "alternate": 0.3200019095227216, "bad-redirect": 0.0008494345122741771, "dsfb-red": 0.013488466899522353, "dsfb": 0.0, "sft": 0.0, "unknown": 0.03802431837805746, "sfb": 0.020762460298787262, "oneh-out": 0.010269557168799157, "roll-in": 0.16006744707041706, "sfT": 7.766907895459694e-06, "dsfb-alt": 0.05087551995659625, "redirect": 0.03397302344507451}, "english-200": {"sfR": 0.10690423162583519, "roll-out": 0.25389755011135856, "oneh-in": 0.0, "alternate": 0.3273942093541203, "bad-redirect": 0.0, "dsfb-red": 0.011135857461024499, "dsfb": 0.0, "sft": 0.0, "unknown": 0.0, "sfb": 0.026726057906458798, "oneh-out": 0.0066815144766146995, "roll-in": 0.15367483296213807, "sfT": 0.0, "dsfb-alt": 0.07349665924276169, "redirect": 0.0400890868596882}, "monkeyracer": {"sfR": 0.09690789370786869, "roll-out": 0.26290039413797955, "oneh-in": 0.001973622472120994, "alternate": 0.32994099660603404, "bad-redirect": 0.00097850227567762, "dsfb-red": 0.014949286015921923, "dsfb": 0.0, "sft": 0.0, "unknown": 0.014352018393105714, "sfb": 0.02181444234168009, "oneh-out": 0.012163340475780847, "roll-in": 0.15264928757996152, "sfT": 3.9100990037067735e-06, "dsfb-alt": 0.055247743872874865, "redirect": 0.036118562021990396}, "chained-bigrams": {"sfR": 0.11914286586209158, "roll-out": 0.22477499969158027, "oneh-in": 0.0047522610412639625, "alternate": 0.306340655109476, "bad-redirect": 0.0022439970157956354, "dsfb-red": 0.02157444700342638, "dsfb": 0.0, "sft": 0.0, "unknown": 0.02365222201805197, "sfb": 0.021510815143603472, "oneh-out": 0.008646141279610728, "roll-in": 0.15571495264296228, "sfT": 4.739924252114623e-05, "dsfb-alt": 0.0649863094105677, "redirect": 0.04661293453904886}, "english-5k": {"sfR": 0.10644211224955408, "roll-out": 0.20073007840046458, "oneh-in": 0.002032604637657112, "alternate": 0.3167959513834156, "bad-redirect": 0.0013274152735719916, "dsfb-red": 0.023769029742398473, "dsfb": 0.0, "sft": 0.0, "unknown": 0.002157049819554486, "sfb": 0.01953789355788775, "oneh-out": 0.009001534823910067, "roll-in": 0.22163686895922347, "sfT": 0.0, "dsfb-alt": 0.053304019579375285, "redirect": 0.0432654415729871}, "mt-quotes": {"sfR": 0.0964592223377679, "roll-out": 0.2683105031018037, "oneh-in": 0.001812373746429041, "alternate": 0.3340355721303833, "bad-redirect": 0.000983134315869999, "dsfb-red": 0.014321189084519669, "dsfb": 0.0, "sft": 0.0, "unknown": 0.008869126594231481, "sfb": 0.021702167079045195, "oneh-out": 0.012368367578680628, "roll-in": 0.14941101588553807, "sfT": 0.0, "dsfb-alt": 0.05610589163409474, "redirect": 0.03562143651163625}, "wordle": {"sfR": 0.13138112868843263, "roll-out": 0.2012790306294177, "oneh-in": 0.005452709525412319, "alternate": 0.30663076405250755, "bad-redirect": 0.0019522046449007068, "dsfb-red": 0.02006058566139347, "dsfb": 0.0, "sft": 0.0, "unknown": 0.0, "sfb": 0.030696735106024907, "oneh-out": 0.009581510153708067, "roll-in": 0.1901267811062493, "sfT": 0.0, "dsfb-alt": 0.05524514753730506, "redirect": 0.047593402894648265}, "english-1k": {"sfR": 0.10832745236414962, "roll-out": 0.21877205363443897, "oneh-in": 0.0035285815102328866, "alternate": 0.3119266055045872, "bad-redirect": 0.00035285815102328866, "dsfb-red": 0.019407198306280876, "dsfb": 0.0, "sft": 0.0, "unknown": 0.0, "sfb": 0.019407198306280876, "oneh-out": 0.010232886379675371, "roll-in": 0.20995059985885675, "sfT": 0.0, "dsfb-alt": 0.053987297106563165, "redirect": 0.04410726887791108}, "english-10k": {"sfR": 0.10567144593890508, "roll-out": 0.20115397232782076, "oneh-in": 0.0027594990447887924, "alternate": 0.3210474518052527, "bad-redirect": 0.000964859805870207, "dsfb-red": 0.022442639084541017, "dsfb": 0.0, "sft": 0.0, "unknown": 0.0, "sfb": 0.02022346153103954, "oneh-out": 0.00843287470330561, "roll-in": 0.22166689180062138, "sfT": 0.0, "dsfb-alt": 0.052160321105343396, "redirect": 0.04347658285251153}, "reddit": {"sfR": 0.10397777127267367, "roll-out": 0.2406212536734017, "oneh-in": 0.0020113881773541095, "alternate": 0.3155607646331599, "bad-redirect": 0.0012167291549963414, "dsfb-red": 0.015924082813096686, "dsfb": 0.0, "sft": 0.0, "unknown": 0.041217688064775854, "sfb": 0.023718408651763487, "oneh-out": 0.010028398337864744, "roll-in": 0.15559697096881914, "sfT": 0.00010630413883814971, "dsfb-alt": 0.05509479815791933, "redirect": 0.0349254419553369}, "akl": {"sfR": 0.13064861186637447, "roll-out": 0.20203445855624635, "oneh-in": 0.0017399340549155613, "alternate": 0.27408765758168957, "bad-redirect": 0.001214897508048069, "dsfb-red": 0.014978934421897577, "dsfb": 0.0, "sft": 0.0, "unknown": 0.13295000147380848, "sfb": 0.02420201054159731, "oneh-out": 0.0069738936757260134, "roll-in": 0.13526463435602465, "sfT": 0.0002664467821844253, "dsfb-alt": 0.04777432313338451, "redirect": 0.027864196048103033}, "french": {"sfR": 0.10898279115633469, "roll-out": 0.18052390080387, "oneh-in": 0.002994554865836664, "alternate": 0.2307317715635809, "bad-redirect": 0.0024943861928096974, "dsfb-red": 0.015294464362049428, "dsfb": 0.0, "sft": 0.0, "unknown": 0.15822382396052298, "sfb": 0.026343734939038826, "oneh-out": 0.01389754277326083, "roll-in": 0.18894998632382887, "sfT": 9.067008564203087e-05, "dsfb-alt": 0.03947143594912785, "redirect": 0.032000937024097224}, "keymash": {"sfR": 0.099723742164827, "roll-out": 0.2602159983252125, "oneh-in": 0.002204315861633, "alternate": 0.32657124209299176, "bad-redirect": 0.0011370493364475623, "dsfb-red": 0.01498688493635397, "dsfb": 0.0, "sft": 0.0, "unknown": 0.013394194891077241, "sfb": 0.02065571213358893, "oneh-out": 0.012175048129615415, "roll-in": 0.15813606006247613, "sfT": 1.2314613752139664e-05, "dsfb-alt": 0.053979056946878864, "redirect": 0.036808380505145455}, "movie": {"sfR": 0.11567713207251198, "roll-out": 0.26138541730135206, "oneh-in": 0.002145834355958204, "alternate": 0.3232520615788398, "bad-redirect": 0.001016856498742122, "dsfb-red": 0.013447983124945963, "dsfb": 0.0, "sft": 0.0, "unknown": 0.030451476652766863, "sfb": 0.01945095012981469, "oneh-out": 0.014156900681400448, "roll-in": 0.13642287333615918, "sfT": 5.921902736300698e-06, "dsfb-alt": 0.05383206984055211, "redirect": 0.02875452252422025}, "dutch": {"sfR": 0.18880787437283908, "roll-out": 0.1581429707574925, "oneh-in": 0.002218182693204577, "alternate": 0.25809879286665666, "bad-redirect": 0.0005881121201087797, "dsfb-red": 0.015008792006337174, "dsfb": 0.0, "sft": 0.0, "unknown": 0.07325981014373002, "sfb": 0.0548652000544092, "oneh-out": 0.002314435196657241,