{"english-450k": {"bad-redirect": 0.0009457399603929366, "oneh-out": 0.006166750764923835, "oneh-in": 0.0022572050182979486, "sfb": 0.035857723289643165, "sfR": 0.11369548401129392, "unknown": 0.00015377410175167997, "dsfb-alt": 0.05277141275132272, "roll-in": 0.1918998468690599, "redirect": 0.04158858586880321, "dsfb-red": 0.018820079038718917, "roll-out": 0.19181506647075575, "alternate": 0.34382368951430187, "sfT": 0.00020464234073417487, "dsfb": 0.0, "sft": 0.0}, "shai": {"bad-redirect": 0.0005721431815936981, "oneh-out": 0.014239129492422203, "oneh-in": 0.0018796988698096657, "sfb": 0.02303303502286483, "sfR": 0.09823378925716947, "unknown": 0.023260762136131256, "dsfb-alt": 0.05564044351169312, "roll-in": 0.17209684505948508, "redirect": 0.03668464032910241, "dsfb-red": 0.01587640143632419, "roll-out": 0.23076980418518142, "alternate": 0.3275976326102687, "sfT": 0.0001156749079539378, "dsfb": 0.0, "sft": 0.0}, "tr-quotes": {"bad-redirect": 0.0005813550310903586, "oneh-out": 0.023375557661635193, "oneh-in": 0.0015799449850904972, "sfb": 0.022441691130579505, "sfR": 0.09677191928064538, "unknown": 0.013835787429786644, "dsfb-alt": 0.06116016735627933, "roll-in": 0.15493516099951457, "redirect": 0.0328205543098865, "dsfb-red": 0.013157347264279605, "roll-out": 0.2456982039250133, "alternate": 0.3336087931393172, "sfT": 3.35174868819491e-05, "dsfb": 0.0, "sft": 0.0}, "gutenberg": {"bad-redirect": 0.000903423993986519, "oneh-out": 0.013137061676447287, "oneh-in": 0.004119871046596522, "sfb": 0.021050593638031023, "sfR": 0.09863878308844841, "unknown": 0.032975828246008664, "dsfb-alt": 0.06688880023247681, "roll-in": 0.1589207862535581, "redirect": 0.03181022375135589, "dsfb-red": 0.013021505241905082, "roll-out": 0.24412395530352887, "alternate": 0.3142401899217361, "sfT": 0.00016897760592073284, "dsfb": 0.0, "sft": 0.0}, "english-200": {"bad-redirect": 0.0, "oneh-out": 0.011135857461024499, "oneh-in": 0.0, "sfb": 0.026726057906458798, "sfR": 0.10690423162583519, "unknown": 0.0, "dsfb-alt": 0.08908685968819599, "roll-in": 0.155902004454343, "redirect": 0.0334075723830735, "dsfb-red": 0.0066815144766146995, "roll-out": 0.24276169265033407, "alternate": 0.3273942093541203, "sfT": 0.0, "dsfb": 0.0, "sft": 0.0}, "monkeyracer": {"bad-redirect": 0.0005923799990615763, "oneh-out": 0.023853558972113175, "oneh-in": 0.001629533759794798, "sfb": 0.02248795689506858, "sfR": 0.09690789370786869, "unknown": 0.013436077701487402, "dsfb-alt": 0.06127613901183978, "roll-in": 0.15415174312213586, "redirect": 0.03276174202730813, "dsfb-red": 0.013202449286015923, "roll-out": 0.24589732862036068, "alternate": 0.33377387115441765, "sfT": 2.9325742527800803e-05, "dsfb": 0.0, "sft": 0.0}, "chained-bigrams": {"bad-redirect": 0.0015382028155150058, "oneh-out": 0.008420832551462266, "oneh-in": 0.0032763914761877243, "sfb": 0.023519114556177518, "sfR": 0.11914286586209158, "unknown": 0.022916559801936097, "dsfb-alt": 0.06367146740912494, "roll-in": 0.14347361128335723, "redirect": 0.041133452242665944, "dsfb-red": 0.018722051491160692, "roll-out": 0.22532106493761156, "alternate": 0.32877413222051166, "sfT": 9.025335219779899e-05, "dsfb": 0.0, "sft": 0.0}, "english-5k": {"bad-redirect": 0.00045629900029037207, "oneh-out": 0.006885966731654706, "oneh-in": 0.0011614883643754927, "sfb": 0.02293939519641598, "sfR": 0.10644211224955408, "unknown": 0.002157049819554486, "dsfb-alt": 0.051810677396606795, "roll-in": 0.20836271622350355, "redirect": 0.04011283029825362, "dsfb-red": 0.019579375285186874, "roll-out": 0.20197453021943834, "alternate": 0.3380760774878666, "sfT": 4.148172729912474e-05, "dsfb": 0.0, "sft": 0.0}, "mt-quotes": {"bad-redirect": 0.0006125912910436165, "oneh-out": 0.025279102568699873, "oneh-in": 0.0015553842292107434, "sfb": 0.02179480283525179, "sfR": 0.0964592223377679, "unknown": 0.007977133909467972, "dsfb-alt": 0.06285336058617516, "roll-in": 0.1522767478275421, "redirect": 0.03223724315989529, "dsfb-red": 0.012571568592295095, "roll-out": 0.2496742807281768, "alternate": 0.33668913830817226, "sfT": 1.942362630138296e-05, "dsfb": 0.0, "sft": 0.0}, "wordle": {"bad-redirect": 0.0006282957477841356, "oneh-out": 0.009514192752159766, "oneh-in": 0.004330752832940648, "sfb": 0.034578705261976886, "sfR": 0.13138112868843263, "unknown": 0.0, "dsfb-alt": 0.055604173678895995, "roll-in": 0.1826769886682374, "redirect": 0.040727027936721644, "dsfb-red": 0.020531807472231572, "roll-out": 0.20435319196679008, "alternate": 0.31509031751374394, "sfT": 0.0005834174800852687, "dsfb": 0.0, "sft": 0.0}, "english-1k": {"bad-redirect": 0.00035285815102328866, "oneh-out": 0.009527170077628794, "oneh-in": 0.0024700070571630206, "sfb": 0.024347212420606917, "sfR": 0.10832745236414962, "unknown": 0.0, "dsfb-alt": 0.05998588567395907, "roll-in": 0.1993648553281581, "redirect": 0.03916725476358504, "dsfb-red": 0.016231474947071278, "roll-out": 0.2205363443895554, "alternate": 0.3196894848270995, "sfT": 0.0, "dsfb": 0.0, "sft": 0.0}, "english-10k": {"bad-redirect": 0.0005596186874047201, "oneh-out": 0.0072557457401439575, "oneh-in": 0.0018911252195056058, "sfb": 0.022423341888423612, "sfR": 0.10567144593890508, "unknown": 0.0, "dsfb-alt": 0.04949730804114162, "roll-in": 0.20902722834372164, "redirect": 0.041122324926188225, "dsfb-red": 0.018756874626116825, "roll-out": 0.20536076108141488, "alternate": 0.3383377395264468, "sfT": 9.64859805870207e-05, "dsfb": 0.0, "sft": 0.0}, "reddit": {"bad-redirect": 0.0004394503723922383, "oneh-out": 0.01788606466235794, "oneh-in": 0.0017050239942825005, "sfb": 0.02424359904311292, "sfR": 0.10397777127267367, "unknown": 0.039285409944231534, "dsfb-alt": 0.05856657596354045, "roll-in": 0.15723914142364764, "redirect": 0.033148499727590965, "dsfb-red": 0.013472420200258569, "roll-out": 0.22840702798462073, "alternate": 0.32139430725978985, "sfT": 0.00023470815150100283, "dsfb": 0.0, "sft": 0.0}, "akl": {"bad-redirect": 0.000494572073348075, "oneh-out": 0.015576339535625063, "oneh-in": 0.0015479312781763951, "sfb": 0.02547852880954597, "sfR": 0.13064861186637447, "unknown": 0.13277008071454782, "dsfb-alt": 0.05082284592391151, "roll-in": 0.13897591386811275, "redirect": 0.028445837711623394, "dsfb-red": 0.011030486636238596, "roll-out": 0.1899414461947612, "alternate": 0.27373139866548807, "sfT": 0.0005360067222467472, "dsfb": 0.0, "sft": 0.0}, "french": {"bad-redirect": 0.0024761383137098967, "oneh-out": 0.013180062535092147, "oneh-in": 0.0025318258068248055, "sfb": 0.024862031127076356, "sfR": 0.10898279115633469, "unknown": 0.15807953387545715, "dsfb-alt": 0.03908947398061437, "roll-in": 0.1832700567900066, "redirect": 0.03173727165112728, "dsfb-red": 0.01168620845223482, "roll-out": 0.18825234203962418, "alternate": 0.23575315941126948, "sfT": 9.910486062822773e-05, "dsfb": 0.0, "sft": 0.0}, "keymash": {"bad-redirect": 0.0007183524688748138, "oneh-out": 0.022667099046438408, "oneh-in": 0.0017856189940602513, "sfb": 0.02274919647145267, "sfR": 0.099723742164827, "unknown": 0.01232282349464109, "dsfb-alt": 0.061490971335684055, "roll-in": 0.15918690710265873, "redirect": 0.03374204168086268, "dsfb-red": 0.013230000041048712, "roll-out": 0.24352148694856185, "alternate": 0.3287878725683769, "sfT": 7.388768251283799e-05, "dsfb": 0.0, "sft": 0.0}, "movie": {"bad-redirect": 0.0007094439478088236, "oneh-out": 0.03642338656772966, "oneh-in": 0.001904089126478551, "sfb": 0.020956034609705156, "sfR": 0.11567713207251198, "unknown": 0.030236445784519856, "dsfb-alt": 0.061601474632740044, "roll-in": 0.14093707399312191, "redirect": 0.027899662964775602, "dsfb-red": 0.012210831844413454, "roll-out": 0.23423033490728734, "alternate": 0.31718658560064344, "sfT": 2.750394826415213e-05, "dsfb": 0.0, "sft": 0.0}, "dutch": {"bad-redirect": 0.0008027437270999103, "oneh-out": 0.002195858854382191, "oneh-in": 0.0016007537245218207, "sfb": 0.053865809306935714, "sfR": 0.18880787437283908, "unknown": 0.07290361491625476, "dsfb-alt": 0.04568649820876745,