{"english-450k": {"dsfb": 0.0, "dsfb-red": 0.017201650469712643, "sft": 0.0, "oneh-out": 0.004271470343524327, "oneh-in": 0.015252286001119102, "sfb": 0.03279247337164628, "dsfb-alt": 0.03393496232534507, "alternate": 0.31568302889374444, "redirect": 0.041478956043409905, "unknown": 0.00015377410175167997, "sfR": 0.11369548401129392, "roll-out": 0.15485052046394174, "sfT": 0.0013205277901375254, "roll-in": 0.26738012782545295, "bad-redirect": 0.0019847383589204474}, "shai": {"dsfb": 0.0, "dsfb-red": 0.010491339108808957, "sft": 0.0, "oneh-out": 0.006337937623253169, "oneh-in": 0.014564851486221499, "sfb": 0.023344660987796445, "dsfb-alt": 0.0332768769702316, "alternate": 0.3084308882773987, "redirect": 0.028302457276105364, "unknown": 0.023260762136131256, "sfR": 0.09823378925716947, "roll-out": 0.1554648159713503, "sfT": 0.0003214219696169812, "roll-in": 0.295604241255895, "bad-redirect": 0.0023659576800212283}, "tr-quotes": {"dsfb": 0.0, "dsfb-red": 0.009562885740042994, "sft": 0.0, "oneh-out": 0.00847414530408451, "oneh-in": 0.011261875592334897, "sfb": 0.024207715956635307, "dsfb-alt": 0.029701116479045792, "alternate": 0.29568549039550635, "redirect": 0.031007142692032086, "unknown": 0.013835787429786644, "sfR": 0.09677191928064538, "roll-out": 0.16306026212986294, "sfT": 0.00023693395899308846, "roll-in": 0.31352719539539076, "bad-redirect": 0.0026675296456392596}, "gutenberg": {"dsfb": 0.0, "dsfb-red": 0.008945962401346062, "sft": 0.0, "oneh-out": 0.007324573018974366, "oneh-in": 0.010372989649553327, "sfb": 0.024920976448083144, "dsfb-alt": 0.033856709263420555, "alternate": 0.2869622410825478, "redirect": 0.027728997807458734, "unknown": 0.032975828246008664, "sfR": 0.09863878308844841, "roll-out": 0.15812572009655212, "sfT": 0.0002335755471976049, "roll-in": 0.3075451153158498, "bad-redirect": 0.00236852803455933}, "english-200": {"dsfb": 0.0, "dsfb-red": 0.008908685968819599, "sft": 0.0, "oneh-out": 0.0066815144766146995, "oneh-in": 0.008908685968819599, "sfb": 0.017817371937639197, "dsfb-alt": 0.0334075723830735, "alternate": 0.3273942093541203, "redirect": 0.024498886414253896, "unknown": 0.0, "sfR": 0.10690423162583519, "roll-out": 0.155902004454343, "sfT": 0.0, "roll-in": 0.30734966592427615, "bad-redirect": 0.0022271714922048997}, "monkeyracer": {"dsfb": 0.0, "dsfb-red": 0.00958169760858345, "sft": 0.0, "oneh-out": 0.008570937016125248, "oneh-in": 0.011109568794281871, "sfb": 0.024056884120305926, "dsfb-alt": 0.029535910349250044, "alternate": 0.2952144298293633, "redirect": 0.030942568465833556, "unknown": 0.013436077701487402, "sfR": 0.09690789370786869, "roll-out": 0.16336686894912178, "sfT": 0.00024535871248260004, "roll-in": 0.3143191735614746, "bad-redirect": 0.0027126311838215744}, "chained-bigrams": {"dsfb": 0.0, "dsfb-red": 0.016820238048086206, "sft": 0.0, "oneh-out": 0.005226253466475424, "oneh-in": 0.01490089337832582, "sfb": 0.025225487286938783, "dsfb-alt": 0.0417769131925078, "alternate": 0.29656926879850715, "redirect": 0.03832910527761347, "unknown": 0.022916559801936097, "sfR": 0.11914286586209158, "roll-out": 0.13062971516951072, "sfT": 0.00026881214251718545, "roll-in": 0.28346759872190863, "bad-redirect": 0.004726288853581143}, "english-5k": {"dsfb": 0.0, "dsfb-red": 0.011946737462147923, "sft": 0.0, "oneh-out": 0.004355581366408097, "oneh-in": 0.024723109470278344, "sfb": 0.026216451653046834, "dsfb-alt": 0.0352179864769569, "alternate": 0.3333886423030655, "redirect": 0.02924461774588294, "unknown": 0.002157049819554486, "sfR": 0.10644211224955408, "roll-out": 0.14867051064006306, "sfT": 0.0005392624548886216, "roll-in": 0.27581200481188034, "bad-redirect": 0.0012859335462728667}, "mt-quotes": {"dsfb": 0.0, "dsfb-red": 0.009275528621460418, "sft": 0.0, "oneh-out": 0.008773502587824673, "oneh-in": 0.010626217711956586, "sfb": 0.023279963184757533, "dsfb-alt": 0.02929381671268572, "alternate": 0.2955857568042457, "redirect": 0.03072220030838742, "unknown": 0.007977133909467972, "sfR": 0.0964592223377679, "roll-out": 0.1641640071239885, "sfT": 0.00023457764071670192, "roll-in": 0.32085440049724484, "bad-redirect": 0.0027536725594960614}, "wordle": {"dsfb": 0.0, "dsfb-red": 0.021317177156961742, "sft": 0.0, "oneh-out": 0.009761023224503534, "oneh-in": 0.0076517446426567935, "sfb": 0.036463592505329295, "dsfb-alt": 0.040300684393582406, "alternate": 0.2918209357118815, "redirect": 0.04232020644003141, "unknown": 0.0, "sfR": 0.13138112868843263, "roll-out": 0.18725457197352183, "sfT": 0.0005161000785369685, "roll-in": 0.227128912823965, "bad-redirect": 0.004083922360596881}, "english-1k": {"dsfb": 0.0, "dsfb-red": 0.007410021171489062, "sft": 0.0, "oneh-out": 0.0056457304163726185, "oneh-in": 0.016231474947071278, "sfb": 0.02928722653493296, "dsfb-alt": 0.03211009174311927, "alternate": 0.3045165843330981, "redirect": 0.03140437544107269, "unknown": 0.0, "sfR": 0.10832745236414962, "roll-out": 0.17219477769936486, "sfT": 0.0, "roll-in": 0.292166549047283, "bad-redirect": 0.0007057163020465773}, "english-10k": {"dsfb": 0.0, "dsfb-red": 0.01136604851315104, "sft": 0.0, "oneh-out": 0.005576889677929797, "oneh-in": 0.022172478338897357, "sfb": 0.024160089538989984, "dsfb-alt": 0.03703131934929855, "alternate": 0.32264911908299726, "redirect": 0.03043167827714633, "unknown": 0.0, "sfR": 0.10567144593890508, "roll-out": 0.15549680631404256, "sfT": 0.00036664672623067866, "roll-in": 0.2824530595704444, "bad-redirect": 0.0026244186719669633}, "reddit": {"dsfb": 0.0, "dsfb-red": 0.010816315025835315, "sft": 0.0, "oneh-out": 0.007273255762776209, "oneh-in": 0.010712071044726585, "sfb": 0.0252062545639517, "dsfb-alt": 0.033274019519432624, "alternate": 0.2886471637153034, "redirect": 0.031157825499770853, "unknown": 0.039285409944231534, "sfR": 0.10397777127267367, "roll-out": 0.15226614540930372, "sfT": 0.000275199615237451, "roll-in": 0.29476976520007786, "bad-redirect": 0.00233880342667908}, "akl": {"dsfb": 0.0, "dsfb-red": 0.009073817494776133, "sft": 0.0, "oneh-out": 0.005156130673863036, "oneh-in": 0.007899489869549543, "sfb": 0.02955414662375681, "dsfb-alt": 0.028751643704121227, "alternate": 0.24604895173920888, "redirect": 0.025120145039554773, "unknown": 0.13277008071454782, "sfR": 0.13064861186637447, "roll-out": 0.13294851901767615, "sfT": 0.00025967689918011033, "roll-in": 0.24925972935341958, "bad-redirect": 0.0025090570039714754}, "french": {"dsfb": 0.0, "dsfb-red": 0.0128555708984562, "sft": 0.0, "oneh-out": 0.0050369539777252725, "oneh-in": 0.017033810847968605, "sfb": 0.042526592351055395, "dsfb-alt": 0.02644695980521093, "alternate": 0.23905216021404133, "redirect": 0.028930888674858345, "unknown": 0.15807953387545715, "sfR": 0.10898279115633469, "roll-out": 0.13154843606612102, "sfT": 0.00033535346943344664, "roll-in": 0.22760299440804382, "bad-redirect": 0.0015679542552937914}, "keymash": {"dsfb": 0.0, "dsfb-red": 0.009666971795429637, "sft": 0.0, "oneh-out": 0.00769663359508729, "oneh-in": 0.01137870310697705, "sfb": 0.0253968384281627, "dsfb-alt": 0.030080496525226486, "alternate": 0.2943890514874001, "redirect": 0.030536137234055655, "unknown": 0.01232282349464109, "sfR": 0.099723742164827, "roll-out": 0.16271709637827209, "sfT": 0.0003037604725527784, "roll-in": 0.3131770472019145, "bad-redirect": 0.0026106981154536088}, "movie": {"dsfb": 0.0, "dsfb-red": 0.010436366588940597, "sft": 0.0, "oneh-out": 0.0073931665716749605, "oneh-in": 0.00798154050798608, "sfb": 0.024658276602601767, "dsfb-alt": 0.031796932954454384, "alternate": 0.27241344777256843, "redirect": 0.03346651473257543, "unknown": 0.030236445784519856, "sfR": 0.11567713207251198, "roll-out": 0.16190837395210286, "sfT": 0.0002567473830782814, "roll-in": 0.3001803285182123, "bad-redirect": 0.003594726558773108}, "dutch": {"dsfb": 0.0, "dsfb-red": 0.016992242672213356, "sft": 0.0, "oneh-out": 0.004259693270813197, "oneh-in": 0.007411783450945597, "sfb": 0.028721958613646934, "dsfb-alt": 0.024742685033872527, "alternate": 0.21619588948017873,