{"english-450k": {"sfb": 0.03952432934319748, "roll-in": 0.2305614625729623, "bad-redirect": 0.006485992816469148, "redirect": 0.01010406940064936, "unknown": 0.00015377410175167997, "dsfb": 0.0, "dsfb-alt": 0.06477017788096949, "sfR": 0.11369548401129392, "dsfb-red": 0.005411328181413681, "sfT": 0.0010311050510991924, "roll-out": 0.13457543438260283, "alternate": 0.3893645036750841, "sft": 0.0, "oneh-in": 0.0033833225847380083, "oneh-out": 0.0009390159977688138}, "shai": {"sfb": 0.027632164397626603, "roll-in": 0.3014678486688735, "bad-redirect": 0.008322172364476087, "redirect": 0.008402653645166494, "unknown": 0.023621906111313578, "dsfb": 0.0, "dsfb-alt": 0.05090409266316018, "sfR": 0.09823378925716947, "dsfb-red": 0.0060877466572827315, "sfT": 0.0008664413263054966, "roll-out": 0.11533628588759157, "alternate": 0.3470335716163416, "sft": 0.0, "oneh-in": 0.011320748363668566, "oneh-out": 0.0007705790410241659}, "tr-quotes": {"sfb": 0.023170985414114328, "roll-in": 0.3321860336099489, "bad-redirect": 0.008340075356556714, "redirect": 0.009765146436744412, "unknown": 0.01476965396084233, "dsfb": 0.0, "dsfb-alt": 0.048178497954277526, "sfR": 0.09677191928064538, "dsfb-red": 0.007141536256674603, "sfT": 0.0006137167425625853, "roll-out": 0.10052009893437507, "alternate": 0.3374505906012344, "sft": 0.0, "oneh-in": 0.02067797785534315, "oneh-out": 0.000413767596680613}, "gutenberg": {"sfb": 0.02791976064284234, "roll-in": 0.35568251608412965, "bad-redirect": 0.008044622211916862, "redirect": 0.00960084534267787, "unknown": 0.03802431837805746, "dsfb": 0.0, "dsfb-alt": 0.04130195350994145, "sfR": 0.09863878308844841, "dsfb-red": 0.0057065934986055555, "sfT": 0.0007711971229857662, "roll-out": 0.08745178360409532, "alternate": 0.3112758832205616, "sft": 0.0, "oneh-in": 0.014627171371707921, "oneh-out": 0.00095457192402979}, "english-200": {"sfb": 0.0066815144766146995, "roll-in": 0.3741648106904232, "bad-redirect": 0.008908685968819599, "redirect": 0.0022271714922048997, "unknown": 0.0, "dsfb": 0.0, "dsfb-alt": 0.05790645879732739, "sfR": 0.10690423162583519, "dsfb-red": 0.004454342984409799, "sfT": 0.0, "roll-out": 0.0779510022271715, "alternate": 0.34521158129175944, "sft": 0.0, "oneh-in": 0.015590200445434299, "oneh-out": 0.0}, "monkeyracer": {"sfb": 0.022921977884480034, "roll-in": 0.33309351392777264, "bad-redirect": 0.008348061372913962, "redirect": 0.009769382360761374, "unknown": 0.014352018393105714, "dsfb": 0.0, "dsfb-alt": 0.04814700408214336, "sfR": 0.09690789370786869, "dsfb-red": 0.007181874345058417, "sfT": 0.00060899791982733, "roll-out": 0.10032825281136118, "alternate": 0.336889242535621, "sft": 0.0, "oneh-in": 0.021056860659711903, "oneh-out": 0.00039491999937438417}, "chained-bigrams": {"sfb": 0.029086902290682025, "roll-in": 0.29150209498158897, "bad-redirect": 0.0056171348911018635, "redirect": 0.011856303677207263, "unknown": 0.02365222201805197, "dsfb": 0.0, "dsfb-alt": 0.0650434482234699, "sfR": 0.11914286586209158, "dsfb-red": 0.00960321639572264, "sfT": 0.0002571246580599165, "roll-out": 0.09068189329456551, "alternate": 0.3423101871361053, "sft": 0.0, "oneh-in": 0.008953911703652144, "oneh-out": 0.0022926948677009225}, "english-5k": {"sfb": 0.03729207284191314, "roll-in": 0.24764591197577468, "bad-redirect": 0.008296345459824947, "redirect": 0.005807441821877463, "unknown": 0.002157049819554486, "dsfb": 0.0, "dsfb-alt": 0.060024059401833495, "sfR": 0.10644211224955408, "dsfb-red": 0.005641514912680964, "sfT": 0.0008711162732816195, "roll-out": 0.13494005890405275, "alternate": 0.3869830339735347, "sft": 0.0, "oneh-in": 0.003484465093126478, "oneh-out": 0.00041481727299124733}, "mt-quotes": {"sfb": 0.021382424307622428, "roll-in": 0.34293159297641673, "bad-redirect": 0.008565819198909886, "redirect": 0.009886625787403928, "unknown": 0.008869126594231481, "dsfb": 0.0, "dsfb-alt": 0.047362271548272196, "sfR": 0.0964592223377679, "dsfb-red": 0.007268918612017547, "sfT": 0.0005483439117390421, "roll-out": 0.09776658180036098, "alternate": 0.3360287350139253, "sft": 0.0, "oneh-in": 0.022597148014008916, "oneh-out": 0.0003331898973237231}, "wordle": {"sfb": 0.055200269269606195, "roll-in": 0.21694154605632224, "bad-redirect": 0.009761023224503534, "redirect": 0.015079097946819253, "unknown": 0.0, "dsfb": 0.0, "dsfb-alt": 0.06235835296757545, "sfR": 0.13138112868843263, "dsfb-red": 0.006484909682486256, "sfT": 0.0010546392909233703, "roll-out": 0.14064849096824864, "alternate": 0.35366318860092, "sft": 0.0, "oneh-in": 0.004689778974531583, "oneh-out": 0.0027375743296308764}, "english-1k": {"sfb": 0.031051517290049402, "roll-in": 0.3073394495412844, "bad-redirect": 0.008115737473535639, "redirect": 0.004940014114326041, "unknown": 0.0, "dsfb": 0.0, "dsfb-alt": 0.056810162314749474, "sfR": 0.10832745236414962, "dsfb-red": 0.003175723359209598, "sfT": 0.002117148906139732, "roll-out": 0.102681721947777, "alternate": 0.3666196189131969, "sft": 0.0, "oneh-in": 0.008468595624558928, "oneh-out": 0.00035285815102328866}, "english-10k": {"sfb": 0.03660678103471566, "roll-in": 0.23926593465969395, "bad-redirect": 0.009957353196580537, "redirect": 0.008394280311070802, "unknown": 0.0, "dsfb": 0.0, "dsfb-alt": 0.05806526311726906, "sfR": 0.10567144593890508, "dsfb-red": 0.004650624264294398, "sfT": 0.0009841570019876113, "roll-out": 0.15117423438374405, "alternate": 0.38106173173037955, "sft": 0.0, "oneh-in": 0.003048956986549854, "oneh-out": 0.0011192373748094401}, "reddit": {"sfb": 0.02453625381293056, "roll-in": 0.31021446803824476, "bad-redirect": 0.008248571889297611, "redirect": 0.010087730880472084, "unknown": 0.041217688064775854, "dsfb": 0.0, "dsfb-alt": 0.04912914323471358, "sfR": 0.10397777127267367, "dsfb-red": 0.007744769680920898, "sfT": 0.0006333674008506953, "roll-out": 0.1036813707615298, "alternate": 0.32483563218842876, "sft": 0.0, "oneh-in": 0.015199281866472937, "oneh-out": 0.0004939509086887527}, "akl": {"sfb": 0.028484579231881663, "roll-in": 0.24928950201407726, "bad-redirect": 0.007515681976888855, "redirect": 0.012414779465007773, "unknown": 0.13295000147380848, "dsfb": 0.0, "dsfb-alt": 0.04177484787344015, "sfR": 0.13064861186637447, "dsfb-red": 0.009741491029176146, "sfT": 0.0006535654935406545, "roll-out": 0.09598896044567375, "alternate": 0.2751758050904233, "sft": 0.0, "oneh-in": 0.0143771066473753, "oneh-out": 0.0009850673923322377}, "french": {"sfb": 0.05124334051667536, "roll-in": 0.22619918117361817, "bad-redirect": 0.005448175476519467, "redirect": 0.005880821004141834, "unknown": 0.15822382396052298, "dsfb": 0.0, "dsfb-alt": 0.04524834292253387, "sfR": 0.10898279115633469, "dsfb-red": 0.008721587299404233, "sfT": 0.0063692439159091585, "roll-out": 0.11940427776130524, "alternate": 0.2594739490026912, "sft": 0.0, "oneh-in": 0.00432239519803316, "oneh-out": 0.00048207061231057954}, "keymash": {"sfb": 0.02363584866160673, "roll-in": 0.3326382418015459, "bad-redirect": 0.008144064561415032, "redirect": 0.00991326407047243, "unknown": 0.013394194891077241, "dsfb": 0.0, "dsfb-alt": 0.04711160734443564, "sfR": 0.099723742164827, "dsfb-red": 0.007516019260055909, "sfT": 0.0006814086276183947, "roll-out": 0.10014243903239975, "alternate": 0.3370468735248119, "sft": 0.0, "oneh-in": 0.019695172260922038, "oneh-out": 0.00035712379881205024}, "movie": {"sfb": 0.020396743795721203, "roll-in": 0.3158382341465071, "bad-redirect": 0.007884289705272165, "redirect": 0.011899208162645454, "unknown": 0.030451476652766863, "dsfb": 0.0, "dsfb-alt": 0.05293417778789034, "sfR": 0.11567713207251198, "dsfb-red": 0.009860494447295, "sfT": 0.00046414557668739023, "roll-out": 0.08783603014590648, "alternate": 0.315315395933811, "sft": 0.0, "oneh-in": 0.031067354537342138, "oneh-out": 0.00037531703564287977}, "dutch": {"sfb": 0.03724091481621169, "roll-in": 0.20921724229477012, "bad-redirect": 0.007791952150312844, "redirect": 0.012104505402530372, "unknown": 0.07325981014373002, "dsfb": 0.0, "dsfb-alt": 0.04333005116121796,