{"english-450k": {"sft": 0.0, "oneh-in": 0.008575391115365073, "alternate": 0.37524184339481764, "roll-in": 0.2384808288131738, "dsfb-alt": 0.04237382776482034, "roll-out": 0.1577581957795733, "unknown": 0.00015377410175167997, "redirect": 0.026407632340740023, "sfR": 0.11369548401129392, "dsfb-red": 0.00851955299096475, "bad-redirect": 0.003568670076202961, "sfT": 2.4264734687052162e-05, "sfb": 0.02102583112563227, "oneh-out": 0.004174703750977167, "dsfb": 0.0}, "shai": {"sft": 0.0, "oneh-in": 0.006526999352558015, "alternate": 0.3344622477228837, "roll-in": 0.2598680600860841, "dsfb-alt": 0.03506084901906811, "roll-out": 0.18186126333858987, "unknown": 0.023596376894836037, "redirect": 0.02334019453603552, "sfR": 0.09823378925716947, "dsfb-red": 0.00850388418746031, "bad-redirect": 0.004437721716368392, "sfT": 1.6480200691533682e-05, "sfb": 0.01003078755387996, "oneh-out": 0.01406134613437502, "dsfb": 0.0}, "tr-quotes": {"sft": 0.0, "oneh-in": 0.0053373708420979635, "alternate": 0.3386005871339081, "roll-in": 0.2596657497515083, "dsfb-alt": 0.034372760685143666, "roll-out": 0.1819883960148864, "unknown": 0.014768498185432606, "redirect": 0.02296756894200319, "sfR": 0.09677191928064538, "dsfb-red": 0.009226555095813781, "bad-redirect": 0.0038487321143755348, "sfT": 4.623101638889531e-06, "sfb": 0.00714038048126488, "oneh-out": 0.025306858371281292, "dsfb": 0.0}, "gutenberg": {"sft": 0.0, "oneh-in": 0.005964227516601292, "alternate": 0.3121580902954191, "roll-in": 0.26644851127319324, "dsfb-alt": 0.038203336133208914, "roll-out": 0.18703036254789435, "unknown": 0.038024128941279524, "redirect": 0.02055805801539212, "sfR": 0.09863878308844841, "dsfb-red": 0.0060509895608969145, "bad-redirect": 0.003958660348571249, "sfT": 2.083804557318454e-06, "sfb": 0.008391859825877292, "oneh-out": 0.014570908648660322, "dsfb": 0.0}, "english-200": {"sft": 0.0, "oneh-in": 0.004454342984409799, "alternate": 0.32293986636971045, "roll-in": 0.289532293986637, "dsfb-alt": 0.035634743875278395, "roll-out": 0.1870824053452116, "unknown": 0.0, "redirect": 0.022271714922048998, "sfR": 0.10690423162583519, "dsfb-red": 0.008908685968819599, "bad-redirect": 0.004454342984409799, "sfT": 0.0, "sfb": 0.0, "oneh-out": 0.017817371937639197, "dsfb": 0.0}, "monkeyracer": {"sft": 0.0, "oneh-in": 0.005372476031093107, "alternate": 0.33848847302813706, "roll-in": 0.2592874626585545, "dsfb-alt": 0.0343463096485603, "roll-out": 0.18236701753288392, "unknown": 0.014351040868354786, "redirect": 0.022904382438963356, "sfR": 0.09690789370786869, "dsfb-red": 0.009166249589439604, "bad-redirect": 0.003827986924628932, "sfT": 4.887623754633467e-06, "sfb": 0.007040133256174046, "oneh-out": 0.02593568669158703, "dsfb": 0.0}, "chained-bigrams": {"sft": 0.0, "oneh-in": 0.014431446085958852, "alternate": 0.3402285162933273, "roll-in": 0.2272456040449085, "dsfb-alt": 0.04518641213056998, "roll-out": 0.15880109784437335, "unknown": 0.02363988522890263, "redirect": 0.03073288968508073, "sfR": 0.11914286586209158, "dsfb-red": 0.015580715390923629, "bad-redirect": 0.007053396869961801, "sfT": 2.5972187682819852e-05, "sfb": 0.011577102659616948, "oneh-out": 0.0063540957166018765, "dsfb": 0.0}, "english-5k": {"sft": 0.0, "oneh-in": 0.009291906915003941, "alternate": 0.35856805077363424, "roll-in": 0.2633260048948438, "dsfb-alt": 0.03563280374994815, "roll-out": 0.16924544738042893, "unknown": 0.002157049819554486, "redirect": 0.02538681710706434, "sfR": 0.10644211224955408, "dsfb-red": 0.009789687642593437, "bad-redirect": 0.0033185381839299787, "sfT": 0.0, "sfb": 0.012237109553241797, "oneh-out": 0.004604471730202846, "dsfb": 0.0}, "mt-quotes": {"sft": 0.0, "oneh-in": 0.005109907842363826, "alternate": 0.34050363968874386, "roll-in": 0.261769223413538, "dsfb-alt": 0.03432752417494412, "roll-out": 0.18307664264113505, "unknown": 0.008869126594231481, "redirect": 0.022710701521617003, "sfR": 0.0964592223377679, "dsfb-red": 0.009288975747361376, "bad-redirect": 0.003847372132773933, "sfT": 1.4941251001063816e-06, "sfb": 0.00617372491363957, "oneh-out": 0.027862444866783805, "dsfb": 0.0}, "wordle": {"sft": 0.0, "oneh-in": 0.003410748345113879, "alternate": 0.3457197352182206, "roll-in": 0.19708291259957367, "dsfb-alt": 0.053651969033995286, "roll-out": 0.19385167732525524, "unknown": 0.0, "redirect": 0.021676203298552677, "sfR": 0.13138112868843263, "dsfb-red": 0.011040053853921239, "bad-redirect": 0.004532705037585549, "sfT": 4.4878267698866824e-05, "sfb": 0.024368899360484687, "oneh-out": 0.013239088971165713, "dsfb": 0.0}, "english-1k": {"sft": 0.0, "oneh-in": 0.009880028228652082, "alternate": 0.331333803810868, "roll-in": 0.2822865208186309, "dsfb-alt": 0.033168666196189134, "roll-out": 0.18525052928722655, "unknown": 0.0, "redirect": 0.02399435426958363, "sfR": 0.10832745236414962, "dsfb-red": 0.008821453775582216, "bad-redirect": 0.0017642907551164433, "sfT": 0.0, "sfb": 0.008115737473535639, "oneh-out": 0.007057163020465773, "dsfb": 0.0}, "english-10k": {"sft": 0.0, "oneh-in": 0.008336388722718588, "alternate": 0.3607610814148704, "roll-in": 0.2539511009050385, "dsfb-alt": 0.03749445205611625, "roll-out": 0.17672372204318712, "unknown": 0.0, "redirect": 0.02441095308851624, "sfR": 0.10567144593890508, "dsfb-red": 0.009166168155766968, "bad-redirect": 0.005306728932286139, "sfT": 0.0, "sfb": 0.012080044769494992, "oneh-out": 0.006097913973099708, "dsfb": 0.0}, "reddit": {"sft": 0.0, "oneh-in": 0.0048206192571932744, "alternate": 0.3269634380062018, "roll-in": 0.25263261001195453, "dsfb-alt": 0.03571744150135306, "roll-out": 0.17091120963659379, "unknown": 0.04082464742741549, "redirect": 0.02210283296035114, "sfR": 0.10397777127267367, "dsfb-red": 0.009255314785546009, "bad-redirect": 0.00404195455029847, "sfT": 3.876842272638652e-05, "sfb": 0.009561678968617617, "oneh-out": 0.019151713199074726, "dsfb": 0.0}, "akl": {"sft": 0.0, "oneh-in": 0.004964350265543719, "alternate": 0.28396600401948213, "roll-in": 0.21192014315189397, "dsfb-alt": 0.029541521039029784, "roll-out": 0.14318717641843193, "unknown": 0.13237574738334756, "redirect": 0.01823354332242089, "sfR": 0.13064861186637447, "dsfb-red": 0.010033905501278582, "bad-redirect": 0.0037013964712058964, "sfT": 0.00012835599345772342, "sfb": 0.014155553578398322, "oneh-out": 0.017143690989135006, "dsfb": 0.0}, "french": {"sft": 0.0, "oneh-in": 0.005082333966061312, "alternate": 0.2592523825954606, "roll-in": 0.16618250608790747, "dsfb-alt": 0.03154604346653791, "roll-out": 0.19306101774654183, "unknown": 0.15821458016626636, "redirect": 0.015063639178723788, "sfR": 0.10898279115633469, "dsfb-red": 0.006519481790796516, "bad-redirect": 0.004249328772442251, "sfT": 3.276528045259774e-05, "sfb": 0.04413489269700252, "oneh-out": 0.0076782370954722, "dsfb": 0.0}, "keymash": {"sft": 0.0, "oneh-in": 0.006071104579804854, "alternate": 0.3350642207107174, "roll-in": 0.2582210308973659, "dsfb-alt": 0.03529778788488299, "roll-out": 0.18490803035962777, "unknown": 0.013394194891077241, "redirect": 0.023065271557757592, "sfR": 0.099723742164827, "dsfb-red": 0.00898556316781124, "bad-redirect": 0.0038626838469211413, "sfT": 0.0, "sfb": 0.007368243895030232, "oneh-out": 0.024038126044176624, "dsfb": 0.0}, "movie": {"sft": 0.0, "oneh-in": 0.003830944679032214, "alternate": 0.32436511609758717, "roll-in": 0.23221412442233483, "dsfb-alt": 0.04098904197957891, "roll-out": 0.1748874739781724, "unknown": 0.030449765880865266, "redirect": 0.02127186942230786, "sfR": 0.11567713207251198, "dsfb-red": 0.010404519912003158, "bad-redirect": 0.003032408994501711, "sfT": 3.816337318949339e-06, "sfb": 0.007328683630768574, "oneh-out": 0.03554510259301697, "dsfb": 0.0}, "dutch": {"sft": 0.0, "oneh-in": 0.004907389420164376, "alternate": 0.28140367923401366, "roll-in": 0.16441804943871413, "dsfb-alt": 0.035226264568366875, "roll-out": 0.19974040513338556, "unknown": 0.07325437711307686, "redirect": 0.016103700094699698, "sfR": 0.18880787437283908, "dsfb-red": 0.006524657406176491,