{"english-450k": {"oneh-in": 0.002762086907509263, "dsfb": 0.0, "sft": 0.0, "sfT": 0.00010641401718177093, "unknown": 0.00015377410175167997, "sfb": 0.036619577489576394, "redirect": 0.027562692181083915, "bad-redirect": 0.003895513128975543, "oneh-out": 0.006054197477520039, "roll-out": 0.19352909224750497, "roll-in": 0.18941578119874805, "dsfb-red": 0.00982370939384354, "sfR": 0.11369548401129392, "alternate": 0.36223156040954196, "dsfb-alt": 0.054150117435468964}, "shai": {"oneh-in": 0.002567489866495667, "dsfb": 0.0, "sft": 0.0, "sfT": 2.3288249779464105e-05, "unknown": 0.024097749651430984, "sfb": 0.01846072371071264, "redirect": 0.025856177002154732, "bad-redirect": 0.004026080517507717, "oneh-out": 0.01561750592095139, "roll-out": 0.21838379159489638, "roll-in": 0.21682265446259683, "dsfb-red": 0.00872583278038093, "sfR": 0.09823378925716947, "alternate": 0.32117884988789747, "dsfb-alt": 0.04600606709802631}, "tr-quotes": {"oneh-in": 0.0021300940801183515, "dsfb": 0.0, "sft": 0.0, "sfT": 1.5025080326390976e-05, "unknown": 0.013894731975682485, "sfb": 0.01775848917038441, "redirect": 0.02491273895656596, "bad-redirect": 0.003912299761910266, "oneh-out": 0.025360024040128524, "roll-out": 0.21423799727237003, "roll-in": 0.2203023508471834, "dsfb-red": 0.009475046808904094, "sfR": 0.09677191928064538, "alternate": 0.32323917616328796, "dsfb-alt": 0.04799010656249278}, "gutenberg": {"oneh-in": 0.002532580284253674, "dsfb": 0.0, "sft": 0.0, "sfT": 2.045917201730846e-05, "unknown": 0.03298207965968062, "sfb": 0.016795275295208804, "redirect": 0.021721389268709628, "bad-redirect": 0.004026099841517192, "oneh-out": 0.01611065077974072, "roll-out": 0.22630969957979133, "roll-in": 0.22321960685806602, "dsfb-red": 0.007134378493924573, "sfR": 0.09863878308844841, "alternate": 0.30604060842546593, "dsfb-alt": 0.04446838925317581}, "english-200": {"oneh-in": 0.0022271714922048997, "dsfb": 0.0, "sft": 0.0, "sfT": 0.0, "unknown": 0.0, "sfb": 0.013363028953229399, "redirect": 0.026726057906458798, "bad-redirect": 0.0022271714922048997, "oneh-out": 0.015590200445434299, "roll-out": 0.21603563474387527, "roll-in": 0.2516703786191537, "dsfb-red": 0.008908685968819599, "sfR": 0.10690423162583519, "alternate": 0.31403118040089084, "dsfb-alt": 0.042316258351893093}, "monkeyracer": {"oneh-in": 0.002151531976789652, "dsfb": 0.0, "sft": 0.0, "sfT": 1.3685346512973709e-05, "unknown": 0.013491796612290222, "sfb": 0.01758469274442029, "redirect": 0.024843791544801916, "bad-redirect": 0.003958975241253109, "oneh-out": 0.025908315998561082, "roll-out": 0.21475534510533806, "roll-in": 0.2198609568794282, "dsfb-red": 0.009455596915713906, "sfR": 0.09690789370786869, "alternate": 0.32295755978541374, "dsfb-alt": 0.04810985814160815}, "chained-bigrams": {"oneh-in": 0.009418164558482548, "dsfb": 0.0, "sft": 0.0, "sfT": 8.246169589295303e-05, "unknown": 0.023159399756770463, "sfb": 0.019851841655363356, "redirect": 0.031930207537258726, "bad-redirect": 0.00400361273130668, "oneh-out": 0.00830720423034993, "roll-out": 0.1912611380103616, "roll-in": 0.1895443764045272, "dsfb-red": 0.019710293232491984, "sfR": 0.11914286586209158, "alternate": 0.3209720870405926, "dsfb-alt": 0.06261634728451038}, "english-5k": {"oneh-in": 0.0027377940017422327, "dsfb": 0.0, "sft": 0.0, "sfT": 0.0, "unknown": 0.002157049819554486, "sfb": 0.022649023105322106, "redirect": 0.028249056290703945, "bad-redirect": 0.004687435184801095, "oneh-out": 0.006968930186252956, "roll-out": 0.21242792549881778, "roll-in": 0.21072717467955365, "dsfb-red": 0.009831169369892562, "sfR": 0.10644211224955408, "alternate": 0.3457916787655038, "dsfb-alt": 0.04733065084830132}, "mt-quotes": {"oneh-in": 0.0020843045146484024, "dsfb": 0.0, "sft": 0.0, "sfT": 1.4941251001063816e-06, "unknown": 0.007995063410669249, "sfb": 0.016780518999294773, "redirect": 0.024554451895148276, "bad-redirect": 0.003992302267484252, "oneh-out": 0.02762936135116721, "roll-out": 0.21589360633987162, "roll-in": 0.22202400162560812, "dsfb-red": 0.009584812517182439, "sfR": 0.0964592223377679, "alternate": 0.32427295872628825, "dsfb-alt": 0.04872790188976943}, "wordle": {"oneh-in": 0.0021092785818467405, "dsfb": 0.0, "sft": 0.0, "sfT": 6.731740154830023e-05, "unknown": 0.0, "sfb": 0.035431392348255354, "redirect": 0.027375743296308763, "bad-redirect": 0.004757096376079883, "oneh-out": 0.008302479524290363, "roll-out": 0.20262537866038371, "roll-in": 0.18278918433748456, "dsfb-red": 0.01222932794794121, "sfR": 0.13138112868843263, "alternate": 0.3338943116795692, "dsfb-alt": 0.059037361157859305}, "english-1k": {"oneh-in": 0.003175723359209598, "dsfb": 0.0, "sft": 0.0, "sfT": 0.0, "unknown": 0.0, "sfb": 0.015525758645024701, "redirect": 0.027170077628793227, "bad-redirect": 0.0035285815102328866, "oneh-out": 0.008821453775582216, "roll-out": 0.22194777699364857, "roll-in": 0.23853211009174313, "dsfb-red": 0.009880028228652082, "sfR": 0.10832745236414962, "alternate": 0.32074805928016936, "dsfb-alt": 0.04234297812279464}, "english-10k": {"oneh-in": 0.0024893382991451342, "dsfb": 0.0, "sft": 0.0, "sfT": 0.0, "unknown": 0.0, "sfb": 0.02278998861465429, "redirect": 0.027324829702244265, "bad-redirect": 0.00470851585264661, "oneh-out": 0.00912757376353216, "roll-out": 0.2143725516682426, "roll-in": 0.2068273479863376, "dsfb-red": 0.009667895254819476, "sfR": 0.10567144593890508, "alternate": 0.3465776422685784, "dsfb-alt": 0.05044287065089442}, "reddit": {"oneh-in": 0.0018997276284194637, "dsfb": 0.0, "sft": 0.0, "sfT": 5.139157099575102e-05, "unknown": 0.04519937363713543, "sfb": 0.018094477709748872, "redirect": 0.02438346502423401, "bad-redirect": 0.0033607914901251958, "oneh-out": 0.019474184069849087, "roll-out": 0.2055246313394565, "roll-in": 0.2108811538081922, "dsfb-red": 0.009176541845455582, "sfR": 0.10397777127267367, "alternate": 0.30912299647319724, "dsfb-alt": 0.04885349413051698}, "akl": {"oneh-in": 0.0029207103643177947, "dsfb": 0.0, "sft": 0.0, "sfT": 0.00015597909272350492, "unknown": 0.13920166722946467, "sfb": 0.0210278495938552, "redirect": 0.0208660889222156, "bad-redirect": 0.0032653072922783086, "oneh-out": 0.016357470379352864, "roll-out": 0.16477996533671657, "roll-in": 0.184304678535194, "dsfb-red": 0.009365194247585938, "sfR": 0.13064861186637447, "alternate": 0.2643354928683606, "dsfb-alt": 0.04277098427156047}, "french": {"oneh-in": 0.00033758576334631227, "dsfb": 0.0, "sft": 0.0, "sfT": 3.104236904333906e-05, "unknown": 0.15842537463172957, "sfb": 0.04829254760063387, "redirect": 0.018012514419457584, "bad-redirect": 0.003381236113427678, "oneh-out": 0.013214700545337417, "roll-out": 0.23424565687368315, "roll-in": 0.12064814488959831, "dsfb-red": 0.006531721952721423, "sfR": 0.10898279115633469, "alternate": 0.2512146413071486, "dsfb-alt": 0.03668204237753804}, "keymash": {"oneh-in": 0.002356196097909389, "dsfb": 0.0, "sft": 0.0, "sfT": 1.6419485002852885e-05, "unknown": 0.012376186820900362, "sfb": 0.017055740046713435, "redirect": 0.025121812054364916, "bad-redirect": 0.00414181509196964, "oneh-out": 0.024456822911749374, "roll-out": 0.21600653495503114, "roll-in": 0.22059578101332852, "dsfb-red": 0.009305743125366873, "sfR": 0.099723742164827, "alternate": 0.32137447508958883, "dsfb-alt": 0.04746873114324769}, "movie": {"oneh-in": 0.0017722280922169223, "dsfb": 0.0, "sft": 0.0, "sfT": 1.0527827086756796e-05, "unknown": 0.030282373430185833, "sfb": 0.01946134635906286, "redirect": 0.022572056067522325, "bad-redirect": 0.002532995197073685, "oneh-out": 0.036110841701091564, "roll-out": 0.19347935341770772, "roll-in": 0.20558306462151343, "dsfb-red": 0.010905118089978443, "sfR": 0.11567713207251198, "alternate": 0.30975999317796804, "dsfb-alt": 0.051852969946080414}, "dutch": {"oneh-in": 0.0015154210747581791, "dsfb": 0.0, "sft": 0.0, "sfT": 6.845977238864968e-05, "unknown": 0.07360268279108878, "sfb": 0.028995170125403313, "redirect": 0.018411160212399583, "bad-redirect": 0.0035787892905390782,