{"english-450k": {"sfb": 0.024354192624573102, "sfR": 0.11369548401129392, "roll-in": 0.24196910368408836, "oneh-in": 0.020856855021426052, "dsfb-red": 0.03125560939273262, "bad-redirect": 0.023210826632271163, "dsfb-alt": 0.032677581314634094, "redirect": 0.057347800182540966, "sfT": 0.00014208025370972713, "alternate": 0.22974260086382456, "dsfb": 0.0, "roll-out": 0.20738367106140965, "sft": 0.0, "oneh-out": 0.01720983616334201, "unknown": 0.0001543587941537776}, "shai": {"sfb": 0.013581098069037565, "sfR": 0.09823378925716947, "roll-in": 0.24383510448400794, "oneh-in": 0.03622761084618593, "dsfb-red": 0.02402123166935686, "bad-redirect": 0.015986290083114706, "dsfb-alt": 0.028532270539717672, "redirect": 0.05674765522893778, "sfT": 3.62038039616266e-05, "alternate": 0.22737563757244245, "dsfb": 0.0, "roll-out": 0.2079238492423133, "sft": 0.0, "oneh-out": 0.015706149893811465, "unknown": 0.031793109309943265}, "tr-quotes": {"sfb": 0.010762580615334829, "sfR": 0.09677191928064538, "roll-in": 0.23061302327731675, "oneh-in": 0.03434617785072005, "dsfb-red": 0.021267423314301565, "bad-redirect": 0.01498347241164097, "dsfb-alt": 0.030577194239615357, "redirect": 0.058702988835209545, "sfT": 2.3115508194447656e-05, "alternate": 0.22726127458912185, "dsfb": 0.0, "roll-out": 0.2145408104297173, "sft": 0.0, "oneh-out": 0.02053350592912785, "unknown": 0.039616513719054114}, "gutenberg": {"sfb": 0.010423758706040722, "sfR": 0.09863878308844841, "roll-in": 0.22076014917009643, "oneh-in": 0.04282256252645011, "dsfb-red": 0.020317283870632866, "bad-redirect": 0.01888192140419633, "dsfb-alt": 0.027344820021800383, "redirect": 0.05963090895933664, "sfT": 0.00015268604301806128, "alternate": 0.21978095046493468, "dsfb": 0.0, "roll-out": 0.2226065894446585, "sft": 0.0, "oneh-out": 0.01852369645711549, "unknown": 0.04011588984327138}, "english-200": {"sfb": 0.008908685968819599, "sfR": 0.10690423162583519, "roll-in": 0.24721603563474387, "oneh-in": 0.028953229398663696, "dsfb-red": 0.028953229398663696, "bad-redirect": 0.011135857461024499, "dsfb-alt": 0.015590200445434299, "redirect": 0.0556792873051225, "sfT": 0.0, "alternate": 0.2516703786191537, "dsfb": 0.0, "roll-out": 0.22717149220489977, "sft": 0.0, "oneh-out": 0.017817371937639197, "unknown": 0.0}, "monkeyracer": {"sfb": 0.01066968265636486, "sfR": 0.09690789370786869, "roll-in": 0.23032242676384565, "oneh-in": 0.03420945618343056, "dsfb-red": 0.02119469164959257, "bad-redirect": 0.014948308491170997, "dsfb-alt": 0.030664951436570373, "redirect": 0.0583582276303236, "sfT": 2.1505544520387257e-05, "alternate": 0.22798516508437994, "dsfb": 0.0, "roll-out": 0.21495964777828175, "sft": 0.0, "oneh-out": 0.020628704818806014, "unknown": 0.03912933825484461}, "chained-bigrams": {"sfb": 0.01458598060267163, "sfR": 0.11914286586209158, "roll-in": 0.231726455724887, "oneh-in": 0.02394440912948369, "dsfb-red": 0.03485597447972838, "bad-redirect": 0.01639299556070382, "dsfb-alt": 0.04208533292124129, "redirect": 0.05643236939723097, "sfT": 2.077775014625588e-05, "alternate": 0.20613086476346804, "dsfb": 0.0, "roll-out": 0.2021415367353869, "sft": 0.0, "oneh-out": 0.018874638093797257, "unknown": 0.033665798979163164}, "english-5k": {"sfb": 0.015970465010163023, "sfR": 0.10644211224955408, "roll-in": 0.269714190898909, "oneh-in": 0.028249056290703945, "dsfb-red": 0.028373501472601318, "bad-redirect": 0.01767121582942714, "dsfb-alt": 0.028871282200190817, "redirect": 0.05641514912680964, "sfT": 0.0, "alternate": 0.23673621769610487, "dsfb": 0.0, "roll-out": 0.19342929439581863, "sft": 0.0, "oneh-out": 0.015887501555564773, "unknown": 0.0022400132741527356}, "mt-quotes": {"sfb": 0.009853755035201587, "sfR": 0.0964592223377679, "roll-in": 0.22935567349183011, "oneh-in": 0.034766796954375394, "dsfb-red": 0.020730985763976046, "bad-redirect": 0.014457154468629349, "dsfb-alt": 0.031479721734141354, "redirect": 0.0586473984293757, "sfT": 7.470625500531909e-06, "alternate": 0.22964403963615065, "dsfb": 0.0, "roll-out": 0.218188582493635, "sft": 0.0, "oneh-out": 0.02172009658024647, "unknown": 0.03468910244916987}, "wordle": {"sfb": 0.030696735106024907, "sfR": 0.13138112868843263, "roll-in": 0.2300908784920902, "oneh-in": 0.0189386289689218, "dsfb-red": 0.03051722203522944, "bad-redirect": 0.023246942668013016, "dsfb-alt": 0.041063614944463145, "redirect": 0.05899248289016044, "sfT": 0.0001795130707954673, "alternate": 0.21189274094019972, "dsfb": 0.0, "roll-out": 0.20902053180747224, "sft": 0.0, "oneh-out": 0.013979580388197016, "unknown": 0.0}, "english-1k": {"sfb": 0.011644318983768526, "sfR": 0.10832745236414962, "roll-in": 0.2519407198306281, "oneh-in": 0.032815808045165845, "dsfb-red": 0.02328863796753705, "bad-redirect": 0.025758645024700072, "dsfb-alt": 0.02646436132674665, "redirect": 0.05751587861679605, "sfT": 0.0, "alternate": 0.22265349329569514, "dsfb": 0.0, "roll-out": 0.2244177840508116, "sft": 0.0, "oneh-out": 0.015172900494001412, "unknown": 0.0}, "english-10k": {"sfb": 0.01611315875803246, "sfR": 0.10567144593890508, "roll-in": 0.2726307867466857, "oneh-in": 0.02566527083614751, "dsfb-red": 0.027479207271183498, "bad-redirect": 0.020995349375735706, "dsfb-alt": 0.03182107639759943, "redirect": 0.05571100519094575, "sfT": 7.718878446961657e-05, "alternate": 0.24107987109472995, "dsfb": 0.0, "roll-out": 0.18841782289033404, "sft": 0.0, "oneh-out": 0.014337816715231277, "unknown": 0.0}, "reddit": {"sfb": 0.012667085815121071, "sfR": 0.10397777127267367, "roll-in": 0.23153318623807145, "oneh-in": 0.030202773833824307, "dsfb-red": 0.023832129358427552, "bad-redirect": 0.012955919928785966, "dsfb-alt": 0.029873485713836224, "redirect": 0.05778581364150297, "sfT": 0.00010765260571558924, "alternate": 0.22132971195061915, "dsfb": 0.0, "roll-out": 0.19718949536810992, "sft": 0.0, "oneh-out": 0.01826670689592851, "unknown": 0.06027826737738363}, "akl": {"sfb": 0.019152270802831283, "sfR": 0.13064861186637447, "roll-in": 0.19198357893225257, "oneh-in": 0.023511507182759392, "dsfb-red": 0.022079182775302665, "bad-redirect": 0.011807713678817923, "dsfb-alt": 0.02703399590639505, "redirect": 0.04982455996439931, "sfT": 0.00022609926778279635, "alternate": 0.1914818663618671, "dsfb": 0.0, "roll-out": 0.1660291075814215, "sft": 0.0, "oneh-out": 0.01508530064939238, "unknown": 0.15113620503040356}, "french": {"sfb": 0.03465523935936281, "sfR": 0.10898279115633469, "roll-in": 0.21550601391216503, "oneh-in": 0.02783477243628797, "dsfb-red": 0.019170131104419324, "bad-redirect": 0.015268845418485668, "dsfb-alt": 0.024642711995596898, "redirect": 0.043141372087393916, "sfT": 4.200907470922911e-05, "alternate": 0.1705297261920723, "dsfb": 0.0, "roll-out": 0.14550039287623776, "sft": 0.0, "oneh-out": 0.01014746878170672, "unknown": 0.1845785256052277}, "keymash": {"sfb": 0.011271976454458505, "sfR": 0.099723742164827, "roll-in": 0.23240549560163046, "oneh-in": 0.034054011895916884, "dsfb-red": 0.020692655974845348, "bad-redirect": 0.014941731352596126, "dsfb-alt": 0.03068391259908133, "redirect": 0.05869965888519907, "sfT": 2.873409875499255e-05, "alternate": 0.22917085705606843, "dsfb": 0.0, "roll-out": 0.21421270621846947, "sft": 0.0, "oneh-out": 0.019539187153394935, "unknown": 0.03457533054475746}, "movie": {"sfb": 0.009877470568472395, "sfR": 0.11567713207251198, "roll-in": 0.20799867454656978, "oneh-in": 0.027157451155159246, "dsfb-red": 0.021078157403911536, "bad-redirect": 0.012891719061249451, "dsfb-alt": 0.02940922177117794, "redirect": 0.06090505887095108, "sfT": 1.6054936307304115e-05, "alternate": 0.21714604030657558, "dsfb": 0.0, "roll-out": 0.19411589216294076, "sft": 0.0, "oneh-out": 0.018759798281569103, "unknown": 0.08496732886260383}, "dutch": {"sfb": 0.02785946948015651, "sfR": 0.18880787437283908, "roll-in": 0.22269702168431912, "oneh-in": 0.026250897929348295, "dsfb-red": 0.02131062343255721, "bad-redirect": 0.014464377231778718, "dsfb-alt": 0.02375211623716258, "redirect": 0.04023042648501672,