{"english-450k": {"sfR": 0.11369548401129392, "sfT": 0.00024820192469044924, "roll-out": 0.17709572759414863, "sft": 0.0, "bad-redirect": 0.0019642741248470296, "oneh-out": 0.005144708446057156, "roll-in": 0.2055486139574262, "oneh-in": 0.004418812828852933, "dsfb-alt": 0.053151462812686186, "dsfb": 0.0, "redirect": 0.03065863845019093, "dsfb-red": 0.013192999360931204, "alternate": 0.3608060803332279, "unknown": 0.00015377410175167997, "sfb": 0.03392122205389578}, "shai": {"sfR": 0.09823378925716947, "sfT": 4.8271738615502134e-05, "roll-out": 0.20586784938102876, "sft": 0.0, "bad-redirect": 0.002091383138579523, "oneh-out": 0.01512882423482792, "roll-in": 0.2175304632136221, "oneh-in": 0.0037136030626390057, "dsfb-alt": 0.04740845167237268, "dsfb": 0.0, "redirect": 0.02789822403969739, "dsfb-red": 0.009803939023412258, "alternate": 0.3301278736624254, "unknown": 0.024097749651430984, "sfb": 0.018049577924179}, "tr-quotes": {"sfR": 0.09677191928064538, "sfT": 2.6582834423614803e-05, "roll-out": 0.20711495342225097, "sft": 0.0, "bad-redirect": 0.0021243152030697393, "oneh-out": 0.024873442592635398, "roll-in": 0.2195233582210305, "oneh-in": 0.003660340722590786, "dsfb-alt": 0.04726890270682601, "dsfb": 0.0, "redirect": 0.027330621113705184, "dsfb-red": 0.010282933820300039, "alternate": 0.33177573333949745, "unknown": 0.013894731975682485, "sfb": 0.01535216476734241}, "gutenberg": {"sfR": 0.09863878308844841, "sfT": 0.00027960868423654897, "roll-out": 0.22279451072837306, "sft": 0.0, "bad-redirect": 0.002395049183470656, "oneh-out": 0.01537771988589844, "roll-in": 0.21706594256352668, "oneh-in": 0.0031399145943230345, "dsfb-alt": 0.04884399994998869, "dsfb": 0.0, "redirect": 0.024378808389624473, "dsfb-red": 0.007186094734301658, "alternate": 0.3083746589664405, "unknown": 0.03298207965968062, "sfb": 0.018542829571687233}, "english-200": {"sfR": 0.10690423162583519, "sfT": 0.0, "roll-out": 0.20044543429844097, "sft": 0.0, "bad-redirect": 0.004454342984409799, "oneh-out": 0.017817371937639197, "roll-in": 0.25389755011135856, "oneh-in": 0.004454342984409799, "dsfb-alt": 0.053452115812917596, "dsfb": 0.0, "redirect": 0.028953229398663696, "dsfb-red": 0.0022271714922048997, "alternate": 0.32293986636971045, "unknown": 0.0, "sfb": 0.004454342984409799}, "monkeyracer": {"sfR": 0.09690789370786869, "sfT": 2.541564352409403e-05, "roll-out": 0.2074982013544583, "sft": 0.0, "bad-redirect": 0.002148599402536872, "oneh-out": 0.02542737382110515, "roll-in": 0.21912292569247854, "oneh-in": 0.0036989536575066082, "dsfb-alt": 0.047232040915275976, "dsfb": 0.0, "redirect": 0.02733159203591035, "dsfb-red": 0.010256189686722868, "alternate": 0.33166241769241595, "unknown": 0.013491796612290222, "sfb": 0.015196599777906376}, "chained-bigrams": {"sfR": 0.11914286586209158, "sfT": 7.726725835638906e-05, "roll-out": 0.1879600729558752, "sft": 0.0, "bad-redirect": 0.00425229642836968, "oneh-out": 0.006950806728614663, "roll-in": 0.18795228129957037, "oneh-in": 0.008500047723894868, "dsfb-alt": 0.05969707338896143, "dsfb": 0.0, "redirect": 0.033329459148670644, "dsfb-red": 0.01537163928007693, "alternate": 0.3342581596497391, "unknown": 0.023159399756770463, "sfb": 0.01934863051900872}, "english-5k": {"sfR": 0.10644211224955408, "sfT": 0.0, "roll-out": 0.19434189239639937, "sft": 0.0, "bad-redirect": 0.0029452026382378563, "oneh-out": 0.005226697639689717, "roll-in": 0.21923092877587422, "oneh-in": 0.004521508275604596, "dsfb-alt": 0.050690670759530425, "dsfb": 0.0, "redirect": 0.029742398473472435, "dsfb-red": 0.0115734019164558, "alternate": 0.35271912722445764, "unknown": 0.002157049819554486, "sfb": 0.020409009831169368}, "mt-quotes": {"sfR": 0.0964592223377679, "sfT": 1.3447125900957435e-05, "roll-out": 0.20838712183693717, "sft": 0.0, "bad-redirect": 0.002106716391149998, "oneh-out": 0.027248359450640084, "roll-in": 0.2213172804532578, "oneh-in": 0.003747265751066805, "dsfb-alt": 0.04734583617217102, "dsfb": 0.0, "redirect": 0.02698987580832168, "dsfb-red": 0.010180968432124885, "alternate": 0.33396236000047813, "unknown": 0.007995063410669249, "sfb": 0.014246482829514349}, "wordle": {"sfR": 0.13138112868843263, "sfT": 0.0001795130707954673, "roll-out": 0.2038370918882531, "sft": 0.0, "bad-redirect": 0.0008302479524290362, "oneh-out": 0.011847862672500842, "roll-in": 0.1799169752047571, "oneh-in": 0.0019522046449007068, "dsfb-alt": 0.06377201840008975, "dsfb": 0.0, "redirect": 0.03078649164142264, "dsfb-red": 0.016358128576236957, "alternate": 0.3166610568832043, "unknown": 0.0, "sfb": 0.04247728037697745}, "english-1k": {"sfR": 0.10832745236414962, "sfT": 0.0, "roll-out": 0.21065631616090333, "sft": 0.0, "bad-redirect": 0.0017642907551164433, "oneh-out": 0.0077628793225123505, "roll-in": 0.24170783345095273, "oneh-in": 0.0056457304163726185, "dsfb-alt": 0.05081157374735357, "dsfb": 0.0, "redirect": 0.030345800988002825, "dsfb-red": 0.011291460832745237, "alternate": 0.3119266055045872, "unknown": 0.0, "sfb": 0.019760056457304165}, "english-10k": {"sfR": 0.10567144593890508, "sfT": 7.718878446961657e-05, "roll-out": 0.19835587889079717, "sft": 0.0, "bad-redirect": 0.0018139364350359894, "oneh-out": 0.008683738252831863, "roll-in": 0.21263580401767623, "oneh-in": 0.004457652303120356, "dsfb-alt": 0.05046216784701183, "dsfb": 0.0, "redirect": 0.02902298296057583, "dsfb-red": 0.010709943845159298, "alternate": 0.3549912197757666, "unknown": 0.0, "sfb": 0.02311804094865016}, "reddit": {"sfR": 0.10397777127267367, "sfT": 8.83994952988137e-05, "roll-out": 0.19201688879849166, "sft": 0.0, "bad-redirect": 0.002228678631688185, "oneh-out": 0.01916838174797641, "roll-in": 0.2136260330520469, "oneh-in": 0.003554970720476488, "dsfb-alt": 0.04812262508294476, "dsfb": 0.0, "redirect": 0.026721332015581536, "dsfb-red": 0.0096861874103012, "alternate": 0.32034793442031, "unknown": 0.04519937363713543, "sfb": 0.015261423715074942}, "akl": {"sfR": 0.13064861186637447, "sfT": 0.00015756037926465877, "roll-out": 0.15668750909394183, "sft": 0.0, "bad-redirect": 0.0021955175319833117, "oneh-out": 0.016773521692891768, "roll-in": 0.1812826175866291, "oneh-in": 0.004365092081650817, "dsfb-alt": 0.04297420429970094, "dsfb": 0.0, "redirect": 0.020787518747202017, "dsfb-red": 0.01032127962253109, "alternate": 0.2717769779158263, "unknown": 0.13920166722946467, "sfb": 0.022827921952539017}, "french": {"sfR": 0.10898279115633469, "sfT": 6.557550642021962e-05, "roll-out": 0.22653682686431786, "sft": 0.0, "bad-redirect": 0.002499105471887232, "oneh-out": 0.013328382734671807, "roll-in": 0.11913700176529503, "oneh-in": 0.0014894793860616437, "dsfb-alt": 0.04047781097603336, "dsfb": 0.0, "redirect": 0.01725405885342523, "dsfb-red": 0.011155881338626656, "alternate": 0.248812902802642, "unknown": 0.15842537463172957, "sfb": 0.051834808512554696}, "keymash": {"sfR": 0.099723742164827, "sfT": 4.5153583757845434e-05, "roll-out": 0.20895436614630583, "sft": 0.0, "bad-redirect": 0.002163267149125868, "oneh-out": 0.024194111151703727, "roll-in": 0.2189127838005361, "oneh-in": 0.0035876574731233553, "dsfb-alt": 0.04595403365173451, "dsfb": 0.0, "redirect": 0.027367176628505047, "dsfb-red": 0.010430477848062296, "alternate": 0.32991671216232304, "unknown": 0.012376186820900362, "sfb": 0.01637433141909504}, "movie": {"sfR": 0.11567713207251198, "sfT": 2.2898023913696032e-05, "roll-out": 0.19147893467338534, "sft": 0.0, "bad-redirect": 0.0015645667029306443, "oneh-out": 0.03554115465785944, "roll-in": 0.20642213244032795, "oneh-in": 0.0022146600255378767, "dsfb-alt": 0.052224733840081514, "dsfb": 0.0, "redirect": 0.025361140658481367, "dsfb-red": 0.010918804265191227, "alternate": 0.3144680374511657, "unknown": 0.030282373430185833, "sfb": 0.013823431758427427}, "dutch": {"sfR": 0.18880787437283908, "sfT": 0.00011784117971142108, "roll-out": 0.21036345038543855, "sft": 0.0, "bad-redirect": 0.0029406502545150726, "oneh-out": 0.004071222692610709, "roll-in": 0.15860454526268597, "oneh-in": 0.0024174834711249123,