{"english-450k": {"sfb": 0.03056713408926265, "dsfb": 0.0, "roll-in": 0.25649958691481795, "dsfb-red": 0.019117395125185566, "roll-out": 0.16416320869835194, "sfT": 0.000245278462679961, "sfR": 0.11369548401129392, "bad-redirect": 0.0019590118932281513, "alternate": 0.3117322623327707, "oneh-out": 0.005995728237310274, "oneh-in": 0.01468981191030117, "dsfb-alt": 0.04102201893117059, "sft": 0.0, "redirect": 0.04015930529187552, "unknown": 0.00015377410175167997}, "shai": {"sfb": 0.017609690481859702, "dsfb": 0.0, "roll-in": 0.2765208345654135, "dsfb-red": 0.014604561880560423, "roll-out": 0.18170724429060517, "sfT": 5.622542870970169e-05, "sfR": 0.09823378925716947, "bad-redirect": 0.0017938299800627502, "alternate": 0.29207633653730936, "oneh-out": 0.008401844729726257, "oneh-in": 0.0140729496199723, "dsfb-alt": 0.04227739266350077, "sft": 0.0, "redirect": 0.028547550913679665, "unknown": 0.024097749651430984}, "tr-quotes": {"sfb": 0.01664316590000231, "dsfb": 0.0, "roll-in": 0.2854430087145466, "dsfb-red": 0.015917338942696656, "roll-out": 0.1937056471186519, "sfT": 2.542705901389242e-05, "sfR": 0.09677191928064538, "bad-redirect": 0.0016735627932780103, "alternate": 0.28230623425256, "oneh-out": 0.010767203716973718, "oneh-in": 0.011668708536557177, "dsfb-alt": 0.04083816832713067, "sft": 0.0, "redirect": 0.03034488338226116, "unknown": 0.013894731975682485}, "gutenberg": {"sfb": 0.018707450131715393, "dsfb": 0.0, "roll-in": 0.28849459517928866, "dsfb-red": 0.013440160521148154, "roll-out": 0.18444076179348132, "sfT": 2.7089459245139903e-05, "sfR": 0.09863878308844841, "bad-redirect": 0.001843788159670956, "alternate": 0.26592718126030773, "oneh-out": 0.010023289357479703, "oneh-in": 0.01086022104240997, "dsfb-alt": 0.04728019934811016, "sft": 0.0, "redirect": 0.027334400999013794, "unknown": 0.03298207965968062}, "english-200": {"sfb": 0.013363028953229399, "dsfb": 0.0, "roll-in": 0.26280623608017817, "dsfb-red": 0.013363028953229399, "roll-out": 0.21603563474387527, "sfT": 0.0, "sfR": 0.10690423162583519, "bad-redirect": 0.0022271714922048997, "alternate": 0.2828507795100223, "oneh-out": 0.008908685968819599, "oneh-in": 0.0066815144766146995, "dsfb-alt": 0.05790645879732739, "sft": 0.0, "redirect": 0.028953229398663696, "unknown": 0.0}, "monkeyracer": {"sfb": 0.016521145815412048, "dsfb": 0.0, "roll-in": 0.28585658538874203, "dsfb-red": 0.015908237796581008, "roll-out": 0.1945088524641444, "sfT": 2.4438118773167336e-05, "sfR": 0.09690789370786869, "bad-redirect": 0.0017116458388726403, "alternate": 0.28162390321722947, "oneh-out": 0.010837816913524251, "oneh-in": 0.011537724635187763, "dsfb-alt": 0.04077646746015609, "sft": 0.0, "redirect": 0.03029349203121823, "unknown": 0.013491796612290222}, "chained-bigrams": {"sfb": 0.01918046060376246, "dsfb": 0.0, "roll-in": 0.27880624033753454, "dsfb-red": 0.024169717857632153, "roll-out": 0.14591110109738986, "sfT": 7.726725835638906e-05, "sfR": 0.11914286586209158, "bad-redirect": 0.00426463321751902, "alternate": 0.2715970103414758, "oneh-out": 0.006233325043876765, "oneh-in": 0.013783440003272496, "dsfb-alt": 0.05414941409991111, "sft": 0.0, "redirect": 0.03952512452040732, "unknown": 0.023159399756770463}, "english-5k": {"sfb": 0.01874974073920438, "dsfb": 0.0, "roll-in": 0.27278383871904427, "dsfb-red": 0.016592690919649895, "roll-out": 0.15829427137346, "sfT": 4.148172729912474e-05, "sfR": 0.10644211224955408, "bad-redirect": 0.001742232546563239, "alternate": 0.3202804164765421, "oneh-out": 0.006014850458373086, "oneh-in": 0.024515700833782718, "dsfb-alt": 0.040527647571244864, "sft": 0.0, "redirect": 0.0318579665657278, "unknown": 0.002157049819554486}, "mt-quotes": {"sfb": 0.015646478048314028, "dsfb": 0.0, "roll-in": 0.29035781307897346, "dsfb-red": 0.01596024431933637, "roll-out": 0.19740081997585493, "sfT": 1.0458875700744673e-05, "sfR": 0.0964592223377679, "bad-redirect": 0.001686867238020105, "alternate": 0.28105837845591136, "oneh-out": 0.011170079248395309, "oneh-in": 0.011216397126498608, "dsfb-alt": 0.04107499312702454, "sft": 0.0, "redirect": 0.02996318475753338, "unknown": 0.007995063410669249}, "wordle": {"sfb": 0.03134746998765848, "dsfb": 0.0, "roll-in": 0.2041063614944463, "dsfb-red": 0.020554246606081007, "roll-out": 0.20585661393470212, "sfT": 0.0003141478738920678, "sfR": 0.13138112868843263, "bad-redirect": 0.0025356221249859755, "alternate": 0.29278581846740714, "oneh-out": 0.014675193537529451, "oneh-in": 0.007404914170313026, "dsfb-alt": 0.05046561202737574, "sft": 0.0, "redirect": 0.03857287108717603, "unknown": 0.0}, "english-1k": {"sfb": 0.015525758645024701, "dsfb": 0.0, "roll-in": 0.28158080451658435, "dsfb-red": 0.012350035285815103, "roll-out": 0.19230769230769232, "sfT": 0.0, "sfR": 0.10832745236414962, "bad-redirect": 0.00035285815102328866, "alternate": 0.28440366972477066, "oneh-out": 0.011997177134791814, "oneh-in": 0.013761467889908258, "dsfb-alt": 0.04199011997177135, "sft": 0.0, "redirect": 0.0374029640084686, "unknown": 0.0}, "english-10k": {"sfb": 0.01802358117365547, "dsfb": 0.0, "roll-in": 0.27566044653711813, "dsfb-red": 0.014839543814283785, "roll-out": 0.16701723239613284, "sfT": 3.859439223480828e-05, "sfR": 0.10567144593890508, "bad-redirect": 0.0012736149437486733, "alternate": 0.312325119160186, "oneh-out": 0.007776770035313869, "oneh-in": 0.021651454043727446, "dsfb-alt": 0.04216437351652805, "sft": 0.0, "redirect": 0.033557824048165805, "unknown": 0.0}, "reddit": {"sfb": 0.015449459929651231, "dsfb": 0.0, "roll-in": 0.268434956231949, "dsfb-red": 0.015918838775239974, "roll-out": 0.18259919612645398, "sfT": 6.955841642792247e-05, "sfR": 0.10397777127267367, "bad-redirect": 0.0017233032119544586, "alternate": 0.27508701825318477, "oneh-out": 0.009064544179801577, "oneh-in": 0.012335662622577044, "dsfb-alt": 0.04194522340256774, "sft": 0.0, "redirect": 0.028195093940383154, "unknown": 0.04519937363713543}, "akl": {"sfb": 0.020934059535883013, "dsfb": 0.0, "roll-in": 0.23071684685138547, "dsfb-red": 0.014342911325922848, "roll-out": 0.1542702408321639, "sfT": 0.00015014809860300005, "sfR": 0.13064861186637447, "bad-redirect": 0.0017316570081767093, "alternate": 0.23509654112593975, "oneh-out": 0.00749023314661716, "oneh-in": 0.008594391181580048, "dsfb-alt": 0.035317614867433955, "sft": 0.0, "redirect": 0.021505076930454992, "unknown": 0.13920166722946467}, "french": {"sfb": 0.048527792426270214, "dsfb": 0.0, "roll-in": 0.18798042167372814, "dsfb-red": 0.01624618564268558, "roll-out": 0.1667442501165175, "sfT": 5.314058059687434e-05, "sfR": 0.10898279115633469, "bad-redirect": 0.003588584756072375, "alternate": 0.22114120767669995, "oneh-out": 0.014766414487869153, "oneh-in": 0.01504194547680547, "dsfb-alt": 0.02833266386988705, "sft": 0.0, "redirect": 0.03016922750480344, "unknown": 0.15842537463172957}, "keymash": {"sfb": 0.017002376720454165, "dsfb": 0.0, "roll-in": 0.28334694782298153, "dsfb-red": 0.016522106784120714, "roll-out": 0.19626210423910054, "sfT": 8.209742501426442e-06, "sfR": 0.099723742164827, "bad-redirect": 0.0017363605390516925, "alternate": 0.27974287086485533, "oneh-out": 0.011066732891922846, "oneh-in": 0.0112391374844528, "dsfb-alt": 0.041258060940918585, "sft": 0.0, "redirect": 0.02971516298391301, "unknown": 0.012376186820900362}, "movie": {"sfb": 0.01503242110150286, "dsfb": 0.0, "roll-in": 0.2545673332842912, "dsfb-red": 0.020444119017611607, "roll-out": 0.2028108245538932, "sfT": 2.3029621752280492e-05, "sfR": 0.11567713207251198, "bad-redirect": 0.0015040316971817928, "alternate": 0.2654946914089904, "oneh-out": 0.012909353171619769, "oneh-in": 0.00854359487658031, "dsfb-alt": 0.04407711685980185, "sft": 0.0, "redirect": 0.028633978904076887, "unknown": 0.030282373430185833}, "dutch": {"sfb": 0.056237551321967526, "dsfb": 0.0, "roll-in": 0.21925979601426415, "dsfb-red": 0.010248757853194778, "roll-out": 0.1546274592398082, "sfT": 0.00011925771245597407, "sfR": 0.18880787437283908,