{"english-450k": {"sfT": 0.0004420274559858177, "dsfb": 0.0, "oneh-in": 0.013402026894681111, "alternate": 0.3204930009396007, "sft": 0.0, "redirect": 0.039276712110909134, "sfR": 0.11369548401129392, "roll-in": 0.23150603314855103, "bad-redirect": 0.001378412337945192, "dsfb-alt": 0.03790443904318597, "dsfb-red": 0.02180931894444311, "roll-out": 0.1763110703905336, "sfb": 0.03821578774730296, "unknown": 0.00015377410175167997, "oneh-out": 0.005411912873815779}, "shai": {"sfT": 6.588983949569502e-05, "dsfb": 0.0, "oneh-in": 0.013270126203193984, "alternate": 0.30348976958063034, "sft": 0.0, "redirect": 0.0304360356114766, "sfR": 0.09823378925716947, "roll-in": 0.2200286495400561, "bad-redirect": 0.001336486994033068, "dsfb-alt": 0.03363132900859014, "dsfb-red": 0.018850272616114588, "roll-out": 0.23101216918454823, "sfb": 0.016902202974765246, "unknown": 0.024097749651430984, "oneh-out": 0.008645529538495551}, "tr-quotes": {"sfT": 3.8140588520838634e-05, "dsfb": 0.0, "oneh-in": 0.011191373292341832, "alternate": 0.28690390883243566, "sft": 0.0, "redirect": 0.03421557522942142, "sfR": 0.09677191928064538, "roll-in": 0.21057765654977925, "bad-redirect": 0.0014227595293682532, "dsfb-alt": 0.02975774947412219, "dsfb-red": 0.025203994359816, "roll-out": 0.2618282055430989, "sfb": 0.017531957190078825, "unknown": 0.013894731975682485, "oneh-out": 0.01066202815468898}, "gutenberg": {"sfT": 3.049932124802465e-05, "dsfb": 0.0, "oneh-in": 0.009261753510168776, "alternate": 0.2719092158340352, "sft": 0.0, "redirect": 0.03239709888940794, "sfR": 0.09863878308844841, "roll-in": 0.19736489653152625, "bad-redirect": 0.0016094548653615987, "dsfb-alt": 0.030047325095864483, "dsfb-red": 0.021669862465110483, "roll-out": 0.27446320247419587, "sfb": 0.016770837950854794, "unknown": 0.03298207965968062, "oneh-out": 0.012854990314097543}, "english-200": {"sfT": 0.0, "dsfb": 0.0, "oneh-in": 0.0066815144766146995, "alternate": 0.30957683741648107, "sft": 0.0, "redirect": 0.031180400890868598, "sfR": 0.10690423162583519, "roll-in": 0.2026726057906459, "bad-redirect": 0.0022271714922048997, "dsfb-alt": 0.035634743875278395, "dsfb-red": 0.024498886414253896, "roll-out": 0.2561247216035635, "sfb": 0.013363028953229399, "unknown": 0.0, "oneh-out": 0.011135857461024499}, "monkeyracer": {"sfT": 3.616841578428766e-05, "dsfb": 0.0, "oneh-in": 0.01108904077451241, "alternate": 0.2864118194472684, "sft": 0.0, "redirect": 0.0340862880648138, "sfR": 0.09690789370786869, "roll-in": 0.2107093701612525, "bad-redirect": 0.0014408714828659463, "dsfb-alt": 0.029751943319204843, "dsfb-red": 0.025445946791372756, "roll-out": 0.2625866086929321, "sfb": 0.01732173858642101, "unknown": 0.013491796612290222, "oneh-out": 0.010720513943413047}, "chained-bigrams": {"sfT": 7.402073489603658e-05, "dsfb": 0.0, "oneh-in": 0.008456544309526144, "alternate": 0.28512916942891703, "sft": 0.0, "redirect": 0.038114834729230204, "sfR": 0.11914286586209158, "roll-in": 0.207198970981924, "bad-redirect": 0.0038380400348287038, "dsfb-alt": 0.05168854931696393, "dsfb-red": 0.02800061554084808, "roll-out": 0.20825474041123063, "sfb": 0.019038912180891092, "unknown": 0.023159399756770463, "oneh-out": 0.007903336711882081}, "english-5k": {"sfT": 4.148172729912474e-05, "dsfb": 0.0, "oneh-in": 0.02356162110590285, "alternate": 0.34085535321690796, "sft": 0.0, "redirect": 0.031484631020035674, "sfR": 0.10644211224955408, "roll-in": 0.25287260961546437, "bad-redirect": 0.001410378728170241, "dsfb-alt": 0.03708466420541751, "dsfb-red": 0.017214916829136766, "roll-out": 0.16256688928526983, "sfb": 0.01953789355788775, "unknown": 0.002157049819554486, "oneh-out": 0.004770398639399345}, "mt-quotes": {"sfT": 1.4941251001063817e-05, "dsfb": 0.0, "oneh-in": 0.010838383476171692, "alternate": 0.2847682910794755, "sft": 0.0, "redirect": 0.03384342764250965, "sfR": 0.0964592223377679, "roll-in": 0.2109928760115227, "bad-redirect": 0.0014298777208018073, "dsfb-alt": 0.0294536880983971, "dsfb-red": 0.026401190518879764, "roll-out": 0.2702155126044393, "sfb": 0.01657134148527988, "unknown": 0.007995063410669249, "oneh-out": 0.011016184363084353}, "wordle": {"sfT": 0.0005609783462358353, "dsfb": 0.0, "oneh-in": 0.00572197913160552, "alternate": 0.29877706720520586, "sft": 0.0, "redirect": 0.04252215864467632, "sfR": 0.13138112868843263, "roll-in": 0.18395601929765512, "bad-redirect": 0.000875126220127903, "dsfb-alt": 0.04503534163581286, "dsfb-red": 0.026051834399192193, "roll-out": 0.21357567597890723, "sfb": 0.03991921911814204, "unknown": 0.0, "oneh-out": 0.011623471334006508}, "english-1k": {"sfT": 0.0, "dsfb": 0.0, "oneh-in": 0.013761467889908258, "alternate": 0.31792519407198305, "sft": 0.0, "redirect": 0.03634438955539873, "sfR": 0.10832745236414962, "roll-in": 0.2459421312632322, "bad-redirect": 0.00035285815102328866, "dsfb-alt": 0.031051517290049402, "dsfb-red": 0.01799576570218772, "roll-out": 0.2025405786873677, "sfb": 0.015525758645024701, "unknown": 0.0, "oneh-out": 0.010232886379675371}, "english-10k": {"sfT": 7.718878446961657e-05, "dsfb": 0.0, "oneh-in": 0.02091816059126609, "alternate": 0.3309276162173636, "sft": 0.0, "redirect": 0.03265085583064781, "sfR": 0.10567144593890508, "roll-in": 0.2559194149090137, "bad-redirect": 0.0006368074718743367, "dsfb-alt": 0.03840142027363424, "dsfb-red": 0.017078018563902665, "roll-out": 0.17091526601184848, "sfb": 0.02116902414079234, "unknown": 0.0, "oneh-out": 0.00563478126628201}, "reddit": {"sfT": 8.120767195246953e-05, "dsfb": 0.0, "oneh-in": 0.012329257404909207, "alternate": 0.276008882650981, "sft": 0.0, "redirect": 0.03199159006157437, "sfR": 0.10397777127267367, "roll-in": 0.2039970431117971, "bad-redirect": 0.001460164883787439, "dsfb-alt": 0.033963797784656205, "dsfb-red": 0.02384190574328899, "roll-out": 0.2406880402412482, "sfb": 0.016861941526355877, "unknown": 0.04519937363713543, "oneh-out": 0.00959902400964004}, "akl": {"sfT": 0.00016885175347258554, "dsfb": 0.0, "oneh-in": 0.009522161644397663, "alternate": 0.23302433923656424, "sft": 0.0, "redirect": 0.025307898108714585, "sfR": 0.13064861186637447, "roll-in": 0.17580958720687798, "bad-redirect": 0.0015382458981118277, "dsfb-alt": 0.030407275420311523, "dsfb-red": 0.021844880583587634, "roll-out": 0.20029978722060057, "sfb": 0.02493464036219566, "unknown": 0.13920166722946467, "oneh-out": 0.007292053469326611}, "french": {"sfT": 5.4728655461060606e-05, "dsfb": 0.0, "oneh-in": 0.01413708738650115, "alternate": 0.2276870575029773, "sft": 0.0, "redirect": 0.02970724753770865, "sfR": 0.10898279115633469, "roll-in": 0.18348554057087066, "bad-redirect": 0.0016968579923830236, "dsfb-alt": 0.028290475013117725, "dsfb-red": 0.014888980907339982, "roll-out": 0.17081737748822678, "sfb": 0.047800858648108124, "unknown": 0.15842537463172957, "oneh-out": 0.014025622509241284}, "keymash": {"sfT": 2.462922750427933e-05, "dsfb": 0.0, "oneh-in": 0.011021579308164999, "alternate": 0.2874723434299483, "sft": 0.0, "redirect": 0.033610685800839854, "sfR": 0.099723742164827, "roll-in": 0.20934432891512358, "bad-redirect": 0.00146543903650462, "dsfb-alt": 0.029698743498910156, "dsfb-red": 0.02488783439307426, "roll-out": 0.2632043445957318, "sfb": 0.016333282706587907, "unknown": 0.012376186820900362, "oneh-out": 0.010836860101882905}, "movie": {"sfT": 2.895152448858119e-05, "dsfb": 0.0, "oneh-in": 0.008853770982123881, "alternate": 0.26188851583826045, "sft": 0.0, "redirect": 0.03658485711567279, "sfR": 0.11567713207251198, "roll-in": 0.18340027496052394, "bad-redirect": 0.0012245178880283998, "dsfb-alt": 0.03133831448698754, "dsfb-red": 0.029786381176561003, "roll-out": 0.26926075835360047, "sfb": 0.019088529682353084, "unknown": 0.030282373430185833, "oneh-out": 0.012585622488701997}, "dutch": {"sfT": 0.00012908378769667077, "dsfb": 0.0, "oneh-in": 0.00529564490773154, "alternate": 0.2349946417407588, "sft": 0.0, "redirect": 0.03377901637328959, "sfR": 0.18880787437283908, "roll-in": 0.2135085116942309,