{"english-450k": {"roll-in": 0.23458999322341506, "dsfb": 0.0, "unknown": 0.00015377410175167997, "sfb": 0.0200026194219614, "roll-out": 0.19083658373584533, "oneh-out": 0.004868733632267069, "redirect": 0.03960150874027437, "dsfb-red": 0.015063430355241563, "dsfb-alt": 0.042348393645329094, "alternate": 0.32182434553917705, "oneh-in": 0.012772897870024048, "sfT": 5.262231618878782e-06, "bad-redirect": 0.004236973491800566, "sfR": 0.11369548401129392, "sft": 0.0}, "shai": {"roll-in": 0.23192387494182776, "dsfb": 0.0, "unknown": 0.024097749651430984, "sfb": 0.01573025092943997, "roll-out": 0.23908614771399722, "oneh-out": 0.0072486990007843, "redirect": 0.027035904698769177, "dsfb-red": 0.015674726044723968, "dsfb-alt": 0.03380136767861859, "alternate": 0.291260554991852, "oneh-in": 0.012871276705433714, "sfT": 2.9368662012061432e-05, "bad-redirect": 0.00300628972394077, "sfR": 0.09823378925716947, "sft": 0.0}, "tr-quotes": {"roll-in": 0.22840433646933728, "dsfb": 0.0, "unknown": 0.013894731975682485, "sfb": 0.014510760269064515, "roll-out": 0.2632509650724671, "oneh-out": 0.0083134925221331, "redirect": 0.02915212315942766, "dsfb-red": 0.021892697810961374, "dsfb-alt": 0.030604932849448697, "alternate": 0.28005940685605973, "oneh-in": 0.009954693603938882, "sfT": 6.934652458334297e-06, "bad-redirect": 0.003183005478375442, "sfR": 0.09677191928064538, "sft": 0.0}, "gutenberg": {"roll-in": 0.21362936997495266, "dsfb": 0.0, "unknown": 0.03298207965968062, "sfb": 0.014639295325495955, "roll-out": 0.27627876455395406, "oneh-out": 0.011112361393845503, "redirect": 0.028706302144841087, "dsfb-red": 0.016726509744817295, "dsfb-alt": 0.028351865933319013, "alternate": 0.266923050401928, "oneh-in": 0.008755389002740392, "sfT": 2.197466624081279e-05, "bad-redirect": 0.003234254109736179, "sfR": 0.09863878308844841, "sft": 0.0}, "english-200": {"roll-in": 0.22717149220489977, "dsfb": 0.0, "unknown": 0.0, "sfb": 0.008908685968819599, "roll-out": 0.2717149220489978, "oneh-out": 0.008908685968819599, "redirect": 0.0200445434298441, "dsfb-red": 0.024498886414253896, "dsfb-alt": 0.0200445434298441, "alternate": 0.3028953229398664, "oneh-in": 0.004454342984409799, "sfT": 0.0, "bad-redirect": 0.004454342984409799, "sfR": 0.10690423162583519, "sft": 0.0}, "monkeyracer": {"roll-in": 0.22851596102413313, "dsfb": 0.0, "unknown": 0.013491796612290222, "sfb": 0.014489849382986378, "roll-out": 0.2639766488887499, "oneh-out": 0.008330465927397281, "redirect": 0.029058878270797818, "dsfb-red": 0.02209890204419976, "dsfb-alt": 0.030532008070444344, "alternate": 0.2795818540125436, "oneh-in": 0.009829011370567903, "sfT": 5.865148505560161e-06, "bad-redirect": 0.0031808655395154607, "sfR": 0.09690789370786869, "sft": 0.0}, "chained-bigrams": {"roll-in": 0.21634053174158452, "dsfb": 0.0, "unknown": 0.023159399756770463, "sfb": 0.016502728053663734, "roll-out": 0.20752232471857512, "oneh-out": 0.007874118000738908, "redirect": 0.03948421832480688, "dsfb-red": 0.02773569922648332, "dsfb-alt": 0.05070030757563263, "alternate": 0.27698688859035303, "oneh-in": 0.009553869239125283, "sfT": 3.7659672140088785e-05, "bad-redirect": 0.0049593892380344505, "sfR": 0.11914286586209158, "sft": 0.0}, "english-5k": {"roll-in": 0.2590948687103331, "dsfb": 0.0, "unknown": 0.002157049819554486, "sfb": 0.016094910192060396, "roll-out": 0.17700253038536526, "oneh-out": 0.003774837184220351, "redirect": 0.031318704110839174, "dsfb-red": 0.013274152735719915, "dsfb-alt": 0.040527647571244864, "alternate": 0.3241796988426598, "oneh-in": 0.02285643174181773, "sfT": 0.0, "bad-redirect": 0.003277056456630854, "sfR": 0.10644211224955408, "sft": 0.0}, "mt-quotes": {"roll-in": 0.2286534346947801, "dsfb": 0.0, "unknown": 0.007995063410669249, "sfb": 0.013990987437396159, "roll-out": 0.27178284983445095, "oneh-out": 0.008556854448309248, "redirect": 0.028748461051146892, "dsfb-red": 0.0231544566763486, "dsfb-alt": 0.02994973763163242, "alternate": 0.27817770526290625, "oneh-in": 0.00946827075937414, "sfT": 0.0, "bad-redirect": 0.0030629564552180823, "sfR": 0.0964592223377679, "sft": 0.0}, "wordle": {"roll-in": 0.19829462582744306, "dsfb": 0.0, "unknown": 0.0, "sfb": 0.029417704476607204, "roll-out": 0.21494446314372265, "oneh-out": 0.009895658027600134, "redirect": 0.0380118927409402, "dsfb-red": 0.017457646134859194, "dsfb-alt": 0.04595534612363963, "alternate": 0.3016268372040839, "oneh-in": 0.006866374957926624, "sfT": 0.0, "bad-redirect": 0.006148322674744755, "sfR": 0.13138112868843263, "sft": 0.0}, "english-1k": {"roll-in": 0.2582921665490473, "dsfb": 0.0, "unknown": 0.0, "sfb": 0.010938602681721948, "roll-out": 0.20889202540578689, "oneh-out": 0.0077628793225123505, "redirect": 0.032462949894142556, "dsfb-red": 0.014820042342978124, "dsfb-alt": 0.035285815102328866, "alternate": 0.30804516584333097, "oneh-in": 0.01305575158786168, "sfT": 0.0, "bad-redirect": 0.002117148906139732, "sfR": 0.10832745236414962, "sft": 0.0}, "english-10k": {"roll-in": 0.2634067270025665, "dsfb": 0.0, "unknown": 0.0, "sfb": 0.015958781189093225, "roll-out": 0.18442330329403137, "oneh-out": 0.00470851585264661, "redirect": 0.03232280349665194, "dsfb-red": 0.012987012987012988, "dsfb-alt": 0.04050481465043129, "alternate": 0.3165319079137801, "oneh-in": 0.020532216668918007, "sfT": 0.0, "bad-redirect": 0.0029524710059628334, "sfR": 0.10567144593890508, "sft": 0.0}, "reddit": {"roll-in": 0.2224221199509982, "dsfb": 0.0, "unknown": 0.045199261264895645, "sfb": 0.014924007336408961, "roll-out": 0.24561339042592262, "oneh-out": 0.0077269774096213484, "redirect": 0.0267566543562878, "dsfb-red": 0.020680312776892223, "dsfb-alt": 0.03030083734174477, "alternate": 0.2688922363330541, "oneh-in": 0.010653899681930375, "sfT": 5.3002239766026015e-05, "bad-redirect": 0.0027995296098042534, "sfR": 0.10397777127267367, "sft": 0.0}, "akl": {"roll-in": 0.19013947762643849, "dsfb": 0.0, "unknown": 0.13920161781426024, "sfb": 0.01775574771097037, "roll-out": 0.20691880560584858, "oneh-out": 0.006067742364838236, "redirect": 0.022326876487413095, "dsfb-red": 0.018935362763068946, "dsfb-alt": 0.028854600282511664, "alternate": 0.22669986017720836, "oneh-in": 0.008837464572078043, "sfT": 8.823084747594424e-05, "bad-redirect": 0.003525601881513557, "sfR": 0.13064861186637447, "sft": 0.0}, "french": {"roll-in": 0.18580480405530797, "dsfb": 0.0, "unknown": 0.1584253596498912, "sfb": 0.04849099703130379, "roll-out": 0.17535626025029288, "oneh-out": 0.008383102625757439, "redirect": 0.02594315054546701, "dsfb-red": 0.014365110966056952, "dsfb-alt": 0.028770313331515435, "alternate": 0.22641668750265834, "oneh-in": 0.014784272839172078, "sfT": 4.5874389001305114e-05, "bad-redirect": 0.004231275657240888, "sfR": 0.10898279115633469, "sft": 0.0}, "keymash": {"roll-in": 0.2272620919244868, "dsfb": 0.0, "unknown": 0.012376186820900362, "sfb": 0.014276742209980584, "roll-out": 0.2633480150895067, "oneh-out": 0.008451929905218522, "redirect": 0.02925541740383313, "dsfb-red": 0.02117703078242951, "dsfb-alt": 0.030807058736602725, "alternate": 0.28040786000747087, "oneh-in": 0.009937893297976709, "sfT": 4.104871250713221e-06, "bad-redirect": 0.002971926785516372, "sfR": 0.099723742164827, "sft": 0.0}, "movie": {"roll-in": 0.2103011103304435, "dsfb": 0.0, "unknown": 0.030282373430185833, "sfb": 0.015657510834779044, "roll-out": 0.2637895782144516, "oneh-out": 0.008290400635143809, "redirect": 0.028462506920401337, "dsfb-red": 0.026905441294270006, "dsfb-alt": 0.031014846999746937, "alternate": 0.25812547564393784, "oneh-in": 0.008754414613992614, "sfT": 4.395367808720962e-05, "bad-redirect": 0.0026952553320483243, "sfR": 0.11567713207251198, "sft": 0.0}, "dutch": {"roll-in": 0.23202919319781692, "dsfb": 0.0, "unknown": 0.07360262899870608, "sfb": 0.05578591047678018, "roll-out": 0.14848967665004278, "oneh-out": 0.006035720508980656, "redirect": 0.025010804200066208, "dsfb-red": 0.010999036076363523, "dsfb-alt": 0.0258618534868348, "alternate": 0.22386064057618957,