{"english-450k": {"sfb": 0.017283215059805263, "unknown": 0.00015377410175167997, "oneh-in": 0.004461203028005012, "roll-in": 0.20413015018993733, "bad-redirect": 0.006495055548701661, "dsfb-alt": 0.03189175472621486, "sfR": 0.11369548401129392, "dsfb": 0.0, "sft": 0.0, "redirect": 0.03436997347250572, "dsfb-red": 0.014886853249808076, "sfT": 3.508154412585855e-06, "roll-out": 0.2047478777127535, "oneh-out": 0.00868794440276887, "alternate": 0.35919320634204155}, "shai": {"sfb": 0.011995585102084354, "unknown": 0.023260762136131256, "oneh-in": 0.0036954856790229725, "roll-in": 0.21291387442474113, "bad-redirect": 0.005817704364551638, "dsfb-alt": 0.02913771084826047, "sfR": 0.09823378925716947, "dsfb": 0.0, "sft": 0.0, "redirect": 0.025504163321343323, "dsfb-red": 0.010470218287960274, "sfT": 2.208068223231556e-05, "roll-out": 0.22434163185104933, "oneh-out": 0.014046379263526228, "alternate": 0.34056061478192723}, "tr-quotes": {"sfb": 0.01128730265134879, "unknown": 0.013835787429786644, "oneh-in": 0.004075264094681122, "roll-in": 0.21197267746931417, "bad-redirect": 0.005842444696146645, "dsfb-alt": 0.025999167841705, "sfR": 0.09677191928064538, "dsfb": 0.0, "sft": 0.0, "redirect": 0.02441228820415617, "dsfb-red": 0.010340722590786158, "sfT": 0.0, "roll-out": 0.23266336885416425, "oneh-out": 0.01654492499017591, "alternate": 0.34625413189708976}, "gutenberg": {"sfb": 0.010455015774400498, "unknown": 0.032975828246008664, "oneh-in": 0.003198450558705889, "roll-in": 0.218193091392258, "bad-redirect": 0.005491582755645879, "dsfb-alt": 0.031303101496815755, "sfR": 0.09863878308844841, "dsfb": 0.0, "sft": 0.0, "redirect": 0.022419084921855435, "dsfb-red": 0.007988548925647201, "sfT": 7.577471117521651e-07, "roll-out": 0.23291232903804382, "oneh-out": 0.014646304486279663, "alternate": 0.321777121568779}, "english-200": {"sfb": 0.011135857461024499, "unknown": 0.0, "oneh-in": 0.004454342984409799, "roll-in": 0.2383073496659243, "bad-redirect": 0.004454342984409799, "dsfb-alt": 0.022271714922048998, "sfR": 0.10690423162583519, "dsfb": 0.0, "sft": 0.0, "redirect": 0.024498886414253896, "dsfb-red": 0.013363028953229399, "sfT": 0.0, "roll-out": 0.2026726057906459, "oneh-out": 0.0200445434298441, "alternate": 0.3518930957683742}, "monkeyracer": {"sfb": 0.011294320972207016, "unknown": 0.013436077701487402, "oneh-in": 0.00413883979542362, "roll-in": 0.21127633451678995, "bad-redirect": 0.0059179348421102024, "dsfb-alt": 0.025965012434114833, "sfR": 0.09690789370786869, "dsfb": 0.0, "sft": 0.0, "redirect": 0.02439022006037193, "dsfb-red": 0.010345144439057197, "sfT": 9.775247509266934e-07, "roll-out": 0.23350817992711576, "oneh-out": 0.01670394294383534, "alternate": 0.34611512113486714}, "chained-bigrams": {"sfb": 0.014291196272471624, "unknown": 0.022916559801936097, "oneh-in": 0.009107147610980781, "roll-in": 0.18421618210139673, "bad-redirect": 0.006148266129215529, "dsfb-alt": 0.04084905678753906, "sfR": 0.11914286586209158, "dsfb": 0.0, "sft": 0.0, "redirect": 0.033904743105845105, "dsfb-red": 0.015964454463937294, "sfT": 4.5451328444934745e-05, "roll-out": 0.20403555852215655, "oneh-out": 0.00953828592651559, "alternate": 0.3398402320874691}, "english-5k": {"sfb": 0.012154146098643548, "unknown": 0.002157049819554486, "oneh-in": 0.003194093002032605, "roll-in": 0.2137968224996889, "bad-redirect": 0.006968930186252956, "dsfb-alt": 0.030447587837557556, "sfR": 0.10644211224955408, "dsfb": 0.0, "sft": 0.0, "redirect": 0.02978388020077156, "dsfb-red": 0.011531920189156676, "sfT": 0.0, "roll-out": 0.2186501845936865, "oneh-out": 0.010702285643174181, "alternate": 0.354170987679927}, "mt-quotes": {"sfb": 0.010750230095265417, "unknown": 0.007977133909467972, "oneh-in": 0.004189526780698294, "roll-in": 0.2128680030121562, "bad-redirect": 0.00588834701951925, "dsfb-alt": 0.025802046353737104, "sfR": 0.0964592223377679, "dsfb": 0.0, "sft": 0.0, "redirect": 0.023920942852703173, "dsfb-red": 0.010024085296613715, "sfT": 0.0, "roll-out": 0.23544871565006395, "oneh-out": 0.01741701629194009, "alternate": 0.34925473040006694}, "wordle": {"sfb": 0.025266464714462023, "unknown": 0.0, "oneh-in": 0.0023785481880399416, "roll-in": 0.17695500953663187, "bad-redirect": 0.009940536295299002, "dsfb-alt": 0.03944799730730394, "sfR": 0.13138112868843263, "dsfb": 0.0, "sft": 0.0, "redirect": 0.03244698754628071, "dsfb-red": 0.019118142039717265, "sfT": 2.2439133849433412e-05, "roll-out": 0.22353865140805565, "oneh-out": 0.013687871648154382, "alternate": 0.32581622349377315}, "english-1k": {"sfb": 0.010938602681721948, "unknown": 0.0, "oneh-in": 0.003175723359209598, "roll-in": 0.2392378263937897, "bad-redirect": 0.00529287226534933, "dsfb-alt": 0.024347212420606917, "sfR": 0.10832745236414962, "dsfb": 0.0, "sft": 0.0, "redirect": 0.030345800988002825, "dsfb-red": 0.010938602681721948, "sfT": 0.0, "roll-out": 0.22829922371206776, "oneh-out": 0.011291460832745237, "alternate": 0.32780522230063514}, "english-10k": {"sfb": 0.01271685224136933, "unknown": 0.0, "oneh-in": 0.0031068485749020667, "roll-in": 0.2100885741301789, "bad-redirect": 0.007043476582852512, "dsfb-alt": 0.03317188012581772, "sfR": 0.10567144593890508, "dsfb": 0.0, "sft": 0.0, "redirect": 0.02954400725574574, "dsfb-red": 0.010960807394685553, "sfT": 0.0, "roll-out": 0.2176723722043187, "oneh-out": 0.011694100847146909, "alternate": 0.35832963470407747}, "reddit": {"sfb": 0.012126088395374983, "unknown": 0.039285409944231534, "oneh-in": 0.004183768316909194, "roll-in": 0.20406686373011784, "bad-redirect": 0.005269134323594968, "dsfb-alt": 0.027410698249259232, "sfR": 0.10397777127267367, "dsfb": 0.0, "sft": 0.0, "redirect": 0.02387940061396446, "dsfb-red": 0.011020270641048043, "sfT": 5.041767825093358e-05, "roll-out": 0.21526535674346747, "oneh-out": 0.016327986100303088, "alternate": 0.3371368339908046}, "akl": {"sfb": 0.015477014974758837, "unknown": 0.13277008071454782, "oneh-in": 0.004317554655007379, "roll-in": 0.17315952391711953, "bad-redirect": 0.005700117951622169, "dsfb-alt": 0.023219142125861365, "sfR": 0.13064861186637447, "dsfb": 0.0, "sft": 0.0, "redirect": 0.018853728845381876, "dsfb-red": 0.010423890294490652, "sfT": 0.00011681754322774136, "roll-out": 0.1781254554692044, "oneh-out": 0.0122888942317706, "alternate": 0.29489916741063316}, "french": {"sfb": 0.03445731429303484, "unknown": 0.15807953387545715, "oneh-in": 0.0005257276892373605, "roll-in": 0.12151422998227514, "bad-redirect": 0.003859396465931157, "dsfb-alt": 0.027637971007835608, "sfR": 0.10898279115633469, "dsfb": 0.0, "sft": 0.0, "redirect": 0.01861658214138202, "dsfb-red": 0.009313145186313617, "sfT": 1.6779658942345438e-05, "roll-out": 0.23792759346446068, "oneh-out": 0.015616439049844022, "alternate": 0.2634524960289514}, "keymash": {"sfb": 0.011666044094526975, "unknown": 0.01232282349464109, "oneh-in": 0.0038667887181718544, "roll-in": 0.21102322125666528, "bad-redirect": 0.005911014601027039, "dsfb-alt": 0.026098771412034663, "sfR": 0.099723742164827, "dsfb": 0.0, "sft": 0.0, "redirect": 0.02482215645306285, "dsfb-red": 0.010475631431820141, "sfT": 0.0, "roll-out": 0.23394892719189864, "oneh-out": 0.016600099337884266, "alternate": 0.3435407798434402}, "movie": {"sfb": 0.01067047914378235, "unknown": 0.030236445784519856, "oneh-in": 0.003305211313887296, "roll-in": 0.2001771570103024, "bad-redirect": 0.004327463324011381, "dsfb-alt": 0.02790913800915368, "sfR": 0.11567713207251198, "dsfb": 0.0, "sft": 0.0, "redirect": 0.02130082094679644, "dsfb-red": 0.010363198190687636, "sfT": 4.079532996118259e-06, "roll-out": 0.22115701082879136, "oneh-out": 0.0177393886411852, "alternate": 0.3371324752013743}, "dutch": {"sfb": 0.02306050757273026, "unknown": 0.07290361491625476, "oneh-in": 0.0016621487639819402, "roll-in": 0.1499026770281315, "bad-redirect": 0.005415727436722317, "dsfb-alt": 0.023548852753716345, "sfR": 0.18880787437283908, "dsfb": 0.0, "sft": 0.0, "redirect": 0.019602374596597475, "dsfb-red": 0.010057149386001192,