{"english-450k": {"sfT": 0.004151316054893261, "redirect": 0.05131728274730588, "sft": 0.0, "sfR": 0.11369548401129392, "roll-out": 0.1811321515920297, "oneh-in": 0.00916885390349418, "sfb": 0.07581940254960969, "unknown": 0.0001543587941537776, "oneh-out": 0.012596028418389511, "dsfb-alt": 0.02990000005846924, "bad-redirect": 0.013840253850053295, "alternate": 0.25723629934146097, "dsfb-red": 0.0323273505657776, "roll-in": 0.218661218113069, "dsfb": 0.0}, "shai": {"sfT": 0.004750682972337724, "redirect": 0.05069534990508209, "sft": 0.0, "sfR": 0.09823378925716947, "roll-out": 0.17561756629932876, "oneh-in": 0.010359071758308143, "sfb": 0.10254384166869734, "unknown": 0.03298968102567691, "oneh-out": 0.013310928052815908, "dsfb-alt": 0.027485475903918494, "bad-redirect": 0.007913743604923532, "alternate": 0.21447082377471371, "dsfb-red": 0.027158627621156953, "roll-in": 0.23447041815587097, "dsfb": 0.0}, "tr-quotes": {"sfT": 0.006983195025542637, "redirect": 0.05274496659809066, "sft": 0.0, "sfR": 0.09677191928064538, "roll-out": 0.1897540509928111, "oneh-in": 0.009990522641640277, "sfb": 0.11490719123459929, "unknown": 0.040607013245186195, "oneh-out": 0.014699151660849263, "dsfb-alt": 0.025949469499086938, "bad-redirect": 0.005522294907653545, "alternate": 0.1949654423152493, "dsfb-red": 0.02723584753010795, "roll-in": 0.21986893506853747, "dsfb": 0.0}, "gutenberg": {"sfT": 0.006169955857442005, "redirect": 0.05062356904193865, "sft": 0.0, "sfR": 0.09863878308844841, "roll-out": 0.1712711169912287, "oneh-in": 0.00971507571977451, "sfb": 0.12511238336851174, "unknown": 0.045151687711198325, "oneh-out": 0.015744090614430613, "dsfb-alt": 0.02634914031695804, "bad-redirect": 0.004799570205838214, "alternate": 0.19136410771678292, "dsfb-red": 0.027225853725255295, "roll-in": 0.22783466564219257, "dsfb": 0.0}, "english-200": {"sfT": 0.011135857461024499, "redirect": 0.07349665924276169, "sft": 0.0, "sfR": 0.10690423162583519, "roll-out": 0.19599109131403117, "oneh-in": 0.008908685968819599, "sfb": 0.12249443207126949, "unknown": 0.0, "oneh-out": 0.022271714922048998, "dsfb-alt": 0.031180400890868598, "bad-redirect": 0.0, "alternate": 0.17817371937639198, "dsfb-red": 0.044543429844097995, "roll-in": 0.20489977728285078, "dsfb": 0.0}, "monkeyracer": {"sfT": 0.006979526721616591, "redirect": 0.05294176298543879, "sft": 0.0, "sfR": 0.09690789370786869, "roll-out": 0.19049318078733754, "oneh-in": 0.010016696122745828, "sfb": 0.11451409199680936, "unknown": 0.04009904280776389, "oneh-out": 0.01481438760029404, "dsfb-alt": 0.02591222609756479, "bad-redirect": 0.005471206030936703, "alternate": 0.19433094295947573, "dsfb-red": 0.027471378075292867, "roll-in": 0.2200476641068552, "dsfb": 0.0}, "chained-bigrams": {"sfT": 0.004169834732476728, "redirect": 0.05247096147090888, "sft": 0.0, "sfR": 0.11914286586209158, "roll-out": 0.14830638610643793, "oneh-in": 0.008653932935915576, "sfb": 0.10957276400566453, "unknown": 0.03462936714219578, "oneh-out": 0.012583524932326218, "dsfb-alt": 0.034811172455975516, "bad-redirect": 0.008668217639141126, "alternate": 0.2228614987640485, "dsfb-red": 0.03796939047820641, "roll-in": 0.2061600834746112, "dsfb": 0.0}, "english-5k": {"sfT": 0.00315261127473348, "redirect": 0.05006844485004355, "sft": 0.0, "sfR": 0.10644211224955408, "roll-out": 0.18139959347907247, "oneh-in": 0.008545235823619695, "sfb": 0.06844485004355581, "unknown": 0.0022400132741527356, "oneh-out": 0.011697847098353175, "dsfb-alt": 0.02497199983407309, "bad-redirect": 0.012485999917036545, "alternate": 0.2513377857053968, "dsfb-red": 0.028954245654789067, "roll-in": 0.25025926079561955, "dsfb": 0.0}, "mt-quotes": {"sfT": 0.00761854388544244, "redirect": 0.05348818445870836, "sft": 0.0, "sfR": 0.0964592223377679, "roll-out": 0.19397030874601068, "oneh-in": 0.010115226927720204, "sfb": 0.11755626875127001, "unknown": 0.03559902463513465, "oneh-out": 0.015252029021885945, "dsfb-alt": 0.025849858356940508, "bad-redirect": 0.004982907208854783, "alternate": 0.1919876047381695, "dsfb-red": 0.027309618579744444, "roll-in": 0.21981120235235055, "dsfb": 0.0}, "wordle": {"sfT": 0.0028497699988780435, "redirect": 0.06074273533041625, "sft": 0.0, "sfR": 0.13138112868843263, "roll-out": 0.16750813418602042, "oneh-in": 0.021406933692359475, "sfb": 0.07357791989229216, "unknown": 0.0, "oneh-out": 0.01599910243464602, "dsfb-alt": 0.026074273533041623, "bad-redirect": 0.01270054975877931, "alternate": 0.215999102434646, "dsfb-red": 0.044474363289577025, "roll-in": 0.22728598676091102, "dsfb": 0.0}, "english-1k": {"sfT": 0.003175723359209598, "redirect": 0.05963302752293578, "sft": 0.0, "sfR": 0.10832745236414962, "roll-out": 0.20712773465067044, "oneh-in": 0.01058574453069866, "sfb": 0.08186309103740297, "unknown": 0.0, "oneh-out": 0.01834862385321101, "dsfb-alt": 0.027522935779816515, "bad-redirect": 0.006351446718419196, "alternate": 0.21559633027522937, "dsfb-red": 0.03175723359209598, "roll-in": 0.22971065631616092, "dsfb": 0.0}, "english-10k": {"sfT": 0.0029910653981976417, "redirect": 0.04832017907797997, "sft": 0.0, "sfR": 0.10567144593890508, "roll-out": 0.17166785666042725, "oneh-in": 0.012330908319021247, "sfb": 0.0684664518245499, "unknown": 0.0, "oneh-out": 0.011095887767507381, "dsfb-alt": 0.026707319426487332, "bad-redirect": 0.012002855985025375, "alternate": 0.2561123868701878, "dsfb-red": 0.027556396055653114, "roll-in": 0.25707724667605797, "dsfb": 0.0}, "reddit": {"sfT": 0.006375851055840201, "redirect": 0.05199500992340521, "sft": 0.0, "sfR": 0.10397777127267367, "roll-out": 0.18084386682616033, "oneh-in": 0.010693379795508743, "sfb": 0.10940902128086748, "unknown": 0.06811023791637895, "oneh-out": 0.014018811487514413, "dsfb-alt": 0.025815461933248268, "bad-redirect": 0.006537891825612517, "alternate": 0.18838172175622078, "dsfb-red": 0.025471602879501187, "roll-in": 0.20836937204706824, "dsfb": 0.0}, "akl": {"sfT": 0.005416919415142395, "redirect": 0.049833973560839614, "sft": 0.0, "sfR": 0.13064861186637447, "roll-out": 0.1629470565747016, "oneh-in": 0.010336326552274257, "sfb": 0.08578756210904388, "unknown": 0.1577253766321873, "oneh-out": 0.012972257093571124, "dsfb-alt": 0.02075959915670977, "bad-redirect": 0.004505604215393661, "alternate": 0.15806616858940814, "dsfb-red": 0.02223041800840271, "roll-in": 0.17877012622595106, "dsfb": 0.0}, "french": {"sfT": 0.0009921272986428567, "redirect": 0.042611644247319405, "sft": 0.0, "sfR": 0.10898279115633469, "roll-out": 0.1325494475949003, "oneh-in": 0.019619751054882475, "sfb": 0.05517748137409166, "unknown": 0.1850678773909722, "oneh-out": 0.009945378764319847, "dsfb-alt": 0.01607787967075852, "bad-redirect": 0.01198488638140857, "alternate": 0.18781812341897597, "dsfb-red": 0.021930370018596806, "roll-in": 0.2072422416287967, "dsfb": 0.0}, "keymash": {"sfT": 0.006522640417383309, "redirect": 0.05280095889792417, "sft": 0.0, "sfR": 0.099723742164827, "roll-out": 0.1870959267362579, "oneh-in": 0.0102457586417802, "sfb": 0.11485019272370522, "unknown": 0.03570006526745289, "oneh-out": 0.014990989807604684, "dsfb-alt": 0.025975625274513265, "bad-redirect": 0.005422534922192165, "alternate": 0.19675879366043683, "dsfb-red": 0.02777766375357637, "roll-in": 0.222135107732346, "dsfb": 0.0}, "movie": {"sfT": 0.006662666969692623, "redirect": 0.05302695426409239, "sft": 0.0, "sfR": 0.11567713207251198, "roll-out": 0.1942586758178049, "oneh-in": 0.00793666564502878, "sfb": 0.10707589734263169, "unknown": 0.08522552382190654, "oneh-out": 0.014210066208188571, "dsfb-alt": 0.02266549053291729, "bad-redirect": 0.004476563675127574, "alternate": 0.1766064049457626, "dsfb-red": 0.025532481044318336, "roll-in": 0.1866454776600167, "dsfb": 0.0}, "dutch": {"sfT": 0.004642336419784853, "redirect": 0.03200214638779309, "sft": 0.0, "sfR": 0.18880787437283908, "roll-out": 0.11367989063936873, "oneh-in": 0.006123993808998813, "sfb": 0.09462533766823433, "unknown": 0.07595242372159444, "oneh-out": 0.009027294219122697,