{"english-450k": {"oneh-out": 0.004152193093496408, "alternate": 0.3754865371650955, "sfb": 0.023653438780659078, "sfT": 0.0001444190233181177, "dsfb-alt": 0.03968833556198587, "roll-out": 0.1621001215575504, "bad-redirect": 0.005527974315632161, "roll-in": 0.23010861830753768, "dsfb-red": 0.011310874518578894, "sft": 0.0, "oneh-in": 0.003297080455428606, "redirect": 0.03068114910767169, "sfR": 0.11369548401129392, "unknown": 0.00015377410175167997, "dsfb": 0.0}, "shai": {"oneh-out": 0.012870645828798504, "alternate": 0.34782180359192516, "sfb": 0.014085470392456357, "sfT": 4.164172833260002e-05, "dsfb-alt": 0.03217028064798694, "roll-out": 0.20004757893543942, "bad-redirect": 0.0059658249095175826, "roll-in": 0.22693669450987156, "dsfb-red": 0.007825776953604325, "sft": 0.0, "oneh-in": 0.003040624120449599, "redirect": 0.02769910698831725, "sfR": 0.09823378925716947, "unknown": 0.023260762136131256, "dsfb": 0.0}, "tr-quotes": {"oneh-out": 0.02307852338133654, "alternate": 0.35058713390813895, "sfb": 0.012544786297126742, "sfT": 2.3115508194447656e-05, "dsfb-alt": 0.030572571137976467, "roll-out": 0.21228820415616836, "bad-redirect": 0.004721342548715934, "roll-in": 0.21714708397864127, "dsfb-red": 0.008077714338549733, "sft": 0.0, "oneh-in": 0.0029680312521670788, "redirect": 0.027383786782552415, "sfR": 0.09677191928064538, "unknown": 0.013835787429786644, "dsfb": 0.0}, "gutenberg": {"oneh-out": 0.013867151018620499, "alternate": 0.32385562189631517, "sfb": 0.011826538046671917, "sfT": 0.00015855858313414055, "dsfb-alt": 0.03553076207005902, "roll-out": 0.2270210346809487, "bad-redirect": 0.0048743977331237405, "roll-in": 0.21858749876392503, "dsfb-red": 0.006224892523044037, "sft": 0.0, "oneh-in": 0.0024236541369393, "redirect": 0.02401527921276137, "sfR": 0.09863878308844841, "unknown": 0.032975828246008664, "dsfb": 0.0}, "english-200": {"oneh-out": 0.0200445434298441, "alternate": 0.35412026726057905, "sfb": 0.008908685968819599, "sfT": 0.0, "dsfb-alt": 0.024498886414253896, "roll-out": 0.18262806236080179, "bad-redirect": 0.0022271714922048997, "roll-in": 0.267260579064588, "dsfb-red": 0.0022271714922048997, "sft": 0.0, "oneh-in": 0.0066815144766146995, "redirect": 0.024498886414253896, "sfR": 0.10690423162583519, "unknown": 0.0, "dsfb": 0.0}, "monkeyracer": {"oneh-out": 0.02365414392292413, "alternate": 0.35038592677166586, "sfb": 0.012529912257378357, "sfT": 2.248306927131395e-05, "dsfb-alt": 0.030641490842548132, "roll-out": 0.21284623926677823, "bad-redirect": 0.004713624348968516, "roll-in": 0.21646601341945979, "dsfb-red": 0.008028410779360933, "sft": 0.0, "oneh-in": 0.0030107762328542157, "redirect": 0.027357007679434442, "sfR": 0.09690789370786869, "unknown": 0.013436077701487402, "dsfb": 0.0}, "chained-bigrams": {"oneh-out": 0.007105341245327441, "alternate": 0.3488766054870142, "sfb": 0.015093736871870758, "sfT": 6.233325043876765e-05, "dsfb-alt": 0.047233669824668256, "roll-out": 0.19457648776807357, "bad-redirect": 0.004960038542726522, "roll-in": 0.18330715553249802, "dsfb-red": 0.014136012451066776, "sft": 0.0, "oneh-in": 0.004778233228946782, "redirect": 0.03781096013334121, "sfR": 0.11914286586209158, "unknown": 0.022916559801936097, "dsfb": 0.0}, "english-5k": {"oneh-out": 0.005060770730493218, "alternate": 0.3692288546895093, "sfb": 0.017546770647529762, "sfT": 0.0, "dsfb-alt": 0.035259468204256024, "roll-out": 0.15700833782718712, "bad-redirect": 0.00630522254946696, "roll-in": 0.2600904301655121, "dsfb-red": 0.009416352096901314, "sft": 0.0, "oneh-in": 0.003111129547434355, "redirect": 0.028373501472601318, "sfR": 0.10644211224955408, "unknown": 0.002157049819554486, "dsfb": 0.0}, "mt-quotes": {"oneh-out": 0.02540012670180849, "alternate": 0.35292579577102834, "sfb": 0.011820023666941586, "sfT": 1.0458875700744673e-05, "dsfb-alt": 0.0305533641720754, "roll-out": 0.21654952725881832, "bad-redirect": 0.004673623313132762, "roll-in": 0.21556788706804844, "dsfb-red": 0.007875533402660739, "sft": 0.0, "oneh-in": 0.003068932955618508, "redirect": 0.027118370566930828, "sfR": 0.0964592223377679, "unknown": 0.007977133909467972, "dsfb": 0.0}, "wordle": {"oneh-out": 0.006529787950185123, "alternate": 0.3359362728598676, "sfb": 0.03130259171995961, "sfT": 0.0002468304723437675, "dsfb-alt": 0.050981712105912715, "roll-out": 0.1907999551217323, "bad-redirect": 0.004936609446875351, "roll-in": 0.19948389992146304, "dsfb-red": 0.014046897789745315, "sft": 0.0, "oneh-in": 0.001795130707954673, "redirect": 0.03255918321552788, "sfR": 0.13138112868843263, "unknown": 0.0, "dsfb": 0.0}, "english-1k": {"oneh-out": 0.008468595624558928, "alternate": 0.33450952717007765, "sfb": 0.012350035285815103, "sfT": 0.0, "dsfb-alt": 0.029640084685956247, "roll-out": 0.18807339449541285, "bad-redirect": 0.004940014114326041, "roll-in": 0.2727593507410021, "dsfb-red": 0.008821453775582216, "sft": 0.0, "oneh-in": 0.0035285815102328866, "redirect": 0.02858151023288638, "sfR": 0.10832745236414962, "unknown": 0.0, "dsfb": 0.0}, "english-10k": {"oneh-out": 0.004496246695355165, "alternate": 0.3719727523590822, "sfb": 0.016190347542502075, "sfT": 7.718878446961657e-05, "dsfb-alt": 0.03467706142297524, "roll-out": 0.16061056328515466, "bad-redirect": 0.007506609289670211, "roll-in": 0.2573281102255842, "dsfb-red": 0.008838115821771096, "sft": 0.0, "oneh-in": 0.0033577121244283206, "redirect": 0.02927384651010208, "sfR": 0.10567144593890508, "unknown": 0.0, "dsfb": 0.0}, "reddit": {"oneh-out": 0.017656375804234074, "alternate": 0.3416123580996131, "sfb": 0.014381286875652812, "sfT": 6.791029024438528e-05, "dsfb-alt": 0.0326075772226714, "roll-out": 0.19739476199278683, "bad-redirect": 0.004570665938494553, "roll-in": 0.20997344831260908, "dsfb-red": 0.00791587514470267, "sft": 0.0, "oneh-in": 0.0033382046699280835, "redirect": 0.02721835443215779, "sfR": 0.10397777127267367, "unknown": 0.039285409944231534, "dsfb": 0.0}, "akl": {"oneh-out": 0.01490243968546926, "alternate": 0.2918610712282369, "sfb": 0.01936500325782089, "sfT": 0.00015795570089994723, "dsfb-alt": 0.029111806421471223, "roll-out": 0.16130805307479562, "bad-redirect": 0.0039501279026089575, "roll-in": 0.17913421745205174, "dsfb-red": 0.010390065587071283, "sft": 0.0, "oneh-in": 0.00376111474573666, "redirect": 0.022639452362915244, "sfR": 0.13064861186637447, "unknown": 0.13277008071454782, "dsfb": 0.0}, "french": {"oneh-out": 0.010159349379511434, "alternate": 0.2621261838442657, "sfb": 0.036064835583388216, "sfT": 4.7462463865491375e-05, "dsfb-alt": 0.03005188974691375, "roll-out": 0.1871432215653735, "bad-redirect": 0.006433396147686947, "roll-in": 0.1725939238787476, "dsfb-red": 0.008329093098536765, "sft": 0.0, "oneh-in": 0.0010615381556784696, "redirect": 0.01892678110424029, "sfR": 0.10898279115633469, "unknown": 0.15807953387545715, "dsfb": 0.0}, "keymash": {"oneh-out": 0.02241259702889419, "alternate": 0.34696834733778575, "sfb": 0.012922134697245222, "sfT": 2.462922750427933e-05, "dsfb-alt": 0.030860422062862, "roll-out": 0.21362160475836675, "bad-redirect": 0.004962789342112284, "roll-in": 0.2174555545065329, "dsfb-red": 0.008230266857680009, "sft": 0.0, "oneh-in": 0.0028857244892513947, "redirect": 0.027609364032297128, "sfR": 0.099723742164827, "unknown": 0.01232282349464109, "dsfb": 0.0}, "movie": {"oneh-out": 0.034549038552771194, "alternate": 0.33973100612206303, "sfb": 0.012765385136208368, "sfT": 2.3029621752280492e-05, "dsfb-alt": 0.030834821156563396, "roll-out": 0.19923004736601005, "bad-redirect": 0.0031863784656455288, "roll-in": 0.19797249842049694, "dsfb-red": 0.00803733799154589, "sft": 0.0, "oneh-in": 0.0017702541246381552, "redirect": 0.025986625185273306, "sfR": 0.11567713207251198, "unknown": 0.030236445784519856, "dsfb": 0.0}, "dutch": {"oneh-out": 0.0023126062556452862, "alternate": 0.29133882749604095, "sfb": 0.02448975325039576, "sfT": 6.451499765698312e-05, "dsfb-alt": 0.022727658239348778, "roll-out": 0.1487451008139182, "bad-redirect": 0.004568748440245037,