{"english-450k": {"oneh-in": 0.006164119649114396, "dsfb-red": 0.015628243215667886, "alternate": 0.33986590664450295, "redirect": 0.050887533831764115, "roll-out": 0.20592077067136136, "sft": 0.0, "bad-redirect": 0.008027241988398534, "sfb": 0.0212301811201654, "dsfb": 0.0, "sfR": 0.11369548401129392, "roll-in": 0.1933095402505173, "dsfb-alt": 0.037552161870922134, "oneh-out": 0.0075583186819162245, "sfT": 6.723962624122889e-06, "unknown": 0.00015377410175167997}, "shai": {"oneh-in": 0.006228014142783406, "dsfb-red": 0.012637898795312037, "alternate": 0.3760487337106105, "redirect": 0.04172337460634072, "roll-out": 0.1989097522845475, "sft": 0.0, "bad-redirect": 0.0051166843105702724, "sfb": 0.012330665744374051, "dsfb": 0.0, "sfR": 0.09823378925716947, "roll-in": 0.18909793310880835, "dsfb-alt": 0.031149677068570948, "oneh-out": 0.0052509333103792286, "sfT": 1.178152440230825e-05, "unknown": 0.023260762136131256}, "tr-quotes": {"oneh-in": 0.00663068352557731, "dsfb-red": 0.010070271144911122, "alternate": 0.3826656804049837, "redirect": 0.03514250710801877, "roll-out": 0.2134254871593352, "sft": 0.0, "bad-redirect": 0.00396315387993805, "sfb": 0.009506252744966599, "dsfb": 0.0, "sfR": 0.09677191928064538, "roll-in": 0.1930075587711796, "dsfb-alt": 0.02858463743325397, "oneh-out": 0.006396061117403666, "sfT": 0.0, "unknown": 0.013835787429786644}, "gutenberg": {"oneh-in": 0.007593573243646385, "dsfb-red": 0.01025856983567875, "alternate": 0.3848417615650206, "redirect": 0.03219212829567898, "roll-out": 0.20178142557237375, "sft": 0.0, "bad-redirect": 0.004367464915361542, "sfb": 0.011950619136221335, "dsfb": 0.0, "sfR": 0.09863878308844841, "roll-in": 0.17420795535960215, "dsfb-alt": 0.03538527462460261, "oneh-out": 0.0058058583702450895, "sfT": 7.577471117521651e-07, "unknown": 0.032975828246008664}, "english-200": {"oneh-in": 0.0066815144766146995, "dsfb-red": 0.004454342984409799, "alternate": 0.40757238307349664, "redirect": 0.026726057906458798, "roll-out": 0.2182628062360802, "sft": 0.0, "bad-redirect": 0.0066815144766146995, "sfb": 0.004454342984409799, "dsfb": 0.0, "sfR": 0.10690423162583519, "roll-in": 0.17371937639198218, "dsfb-alt": 0.044543429844097995, "oneh-out": 0.0, "sfT": 0.0, "unknown": 0.0}, "monkeyracer": {"oneh-in": 0.006643258207297809, "dsfb-red": 0.01007241503354865, "alternate": 0.3823812893942475, "redirect": 0.035001251231681185, "roll-out": 0.21377000015640396, "sft": 0.0, "bad-redirect": 0.0039462674194910615, "sfb": 0.009421383549431471, "dsfb": 0.0, "sfR": 0.09690789370786869, "roll-in": 0.19344530553513614, "dsfb-alt": 0.028500711638018674, "oneh-out": 0.006473168900636564, "sfT": 9.775247509266934e-07, "unknown": 0.013436077701487402}, "chained-bigrams": {"oneh-in": 0.0058534817990155245, "dsfb-red": 0.01469376518155533, "alternate": 0.3674252926253921, "redirect": 0.034572228329293575, "roll-out": 0.18407008854568085, "sft": 0.0, "bad-redirect": 0.0056788188368485605, "sfb": 0.015069712598264149, "dsfb": 0.0, "sfR": 0.11914286586209158, "roll-in": 0.17385847365348817, "dsfb-alt": 0.04907379932199604, "oneh-out": 0.007616993342678992, "sfT": 2.792010175903134e-05, "unknown": 0.022916559801936097}, "english-5k": {"oneh-in": 0.005890405276475713, "dsfb-red": 0.01244451818973742, "alternate": 0.3565769278632762, "redirect": 0.056083295308416645, "roll-out": 0.21823536732069523, "sft": 0.0, "bad-redirect": 0.0065126311859625835, "sfb": 0.014394159372796284, "dsfb": 0.0, "sfR": 0.10644211224955408, "roll-in": 0.1822707097523541, "dsfb-alt": 0.03347575393039366, "oneh-out": 0.00551706973078359, "sfT": 0.0, "unknown": 0.002157049819554486}, "mt-quotes": {"oneh-in": 0.006678739197475526, "dsfb-red": 0.009722272026392226, "alternate": 0.3872951554487754, "redirect": 0.03426626504583976, "roll-out": 0.21523469717072471, "sft": 0.0, "bad-redirect": 0.003871278134375635, "sfb": 0.008698796332819354, "dsfb": 0.0, "sfR": 0.0964592223377679, "roll-in": 0.19535088033850898, "dsfb-alt": 0.028074610630998913, "oneh-out": 0.006370949426853611, "sfT": 0.0, "unknown": 0.007977133909467972}, "wordle": {"oneh-in": 0.009895658027600134, "dsfb-red": 0.01584202849769999, "alternate": 0.33676652081229663, "redirect": 0.04012117132278694, "roll-out": 0.18846628520139122, "sft": 0.0, "bad-redirect": 0.00565466173005722, "sfb": 0.025692808257601257, "dsfb": 0.0, "sfR": 0.13138112868843263, "roll-in": 0.19176483787725793, "dsfb-alt": 0.04633681139908, "oneh-out": 0.008078088185796028, "sfT": 0.0, "unknown": 0.0}, "english-1k": {"oneh-in": 0.008821453775582216, "dsfb-red": 0.0077628793225123505, "alternate": 0.3881439661256175, "redirect": 0.03669724770642202, "roll-out": 0.2208892025405787, "sft": 0.0, "bad-redirect": 0.0038814396612561752, "sfb": 0.011644318983768526, "dsfb": 0.0, "sfR": 0.10832745236414962, "roll-in": 0.1676076217360621, "dsfb-alt": 0.038461538461538464, "oneh-out": 0.0077628793225123505, "sfT": 0.0, "unknown": 0.0}, "english-10k": {"oneh-in": 0.007197854151791745, "dsfb-red": 0.015688620443449566, "alternate": 0.348468767488084, "redirect": 0.05430230987437525, "roll-out": 0.2050906003357712, "sft": 0.0, "bad-redirect": 0.0059821307963952835, "sfb": 0.015090407363810038, "dsfb": 0.0, "sfR": 0.10567144593890508, "roll-in": 0.2059782713571718, "dsfb-alt": 0.0321491287315953, "oneh-out": 0.00438046351865074, "sfT": 0.0, "unknown": 0.0}, "reddit": {"oneh-in": 0.005260968607503806, "dsfb-red": 0.011178153637948255, "alternate": 0.36043714299573526, "redirect": 0.03718869377946611, "roll-out": 0.19928175410069715, "sft": 0.0, "bad-redirect": 0.004438890758638101, "sfb": 0.011134365921844733, "dsfb": 0.0, "sfR": 0.10397777127267367, "roll-in": 0.19215121108244995, "dsfb-alt": 0.02942137473576136, "oneh-out": 0.006208903364930535, "sfT": 3.5359798119525484e-05, "unknown": 0.039285409944231534}, "akl": {"oneh-in": 0.004802218979871038, "dsfb-red": 0.008255032265287105, "alternate": 0.3000959915053287, "redirect": 0.03190925055838563, "roll-out": 0.16398477586733382, "sft": 0.0, "bad-redirect": 0.00364528550659714, "sfb": 0.01726147212884876, "dsfb": 0.0, "sfR": 0.13064861186637447, "roll-in": 0.17367430680907173, "dsfb-alt": 0.027768478797158814, "oneh-out": 0.0050803771655008835, "sfT": 0.00010411783569409943, "unknown": 0.13277008071454782}, "french": {"oneh-in": 0.0018040530457155966, "dsfb-red": 0.010215021890788002, "alternate": 0.2775543011861586, "redirect": 0.04239599566623359, "roll-out": 0.18456256994739412, "sft": 0.0, "bad-redirect": 0.0037688012894808334, "sfb": 0.03660559005648198, "dsfb": 0.0, "sfR": 0.10898279115633469, "roll-in": 0.12797827897120856, "dsfb-alt": 0.03637596342022365, "oneh-out": 0.011666072861504007, "sfT": 1.1026633019255572e-05, "unknown": 0.15807953387545715}, "keymash": {"oneh-in": 0.006530850159884735, "dsfb-red": 0.010126717375509518, "alternate": 0.3792983133084031, "redirect": 0.03511717354985161, "roll-out": 0.2157150890962305, "sft": 0.0, "bad-redirect": 0.004223912516983905, "sfb": 0.010118507633008091, "dsfb": 0.0, "sfR": 0.099723742164827, "roll-in": 0.190601486784367, "dsfb-alt": 0.029534548648881626, "oneh-out": 0.006686835267411838, "sfT": 0.0, "unknown": 0.01232282349464109}, "movie": {"oneh-in": 0.0056250180124541565, "dsfb-red": 0.011107647163559926, "alternate": 0.34639406788527144, "redirect": 0.033767478989418086, "roll-out": 0.2219964734411216, "sft": 0.0, "bad-redirect": 0.0032573097006425526, "sfb": 0.008775338670327542, "dsfb": 0.0, "sfR": 0.11567713207251198, "roll-in": 0.18586128613989192, "dsfb-alt": 0.02875741767666911, "oneh-out": 0.008539646941422775, "sfT": 4.737522189040558e-06, "unknown": 0.030236445784519856}, "dutch": {"oneh-in": 0.006046192092813808, "dsfb-red": 0.01862112981288965, "alternate": 0.2625910664694901, "redirect": 0.04030458824997205, "roll-out": 0.17136056607373953, "sft": 0.0, "bad-redirect": 0.007119278404592521, "sfb": 0.03142425482039817, "dsfb": 0.0, "sfR": 0.18880787437283908, "roll-in": 0.16688091575004746, "dsfb-alt": 0.026292425648796202,