{"english-450k": {"roll-out": 0.19100614453245365, "sft": 0.0, "oneh-out": 0.006176982881960544, "sfb": 0.021870419300462317, "roll-in": 0.20160310962807132, "dsfb": 0.0, "sfT": 8.244162869576758e-05, "redirect": 0.0569934765868698, "dsfb-alt": 0.03331635776392577, "bad-redirect": 0.0021885036610514758, "alternate": 0.34482965279211086, "unknown": 0.00015377410175167997, "sfR": 0.11369548401129392, "oneh-in": 0.008834702195695378, "dsfb-red": 0.019248950915657537}, "shai": {"roll-out": 0.1845496841281966, "sft": 0.0, "oneh-out": 0.006004668332284194, "sfb": 0.01154373035574011, "roll-in": 0.18454673874709604, "dsfb": 0.0, "sfT": 2.2510297609666484e-05, "redirect": 0.047828449083843275, "dsfb-alt": 0.029965413252837088, "bad-redirect": 0.0011335808124328679, "alternate": 0.3887173751630603, "unknown": 0.023260762136131256, "sfR": 0.09823378925716947, "oneh-in": 0.007600608180557977, "dsfb-red": 0.016592690253041133}, "tr-quotes": {"roll-out": 0.19483830702017985, "sft": 0.0, "oneh-out": 0.0071669633156884955, "sfb": 0.008367813966390051, "roll-in": 0.18246226393287257, "dsfb": 0.0, "sfT": 1.3869304916668594e-05, "redirect": 0.04099304223203347, "dsfb-alt": 0.03197337093455999, "bad-redirect": 0.0009789417720348582, "alternate": 0.3984558840526109, "unknown": 0.013835787429786644, "sfR": 0.09677191928064538, "oneh-in": 0.007665102517278842, "dsfb-red": 0.016476734241002287}, "gutenberg": {"roll-out": 0.17892720437159465, "sft": 0.0, "oneh-out": 0.0067969915924169216, "sfb": 0.010390986143457442, "roll-in": 0.17750055599694325, "dsfb": 0.0, "sfT": 5.87254011607928e-06, "redirect": 0.037102519016610956, "dsfb-alt": 0.03587667362657389, "bad-redirect": 0.0016765154847516654, "alternate": 0.3989220289588214, "unknown": 0.032975828246008664, "sfR": 0.09863878308844841, "oneh-in": 0.007992148224428024, "dsfb-red": 0.0131938927098287}, "english-200": {"roll-out": 0.20489977728285078, "sft": 0.0, "oneh-out": 0.004454342984409799, "sfb": 0.0, "roll-in": 0.17817371937639198, "dsfb": 0.0, "sfT": 0.0, "redirect": 0.035634743875278395, "dsfb-alt": 0.0378619153674833, "bad-redirect": 0.0, "alternate": 0.41648106904231624, "unknown": 0.0, "sfR": 0.10690423162583519, "oneh-in": 0.011135857461024499, "dsfb-red": 0.004454342984409799}, "monkeyracer": {"roll-out": 0.19547269186855812, "sft": 0.0, "oneh-out": 0.007270829097392746, "sfb": 0.008270836917590754, "roll-in": 0.18230445594882463, "dsfb": 0.0, "sfT": 1.1730297011120321e-05, "redirect": 0.04083511894521169, "dsfb-alt": 0.031894677573236156, "bad-redirect": 0.00097850227567762, "alternate": 0.39848991976476844, "unknown": 0.013436077701487402, "sfR": 0.09690789370786869, "oneh-in": 0.007706805136306051, "dsfb-red": 0.016420460766066597}, "chained-bigrams": {"roll-out": 0.17292802002975113, "sft": 0.0, "oneh-out": 0.006032689894026981, "sfb": 0.012682868550213004, "roll-in": 0.17459997961183266, "dsfb": 0.0, "sfT": 2.3374968914537866e-05, "redirect": 0.03780576569580465, "dsfb-alt": 0.042850863153192406, "bad-redirect": 0.003510141165333103, "alternate": 0.38306379613391, "unknown": 0.022916559801936097, "sfR": 0.11914286586209158, "oneh-in": 0.007290393082567533, "dsfb-red": 0.0171526820504263}, "english-5k": {"roll-out": 0.17534326129340025, "sft": 0.0, "oneh-out": 0.004521508275604596, "sfb": 0.013357116190318164, "roll-in": 0.21740573277471273, "dsfb": 0.0, "sfT": 0.0, "redirect": 0.06359148794955823, "dsfb-alt": 0.032770564566308544, "bad-redirect": 0.0015348239100676153, "alternate": 0.3573235989546605, "unknown": 0.002157049819554486, "sfR": 0.10644211224955408, "oneh-in": 0.010038578006388186, "dsfb-red": 0.01551416600987265}, "mt-quotes": {"roll-out": 0.19735749034795186, "sft": 0.0, "oneh-out": 0.00734213074192276, "sfb": 0.007331671866222015, "roll-in": 0.18194708406545462, "dsfb": 0.0, "sfT": 1.4941251001063816e-06, "redirect": 0.04002910555695007, "dsfb-alt": 0.032102771900885715, "bad-redirect": 0.0008815338090627652, "alternate": 0.40455678273030443, "unknown": 0.007977133909467972, "sfR": 0.0964592223377679, "oneh-in": 0.007751521019351908, "dsfb-red": 0.016262057589557857}, "wordle": {"roll-out": 0.19129361606641984, "sft": 0.0, "oneh-out": 0.009446875350611466, "sfb": 0.028968921799618536, "roll-in": 0.18548188039941657, "dsfb": 0.0, "sfT": 2.2439133849433412e-05, "redirect": 0.04597778525748906, "dsfb-alt": 0.044160215415684954, "bad-redirect": 0.0025356221249859755, "alternate": 0.33441041175810615, "unknown": 0.0, "sfR": 0.13138112868843263, "oneh-in": 0.006417592280937956, "dsfb-red": 0.019903511724447435}, "english-1k": {"roll-out": 0.1803105151729005, "sft": 0.0, "oneh-out": 0.0067043048694424845, "sfb": 0.009880028228652082, "roll-in": 0.1961891319689485, "dsfb": 0.0, "sfT": 0.0, "redirect": 0.0465772759350741, "dsfb-alt": 0.038461538461538464, "bad-redirect": 0.0, "alternate": 0.39096683133380383, "unknown": 0.0, "sfR": 0.10832745236414962, "oneh-in": 0.010938602681721948, "dsfb-red": 0.011644318983768526}, "english-10k": {"roll-out": 0.18421103413673992, "sft": 0.0, "oneh-out": 0.004554138283707377, "sfb": 0.014318519519113873, "roll-in": 0.2125393180370892, "dsfb": 0.0, "sfT": 3.859439223480828e-05, "redirect": 0.060979139730997084, "dsfb-alt": 0.029582601647980548, "bad-redirect": 0.0011578317670442484, "alternate": 0.35802087956619905, "unknown": 0.0, "sfR": 0.10567144593890508, "oneh-in": 0.009764381235406495, "dsfb-red": 0.019162115744582313}, "reddit": {"roll-out": 0.1834233341330491, "sft": 0.0, "oneh-out": 0.006186691118866044, "sfb": 0.011576101196445965, "roll-in": 0.18124777011336674, "dsfb": 0.0, "sfT": 4.5997703485992895e-05, "redirect": 0.04326994227999904, "dsfb-alt": 0.030637467114732243, "bad-redirect": 0.0010500436659795103, "alternate": 0.37448374788389027, "unknown": 0.039285409944231534, "sfR": 0.10397777127267367, "oneh-in": 0.007398887926857658, "dsfb-red": 0.017416835646422244}, "akl": {"roll-out": 0.1539600863016779, "sft": 0.0, "oneh-out": 0.004499550852853307, "sfb": 0.018284515105770897, "roll-in": 0.1587866916849258, "dsfb": 0.0, "sfT": 0.0001098005842013711, "redirect": 0.03615280594478745, "dsfb-alt": 0.028279308472758127, "bad-redirect": 0.001555071775213793, "alternate": 0.3143603820714424, "unknown": 0.13277008071454782, "sfR": 0.13064861186637447, "oneh-in": 0.006424643678697103, "dsfb-red": 0.014168450946749607}, "french": {"roll-out": 0.18663839354062234, "sft": 0.0, "oneh-out": 0.013781223780378354, "sfb": 0.04476135826724732, "roll-in": 0.12721661729177114, "dsfb": 0.0, "sfT": 2.480992429332504e-05, "redirect": 0.04714775536929235, "dsfb-alt": 0.028362717437599858, "bad-redirect": 0.0024665049916563894, "alternate": 0.2691809966826764, "unknown": 0.15807953387545715, "sfR": 0.10898279115633469, "oneh-in": 0.002475718822236338, "dsfb-red": 0.010881578860434333}, "keymash": {"roll-out": 0.19533850820769005, "sft": 0.0, "oneh-out": 0.007343614667525953, "sfb": 0.009260589541609028, "roll-in": 0.18204283022662995, "dsfb": 0.0, "sfT": 0.0, "redirect": 0.041713701649747754, "dsfb-alt": 0.03259678260191369, "bad-redirect": 0.0010672665251854375, "alternate": 0.39478188766609335, "unknown": 0.01232282349464109, "sfR": 0.099723742164827, "oneh-in": 0.007832094346360827, "dsfb-red": 0.01597615890777586}, "movie": {"roll-out": 0.19704933958282694, "sft": 0.0, "oneh-out": 0.009492678488451435, "sfb": 0.00796851232196622, "roll-in": 0.17056580095905874, "dsfb": 0.0, "sfT": 9.211848700912197e-06, "redirect": 0.03948882661971607, "dsfb-alt": 0.03473367032030519, "bad-redirect": 0.0008911805628939628, "alternate": 0.36413003498265345, "unknown": 0.030236445784519856, "sfR": 0.11567713207251198, "oneh-in": 0.006459348309079633, "dsfb-red": 0.023297818147315623}, "dutch": {"roll-out": 0.2195996742189857, "sft": 0.0, "oneh-out": 0.007706117438310627, "sfb": 0.02525003685674755, "roll-in": 0.113728393437774, "dsfb": 0.0, "sfT": 3.225749882849156e-05, "redirect": 0.05171280505077481, "dsfb-alt": 0.018086989383427763, "bad-redirect": 0.0007607139454134266,