{"english-450k": {"sfT": 0.00014588075432336178, "dsfb-alt": 0.03952783749761007, "sfR": 0.11369548401129392, "roll-out": 0.16032674950198825, "redirect": 0.034982438763702994, "unknown": 0.00015377410175167997, "sfb": 0.02536132528718629, "dsfb": 0.0, "bad-redirect": 0.002421795929488435, "alternate": 0.35766511274915935, "dsfb-red": 0.012538728562983943, "sft": 0.0, "oneh-out": 0.004556507889546928, "roll-in": 0.23994139043361373, "oneh-in": 0.00868297451735104}, "shai": {"sfT": 3.728751842701632e-05, "dsfb-alt": 0.03146344723998052, "sfR": 0.09823378925716947, "roll-out": 0.17268445439466343, "redirect": 0.035940995462951986, "unknown": 0.023260762136131256, "sfb": 0.015111140336998043, "dsfb": 0.0, "bad-redirect": 0.0028237805967427257, "alternate": 0.32212844694737763, "dsfb-red": 0.01000358632079868, "sft": 0.0, "oneh-out": 0.0139528585755719, "roll-in": 0.2666454555362792, "oneh-in": 0.007713995676908181}, "tr-quotes": {"sfT": 2.3115508194447656e-05, "dsfb-alt": 0.034684820045768706, "sfR": 0.09677191928064538, "roll-out": 0.1747705785811701, "redirect": 0.036715517440650935, "unknown": 0.013835787429786644, "sfb": 0.011328910566098796, "dsfb": 0.0, "bad-redirect": 0.002295369963708652, "alternate": 0.3182080858047664, "dsfb-red": 0.01054529483830702, "sft": 0.0, "oneh-out": 0.024465453873003397, "roll-in": 0.26843230623425257, "oneh-in": 0.007922840433646933}, "gutenberg": {"sfT": 0.00016840929558691872, "dsfb-alt": 0.035953206084860856, "sfR": 0.09863878308844841, "roll-out": 0.1782452319710177, "redirect": 0.03162571232964424, "unknown": 0.032975828246008664, "sfb": 0.014267052056847704, "dsfb": 0.0, "bad-redirect": 0.0025132577329039936, "alternate": 0.30027528952569954, "dsfb-red": 0.007408682948378857, "sft": 0.0, "oneh-out": 0.014693663680764173, "roll-in": 0.27612702569482567, "oneh-in": 0.0071078573450132475}, "english-200": {"sfT": 0.0, "dsfb-alt": 0.026726057906458798, "sfR": 0.10690423162583519, "roll-out": 0.16703786191536749, "redirect": 0.0400890868596882, "unknown": 0.0, "sfb": 0.0022271714922048997, "dsfb": 0.0, "bad-redirect": 0.0022271714922048997, "alternate": 0.31403118040089084, "dsfb-red": 0.008908685968819599, "sft": 0.0, "oneh-out": 0.017817371937639197, "roll-in": 0.3028953229398664, "oneh-in": 0.011135857461024499}, "monkeyracer": {"sfT": 2.052801976946056e-05, "dsfb-alt": 0.03469626350939206, "sfR": 0.09690789370786869, "roll-out": 0.17526725526690337, "redirect": 0.03677839122886591, "unknown": 0.013436077701487402, "sfb": 0.011197546021865274, "dsfb": 0.0, "bad-redirect": 0.0022659023726480754, "alternate": 0.31764764533837997, "dsfb-red": 0.010553357211004583, "sft": 0.0, "oneh-out": 0.025079375009775248, "roll-in": 0.26815849977321427, "oneh-in": 0.007991264838825719}, "chained-bigrams": {"sfT": 3.0517320527313326e-05, "dsfb-alt": 0.04297488034937787, "sfR": 0.11914286586209158, "roll-out": 0.15667137845438212, "redirect": 0.039196576346219654, "unknown": 0.022916559801936097, "sfb": 0.015547600851628034, "dsfb": 0.0, "bad-redirect": 0.004850955354458678, "alternate": 0.33086099750082626, "dsfb-red": 0.016791668641635105, "sft": 0.0, "oneh-out": 0.006321630481998352, "roll-in": 0.2301441001903112, "oneh-in": 0.014550268844607752}, "english-5k": {"sfT": 0.0, "dsfb-alt": 0.03426390674907703, "sfR": 0.10644211224955408, "roll-out": 0.16472393910482433, "redirect": 0.036877255568921886, "unknown": 0.002157049819554486, "sfb": 0.019289003194093, "dsfb": 0.0, "bad-redirect": 0.0014933421827684904, "alternate": 0.34421537312813705, "dsfb-red": 0.011117102916165428, "sft": 0.0, "oneh-out": 0.005558551458082714, "roll-in": 0.26448749325921933, "oneh-in": 0.00937487036960219}, "mt-quotes": {"sfT": 5.9765004004255265e-06, "dsfb-alt": 0.03506861022459688, "sfR": 0.0964592223377679, "roll-out": 0.1757091117725105, "redirect": 0.03701246697983529, "unknown": 0.007977133909467972, "sfb": 0.010036038297414566, "dsfb": 0.0, "bad-redirect": 0.0022665877768613812, "alternate": 0.31868194260169014, "dsfb-red": 0.010466346326245204, "sft": 0.0, "oneh-out": 0.026945052055318486, "roll-in": 0.2713689771817215, "oneh-in": 0.008002534036169781}, "wordle": {"sfT": 0.00026926960619320093, "dsfb-alt": 0.04624705486368226, "sfR": 0.13138112868843263, "roll-out": 0.19418826433299674, "redirect": 0.0367328621115225, "unknown": 0.0, "sfb": 0.03204308313699091, "dsfb": 0.0, "bad-redirect": 0.0032985526758667117, "alternate": 0.32004936609446877, "dsfb-red": 0.01777179400875126, "sft": 0.0, "oneh-out": 0.010075171098395602, "roll-in": 0.20473465724223044, "oneh-in": 0.003208796140468978}, "english-1k": {"sfT": 0.0, "dsfb-alt": 0.028228652081863093, "sfR": 0.10832745236414962, "roll-out": 0.17889908256880735, "redirect": 0.03634438955539873, "unknown": 0.0, "sfb": 0.01305575158786168, "dsfb": 0.0, "bad-redirect": 0.00035285815102328866, "alternate": 0.31227946365561043, "dsfb-red": 0.010938602681721948, "sft": 0.0, "oneh-out": 0.0077628793225123505, "roll-in": 0.29251940719830627, "oneh-in": 0.011291460832745237}, "english-10k": {"sfT": 7.718878446961657e-05, "dsfb-alt": 0.03238069508500415, "sfR": 0.10567144593890508, "roll-out": 0.16894695200787327, "redirect": 0.03608575673954574, "unknown": 0.0, "sfb": 0.01896914378340827, "dsfb": 0.0, "bad-redirect": 0.0029910653981976417, "alternate": 0.349568707666776, "dsfb-red": 0.010787132629628915, "sft": 0.0, "oneh-out": 0.0062329943459215375, "roll-in": 0.2596630709557901, "oneh-in": 0.008625846664479651}, "reddit": {"sfT": 6.221676342852947e-05, "dsfb-alt": 0.03548202165900007, "sfR": 0.10397777127267367, "roll-out": 0.16450943805077614, "redirect": 0.0351546064096751, "unknown": 0.039285409944231534, "sfb": 0.0144183697147824, "dsfb": 0.0, "bad-redirect": 0.002493502543452004, "alternate": 0.312326729029514, "dsfb-red": 0.01003697608550179, "sft": 0.0, "oneh-out": 0.018684244681562358, "roll-in": 0.25646079510476555, "oneh-in": 0.007107918740636817}, "akl": {"sfT": 0.00021097821523301258, "dsfb-alt": 0.0295572350740325, "sfR": 0.13064861186637447, "roll-out": 0.13970772833783832, "redirect": 0.02866148566367325, "unknown": 0.13277008071454782, "sfb": 0.021014235705039953, "dsfb": 0.0, "bad-redirect": 0.0028837972066227346, "alternate": 0.2711693932699901, "dsfb-red": 0.01078951339192807, "sft": 0.0, "oneh-out": 0.016066513655780556, "roll-in": 0.21061022020576342, "oneh-in": 0.005910206693175783}, "french": {"sfT": 5.351512655540884e-05, "dsfb-alt": 0.026208224211241044, "sfR": 0.10898279115633469, "roll-out": 0.18141469094797177, "redirect": 0.025322557855852034, "unknown": 0.15807953387545715, "sfb": 0.046095371116840464, "dsfb": 0.0, "bad-redirect": 0.003312020020290503, "alternate": 0.2482786804110651, "dsfb-red": 0.011604677287981032, "sft": 0.0, "oneh-out": 0.01318226486532833, "roll-in": 0.17189938083507958, "oneh-in": 0.005566292290002906}, "keymash": {"sfT": 2.462922750427933e-05, "dsfb-alt": 0.03425104571595112, "sfR": 0.099723742164827, "roll-out": 0.17710877498327265, "redirect": 0.03563438732744147, "unknown": 0.01232282349464109, "sfb": 0.012478808602168193, "dsfb": 0.0, "bad-redirect": 0.0023028327716501174, "alternate": 0.31666618776502076, "dsfb-red": 0.010767077290620779, "sft": 0.0, "oneh-out": 0.023619429176603875, "roll-in": 0.26716554535267, "oneh-in": 0.007934716127628657}, "movie": {"sfT": 1.6449729823057495e-05, "dsfb-alt": 0.042097095780460066, "sfR": 0.11567713207251198, "roll-out": 0.16834758779187908, "redirect": 0.03458404357783466, "unknown": 0.030236445784519856, "sfb": 0.010120926569853646, "dsfb": 0.0, "bad-redirect": 0.001858556274328328, "alternate": 0.3040329868406109, "dsfb-red": 0.01114107301456038, "sft": 0.0, "oneh-out": 0.03515149345781085, "roll-in": 0.24041306455966244, "oneh-in": 0.006323144546144716}, "dutch": {"sfT": 0.00028924164180233315, "dsfb-alt": 0.025171428254821975, "sfR": 0.18880787437283908, "roll-out": 0.2084034173368331, "redirect": 0.023923516699253494, "unknown": 0.07290361491625476, "sfb": 0.027983568507055894, "dsfb": 0.0,