{"english-450k": {"sfb": 0.021679224884976388, "dsfb": 0.0, "sfT": 2.3972388486003343e-05, "unknown": 0.0, "dsfb-alt": 0.055382356672889745, "roll-out": 0.1642588059060949, "redirect": 0.017606842304366307, "dsfb-red": 0.003768927223921403, "bad-redirect": 0.002181779698427353, "sfR": 0.11369548401129392, "sft": 0.0, "roll-in": 0.22169927983436832, "alternate": 0.39142291327666884, "oneh-in": 0.004235219414594273, "oneh-out": 0.004045194383912539}, "shai": {"sfb": 0.014499998916285535, "dsfb": 0.0, "sfT": 3.647086216916907e-05, "unknown": 0.016411783475088346, "dsfb-alt": 0.04975071858009873, "roll-out": 0.19745074362938453, "redirect": 0.018141519485340905, "dsfb-red": 0.0027304069843229867, "bad-redirect": 0.008824090848712532, "sfR": 0.09823378925716947, "sft": 0.0, "roll-in": 0.24512235987804187, "alternate": 0.3381597963297997, "oneh-in": 0.005560209937166235, "oneh-out": 0.005078111816420008}, "tr-quotes": {"sfb": 0.014195233582210304, "dsfb": 0.0, "sfT": 3.0050160652781953e-05, "unknown": 0.009802131249855527, "dsfb-alt": 0.04617322761840919, "roll-out": 0.2189662744735443, "redirect": 0.020281546889808374, "dsfb-red": 0.0023184854719031, "bad-redirect": 0.016638542798363423, "sfR": 0.09677191928064538, "sft": 0.0, "roll-in": 0.23328402024918518, "alternate": 0.3289406162594485, "oneh-in": 0.007114953422250988, "oneh-out": 0.0054829985437229835}, "gutenberg": {"sfb": 0.013538857082453873, "dsfb": 0.0, "sfT": 0.00010854727375849766, "unknown": 0.025604274906105663, "dsfb-alt": 0.04401544591712596, "roll-out": 0.22445738676511318, "redirect": 0.019703887583669488, "dsfb-red": 0.0027318677746444933, "bad-redirect": 0.008137067359550625, "sfR": 0.09863878308844841, "sft": 0.0, "roll-in": 0.24569476506619112, "alternate": 0.3020209494343986, "oneh-in": 0.006067470560577525, "oneh-out": 0.00928069718796258}, "english-200": {"sfb": 0.013363028953229399, "dsfb": 0.0, "sfT": 0.0, "unknown": 0.0, "dsfb-alt": 0.044543429844097995, "roll-out": 0.2561247216035635, "redirect": 0.0066815144766146995, "dsfb-red": 0.0, "bad-redirect": 0.004454342984409799, "sfR": 0.10690423162583519, "sft": 0.0, "roll-in": 0.21158129175946547, "alternate": 0.33407572383073497, "oneh-in": 0.013363028953229399, "oneh-out": 0.008908685968819599}, "monkeyracer": {"sfb": 0.014209299779470417, "dsfb": 0.0, "sfT": 2.9325742527800803e-05, "unknown": 0.009422361074182399, "dsfb-alt": 0.04604337081814912, "roll-out": 0.22039175281918139, "redirect": 0.020264088086710357, "dsfb-red": 0.002337261679465724, "bad-redirect": 0.016985470072102226, "sfR": 0.09690789370786869, "sft": 0.0, "roll-in": 0.23250817210691774, "alternate": 0.32828115957896054, "oneh-in": 0.007137885731266716, "oneh-out": 0.005481958803196897}, "chained-bigrams": {"sfb": 0.01618456875454919, "dsfb": 0.0, "sfT": 4.415271906079375e-05, "unknown": 0.016332610224341265, "dsfb-alt": 0.05406435518524987, "roll-out": 0.167391398920466, "redirect": 0.021431599971170872, "dsfb-red": 0.008667568334449056, "bad-redirect": 0.005934644885524336, "sfR": 0.11914286586209158, "sft": 0.0, "roll-in": 0.23645469249254436, "alternate": 0.33954934358542155, "oneh-in": 0.007659198147663575, "oneh-out": 0.00714300091746753}, "english-5k": {"sfb": 0.015057867009582279, "dsfb": 0.0, "sfT": 0.0, "unknown": 0.0, "dsfb-alt": 0.05396772721616128, "roll-out": 0.16161280955738996, "redirect": 0.014311195918198034, "dsfb-red": 0.002820757456340482, "bad-redirect": 0.0023229767287509854, "sfR": 0.10644211224955408, "sft": 0.0, "roll-in": 0.2513792674326959, "alternate": 0.38188078151574234, "oneh-in": 0.0053096610942879666, "oneh-out": 0.004894843821296718}, "mt-quotes": {"sfb": 0.013872951554487754, "dsfb": 0.0, "sfT": 1.942362630138296e-05, "unknown": 0.0052458732264735065, "dsfb-alt": 0.045309343660726024, "roll-out": 0.2256024312403629, "redirect": 0.020542726001362643, "dsfb-red": 0.002124645892351275, "bad-redirect": 0.01825073809779945, "sfR": 0.0964592223377679, "sft": 0.0, "roll-in": 0.23333452863341342, "alternate": 0.3262750863604308, "oneh-in": 0.007421319372228398, "oneh-out": 0.00554170999629457}, "wordle": {"sfb": 0.025894760462246157, "dsfb": 0.0, "sfT": 0.0, "unknown": 0.0, "dsfb-alt": 0.056008078088185795, "roll-out": 0.20065073488163357, "redirect": 0.023987434085044317, "dsfb-red": 0.007023448894872658, "bad-redirect": 0.005879053068551554, "sfR": 0.13138112868843263, "sft": 0.0, "roll-in": 0.18265454953438798, "alternate": 0.3524739145069, "oneh-in": 0.008010770784247728, "oneh-out": 0.006036127005497588}, "english-1k": {"sfb": 0.013761467889908258, "dsfb": 0.0, "sfT": 0.0, "unknown": 0.0, "dsfb-alt": 0.04904728299223712, "roll-out": 0.21630204657727595, "redirect": 0.013408609738884969, "dsfb-red": 0.0014114326040931546, "bad-redirect": 0.0024700070571630206, "sfR": 0.10832745236414962, "sft": 0.0, "roll-in": 0.22018348623853212, "alternate": 0.36273817925194074, "oneh-in": 0.00529287226534933, "oneh-out": 0.007057163020465773}, "english-10k": {"sfb": 0.01696223538719824, "dsfb": 0.0, "sfT": 1.929719611740414e-05, "unknown": 0.0, "dsfb-alt": 0.055807491171532775, "roll-out": 0.16144034271820304, "redirect": 0.01825514752706432, "dsfb-red": 0.0032226317516064916, "bad-redirect": 0.0019683140039752226, "sfR": 0.10567144593890508, "sft": 0.0, "roll-in": 0.2554176878099612, "alternate": 0.37264815422319136, "oneh-in": 0.004669921460411802, "oneh-out": 0.003917330811833041}, "reddit": {"sfb": 0.014659483083951241, "dsfb": 0.0, "sfT": 5.614866248005159e-05, "unknown": 0.03912119664449001, "dsfb-alt": 0.04523668122074459, "roll-out": 0.21114627737926212, "redirect": 0.019305925369475244, "dsfb-red": 0.002831218581424082, "bad-redirect": 0.012486466168370697, "sfR": 0.10397777127267367, "sft": 0.0, "roll-in": 0.22323490836137488, "alternate": 0.3156790926016552, "oneh-in": 0.006781477384056664, "oneh-out": 0.005483353270041542}, "akl": {"sfb": 0.015157323309821497, "dsfb": 0.0, "sfT": 0.0002197741216181809, "unknown": 0.131271144611545, "dsfb-alt": 0.0382086266939007, "roll-out": 0.18265969579555427, "redirect": 0.018953473435485597, "dsfb-red": 0.004957036815290883, "bad-redirect": 0.012307894377866653, "sfR": 0.13064861186637447, "sft": 0.0, "roll-in": 0.18635484124340218, "alternate": 0.2670169348129201, "oneh-in": 0.007180819844197319, "oneh-out": 0.005063823072023179}, "french": {"sfb": 0.007815006297690656, "dsfb": 0.0, "sfT": 3.240571633240463e-05, "unknown": 0.15022783705566845, "dsfb-alt": 0.030990861483121395, "roll-out": 0.18133792400831056, "redirect": 0.018364587620480013, "dsfb-red": 0.0038107804005133796, "bad-redirect": 0.0043399089670542335, "sfR": 0.10898279115633469, "sft": 0.0, "roll-in": 0.2080168625983994, "alternate": 0.2755152729878968, "oneh-in": 0.0023014800423260904, "oneh-out": 0.008264281665871955}, "keymash": {"sfb": 0.014457356545011965, "dsfb": 0.0, "sfT": 2.052435625356611e-05, "unknown": 0.008620229626497765, "dsfb-alt": 0.046023816462996636, "roll-out": 0.2186623866542426, "redirect": 0.020475097798557548, "dsfb-red": 0.002294623029148691, "bad-redirect": 0.015972054036525143, "sfR": 0.099723742164827, "sft": 0.0, "roll-in": 0.23431015586196138, "alternate": 0.32717055329559586, "oneh-in": 0.006444647863619758, "oneh-out": 0.0058248123047620615}, "movie": {"sfb": 0.013580370550561929, "dsfb": 0.0, "sfT": 2.0266067142006834e-05, "unknown": 0.024529179122950412, "dsfb-alt": 0.04295142894855038, "roll-out": 0.2255701443457212, "redirect": 0.021196727056476135, "dsfb-red": 0.004459719151788763, "bad-redirect": 0.028379863477770297, "sfR": 0.11567713207251198, "sft": 0.0, "roll-in": 0.1948107287506667, "alternate": 0.31655649514950107, "oneh-in": 0.006528437174336474, "oneh-out": 0.005739508132022637}, "dutch": {"sfb": 0.0352211363612157, "dsfb": 0.0, "sfT": 0.0002618433882114854, "unknown": 0.06828907122753393, "dsfb-alt": 0.042372654333842484, "roll-out": 0.11093043644377984, "redirect": 0.01719634890298863, "dsfb-red": 0.005045743428480463, "bad-redirect": 0.003120998182929174,