{"english-450k": {"dsfb-alt": 0.05387326558307573, "sft": 0.0, "alternate": 0.36285659658738434, "sfR": 0.11369548401129392, "roll-in": 0.17491190147231395, "redirect": 0.02345668978735322, "oneh-in": 0.004540136502288194, "oneh-out": 0.006566972714159671, "unknown": 0.00015377410175167997, "bad-redirect": 0.003674499400982634, "dsfb": 0.0, "roll-out": 0.21674313468798767, "dsfb-red": 0.00798865228986009, "sfb": 0.030558656049432236, "sfT": 0.0009802368121166977}, "shai": {"dsfb-alt": 0.04075074474406225, "sft": 0.0, "alternate": 0.33569213591761043, "sfR": 0.09823378925716947, "roll-in": 0.24332950137058917, "redirect": 0.01571972341749047, "oneh-in": 0.012782814641787472, "oneh-out": 0.007503418345056544, "unknown": 0.024097749651430984, "bad-redirect": 0.005535327078959126, "dsfb": 0.0, "roll-out": 0.18833306292077148, "dsfb-red": 0.008093365407153073, "sfb": 0.019090872709066325, "sfT": 0.0008374945388531762}, "tr-quotes": {"dsfb-alt": 0.04052379741568619, "sft": 0.0, "alternate": 0.3335186426573588, "sfR": 0.09677191928064538, "roll-in": 0.2679387901343011, "redirect": 0.015849148193523035, "oneh-in": 0.020541596356995907, "oneh-out": 0.009312082476133238, "unknown": 0.013894731975682485, "bad-redirect": 0.005421742447007698, "dsfb": 0.0, "roll-out": 0.17074385705369732, "dsfb-red": 0.008598969048334527, "sfb": 0.016273317768891148, "sfT": 0.0006114051917431404}, "gutenberg": {"dsfb-alt": 0.0430048007068265, "sft": 0.0, "alternate": 0.3058021075220419, "sfR": 0.09863878308844841, "roll-in": 0.282439816882833, "redirect": 0.01537298396644999, "oneh-in": 0.01510019500621921, "oneh-out": 0.008693632613132591, "unknown": 0.03298207965968062, "bad-redirect": 0.005556559570478627, "dsfb": 0.0, "roll-out": 0.16578029198269456, "dsfb-red": 0.007060498150528737, "sfb": 0.018801031900016783, "sfT": 0.0007672189506490672}, "english-200": {"dsfb-alt": 0.0467706013363029, "sft": 0.0, "alternate": 0.3429844097995546, "sfR": 0.10690423162583519, "roll-in": 0.2739420935412027, "redirect": 0.008908685968819599, "oneh-in": 0.0066815144766146995, "oneh-out": 0.017817371937639197, "unknown": 0.0, "bad-redirect": 0.004454342984409799, "dsfb": 0.0, "roll-out": 0.18040089086859687, "dsfb-red": 0.004454342984409799, "sfb": 0.0066815144766146995, "sfT": 0.0}, "monkeyracer": {"dsfb-alt": 0.04052133350016422, "sft": 0.0, "alternate": 0.3330544129377356, "sfR": 0.09690789370786869, "roll-in": 0.2688857781879037, "redirect": 0.015835900965012435, "oneh-in": 0.02100505184791279, "oneh-out": 0.009305058104071196, "unknown": 0.013491796612290222, "bad-redirect": 0.005435037615152415, "dsfb": 0.0, "roll-out": 0.17013720537404006, "dsfb-red": 0.008610038006162316, "sfb": 0.01620931541986643, "sfT": 0.0006011777218199165}, "chained-bigrams": {"dsfb-alt": 0.05557593650838999, "sft": 0.0, "alternate": 0.32171489160832123, "sfR": 0.11914286586209158, "roll-in": 0.22846045312377242, "redirect": 0.024775519135333927, "oneh-in": 0.008668217639141126, "oneh-out": 0.00923700854939488, "unknown": 0.023159399756770463, "bad-redirect": 0.00796631926701292, "dsfb": 0.0, "roll-out": 0.16527336701493206, "dsfb-red": 0.014467157844022728, "sfb": 0.021340697314281003, "sfT": 0.00021816637653568677}, "english-5k": {"dsfb-alt": 0.04699879702990833, "sft": 0.0, "alternate": 0.3599784295018045, "sfR": 0.10644211224955408, "roll-in": 0.18542332102708756, "redirect": 0.01750528892023064, "oneh-in": 0.00551706973078359, "oneh-out": 0.007342265731945078, "unknown": 0.002157049819554486, "bad-redirect": 0.004314099639108972, "dsfb": 0.0, "roll-out": 0.2319243373294064, "dsfb-red": 0.00875264446011532, "sfb": 0.022731986559920356, "sfT": 0.0009125980005807441}, "mt-quotes": {"dsfb-alt": 0.03991405792424188, "sft": 0.0, "alternate": 0.3340131602538817, "sfR": 0.0964592223377679, "roll-in": 0.2768554045493121, "redirect": 0.01569578417661754, "oneh-in": 0.022186263611479663, "oneh-out": 0.009653542271787332, "unknown": 0.007995063410669249, "bad-redirect": 0.005338508982680102, "dsfb": 0.0, "roll-out": 0.16768715411003932, "dsfb-red": 0.008500077694505205, "sfb": 0.015153416765278923, "sfT": 0.0005483439117390421}, "wordle": {"dsfb-alt": 0.06143834847974868, "sft": 0.0, "alternate": 0.353820262537866, "sfR": 0.13138112868843263, "roll-in": 0.17641647032424548, "redirect": 0.014383484797486816, "oneh-in": 0.0043756311006395154, "oneh-out": 0.00749467070571076, "unknown": 0.0, "bad-redirect": 0.004151239762145181, "dsfb": 0.0, "roll-out": 0.1985190171659374, "dsfb-red": 0.007584427241108493, "sfb": 0.03947043644115337, "sfT": 0.0009648827555256368}, "english-1k": {"dsfb-alt": 0.043401552575864505, "sft": 0.0, "alternate": 0.33697953422724064, "sfR": 0.10832745236414962, "roll-in": 0.2360621030345801, "redirect": 0.013408609738884969, "oneh-in": 0.0067043048694424845, "oneh-out": 0.013408609738884969, "unknown": 0.0, "bad-redirect": 0.007057163020465773, "dsfb": 0.0, "roll-out": 0.20465772759350742, "dsfb-red": 0.006351446718419196, "sfb": 0.021524347212420608, "sfT": 0.002117148906139732}, "english-10k": {"dsfb-alt": 0.04627467628953513, "sft": 0.0, "alternate": 0.3677466664093707, "sfR": 0.10567144593890508, "roll-in": 0.18718280233882018, "redirect": 0.01860249705717759, "oneh-in": 0.004554138283707377, "oneh-out": 0.0063680747187433665, "unknown": 0.0, "bad-redirect": 0.0039752224001852535, "dsfb": 0.0, "roll-out": 0.22666486559502905, "dsfb-red": 0.0070048821906177035, "sfb": 0.024951274579803555, "sfT": 0.0010034541981050154}, "reddit": {"dsfb-alt": 0.03876048175477493, "sft": 0.0, "alternate": 0.3242508095951659, "sfR": 0.10397777127267367, "roll-in": 0.24337422371852102, "redirect": 0.016162162131791287, "oneh-in": 0.015186658718203572, "oneh-out": 0.008235087220523216, "unknown": 0.04519937363713543, "bad-redirect": 0.006001239465804846, "dsfb": 0.0, "roll-out": 0.17384723406032554, "dsfb-red": 0.008421887340461854, "sfb": 0.016006301835207234, "sfT": 0.0005767692494114972}, "akl": {"dsfb-alt": 0.03251290669547112, "sft": 0.0, "alternate": 0.2770715699924491, "sfR": 0.13064861186637447, "roll-in": 0.19645449367414966, "redirect": 0.014032583842221403, "oneh-in": 0.012251388091622609, "oneh-out": 0.0074816596086518415, "unknown": 0.13920166722946467, "bad-redirect": 0.005869266196321221, "dsfb": 0.0, "roll-out": 0.1537389532619384, "dsfb-red": 0.008721363549314262, "sfb": 0.021465791842948202, "sfT": 0.0005497441490730214}, "french": {"dsfb-alt": 0.03237621709271045, "sft": 0.0, "alternate": 0.22759048457302877, "sfR": 0.10898279115633469, "roll-in": 0.1982874620156089, "redirect": 0.02309583718684943, "oneh-in": 0.010885833702523285, "oneh-out": 0.003753714578271064, "unknown": 0.15842537463172957, "bad-redirect": 0.002207783625339101, "dsfb": 0.0, "roll-out": 0.17358907750873542, "dsfb-red": 0.011241412653717595, "sfb": 0.04371522144138379, "sfT": 0.005848789833767964}, "keymash": {"dsfb-alt": 0.040474030532032364, "sft": 0.0, "alternate": 0.33109481021127773, "sfR": 0.099723742164827, "roll-in": 0.2686515087454282, "redirect": 0.015619035108963807, "oneh-in": 0.020072820415987652, "oneh-out": 0.009207226215349756, "unknown": 0.012376186820900362, "bad-redirect": 0.005040781895875836, "dsfb": 0.0, "roll-out": 0.17125112370850487, "dsfb-red": 0.008698222180261317, "sfb": 0.01712552285797556, "sfT": 0.0006649891426155418}, "movie": {"dsfb-alt": 0.04603450311090711, "sft": 0.0, "alternate": 0.3174300416020247, "sfR": 0.11567713207251198, "roll-in": 0.24142005122051075, "redirect": 0.0149084559375563, "oneh-in": 0.03079126227199194, "oneh-out": 0.008700985891527324, "unknown": 0.030282373430185833, "bad-redirect": 0.006905596579719536, "dsfb": 0.0, "roll-out": 0.16164109874193783, "dsfb-red": 0.010946966202648302, "sfb": 0.014831997593338728, "sfT": 0.0004295353451396773}, "dutch": {"dsfb-alt": 0.03671184880151827, "sft": 0.0, "alternate": 0.30690542858023, "sfR": 0.18880787437283908, "roll-in": 0.14557405778427956, "redirect": 0.012198767587822968, "oneh-in": 0.0021447022984301695,