{"english-450k": {"oneh-out": 0.006566972714159671, "sfT": 0.0009802368121166977, "roll-out": 0.21674313468798767, "oneh-in": 0.004540136502288194, "alternate": 0.36285659658738434, "sfR": 0.11369548401129392, "redirect": 0.02345668978735322, "dsfb-alt": 0.05387326558307573, "sft": 0.0, "dsfb-red": 0.00798865228986009, "unknown": 0.00015377410175167997, "roll-in": 0.17491190147231395, "sfb": 0.030558656049432236, "bad-redirect": 0.003674499400982634, "dsfb": 0.0}, "shai": {"oneh-out": 0.007503418345056544, "sfT": 0.0008374945388531762, "roll-out": 0.18833306292077148, "oneh-in": 0.012782814641787472, "alternate": 0.33569213591761043, "sfR": 0.09823378925716947, "redirect": 0.01571972341749047, "dsfb-alt": 0.04075074474406225, "sft": 0.0, "dsfb-red": 0.008093365407153073, "unknown": 0.024097749651430984, "roll-in": 0.24332950137058917, "sfb": 0.019090872709066325, "bad-redirect": 0.005535327078959126, "dsfb": 0.0}, "tr-quotes": {"oneh-out": 0.009312082476133238, "sfT": 0.0006114051917431404, "roll-out": 0.17074385705369732, "oneh-in": 0.020541596356995907, "alternate": 0.3335186426573588, "sfR": 0.09677191928064538, "redirect": 0.015849148193523035, "dsfb-alt": 0.04052379741568619, "sft": 0.0, "dsfb-red": 0.008598969048334527, "unknown": 0.013894731975682485, "roll-in": 0.2679387901343011, "sfb": 0.016273317768891148, "bad-redirect": 0.005421742447007698, "dsfb": 0.0}, "gutenberg": {"oneh-out": 0.008693632613132591, "sfT": 0.0007672189506490672, "roll-out": 0.16578029198269456, "oneh-in": 0.01510019500621921, "alternate": 0.3058021075220419, "sfR": 0.09863878308844841, "redirect": 0.01537298396644999, "dsfb-alt": 0.0430048007068265, "sft": 0.0, "dsfb-red": 0.007060498150528737, "unknown": 0.03298207965968062, "roll-in": 0.282439816882833, "sfb": 0.018801031900016783, "bad-redirect": 0.005556559570478627, "dsfb": 0.0}, "english-200": {"oneh-out": 0.017817371937639197, "sfT": 0.0, "roll-out": 0.18040089086859687, "oneh-in": 0.0066815144766146995, "alternate": 0.3429844097995546, "sfR": 0.10690423162583519, "redirect": 0.008908685968819599, "dsfb-alt": 0.0467706013363029, "sft": 0.0, "dsfb-red": 0.004454342984409799, "unknown": 0.0, "roll-in": 0.2739420935412027, "sfb": 0.0066815144766146995, "bad-redirect": 0.004454342984409799, "dsfb": 0.0}, "monkeyracer": {"oneh-out": 0.009305058104071196, "sfT": 0.0006011777218199165, "roll-out": 0.17013720537404006, "oneh-in": 0.02100505184791279, "alternate": 0.3330544129377356, "sfR": 0.09690789370786869, "redirect": 0.015835900965012435, "dsfb-alt": 0.04052133350016422, "sft": 0.0, "dsfb-red": 0.008610038006162316, "unknown": 0.013491796612290222, "roll-in": 0.2688857781879037, "sfb": 0.01620931541986643, "bad-redirect": 0.005435037615152415, "dsfb": 0.0}, "chained-bigrams": {"oneh-out": 0.00923700854939488, "sfT": 0.00021816637653568677, "roll-out": 0.16527336701493206, "oneh-in": 0.008668217639141126, "alternate": 0.32171489160832123, "sfR": 0.11914286586209158, "redirect": 0.024775519135333927, "dsfb-alt": 0.05557593650838999, "sft": 0.0, "dsfb-red": 0.014467157844022728, "unknown": 0.023159399756770463, "roll-in": 0.22846045312377242, "sfb": 0.021340697314281003, "bad-redirect": 0.00796631926701292, "dsfb": 0.0}, "english-5k": {"oneh-out": 0.007342265731945078, "sfT": 0.0009125980005807441, "roll-out": 0.2319243373294064, "oneh-in": 0.00551706973078359, "alternate": 0.3599784295018045, "sfR": 0.10644211224955408, "redirect": 0.01750528892023064, "dsfb-alt": 0.04699879702990833, "sft": 0.0, "dsfb-red": 0.00875264446011532, "unknown": 0.002157049819554486, "roll-in": 0.18542332102708756, "sfb": 0.022731986559920356, "bad-redirect": 0.004314099639108972, "dsfb": 0.0}, "mt-quotes": {"oneh-out": 0.009653542271787332, "sfT": 0.0005483439117390421, "roll-out": 0.16768715411003932, "oneh-in": 0.022186263611479663, "alternate": 0.3340131602538817, "sfR": 0.0964592223377679, "redirect": 0.01569578417661754, "dsfb-alt": 0.03991405792424188, "sft": 0.0, "dsfb-red": 0.008500077694505205, "unknown": 0.007995063410669249, "roll-in": 0.2768554045493121, "sfb": 0.015153416765278923, "bad-redirect": 0.005338508982680102, "dsfb": 0.0}, "wordle": {"oneh-out": 0.00749467070571076, "sfT": 0.0009648827555256368, "roll-out": 0.1985190171659374, "oneh-in": 0.0043756311006395154, "alternate": 0.353820262537866, "sfR": 0.13138112868843263, "redirect": 0.014383484797486816, "dsfb-alt": 0.06143834847974868, "sft": 0.0, "dsfb-red": 0.007584427241108493, "unknown": 0.0, "roll-in": 0.17641647032424548, "sfb": 0.03947043644115337, "bad-redirect": 0.004151239762145181, "dsfb": 0.0}, "english-1k": {"oneh-out": 0.013408609738884969, "sfT": 0.002117148906139732, "roll-out": 0.20465772759350742, "oneh-in": 0.0067043048694424845, "alternate": 0.33697953422724064, "sfR": 0.10832745236414962, "redirect": 0.013408609738884969, "dsfb-alt": 0.043401552575864505, "sft": 0.0, "dsfb-red": 0.006351446718419196, "unknown": 0.0, "roll-in": 0.2360621030345801, "sfb": 0.021524347212420608, "bad-redirect": 0.007057163020465773, "dsfb": 0.0}, "english-10k": {"oneh-out": 0.0063680747187433665, "sfT": 0.0010034541981050154, "roll-out": 0.22666486559502905, "oneh-in": 0.004554138283707377, "alternate": 0.3677466664093707, "sfR": 0.10567144593890508, "redirect": 0.01860249705717759, "dsfb-alt": 0.04627467628953513, "sft": 0.0, "dsfb-red": 0.0070048821906177035, "unknown": 0.0, "roll-in": 0.18718280233882018, "sfb": 0.024951274579803555, "bad-redirect": 0.0039752224001852535, "dsfb": 0.0}, "reddit": {"oneh-out": 0.008235087220523216, "sfT": 0.0005767692494114972, "roll-out": 0.17384723406032554, "oneh-in": 0.015186658718203572, "alternate": 0.3242508095951659, "sfR": 0.10397777127267367, "redirect": 0.016162162131791287, "dsfb-alt": 0.03876048175477493, "sft": 0.0, "dsfb-red": 0.008421887340461854, "unknown": 0.04519937363713543, "roll-in": 0.24337422371852102, "sfb": 0.016006301835207234, "bad-redirect": 0.006001239465804846, "dsfb": 0.0}, "akl": {"oneh-out": 0.0074816596086518415, "sfT": 0.0005497441490730214, "roll-out": 0.1537389532619384, "oneh-in": 0.012251388091622609, "alternate": 0.2770715699924491, "sfR": 0.13064861186637447, "redirect": 0.014032583842221403, "dsfb-alt": 0.03251290669547112, "sft": 0.0, "dsfb-red": 0.008721363549314262, "unknown": 0.13920166722946467, "roll-in": 0.19645449367414966, "sfb": 0.021465791842948202, "bad-redirect": 0.005869266196321221, "dsfb": 0.0}, "french": {"oneh-out": 0.003753714578271064, "sfT": 0.005848789833767964, "roll-out": 0.17358907750873542, "oneh-in": 0.010885833702523285, "alternate": 0.22759048457302877, "sfR": 0.10898279115633469, "redirect": 0.02309583718684943, "dsfb-alt": 0.03237621709271045, "sft": 0.0, "dsfb-red": 0.011241412653717595, "unknown": 0.15842537463172957, "roll-in": 0.1982874620156089, "sfb": 0.04371522144138379, "bad-redirect": 0.002207783625339101, "dsfb": 0.0}, "keymash": {"oneh-out": 0.009207226215349756, "sfT": 0.0006649891426155418, "roll-out": 0.17125112370850487, "oneh-in": 0.020072820415987652, "alternate": 0.33109481021127773, "sfR": 0.099723742164827, "redirect": 0.015619035108963807, "dsfb-alt": 0.040474030532032364, "sft": 0.0, "dsfb-red": 0.008698222180261317, "unknown": 0.012376186820900362, "roll-in": 0.2686515087454282, "sfb": 0.01712552285797556, "bad-redirect": 0.005040781895875836, "dsfb": 0.0}, "movie": {"oneh-out": 0.008700985891527324, "sfT": 0.0004295353451396773, "roll-out": 0.16164109874193783, "oneh-in": 0.03079126227199194, "alternate": 0.3174300416020247, "sfR": 0.11567713207251198, "redirect": 0.0149084559375563, "dsfb-alt": 0.04603450311090711, "sft": 0.0, "dsfb-red": 0.010946966202648302, "unknown": 0.030282373430185833, "roll-in": 0.24142005122051075, "sfb": 0.014831997593338728, "bad-redirect": 0.006905596579719536, "dsfb": 0.0}, "dutch": {"oneh-out": 0.005539216816617715, "sfT": 0.00038280452611977, "roll-out": 0.17907876886736446, "oneh-in": 0.0021447022984301695, "alternate": 0.30690542858023, "sfR": 0.18880787437283908, "redirect": 0.012198767587822968,