{"english-450k": {"alternate": 0.3432968816600119, "roll-in": 0.19221324199658424, "sfT": 0.00030257831808553, "sfb": 0.03501284276861207, "unknown": 0.00015377410175167997, "redirect": 0.040461591263760005, "roll-out": 0.19398661405214637, "bad-redirect": 0.003893466705568201, "oneh-out": 0.005211071033695239, "dsfb-alt": 0.04888817816279123, "sfR": 0.11369548401129392, "dsfb": 0.0, "dsfb-red": 0.019100731391725783, "sft": 0.0, "oneh-in": 0.0037835445339738445}, "shai": {"alternate": 0.33161866611469476, "roll-in": 0.20420780395171836, "sfT": 6.491449647684428e-05, "sfb": 0.018699466007437996, "unknown": 0.024097749651430984, "redirect": 0.0367050644763662, "roll-out": 0.20983288581086457, "bad-redirect": 0.004140447227285577, "oneh-out": 0.014323163808395567, "dsfb-alt": 0.03813851295178121, "sfR": 0.09823378925716947, "dsfb": 0.0, "dsfb-red": 0.01608099898657216, "sft": 0.0, "oneh-in": 0.0038565372598063}, "tr-quotes": {"alternate": 0.34195233582210305, "roll-in": 0.2081077644992025, "sfT": 3.35174868819491e-05, "sfb": 0.015367189847668801, "unknown": 0.013894731975682485, "redirect": 0.034543815445782576, "roll-out": 0.20333787938327824, "bad-redirect": 0.0030188853701948637, "oneh-out": 0.02501907029426042, "dsfb-alt": 0.03794410670118582, "sfR": 0.09677191928064538, "dsfb": 0.0, "dsfb-red": 0.01571507824599524, "sft": 0.0, "oneh-in": 0.004293705647118652}, "gutenberg": {"alternate": 0.3227979963650871, "roll-in": 0.20970613430385585, "sfT": 0.000279798121014487, "sfb": 0.018914883403557545, "unknown": 0.03298207965968062, "redirect": 0.03351667024702177, "roll-out": 0.20509865299084679, "bad-redirect": 0.0033431802570505526, "oneh-out": 0.015384160736348334, "dsfb-alt": 0.04214437886143192, "sfR": 0.09863878308844841, "dsfb": 0.0, "dsfb-red": 0.013254133605212997, "sft": 0.0, "oneh-in": 0.003939148360443631}, "english-200": {"alternate": 0.3518930957683742, "roll-in": 0.2182628062360802, "sfT": 0.0, "sfb": 0.004454342984409799, "unknown": 0.0, "redirect": 0.028953229398663696, "roll-out": 0.2071269487750557, "bad-redirect": 0.0, "oneh-out": 0.022271714922048998, "dsfb-alt": 0.044543429844097995, "sfR": 0.10690423162583519, "dsfb": 0.0, "dsfb-red": 0.0066815144766146995, "sft": 0.0, "oneh-in": 0.008908685968819599}, "monkeyracer": {"alternate": 0.3422538983687067, "roll-in": 0.2075089541267185, "sfT": 3.128079202965419e-05, "sfb": 0.015212240173921204, "unknown": 0.013491796612290222, "redirect": 0.03453888202449286, "roll-out": 0.2035177205686848, "bad-redirect": 0.0030127312823560693, "oneh-out": 0.025636564117803462, "dsfb-alt": 0.03785171340538342, "sfR": 0.09690789370786869, "dsfb": 0.0, "dsfb-red": 0.015704912648388258, "sft": 0.0, "oneh-in": 0.004331412171356179}, "chained-bigrams": {"alternate": 0.32693724924664425, "roll-in": 0.18645173815619545, "sfT": 9.999292257885644e-05, "sfb": 0.01967523077912018, "unknown": 0.023159399756770463, "redirect": 0.043873518043203434, "roll-out": 0.18784254880661044, "bad-redirect": 0.0038523247380542547, "oneh-out": 0.008051378181674155, "dsfb-alt": 0.05546295749196972, "sfR": 0.11914286586209158, "dsfb": 0.0, "dsfb-red": 0.020596594137168214, "sft": 0.0, "oneh-in": 0.004854201877919031}, "english-5k": {"alternate": 0.3377027419421745, "roll-in": 0.19251669639523789, "sfT": 0.0, "sfb": 0.021570498195544862, "unknown": 0.002157049819554486, "redirect": 0.038702451570083375, "roll-out": 0.22275687559629984, "bad-redirect": 0.004106691002613349, "oneh-out": 0.006595594640560833, "dsfb-alt": 0.0461276807566267, "sfR": 0.10644211224955408, "dsfb": 0.0, "dsfb-red": 0.018459368648110507, "sft": 0.0, "oneh-in": 0.002862239183639607}, "mt-quotes": {"alternate": 0.34663104672428013, "roll-in": 0.20981550543263885, "sfT": 1.4941251001063817e-05, "sfb": 0.0141882119506102, "unknown": 0.007995063410669249, "redirect": 0.03385687476841061, "roll-out": 0.20303964810365643, "bad-redirect": 0.002977791324512019, "oneh-out": 0.02742317208735253, "dsfb-alt": 0.03765045839758071, "sfR": 0.0964592223377679, "dsfb": 0.0, "dsfb-red": 0.015465688911201156, "sft": 0.0, "oneh-in": 0.004482375300319145}, "wordle": {"alternate": 0.30191854594412654, "roll-in": 0.17870526197688769, "sfT": 0.0007404914170313026, "sfb": 0.04400314147873892, "unknown": 0.0, "redirect": 0.038752384157971505, "roll-out": 0.20572197913160553, "bad-redirect": 0.0051161225176708175, "oneh-out": 0.0077639403119039605, "dsfb-alt": 0.057915404465387635, "sfR": 0.13138112868843263, "dsfb": 0.0, "dsfb-red": 0.02524402558061259, "sft": 0.0, "oneh-in": 0.0027375743296308764}, "english-1k": {"alternate": 0.31510232886379674, "roll-in": 0.20924488355681017, "sfT": 0.0, "sfb": 0.020112914608327453, "unknown": 0.0, "redirect": 0.03987297106563162, "roll-out": 0.22547635850388145, "bad-redirect": 0.003175723359209598, "oneh-out": 0.009880028228652082, "dsfb-alt": 0.04728299223712068, "sfR": 0.10832745236414962, "dsfb": 0.0, "dsfb-red": 0.01587861679604799, "sft": 0.0, "oneh-in": 0.0056457304163726185}, "english-10k": {"alternate": 0.3364273171108238, "roll-in": 0.1989540919704367, "sfT": 7.718878446961657e-05, "sfb": 0.024063603558402966, "unknown": 0.0, "redirect": 0.03809266513575577, "roll-out": 0.21977576658111575, "bad-redirect": 0.006097913973099708, "oneh-out": 0.005480403697342776, "dsfb-alt": 0.043592366029215956, "sfR": 0.10567144593890508, "dsfb": 0.0, "dsfb-red": 0.018120067154242487, "sft": 0.0, "oneh-in": 0.003647170066189383}, "reddit": {"alternate": 0.32865325429069986, "roll-in": 0.1983969725420305, "sfT": 6.19171041224318e-05, "sfb": 0.015796203204219504, "unknown": 0.04519937363713543, "redirect": 0.0335594075510774, "roll-out": 0.19464673632621812, "bad-redirect": 0.003111774606758029, "oneh-out": 0.02000731543281011, "dsfb-alt": 0.037691222435791906, "sfR": 0.10397777127267367, "dsfb": 0.0, "dsfb-red": 0.014512612566550119, "sft": 0.0, "oneh-in": 0.0043854390299129286}, "akl": {"alternate": 0.28081365988448753, "roll-in": 0.16721433125922072, "sfT": 0.00019197806913696073, "sfb": 0.023375763616242214, "unknown": 0.13920166722946467, "redirect": 0.02529776799181032, "roll-out": 0.16154499897994665, "bad-redirect": 0.0026413415061798777, "oneh-out": 0.017433634701016887, "dsfb-alt": 0.032642819267867794, "sfR": 0.13064861186637447, "dsfb": 0.0, "dsfb-red": 0.014038538374352936, "sft": 0.0, "oneh-in": 0.0049548872538990015}, "french": {"alternate": 0.2379842997225828, "roll-in": 0.10814747875961106, "sfT": 8.109669094188915e-05, "sfb": 0.05257609489184783, "unknown": 0.15842537463172957, "redirect": 0.021596035314170575, "roll-out": 0.2418419732771047, "bad-redirect": 0.0047237137016837025, "oneh-out": 0.013926562594128082, "dsfb-alt": 0.03877719254222665, "sfR": 0.10898279115633469, "dsfb": 0.0, "dsfb-red": 0.012437248008288193, "sft": 0.0, "oneh-in": 0.0005001387093502837}, "keymash": {"alternate": 0.3369237273872905, "roll-in": 0.20803487498614606, "sfT": 4.104871250713222e-05, "sfb": 0.016275814509077922, "unknown": 0.012376186820900362, "redirect": 0.03515001251985731, "roll-out": 0.20604401242955014, "bad-redirect": 0.003263372644317011, "oneh-out": 0.024161272181698022, "dsfb-alt": 0.038089100335367984, "sfR": 0.099723742164827, "dsfb": 0.0, "dsfb-red": 0.015729866632733066, "sft": 0.0, "oneh-in": 0.004186968675727486}, "movie": {"alternate": 0.32260473181084287, "roll-in": 0.19202611848621953, "sfT": 3.4610231547712965e-05, "sfb": 0.013961214695425356, "unknown": 0.030282373430185833, "redirect": 0.03203657261851668, "roll-out": 0.1913302291157849, "bad-redirect": 0.0022247930591088798, "oneh-out": 0.036822259616479155, "dsfb-alt": 0.04334095855076038, "sfR": 0.11567713207251198, "dsfb": 0.0, "dsfb-red": 0.01575936756184342, "sft": 0.0, "oneh-in": 0.003899638750773302}, "dutch": {"alternate": 0.27755806179446585, "roll-in": 0.11823834680372296, "sfT": 0.00028142381551593944, "sfb": 0.03581362359511779, "unknown": 0.07360268279108878, "redirect": 0.029437971089032886, "roll-out": 0.22052639145742536, "bad-redirect": 0.0025646594302045447,