{"english-450k": {"unknown": 0.00015377410175167997, "sfR": 0.11369548401129392, "redirect": 0.04917847794043271, "sfb": 0.026506153010493475, "dsfb-red": 0.02070132684246808, "dsfb": 0.0, "sft": 0.0, "sfT": 0.0002025959173268331, "roll-out": 0.18251670320019692, "roll-in": 0.279135076223425, "bad-redirect": 0.0015351099017073603, "oneh-out": 0.007222120550710079, "oneh-in": 0.014636604901710284, "alternate": 0.26949993012925794, "dsfb-alt": 0.03501664326922571}, "shai": {"unknown": 0.023260762136131256, "sfR": 0.09823378925716947, "redirect": 0.04444186073154442, "sfb": 0.014449052725185802, "dsfb-red": 0.016691234731624306, "dsfb": 0.0, "sft": 0.0, "sfT": 2.7216714716501844e-05, "roll-out": 0.20850242504334085, "roll-in": 0.29004470864026966, "bad-redirect": 0.0011506647968979758, "oneh-out": 0.008234252158062541, "oneh-in": 0.015809745255885112, "alternate": 0.25054793377451867, "dsfb-alt": 0.02860635403465347}, "tr-quotes": {"unknown": 0.013835787429786644, "sfR": 0.09677191928064538, "redirect": 0.049192112988604056, "sfb": 0.011531171262800212, "dsfb-red": 0.016207438570536973, "dsfb": 0.0, "sft": 0.0, "sfT": 2.4271283604170037e-05, "roll-out": 0.22327616097639907, "roll-in": 0.2897297797092069, "bad-redirect": 0.0017833614572016366, "oneh-out": 0.009843739164605535, "oneh-in": 0.01349367790850882, "alternate": 0.2449388594808257, "dsfb-alt": 0.029371720487274912}, "gutenberg": {"unknown": 0.032975828246008664, "sfR": 0.09863878308844841, "redirect": 0.04559345427734984, "sfb": 0.013723179067387587, "dsfb-red": 0.013519534531104193, "dsfb": 0.0, "sft": 0.0, "sfT": 0.00016537830713991004, "roll-out": 0.22970781650244393, "roll-in": 0.2811844193554376, "bad-redirect": 0.0016130541641424215, "oneh-out": 0.008883827138182384, "oneh-in": 0.011117665623627768, "alternate": 0.22924540132749716, "dsfb-alt": 0.03363165837123016}, "english-200": {"unknown": 0.0, "sfR": 0.10690423162583519, "redirect": 0.042316258351893093, "sfb": 0.004454342984409799, "dsfb-red": 0.011135857461024499, "dsfb": 0.0, "sft": 0.0, "sfT": 0.0, "roll-out": 0.23162583518930957, "roll-in": 0.3028953229398664, "bad-redirect": 0.0, "oneh-out": 0.0066815144766146995, "oneh-in": 0.0066815144766146995, "alternate": 0.2583518930957684, "dsfb-alt": 0.028953229398663696}, "monkeyracer": {"unknown": 0.013436077701487402, "sfR": 0.09690789370786869, "redirect": 0.04902873140747924, "sfb": 0.011450724932355287, "dsfb-red": 0.016196607598104384, "dsfb": 0.0, "sft": 0.0, "sfT": 2.1505544520387257e-05, "roll-out": 0.2235012590518792, "roll-in": 0.2902925927084474, "bad-redirect": 0.0018445892049986706, "oneh-out": 0.009897438103132771, "oneh-in": 0.01344292037474389, "alternate": 0.2446500070381782, "dsfb-alt": 0.029329652626804512}, "chained-bigrams": {"unknown": 0.022916559801936097, "sfR": 0.11914286586209158, "redirect": 0.053798140261500975, "sfb": 0.015176847872455781, "dsfb-red": 0.024784609401022915, "dsfb": 0.0, "sft": 0.0, "sfT": 3.311453929559531e-05, "roll-out": 0.1864192729215919, "roll-in": 0.25663767954086364, "bad-redirect": 0.00766569119458428, "oneh-out": 0.006412533138888222, "oneh-in": 0.011246606571353067, "alternate": 0.2551605113664033, "dsfb-alt": 0.04060556752801263}, "english-5k": {"unknown": 0.002157049819554486, "sfR": 0.10644211224955408, "redirect": 0.04061061102584312, "sfb": 0.016717136101547268, "dsfb-red": 0.0197867839216825, "dsfb": 0.0, "sft": 0.0, "sfT": 0.0, "roll-out": 0.1707387895631974, "roll-in": 0.31451445638196374, "bad-redirect": 0.0006637076367859958, "oneh-out": 0.008005973368731075, "oneh-in": 0.0238105114696976, "alternate": 0.26523416435060354, "dsfb-alt": 0.031318704110839174}, "mt-quotes": {"unknown": 0.007977133909467972, "sfR": 0.0964592223377679, "redirect": 0.04891317340218262, "sfb": 0.01053806433105031, "dsfb-red": 0.01612908045564839, "dsfb": 0.0, "sft": 0.0, "sfT": 1.0458875700744673e-05, "roll-out": 0.2271249447173713, "roll-in": 0.2928918492487539, "bad-redirect": 0.001851220999031807, "oneh-out": 0.010012132295812864, "oneh-in": 0.013212548260240733, "alternate": 0.24553704832598225, "dsfb-alt": 0.02934312284098923}, "wordle": {"unknown": 0.0, "sfR": 0.13138112868843263, "redirect": 0.04499046336811399, "sfb": 0.032581622349377316, "dsfb-red": 0.021653764164703243, "dsfb": 0.0, "sft": 0.0, "sfT": 0.00026926960619320093, "roll-out": 0.20206440031414788, "roll-in": 0.24763828116234712, "bad-redirect": 0.0027600134634803096, "oneh-out": 0.009985414562997869, "oneh-in": 0.007045888028722092, "alternate": 0.2532705037585549, "dsfb-alt": 0.04635925053292943}, "english-1k": {"unknown": 0.0, "sfR": 0.10832745236414962, "redirect": 0.04904728299223712, "sfb": 0.013408609738884969, "dsfb-red": 0.01834862385321101, "dsfb": 0.0, "sft": 0.0, "sfT": 0.0, "roll-out": 0.21630204657727595, "roll-in": 0.3066337332392378, "bad-redirect": 0.0, "oneh-out": 0.014820042342978124, "oneh-in": 0.01305575158786168, "alternate": 0.22582921665490474, "dsfb-alt": 0.034227240649259}, "english-10k": {"unknown": 0.0, "sfR": 0.10567144593890508, "redirect": 0.042106481928175836, "sfb": 0.017772717624129214, "dsfb-red": 0.01906562976399529, "dsfb": 0.0, "sft": 0.0, "sfT": 7.718878446961657e-05, "roll-out": 0.17400281739063314, "roll-in": 0.32166496208100964, "bad-redirect": 0.0011771289631616526, "oneh-out": 0.00741012330908319, "oneh-in": 0.02091816059126609, "alternate": 0.2604349588004863, "dsfb-alt": 0.029698384824684974}, "reddit": {"unknown": 0.039285409944231534, "sfR": 0.10397777127267367, "redirect": 0.04429361592704195, "sfb": 0.012989032282109758, "dsfb-red": 0.01586246536828035, "dsfb": 0.0, "sft": 0.0, "sfT": 4.187738802714988e-05, "roll-out": 0.2094790479149612, "roll-in": 0.27613043195701686, "bad-redirect": 0.0011957904609827665, "oneh-out": 0.009511336205193208, "oneh-in": 0.012191301751864489, "alternate": 0.24542793877286143, "dsfb-alt": 0.02961398075475564}, "akl": {"unknown": 0.13277008071454782, "sfR": 0.13064861186637447, "redirect": 0.03394110493335952, "sfb": 0.02137135938731867, "dsfb-red": 0.01439341366483095, "dsfb": 0.0, "sft": 0.0, "sfT": 0.00013816491153331847, "roll-out": 0.17394841294793986, "roll-in": 0.24131423392856335, "bad-redirect": 0.0018316486743024853, "oneh-out": 0.007556054198892689, "oneh-in": 0.008281444692044816, "alternate": 0.20646243148551024, "dsfb-alt": 0.027343038594781807}, "french": {"unknown": 0.15807953387545715, "sfR": 0.10898279115633469, "redirect": 0.0420176892662754, "sfb": 0.04976055801235232, "dsfb-red": 0.02072839211030624, "dsfb": 0.0, "sft": 0.0, "sfT": 5.177723330780878e-05, "roll-out": 0.1311263077890143, "roll-in": 0.23904709635268195, "bad-redirect": 0.0013292336431622448, "oneh-out": 0.012550525687987367, "oneh-in": 0.02557952634708338, "alternate": 0.1854059425731454, "dsfb-alt": 0.025340625952891736}, "keymash": {"unknown": 0.01232282349464109, "sfR": 0.099723742164827, "redirect": 0.04904910657477228, "sfb": 0.012413130662156782, "dsfb-red": 0.015779125087741624, "dsfb": 0.0, "sft": 0.0, "sfT": 2.873409875499255e-05, "roll-out": 0.22240192436364234, "roll-in": 0.2920697992307471, "bad-redirect": 0.0019128700028323612, "oneh-out": 0.009806537417953886, "oneh-in": 0.013447558217336513, "alternate": 0.24065218194431331, "dsfb-alt": 0.03039246674028069}, "movie": {"unknown": 0.030236445784519856, "sfR": 0.11567713207251198, "redirect": 0.049027959145187816, "sfb": 0.010178040031799302, "dsfb-red": 0.01959965568741513, "dsfb": 0.0, "sft": 0.0, "sfT": 1.5002153598628435e-05, "roll-out": 0.2166826843169197, "roll-in": 0.26614820627540087, "bad-redirect": 0.002583265571412949, "oneh-out": 0.01149809795064002, "oneh-in": 0.01063389494465587, "alternate": 0.23517862893212696, "dsfb-alt": 0.03254098713381092}, "dutch": {"unknown": 0.07290361491625476, "sfR": 0.18880787437283908, "redirect": 0.04156341965922956, "sfb": 0.02176862970969793, "dsfb-red": 0.016215839281844436, "dsfb": 0.0, "sft": 0.0, "sfT": 4.7911082195513866e-05, "roll-out": 0.11454935485181651, "roll-in": 0.3107699450769014,