{"english-450k": {"dsfb": 0.0, "unknown": 0.00015377410175167997, "roll-in": 0.2128774408715191, "sfR": 0.11369548401129392, "dsfb-red": 0.01301320644728618, "alternate": 0.3703026543280978, "sfT": 0.00013740271449294597, "oneh-out": 0.004487514186099406, "bad-redirect": 0.0035175094910194172, "oneh-in": 0.003234518368404158, "roll-out": 0.17656599627784816, "redirect": 0.03169032819369222, "dsfb-alt": 0.043654888817816276, "sfb": 0.02666928219067872, "sft": 0.0}, "shai": {"dsfb": 0.0, "unknown": 0.023260762136131256, "roll-in": 0.20061890159036647, "sfR": 0.09823378925716947, "dsfb-red": 0.009700742313445521, "alternate": 0.34069514245117016, "sfT": 4.0809590439532914e-05, "oneh-out": 0.012925764320589986, "bad-redirect": 0.0027364409516499244, "oneh-in": 0.0037598196141790724, "roll-out": 0.2257911038189169, "redirect": 0.029726992200042542, "dsfb-alt": 0.037014418511329306, "sfb": 0.015495313244569894, "sft": 0.0}, "tr-quotes": {"dsfb": 0.0, "unknown": 0.013835787429786644, "roll-in": 0.18865606435357482, "sfR": 0.09677191928064538, "dsfb-red": 0.010207808418668085, "alternate": 0.34337278380065184, "sfT": 2.195973278472527e-05, "oneh-out": 0.02319063359607961, "bad-redirect": 0.0031876285800143318, "oneh-in": 0.0039203901897783226, "roll-out": 0.2412831418598738, "redirect": 0.027858810475948313, "dsfb-alt": 0.035682254224359125, "sfb": 0.012010818057835002, "sft": 0.0}, "gutenberg": {"dsfb": 0.0, "unknown": 0.032975828246008664, "roll-in": 0.17274057807769408, "sfR": 0.09863878308844841, "dsfb-red": 0.007024884036276385, "alternate": 0.3158144095464012, "sfT": 0.00016859873236485675, "oneh-out": 0.01371408610204656, "bad-redirect": 0.0038942518440723147, "oneh-in": 0.00339565424453939, "roll-out": 0.2711601828140682, "redirect": 0.024565024742337568, "dsfb-alt": 0.041406333174585315, "sfb": 0.01450138535115706, "sft": 0.0}, "english-200": {"dsfb": 0.0, "unknown": 0.0, "roll-in": 0.22939866369710468, "sfR": 0.10690423162583519, "dsfb-red": 0.0022271714922048997, "alternate": 0.33184855233853006, "sfT": 0.0, "oneh-out": 0.0200445434298441, "bad-redirect": 0.0022271714922048997, "oneh-in": 0.008908685968819599, "roll-out": 0.22494432071269488, "redirect": 0.024498886414253896, "dsfb-alt": 0.044543429844097995, "sfb": 0.004454342984409799, "sft": 0.0}, "monkeyracer": {"dsfb": 0.0, "unknown": 0.013436077701487402, "roll-in": 0.18821848069193112, "sfR": 0.09690789370786869, "dsfb-red": 0.01018189780565244, "alternate": 0.3432275130206297, "sfT": 1.955049501853387e-05, "oneh-out": 0.02376851431878255, "bad-redirect": 0.0032453821730766223, "oneh-in": 0.003967772964011448, "roll-out": 0.24164411842907862, "redirect": 0.02780080391635516, "dsfb-alt": 0.03567769835932246, "sfb": 0.011904296416785273, "sft": 0.0}, "chained-bigrams": {"dsfb": 0.0, "unknown": 0.022916559801936097, "roll-in": 0.156753190845583, "sfR": 0.11914286586209158, "dsfb-red": 0.0147450602522289, "alternate": 0.3439055287645225, "sfT": 3.50624533718068e-05, "oneh-out": 0.007628680827136261, "bad-redirect": 0.007955281087247721, "oneh-in": 0.005750242352976316, "roll-out": 0.2218011842018974, "redirect": 0.033092462936064916, "dsfb-alt": 0.050100999344851564, "sfb": 0.01617288127009192, "sft": 0.0}, "english-5k": {"dsfb": 0.0, "unknown": 0.002157049819554486, "roll-in": 0.2330858256937819, "sfR": 0.10644211224955408, "dsfb-red": 0.011324511552661053, "alternate": 0.36362882150412745, "sfT": 0.0, "oneh-out": 0.005558551458082714, "bad-redirect": 0.003774837184220351, "oneh-in": 0.0032355747293317293, "roll-out": 0.18235367320695234, "redirect": 0.030032770564566307, "dsfb-alt": 0.03978097647986062, "sfb": 0.018625295557307006, "sft": 0.0}, "mt-quotes": {"dsfb": 0.0, "unknown": 0.007977133909467972, "roll-in": 0.1867626492630975, "sfR": 0.0964592223377679, "dsfb-red": 0.010110744552419886, "alternate": 0.3457106656626146, "sfT": 5.9765004004255265e-06, "oneh-out": 0.025476327081913913, "bad-redirect": 0.003170533462425742, "oneh-in": 0.004081949773490635, "roll-out": 0.24617802799392788, "redirect": 0.027536725594960614, "dsfb-alt": 0.03560201288533486, "sfb": 0.010928030982178075, "sft": 0.0}, "wordle": {"dsfb": 0.0, "unknown": 0.0, "roll-in": 0.1908672725232806, "sfR": 0.13138112868843263, "dsfb-red": 0.016335689442387523, "alternate": 0.32698305845394365, "sfT": 0.0001795130707954673, "oneh-out": 0.006372714013239089, "bad-redirect": 0.0012790306294177044, "oneh-in": 0.003365870077415012, "roll-out": 0.2017502524402558, "redirect": 0.03491529226971839, "dsfb-alt": 0.05345001682935039, "sfb": 0.033120161561763714, "sft": 0.0}, "english-1k": {"dsfb": 0.0, "unknown": 0.0, "roll-in": 0.23147494707127736, "sfR": 0.10832745236414962, "dsfb-red": 0.010938602681721948, "alternate": 0.31827805222300637, "sfT": 0.0, "oneh-out": 0.008821453775582216, "bad-redirect": 0.002117148906139732, "oneh-in": 0.0038814396612561752, "roll-out": 0.22618207480592803, "redirect": 0.030698659139026113, "dsfb-alt": 0.04446012702893437, "sfb": 0.014820042342978124, "sft": 0.0}, "english-10k": {"dsfb": 0.0, "unknown": 0.0, "roll-in": 0.23830107485382374, "sfR": 0.10567144593890508, "dsfb-red": 0.010555566276220065, "alternate": 0.3671677505258486, "sfT": 7.718878446961657e-05, "oneh-out": 0.004650624264294398, "bad-redirect": 0.0026437158680843675, "oneh-in": 0.0033577121244283206, "roll-out": 0.17608691457131279, "redirect": 0.03367360722487023, "dsfb-alt": 0.038285637096929816, "sfb": 0.01952876247081299, "sft": 0.0}, "reddit": {"dsfb": 0.0, "unknown": 0.039285409944231534, "roll-in": 0.18605509198885192, "sfR": 0.10397777127267367, "dsfb-red": 0.009640676653187616, "alternate": 0.3327594857621563, "sfT": 0.00012046304105126478, "oneh-out": 0.01769087408184857, "bad-redirect": 0.002759712379506525, "oneh-in": 0.004189237099245477, "roll-out": 0.2246064864627972, "redirect": 0.027758303044332536, "dsfb-alt": 0.03686247716736553, "sfb": 0.014294011102751865, "sft": 0.0}, "akl": {"dsfb": 0.0, "unknown": 0.13277008071454782, "roll-in": 0.15627506509032493, "sfR": 0.13064861186637447, "dsfb-red": 0.009953877577734872, "alternate": 0.2840165804811969, "sfT": 0.0010841942923808204, "oneh-out": 0.015122707959131551, "bad-redirect": 0.002281747063680608, "oneh-in": 0.004351527608039982, "roll-out": 0.1863644030854557, "redirect": 0.022878004262209626, "dsfb-alt": 0.03184906283941297, "sfb": 0.022404137159509785, "sft": 0.0}, "french": {"dsfb": 0.0, "unknown": 0.15807953387545715, "roll-in": 0.163864815696496, "sfR": 0.10898279115633469, "dsfb-red": 0.011256079873453805, "alternate": 0.2542569283099409, "sfT": 5.360501758545712e-05, "oneh-out": 0.011183957303678403, "bad-redirect": 0.001897869317409317, "oneh-in": 0.0009726509087990628, "roll-out": 0.1830789334782856, "redirect": 0.021190626768652833, "dsfb-alt": 0.03509999021236501, "sfb": 0.05008221808154174, "sft": 0.0}, "keymash": {"dsfb": 0.0, "unknown": 0.01232282349464109, "roll-in": 0.18781838407638343, "sfR": 0.099723742164827, "dsfb-red": 0.010368904779301597, "alternate": 0.339879234687804, "sfT": 2.462922750427933e-05, "oneh-out": 0.022556267522669152, "bad-redirect": 0.0032346385455620185, "oneh-in": 0.003776481550656164, "roll-out": 0.2435584307898183, "redirect": 0.02793364886110347, "dsfb-alt": 0.036003825740005664, "sfb": 0.012798988559723824, "sft": 0.0}, "movie": {"dsfb": 0.0, "unknown": 0.030236445784519856, "roll-in": 0.1757951042708894, "sfR": 0.11567713207251198, "dsfb-red": 0.01083629242039877, "alternate": 0.3253624961162188, "sfT": 1.6054936307304115e-05, "oneh-out": 0.03462325973373283, "bad-redirect": 0.002317174741795171, "oneh-in": 0.0026135330742873748, "roll-out": 0.22550368743723606, "redirect": 0.025316397393362652, "dsfb-alt": 0.04134080300211517, "sfb": 0.010361619016624623, "sft": 0.0}, "dutch": {"dsfb": 0.0, "unknown": 0.07290361491625476, "roll-in": 0.19667764617013117, "sfR": 0.18880787437283908, "dsfb-red": 0.008810654363177264, "alternate": 0.2756036769460443, "sfT": 4.046980258805194e-05, "oneh-out": 0.002975131171828685,