{"english-450k": {"sft": 0.0, "redirect": 0.03815936493050054, "oneh-out": 0.004935973258508298, "dsfb": 0.0, "bad-redirect": 0.00436999101327778, "dsfb-alt": 0.04861980435022841, "sfT": 4.67753921678114e-05, "unknown": 0.00015377410175167997, "roll-out": 0.2116665429067749, "roll-in": 0.18847296470036562, "oneh-in": 0.0030900993450860403, "sfR": 0.11369548401129392, "sfb": 0.03384287327201469, "dsfb-red": 0.015355191863888286, "alternate": 0.33759116085414204}, "shai": {"sft": 0.0, "redirect": 0.032390603669209476, "oneh-out": 0.010967496152039567, "dsfb": 0.0, "bad-redirect": 0.004252000149862229, "dsfb-alt": 0.038572045182842754, "sfT": 6.494158933847902e-05, "unknown": 0.02357661071706909, "roll-out": 0.22317339926858562, "roll-in": 0.22184408414206816, "oneh-in": 0.0023053277260914784, "sfR": 0.09823378925716947, "sfb": 0.021444526359496573, "dsfb-red": 0.01770664809283284, "alternate": 0.3054685276933943}, "tr-quotes": {"sft": 0.0, "redirect": 0.03385150597535887, "oneh-out": 0.016066433970550843, "dsfb": 0.0, "bad-redirect": 0.0032165229652573912, "dsfb-alt": 0.0389392293289568, "sfT": 1.733663114583574e-05, "unknown": 0.01476503085920344, "roll-out": 0.21893622431289153, "roll-in": 0.22789001641201082, "oneh-in": 0.0029241117865976282, "sfR": 0.09677191928064538, "sfb": 0.01862994382931509, "dsfb-red": 0.024537111948406187, "alternate": 0.3034546126996602}, "gutenberg": {"sft": 0.0, "redirect": 0.027932642343742126, "oneh-out": 0.014145433645411482, "dsfb": 0.0, "bad-redirect": 0.0035576226896764157, "dsfb-alt": 0.03664540807144646, "sfT": 7.766907895459694e-06, "unknown": 0.03800726906804304, "roll-out": 0.21869756153190703, "roll-in": 0.2387812698553423, "oneh-in": 0.0012796454349714688, "sfR": 0.09863878308844841, "sfb": 0.021343273459945297, "dsfb-red": 0.015703172270395995, "alternate": 0.2852601516327745}, "english-200": {"sft": 0.0, "redirect": 0.035634743875278395, "oneh-out": 0.022271714922048998, "dsfb": 0.0, "bad-redirect": 0.0, "dsfb-alt": 0.031180400890868598, "sfT": 0.0, "unknown": 0.0, "roll-out": 0.24053452115812918, "roll-in": 0.24053452115812918, "oneh-in": 0.0022271714922048997, "sfR": 0.10690423162583519, "sfb": 0.013363028953229399, "dsfb-red": 0.011135857461024499, "alternate": 0.2962138084632517}, "monkeyracer": {"sft": 0.0, "redirect": 0.033869277570108075, "oneh-out": 0.016218113142624772, "dsfb": 0.0, "bad-redirect": 0.0032189890048016016, "dsfb-alt": 0.03901790043323897, "sfT": 2.1505544520387257e-05, "unknown": 0.014345175719849227, "roll-out": 0.21895772400957192, "roll-in": 0.22745436914462674, "oneh-in": 0.002991225737835682, "sfR": 0.09690789370786869, "sfb": 0.018458599871748752, "dsfb-red": 0.02492785867338161, "alternate": 0.3036113674398236}, "chained-bigrams": {"sft": 0.0, "redirect": 0.04318200854614836, "oneh-out": 0.010029160273720887, "dsfb": 0.0, "bad-redirect": 0.003890633714886414, "dsfb-alt": 0.05599343942539132, "sfT": 7.207282081982508e-05, "unknown": 0.02361326373652774, "roll-out": 0.18938075162212545, "roll-in": 0.19501606704460528, "oneh-in": 0.004259438779982456, "sfR": 0.11914286586209158, "sfb": 0.022812671051204818, "dsfb-red": 0.018948009524001223, "alternate": 0.31365961759849464}, "english-5k": {"sft": 0.0, "redirect": 0.03413946156717966, "oneh-out": 0.006761521549757332, "dsfb": 0.0, "bad-redirect": 0.005019289003194093, "dsfb-alt": 0.04550545484713984, "sfT": 0.0, "unknown": 0.002157049819554486, "roll-out": 0.2344132409673539, "roll-in": 0.20628862985854732, "oneh-in": 0.0018666777284606132, "sfR": 0.10644211224955408, "sfb": 0.018417886920811383, "dsfb-red": 0.014974903554984029, "alternate": 0.3240137719334633}, "mt-quotes": {"sft": 0.0, "redirect": 0.034080993533426564, "oneh-out": 0.01721082702812541, "dsfb": 0.0, "bad-redirect": 0.003139156835323508, "dsfb-alt": 0.03904447711597997, "sfT": 1.0458875700744673e-05, "unknown": 0.008864644218931163, "roll-out": 0.21889679779108545, "roll-in": 0.23075118633532948, "oneh-in": 0.002888143818505636, "sfR": 0.0964592223377679, "sfb": 0.017647111557356474, "dsfb-red": 0.026112824374559234, "alternate": 0.30489415617790844}, "wordle": {"sft": 0.0, "redirect": 0.03435431392348255, "oneh-out": 0.007404914170313026, "dsfb": 0.0, "bad-redirect": 0.003253674408167845, "dsfb-alt": 0.05813979580388197, "sfT": 0.0003365870077415012, "unknown": 0.0, "roll-out": 0.22118254235386514, "roll-in": 0.17726915741052396, "oneh-in": 0.00289464826657691, "sfR": 0.13138112868843263, "sfb": 0.041781667227645015, "dsfb-red": 0.018310333221137665, "alternate": 0.3036912375182318}, "english-1k": {"sft": 0.0, "redirect": 0.03211009174311927, "oneh-out": 0.009880028228652082, "dsfb": 0.0, "bad-redirect": 0.0035285815102328866, "dsfb-alt": 0.03634438955539873, "sfT": 0.0, "unknown": 0.0, "roll-out": 0.2427664079040226, "roll-in": 0.22653493295695132, "oneh-in": 0.0035285815102328866, "sfR": 0.10832745236414962, "sfb": 0.019760056457304165, "dsfb-red": 0.015525758645024701, "alternate": 0.3016937191249118}, "english-10k": {"sft": 0.0, "redirect": 0.034329711892861964, "oneh-out": 0.0059821307963952835, "dsfb": 0.0, "bad-redirect": 0.0062329943459215375, "dsfb-alt": 0.043881823970977014, "sfT": 5.789158835221242e-05, "unknown": 0.0, "roll-out": 0.23143127303602787, "roll-in": 0.20441519847166206, "oneh-in": 0.002354257926323305, "sfR": 0.10567144593890508, "sfb": 0.0223654503000714, "dsfb-red": 0.01402906157735281, "alternate": 0.3292487601551495}, "reddit": {"sft": 0.0, "redirect": 0.03312669951307236, "oneh-out": 0.013432528055134316, "dsfb": 0.0, "bad-redirect": 0.0032271059821923713, "dsfb-alt": 0.0401794809413872, "sfT": 0.00013420991171849556, "unknown": 0.040159553597531705, "roll-out": 0.2113035985149634, "roll-in": 0.2139039296010392, "oneh-in": 0.0024830144677385857, "sfR": 0.10397777127267367, "sfb": 0.02287393126976698, "dsfb-red": 0.021931465294676534, "alternate": 0.2932667115781052}, "akl": {"sft": 0.0, "redirect": 0.029606724401250176, "oneh-out": 0.009574665299084413, "dsfb": 0.0, "bad-redirect": 0.0027422967687916696, "dsfb-alt": 0.03687090769528895, "sfT": 0.00017475687039970699, "unknown": 0.13242029519012413, "roll-out": 0.17810124201904298, "roll-in": 0.1790102347041844, "oneh-in": 0.004026523808628453, "sfR": 0.13064861186637447, "sfb": 0.03165577526735911, "dsfb-red": 0.02043338468479017, "alternate": 0.24473458142468135}, "french": {"sft": 0.0, "redirect": 0.020129972541436506, "oneh-out": 0.010379971930926594, "dsfb": 0.0, "bad-redirect": 0.004874730632164812, "dsfb-alt": 0.043896471721637804, "sfT": 9.631823869673108e-05, "unknown": 0.1582127523819887, "roll-out": 0.24751737829574788, "roll-in": 0.12161424873504219, "oneh-in": 0.00048661010932801767, "sfR": 0.10898279115633469, "sfb": 0.0518636635332002, "dsfb-red": 0.013027157892980024, "alternate": 0.21891793283051586}, "keymash": {"sft": 0.0, "redirect": 0.03344238607956061, "oneh-out": 0.015963844294023716, "dsfb": 0.0, "bad-redirect": 0.003599972086875495, "dsfb-alt": 0.03802342239535657, "sfT": 1.2314613752139664e-05, "unknown": 0.013394194891077241, "roll-out": 0.2205259982020664, "roll-in": 0.2264246981893413, "oneh-in": 0.0029349829442599533, "sfR": 0.099723742164827, "sfb": 0.019206692582087164, "dsfb-red": 0.024001182202920204, "alternate": 0.3027465693538522}, "movie": {"sft": 0.0, "redirect": 0.028681090930290126, "oneh-out": 0.01857635089458237, "dsfb": 0.0, "bad-redirect": 0.0020724027620280753, "dsfb-alt": 0.041294743758610614, "sfT": 2.145044768926697e-05, "unknown": 0.030313825313607518, "roll-out": 0.20514102748170823, "roll-in": 0.20355132559160796, "oneh-in": 0.004108352922768255, "sfR": 0.11567713207251198, "sfb": 0.020716658141320024, "dsfb-red": 0.03535678608600261, "alternate": 0.294488853597273}, "dutch": {"sft": 0.0, "redirect": 0.024470065238325896, "oneh-out": 0.007042695982415486, "dsfb": 0.0, "bad-redirect": 0.002305828415424514, "dsfb-alt": 0.027446505358133727, "sfT": 5.094138642120318e-05, "unknown": 0.07324141314884507, "roll-out": 0.20940885076196372,