{"english-450k": {"sft": 0.0, "redirect": 0.06107726066932078, "dsfb-alt": 0.06122372611604624, "sfb": 0.06486168224189777, "dsfb": 0.0, "unknown": 0.0001543587941537776, "oneh-in": 0.007314501950241507, "dsfb-red": 0.025566844666523612, "oneh-out": 0.011734776510099684, "sfR": 0.11369548401129392, "roll-out": 0.20422019281986037, "roll-in": 0.20575530272156772, "alternate": 0.23072839225376118, "sfT": 0.0034757039842694356, "bad-redirect": 0.010191773260964005}, "shai": {"sft": 0.0, "redirect": 0.045657412932057606, "dsfb-alt": 0.062188780427992904, "sfb": 0.06605378227185565, "dsfb": 0.0, "unknown": 0.0645626685756555, "oneh-in": 0.00414276560215975, "dsfb-red": 0.01981278522977688, "oneh-out": 0.011698968582498383, "sfR": 0.09823378925716947, "roll-out": 0.20494672304871792, "roll-in": 0.2133237236243251, "alternate": 0.19669795298722795, "sfT": 0.005127285360287066, "bad-redirect": 0.0075533621002757895}, "tr-quotes": {"sft": 0.0, "redirect": 0.03985807077968609, "dsfb-alt": 0.06015811007605002, "sfb": 0.06975798062920413, "dsfb": 0.0, "unknown": 0.09006264302720696, "oneh-in": 0.0038152146274935852, "dsfb-red": 0.019430896188252698, "oneh-out": 0.013079910311828206, "sfR": 0.09677191928064538, "roll-out": 0.2029899909849518, "roll-in": 0.21421257021335613, "alternate": 0.17408635953861445, "sfT": 0.0062099812764383625, "bad-redirect": 0.009566353066272163}, "gutenberg": {"sft": 0.0, "redirect": 0.039566523187251054, "dsfb-alt": 0.05310935844204163, "sfb": 0.06467883078105162, "dsfb": 0.0, "unknown": 0.09436925698728084, "oneh-in": 0.0035354585866576647, "dsfb-red": 0.022325124279998165, "oneh-out": 0.012978881966869023, "sfR": 0.09863878308844841, "roll-out": 0.19725369714287663, "roll-in": 0.22954300650563783, "alternate": 0.17146813124028426, "sfT": 0.005885990127312881, "bad-redirect": 0.006646957664289993}, "english-200": {"sft": 0.0, "redirect": 0.051224944320712694, "dsfb-alt": 0.0801781737193764, "sfb": 0.08685968819599109, "dsfb": 0.0, "unknown": 0.0, "oneh-in": 0.0, "dsfb-red": 0.026726057906458798, "oneh-out": 0.022271714922048998, "sfR": 0.10690423162583519, "roll-out": 0.19376391982182628, "roll-in": 0.21603563474387527, "alternate": 0.19376391982182628, "sfT": 0.013363028953229399, "bad-redirect": 0.008908685968819599}, "monkeyracer": {"sft": 0.0, "redirect": 0.039604415283794984, "dsfb-alt": 0.0600757386177018, "sfb": 0.07046975929430534, "dsfb": 0.0, "unknown": 0.0900202543128392, "oneh-in": 0.0038631778156622927, "dsfb-red": 0.019493798582980122, "oneh-out": 0.013195606612759436, "sfR": 0.09690789370786869, "roll-out": 0.20358614730124966, "roll-in": 0.21344839451334907, "alternate": 0.1733649921016, "sfT": 0.006299169494971613, "bad-redirect": 0.009670652360917778}, "chained-bigrams": {"sft": 0.0, "redirect": 0.05012827014191853, "dsfb-alt": 0.0641013071152756, "sfb": 0.06118138391503459, "dsfb": 0.0, "unknown": 0.05987563217928082, "oneh-in": 0.0058378984864058325, "dsfb-red": 0.03173931195779, "oneh-out": 0.01181409887222268, "sfR": 0.11914286586209158, "roll-out": 0.1894677584508629, "roll-in": 0.19199744953116954, "alternate": 0.20146561055094153, "sfT": 0.004976271160028284, "bad-redirect": 0.008272141776978123}, "english-5k": {"sft": 0.0, "redirect": 0.06160036503920023, "dsfb-alt": 0.06471149458663458, "sfb": 0.06786410586136807, "dsfb": 0.0, "unknown": 0.0022400132741527356, "oneh-in": 0.004148172729912474, "dsfb-red": 0.022109760650433484, "oneh-out": 0.011863774007549675, "sfR": 0.10644211224955408, "roll-out": 0.20720122785912806, "roll-in": 0.20346787240220682, "alternate": 0.23586510142282324, "sfT": 0.004065209275314224, "bad-redirect": 0.008420790641722322}, "mt-quotes": {"sft": 0.0, "redirect": 0.03904447711597997, "dsfb-alt": 0.06093789220783878, "sfb": 0.07106058976105951, "dsfb": 0.0, "unknown": 0.0857358864943044, "oneh-in": 0.003780136503269146, "dsfb-red": 0.019389261424080515, "oneh-out": 0.013789280548881797, "sfR": 0.0964592223377679, "roll-out": 0.20603536892936972, "roll-in": 0.21610726622918683, "alternate": 0.17082033444496242, "sfT": 0.00671011582457776, "bad-redirect": 0.010130168178721267}, "wordle": {"sft": 0.0, "redirect": 0.04386850667564232, "dsfb-alt": 0.07110961516885449, "sfb": 0.08273308650286099, "dsfb": 0.0, "unknown": 0.0, "oneh-in": 0.006260518343991922, "dsfb-red": 0.029552339279703802, "oneh-out": 0.010658588578480871, "sfR": 0.13138112868843263, "roll-out": 0.2075171098395602, "roll-in": 0.18471894984853585, "alternate": 0.21808594188264332, "sfT": 0.004465387636037249, "bad-redirect": 0.009648827555256367}, "english-1k": {"sft": 0.0, "redirect": 0.0497529992942837, "dsfb-alt": 0.06280875088214538, "sfb": 0.09209597741707834, "dsfb": 0.0, "unknown": 0.0, "oneh-in": 0.0045871559633027525, "dsfb-red": 0.02364149611856034, "oneh-out": 0.014114326040931546, "sfR": 0.10832745236414962, "roll-out": 0.2208892025405787, "roll-in": 0.20465772759350742, "alternate": 0.205363443895554, "sfT": 0.0056457304163726185, "bad-redirect": 0.008115737473535639}, "english-10k": {"sft": 0.0, "redirect": 0.05829682947067791, "dsfb-alt": 0.06173173037957585, "sfb": 0.06865942378572393, "dsfb": 0.0, "unknown": 0.0, "oneh-in": 0.005596186874047201, "dsfb-red": 0.021226915729144556, "oneh-out": 0.010787132629628915, "sfR": 0.10567144593890508, "roll-out": 0.22006522452287683, "roll-in": 0.20229250689874761, "alternate": 0.2324540244302503, "sfT": 0.0036278728700719787, "bad-redirect": 0.009590706470349859}, "reddit": {"sft": 0.0, "redirect": 0.040136255086482615, "dsfb-alt": 0.0632117821544268, "sfb": 0.06629070660975388, "dsfb": 0.0, "unknown": 0.10396308796667489, "oneh-in": 0.0027131153574083368, "dsfb-red": 0.017709265671760312, "oneh-out": 0.013787998906992682, "sfR": 0.10397777127267367, "roll-out": 0.19283582022464335, "roll-in": 0.2051911854465963, "alternate": 0.17569856671081022, "sfT": 0.005627526853687785, "bad-redirect": 0.008856917738089151}, "akl": {"sft": 0.0, "redirect": 0.030319044572835577, "dsfb-alt": 0.056103428790083794, "sfb": 0.05957227730933125, "dsfb": 0.0, "unknown": 0.17106338036120686, "oneh-in": 0.001982340340154007, "dsfb-red": 0.0169059297331112, "oneh-out": 0.009900632694981957, "sfR": 0.13064861186637447, "roll-out": 0.17163009863299508, "roll-in": 0.17965787037319572, "alternate": 0.15876591259147094, "sfT": 0.004647821173688687, "bad-redirect": 0.008802651560570453}, "french": {"sft": 0.0, "redirect": 0.057030629904051965, "dsfb-alt": 0.040203972934829614, "sfb": 0.03954673466863162, "dsfb": 0.0, "unknown": 0.21018292180395776, "oneh-in": 0.0048676442226293385, "dsfb-red": 0.01800451411778329, "oneh-out": 0.009940944140170799, "sfR": 0.10898279115633469, "roll-out": 0.20806141858562666, "roll-in": 0.14974182621987409, "alternate": 0.14512945754074352, "sfT": 0.0031279831181049928, "bad-redirect": 0.00517916158726165}, "keymash": {"sft": 0.0, "redirect": 0.039180996088057696, "dsfb-alt": 0.059594520817854546, "sfb": 0.06792740945680238, "dsfb": 0.0, "unknown": 0.08487231797974656, "oneh-in": 0.0036122867006276346, "dsfb-red": 0.01957202612340064, "oneh-out": 0.012823617787228103, "sfR": 0.099723742164827, "roll-out": 0.2055637424932167, "roll-in": 0.21601474469753257, "alternate": 0.17584447463805297, "sfT": 0.005919224343528465, "bad-redirect": 0.009350896709124718}, "movie": {"sft": 0.0, "redirect": 0.02989837093719638, "dsfb-alt": 0.05535860476813185, "sfb": 0.06090426928391957, "dsfb": 0.0, "unknown": 0.15450046842250645, "oneh-in": 0.003058991757895772, "dsfb-red": 0.016733849556561344, "oneh-out": 0.011849595777499111, "sfR": 0.11567713207251198, "roll-out": 0.18931770337031276, "roll-in": 0.1993726994230356, "alternate": 0.14801466894787133, "sfT": 0.0061420659202525, "bad-redirect": 0.009171579762305352}, "dutch": {"sft": 0.0, "redirect": 0.03575030996067454, "dsfb-alt": 0.04072944048857254, "sfb": 0.0836083349360475, "dsfb": 0.0, "unknown": 0.1008348255041449, "oneh-in": 0.007000468961992418, "dsfb-red": 0.016825665593771615, "oneh-out": 0.0058998947426516825,