{"monkeyracer": {"dsfb-alt": 0.03873148568121745, "roll-in": 0.32544633780127313, "dsfb": 0.0, "sfR": 0.09690789370786869, "sfT": 0.0010899400972832632, "redirect": 0.036751998060590894, "sfb": 0.026492875799615245, "oneh-out": 0.018219106307771713, "sft": 0.0, "oneh-in": 0.011652095031046186, "roll-out": 0.14374305957426842, "dsfb-red": 0.015444891064641756, "unknown": 0.009366642163379577, "alternate": 0.27308717956738665, "bad-redirect": 0.0030664951436570375}, "english-450k": {"dsfb-alt": 0.044223794525057286, "roll-in": 0.27337819483237163, "dsfb": 0.0, "sfR": 0.11369548401129392, "sfT": 0.0004589835356466493, "redirect": 0.04513182182551492, "sfb": 0.04535225086110573, "oneh-out": 0.0034429612097519676, "sft": 0.0, "oneh-in": 0.013872996624570763, "roll-out": 0.15385771276517993, "dsfb-red": 0.01961321428216437, "unknown": 0.0, "alternate": 0.2831940108787868, "bad-redirect": 0.0037785746485560143}, "shai": {"dsfb-alt": 0.042901081949558974, "roll-in": 0.32028728960844777, "dsfb": 0.0, "sfR": 0.09823378925716947, "sfT": 0.0007415974198926008, "redirect": 0.03611949484662808, "sfb": 0.0278607236487861, "oneh-out": 0.008606260370760392, "sft": 0.0, "oneh-in": 0.014989102476968745, "roll-out": 0.137312827030192, "dsfb-red": 0.014526507346190728, "unknown": 0.015572597567587401, "alternate": 0.27941795553860144, "bad-redirect": 0.0034307729392163136}, "tr-quotes": {"dsfb-alt": 0.03879013430110261, "roll-in": 0.32531610457455906, "dsfb": 0.0, "sfR": 0.09677191928064538, "sfT": 0.001069092253993204, "redirect": 0.03674672337671344, "sfb": 0.026714592820323155, "oneh-out": 0.017783916229398303, "sft": 0.0, "oneh-in": 0.011695291370980791, "roll-out": 0.14360047155636715, "dsfb-red": 0.015399551559141028, "unknown": 0.009743186703959687, "alternate": 0.27333163819606576, "bad-redirect": 0.0030373777767504218}, "gutenberg": {"dsfb-alt": 0.03686553360741046, "roll-in": 0.3329561647084587, "dsfb": 0.0, "sfR": 0.09863878308844841, "sfT": 0.0008850486265265289, "redirect": 0.035513333886488724, "sfb": 0.027951207147980054, "oneh-out": 0.009466534667119799, "sft": 0.0, "oneh-in": 0.009324457083666268, "roll-out": 0.14398142307180828, "dsfb-red": 0.011186620610797214, "unknown": 0.025598023492433706, "alternate": 0.2639252133910585, "bad-redirect": 0.0037076566178033442}, "english-200": {"dsfb-alt": 0.0334075723830735, "roll-in": 0.33853006681514475, "dsfb": 0.0, "sfR": 0.10690423162583519, "sfT": 0.0022271714922048997, "redirect": 0.0334075723830735, "sfb": 0.026726057906458798, "oneh-out": 0.0022271714922048997, "sft": 0.0, "oneh-in": 0.008908685968819599, "roll-out": 0.14699331848552338, "dsfb-red": 0.011135857461024499, "unknown": 0.0, "alternate": 0.289532293986637, "bad-redirect": 0.0}, "chained-bigrams": {"dsfb-alt": 0.04904652852492908, "roll-in": 0.3026896148259636, "dsfb": 0.0, "sfR": 0.11914286586209158, "sfT": 0.0001928434935449374, "redirect": 0.04474293702588583, "sfb": 0.0314620588542759, "oneh-out": 0.0042445047720648344, "sft": 0.0, "oneh-in": 0.01640338443577695, "roll-out": 0.11517301697477257, "dsfb-red": 0.02043751448761094, "unknown": 0.016087822355430687, "alternate": 0.2761934382566429, "bad-redirect": 0.004183470131010208}, "english-5k": {"dsfb-alt": 0.04600323557472933, "roll-in": 0.3041025428298834, "dsfb": 0.0, "sfR": 0.10644211224955408, "sfT": 0.00041481727299124733, "redirect": 0.03596465756834115, "sfb": 0.03165055792923217, "oneh-out": 0.0022400132741527356, "sft": 0.0, "oneh-in": 0.02372754801509935, "roll-out": 0.13236819181150702, "dsfb-red": 0.014311195918198034, "unknown": 0.0, "alternate": 0.2980462106442112, "bad-redirect": 0.00472891691210022}, "mt-quotes": {"dsfb-alt": 0.03835419131973082, "roll-in": 0.330028328611898, "dsfb": 0.0, "sfR": 0.0964592223377679, "sfT": 0.0012072530808859565, "redirect": 0.0363595343110888, "sfb": 0.025500233083515615, "oneh-out": 0.019443049927684346, "sft": 0.0, "oneh-in": 0.011346386010207862, "roll-out": 0.1441277895315619, "dsfb-red": 0.01558820716940988, "unknown": 0.00522794372527223, "alternate": 0.27333076343816115, "bad-redirect": 0.0030270974528155293}, "wordle": {"dsfb-alt": 0.05113878604285874, "roll-in": 0.2501065858857848, "dsfb": 0.0, "sfR": 0.13138112868843263, "sfT": 0.00044878267698866825, "redirect": 0.04541680691125322, "sfb": 0.04137776281835521, "oneh-out": 0.005609783462358353, "sft": 0.0, "oneh-in": 0.006956131493324358, "roll-out": 0.17854818803994166, "dsfb-red": 0.020576685739930437, "unknown": 0.0, "alternate": 0.2643329967463256, "bad-redirect": 0.004106361494446314}, "english-1k": {"dsfb-alt": 0.04234297812279464, "roll-in": 0.3295695130557516, "dsfb": 0.0, "sfR": 0.10832745236414962, "sfT": 0.0007057163020465773, "redirect": 0.03705010585744531, "sfb": 0.030345800988002825, "oneh-out": 0.0045871559633027525, "sft": 0.0, "oneh-in": 0.012350035285815103, "roll-out": 0.15314043754410728, "dsfb-red": 0.01058574453069866, "unknown": 0.0, "alternate": 0.2674664784756528, "bad-redirect": 0.0035285815102328866}, "english-10k": {"dsfb-alt": 0.04693078095752687, "roll-in": 0.3132513845738214, "dsfb": 0.0, "sfR": 0.10567144593890508, "sfT": 0.0004245383145828911, "redirect": 0.035854190386136894, "sfb": 0.030065031550915652, "oneh-out": 0.0022770691418536886, "sft": 0.0, "oneh-in": 0.02138129329808379, "roll-out": 0.13795565504332222, "dsfb-red": 0.01617105034638467, "unknown": 0.0, "alternate": 0.285251153007468, "bad-redirect": 0.004766407440998823}, "reddit": {"dsfb-alt": 0.040091643307287324, "roll-in": 0.308804683375295, "dsfb": 0.0, "sfR": 0.10397777127267367, "sfT": 0.0010474216470511557, "redirect": 0.03663747048589944, "sfb": 0.029257049063780047, "oneh-out": 0.012224975966387216, "sft": 0.0, "oneh-in": 0.012620713537502456, "roll-out": 0.13523837991443602, "dsfb-red": 0.014592471771625148, "unknown": 0.0331983180872297, "alternate": 0.26981792138700306, "bad-redirect": 0.002491180183829747}, "akl": {"dsfb-alt": 0.03523958825966889, "roll-in": 0.266414044611503, "dsfb": 0.0, "sfR": 0.13064861186637447, "sfT": 0.0011206627132361812, "redirect": 0.03005348726433055, "sfb": 0.030997342376183967, "oneh-out": 0.010630322310917846, "sft": 0.0, "oneh-in": 0.009990741320225522, "roll-out": 0.11364624836185509, "dsfb-red": 0.015368474478269948, "unknown": 0.12482253455870851, "alternate": 0.22852832157082634, "bad-redirect": 0.0025396203078997147}, "french": {"dsfb-alt": 0.030194786521013834, "roll-in": 0.214920044250957, "dsfb": 0.0, "sfR": 0.10898279115633469, "sfT": 8.813815496233768e-05, "redirect": 0.035927601944181174, "sfb": 0.049903469768290735, "oneh-out": 0.01018177719150848, "sft": 0.0, "oneh-in": 0.015702899238912126, "roll-out": 0.1667732849192231, "dsfb-red": 0.016478883555803896, "unknown": 0.14988019847879508, "alternate": 0.19554641483634672, "bad-redirect": 0.005419709983670845}, "keymash": {"dsfb-alt": 0.038704831022974964, "roll-in": 0.325179690739, "dsfb": 0.0, "sfR": 0.099723742164827, "sfT": 0.0010713713964361508, "redirect": 0.0366359759126155, "sfb": 0.028052690127374155, "oneh-out": 0.01716246669923198, "sft": 0.0, "oneh-in": 0.011423856690734896, "roll-out": 0.14345293559867495, "dsfb-red": 0.015286540537656037, "unknown": 0.008566866300238493, "alternate": 0.2715659673334346, "bad-redirect": 0.0031730654768013203}, "movie": {"dsfb-alt": 0.037547626902756696, "roll-in": 0.2978786823213701, "dsfb": 0.0, "sfR": 0.11567713207251198, "sfT": 0.000734447537139871, "redirect": 0.03863383546243283, "sfb": 0.02618112679070114, "oneh-out": 0.03014564327589658, "sft": 0.0, "oneh-in": 0.01026739496419815, "roll-out": 0.14095339212510638, "dsfb-red": 0.017993504067491794, "unknown": 0.02448311987944585, "alternate": 0.25752486310863837, "bad-redirect": 0.0019792314923102777}, "dutch": {"dsfb-alt": 0.03629474266602723, "roll-in": 0.26331491470195667, "dsfb": 0.0, "sfR": 0.18880787437283908, "sfT": 0.000202080051026737, "redirect": 0.041541579951851516, "sfb": 0.060094393438706394, "oneh-out": 0.005465682629460603, "sft": 0.0,