{"english-450k": {"sft": 0.0, "roll-in": 0.25684572481685974, "oneh-in": 0.010373904944217421, "alternate": 0.3178966743280861, "sfT": 0.00016897610420621868, "oneh-out": 0.005100856515899833, "dsfb-alt": 0.05287578034509715, "bad-redirect": 0.0028965661599917206, "dsfb": 0.0, "dsfb-red": 0.015610117751202858, "redirect": 0.034583093853070304, "unknown": 0.00015377410175167997, "roll-out": 0.1513444124747632, "sfR": 0.11369548401129392, "sfb": 0.03845463459355985}, "shai": {"sft": 0.0, "roll-in": 0.291756648510837, "oneh-in": 0.012192836616420503, "alternate": 0.28894104608789917, "sfT": 7.281013043896937e-05, "oneh-out": 0.010873565200751912, "dsfb-alt": 0.05522810176883875, "bad-redirect": 0.0027154478542918033, "dsfb": 0.0, "dsfb-red": 0.016743098209610813, "redirect": 0.023534167814113865, "unknown": 0.023621906111313578, "roll-out": 0.1541028849098334, "sfR": 0.09823378925716947, "sfb": 0.02198369752848079}, "tr-quotes": {"sft": 0.0, "roll-in": 0.2952532303922702, "oneh-in": 0.0094392177712027, "alternate": 0.2723850581355031, "sfT": 3.35174868819491e-05, "oneh-out": 0.02058667159797508, "dsfb-alt": 0.05767781604678579, "bad-redirect": 0.0026028062226948058, "dsfb": 0.0, "dsfb-red": 0.019012505489933197, "redirect": 0.025235200295878505, "unknown": 0.01476965396084233, "roll-out": 0.16499734171655764, "sfR": 0.09677191928064538, "sfb": 0.021235061602829338}, "gutenberg": {"sft": 0.0, "roll-in": 0.3099536145105541, "oneh-in": 0.009349841611909967, "alternate": 0.26085198054256964, "sfT": 2.06486087952465e-05, "oneh-out": 0.010908527420784169, "dsfb-alt": 0.056009067201939225, "bad-redirect": 0.0025835387775190073, "dsfb": 0.0, "dsfb-red": 0.016727267491929047, "redirect": 0.022565330114423604, "unknown": 0.03802431837805746, "roll-out": 0.15489525472237473, "sfR": 0.09863878308844841, "sfb": 0.019471827530695388}, "english-200": {"sft": 0.0, "roll-in": 0.30957683741648107, "oneh-in": 0.008908685968819599, "alternate": 0.267260579064588, "sfT": 0.0, "oneh-out": 0.0066815144766146995, "dsfb-alt": 0.0801781737193764, "bad-redirect": 0.0, "dsfb": 0.0, "dsfb-red": 0.015590200445434299, "redirect": 0.0200445434298441, "unknown": 0.0, "roll-out": 0.1714922048997773, "sfR": 0.10690423162583519, "sfb": 0.013363028953229399}, "monkeyracer": {"sft": 0.0, "roll-in": 0.2952085646808577, "oneh-in": 0.009372507311885136, "alternate": 0.27159058917371787, "sfT": 2.9325742527800803e-05, "oneh-out": 0.02100114174890908, "dsfb-alt": 0.057813746344057435, "bad-redirect": 0.0026393168275020726, "dsfb": 0.0, "dsfb-red": 0.01904413719755384, "redirect": 0.025192767880882743, "unknown": 0.014352018393105714, "roll-out": 0.16570901825234216, "sfR": 0.09690789370786869, "sfb": 0.021138972738789747}, "chained-bigrams": {"sft": 0.0, "roll-in": 0.2892678375361744, "oneh-in": 0.014119779833765013, "alternate": 0.28550511684562585, "sfT": 7.07742114356841e-05, "oneh-out": 0.005775565235967064, "dsfb-alt": 0.054465625484949445, "bad-redirect": 0.0030004369820577637, "dsfb": 0.0, "dsfb-red": 0.02075112865388099, "redirect": 0.037087634706374675, "unknown": 0.02365222201805197, "roll-out": 0.12543073250010225, "sfR": 0.11914286586209158, "sfb": 0.0217302801295233}, "english-5k": {"sft": 0.0, "roll-in": 0.2760608951756751, "oneh-in": 0.021570498195544862, "alternate": 0.32807898120877754, "sfT": 8.296345459824948e-05, "oneh-out": 0.0042726179118098475, "dsfb-alt": 0.051644750487410296, "bad-redirect": 0.003484465093126478, "dsfb": 0.0, "dsfb-red": 0.015223793918778778, "redirect": 0.023851993196996723, "unknown": 0.002157049819554486, "roll-out": 0.14195047081760484, "sfR": 0.10644211224955408, "sfb": 0.025179408470568713}, "mt-quotes": {"sft": 0.0, "roll-in": 0.3001189323579685, "oneh-in": 0.009214269492356056, "alternate": 0.26955809756039256, "sfT": 2.540012670180849e-05, "oneh-out": 0.022374523374093066, "dsfb-alt": 0.05880278743978676, "bad-redirect": 0.0026610368032894656, "dsfb": 0.0, "dsfb-red": 0.019245825414470303, "redirect": 0.02488315941717168, "unknown": 0.008869126594231481, "roll-out": 0.1672628225816091, "sfR": 0.0964592223377679, "sfb": 0.020524796500161365}, "wordle": {"sft": 0.0, "roll-in": 0.23080893077527206, "oneh-in": 0.005340513856165152, "alternate": 0.2940872882306743, "sfT": 8.975653539773365e-05, "oneh-out": 0.006574666217883989, "dsfb-alt": 0.06141590934589925, "bad-redirect": 0.0027600134634803096, "dsfb": 0.0, "dsfb-red": 0.02039717266913497, "redirect": 0.03491529226971839, "unknown": 0.0, "roll-out": 0.1736788959946146, "sfR": 0.13138112868843263, "sfb": 0.0385504319533266}, "english-1k": {"sft": 0.0, "roll-in": 0.292166549047283, "oneh-in": 0.011997177134791814, "alternate": 0.2826393789696542, "sfT": 0.0, "oneh-out": 0.0067043048694424845, "dsfb-alt": 0.05822159491884263, "bad-redirect": 0.004234297812279464, "dsfb": 0.0, "dsfb-red": 0.016584333098094567, "redirect": 0.022582921665490474, "unknown": 0.0, "roll-out": 0.17466478475652789, "sfR": 0.10832745236414962, "sfb": 0.021877205363443897}, "english-10k": {"sft": 0.0, "roll-in": 0.28633179599004266, "oneh-in": 0.01860249705717759, "alternate": 0.3173616873468285, "sfT": 0.00015437756893923313, "oneh-out": 0.004419057910885548, "dsfb-alt": 0.05154281082958646, "bad-redirect": 0.0038980336157156364, "dsfb": 0.0, "dsfb-red": 0.015785106424036587, "redirect": 0.025549487659443083, "unknown": 0.0, "roll-out": 0.14526929237181838, "sfR": 0.10567144593890508, "sfb": 0.025414407286621254}, "reddit": {"sft": 0.0, "roll-in": 0.2797297897122091, "oneh-in": 0.00887418560560303, "alternate": 0.2712444869710943, "sfT": 8.000903472807885e-05, "oneh-out": 0.014805417166020808, "dsfb-alt": 0.05643667253062471, "bad-redirect": 0.0018914120826752534, "dsfb": 0.0, "dsfb-red": 0.018787776971819103, "redirect": 0.023569440519219678, "unknown": 0.041217688064775854, "roll-out": 0.155005256211516, "sfR": 0.10397777127267367, "sfb": 0.024380093857040413}, "akl": {"sft": 0.0, "roll-in": 0.24553140159580966, "oneh-in": 0.006604984467195259, "alternate": 0.22484587583051208, "sfT": 0.0001336187127275011, "oneh-out": 0.013462925365770725, "dsfb-alt": 0.051591598258934335, "bad-redirect": 0.0021208264505159975, "dsfb": 0.0, "dsfb-red": 0.01579183924206169, "redirect": 0.018996637616538657, "unknown": 0.13295000147380848, "roll-out": 0.13112452970005736, "sfR": 0.13064861186637447, "sfb": 0.026197149419693783}, "french": {"sft": 0.0, "roll-in": 0.24165404109695043, "oneh-in": 0.01970267553010201, "alternate": 0.22308355807214483, "sfT": 0.00018611937771496193, "oneh-out": 0.011488448186128607, "dsfb-alt": 0.0319994088765864, "bad-redirect": 0.004171887650055659, "dsfb": 0.0, "dsfb-red": 0.011917767745639187, "redirect": 0.02519692015952122, "unknown": 0.15822382396052298, "roll-out": 0.13532516274808445, "sfR": 0.10898279115633469, "sfb": 0.02806739544021458}, "keymash": {"sft": 0.0, "roll-in": 0.2969587008903466, "oneh-in": 0.009445308747891122, "alternate": 0.2703221913444685, "sfT": 6.157306876069832e-05, "oneh-out": 0.019859367110950564, "dsfb-alt": 0.056511762508568916, "bad-redirect": 0.0027338442529750056, "dsfb": 0.0, "dsfb-red": 0.019707486874674177, "redirect": 0.024666171345535746, "unknown": 0.013394194891077241, "roll-out": 0.16544683575999639, "sfR": 0.099723742164827, "sfb": 0.021168821039928083}, "movie": {"sft": 0.0, "roll-in": 0.2611670964871405, "oneh-in": 0.006451715634441734, "alternate": 0.25518334276670507, "sfT": 3.000430719725687e-05, "oneh-out": 0.03364838294549915, "dsfb-alt": 0.056146481027737005, "bad-redirect": 0.00175446238400802, "dsfb": 0.0, "dsfb-red": 0.019966024070034265, "redirect": 0.02795098612182354, "unknown": 0.030451476652766863, "roll-out": 0.1718675667783362, "sfR": 0.11567713207251198, "sfb": 0.019705328751798448}, "dutch": {"sft": 0.0, "roll-in": 0.2640592399014394, "oneh-in": 0.00538700230435809, "alternate": 0.20387088910094245, "sfT": 7.848308636592971e-05, "oneh-out": 0.003001955640004018, "dsfb-alt": 0.04559535598167171, "bad-redirect": 0.002256482869690212,