{"english-450k": {"sft": 0.0, "roll-in": 0.2909388464369722, "oneh-in": 0.010249657808771672, "alternate": 0.26414473241844566, "sfT": 0.00034233740142816963, "oneh-out": 0.005525050853621673, "dsfb-alt": 0.040206080684043334, "bad-redirect": 0.0016400621878838871, "dsfb": 0.0, "dsfb-red": 0.016493587970772397, "redirect": 0.048742882100869966, "unknown": 0.00015377410175167997, "roll-out": 0.16759213729045355, "sfR": 0.11369548401129392, "sfb": 0.040275366733691906}, "shai": {"sft": 0.0, "roll-in": 0.3277272061562413, "oneh-in": 0.016626924018921036, "alternate": 0.2469734796492357, "sfT": 8.232746569037411e-05, "oneh-out": 0.008710269866576172, "dsfb-alt": 0.038198647493383926, "bad-redirect": 0.0034648286662911855, "dsfb": 0.0, "dsfb-red": 0.011470815724263407, "redirect": 0.04199787173960633, "unknown": 0.024097749651430984, "roll-out": 0.1522434205372561, "sfR": 0.09823378925716947, "sfb": 0.030172669773934065}, "tr-quotes": {"sft": 0.0, "roll-in": 0.32215505882896833, "oneh-in": 0.025331129654885463, "alternate": 0.259092485148286, "sfT": 5.200989343750722e-05, "oneh-out": 0.009665749751508287, "dsfb-alt": 0.03297773976560875, "bad-redirect": 0.00308014146691015, "dsfb": 0.0, "dsfb-red": 0.010485194517001457, "redirect": 0.04097686137629736, "unknown": 0.013894731975682485, "roll-out": 0.15123205658676406, "sfR": 0.09677191928064538, "sfb": 0.034284921754004764}, "gutenberg": {"sft": 0.0, "roll-in": 0.3432132190499139, "oneh-in": 0.014767165150604132, "alternate": 0.23395820948903975, "sfT": 6.535568838862425e-05, "oneh-out": 0.009086335053798151, "dsfb-alt": 0.03428862511711929, "bad-redirect": 0.002902739748344607, "dsfb": 0.0, "dsfb-red": 0.010639906069668028, "redirect": 0.04032938509200755, "unknown": 0.03298207965968062, "roll-out": 0.14852089658153755, "sfR": 0.09863878308844841, "sfb": 0.03060730021144933}, "english-200": {"sft": 0.0, "roll-in": 0.34966592427616927, "oneh-in": 0.013363028953229399, "alternate": 0.26057906458797325, "sfT": 0.0, "oneh-out": 0.013363028953229399, "dsfb-alt": 0.028953229398663696, "bad-redirect": 0.0022271714922048997, "dsfb": 0.0, "dsfb-red": 0.0066815144766146995, "redirect": 0.0334075723830735, "unknown": 0.0, "roll-out": 0.1603563474387528, "sfR": 0.10690423162583519, "sfb": 0.024498886414253896}, "monkeyracer": {"sft": 0.0, "roll-in": 0.32187250731188516, "oneh-in": 0.025824248869981387, "alternate": 0.258920890876957, "sfT": 5.083128704818806e-05, "oneh-out": 0.009791865430032689, "dsfb-alt": 0.032798887967843346, "bad-redirect": 0.0030567198961477704, "dsfb": 0.0, "dsfb-red": 0.010527941567480489, "redirect": 0.04104430924191001, "unknown": 0.013491796612290222, "roll-out": 0.15147528035409857, "sfR": 0.09690789370786869, "sfb": 0.03423682687645651}, "chained-bigrams": {"sft": 0.0, "roll-in": 0.29029828408249025, "oneh-in": 0.020638798942152797, "alternate": 0.26643438873482334, "sfT": 0.0002623190955964805, "oneh-out": 0.005751540962360456, "dsfb-alt": 0.048374498168636114, "bad-redirect": 0.0032867803512608524, "dsfb": 0.0, "dsfb-red": 0.019957678320170844, "redirect": 0.04942831968386653, "unknown": 0.023159399756770463, "roll-out": 0.12226861864971895, "sfR": 0.11914286586209158, "sfb": 0.030996507390061354}, "english-5k": {"sft": 0.0, "roll-in": 0.32376488156966854, "oneh-in": 0.010826730825071556, "alternate": 0.2545318787074294, "sfT": 0.00012444518189737422, "oneh-out": 0.0076326378230389515, "dsfb-alt": 0.039656531297963246, "bad-redirect": 0.000622225909486871, "dsfb": 0.0, "dsfb-red": 0.01348156137221554, "redirect": 0.043929149209773095, "unknown": 0.002157049819554486, "roll-out": 0.16750321483386568, "sfR": 0.10644211224955408, "sfb": 0.02932758120048119}, "mt-quotes": {"sft": 0.0, "roll-in": 0.324774984759924, "oneh-in": 0.027230429949438806, "alternate": 0.26231457907507677, "sfT": 3.137662710223402e-05, "oneh-out": 0.010095803301418821, "dsfb-alt": 0.03221184303319349, "bad-redirect": 0.003112262583521593, "dsfb": 0.0, "dsfb-red": 0.010219815684727651, "redirect": 0.04053561396588613, "unknown": 0.007995063410669249, "roll-out": 0.1508752584836423, "sfR": 0.0964592223377679, "sfb": 0.03414374678763103}, "wordle": {"sft": 0.0, "roll-in": 0.24972512061034444, "oneh-in": 0.008863457870526198, "alternate": 0.23798945360709076, "sfT": 0.00022439133849433412, "oneh-out": 0.009648827555256367, "dsfb-alt": 0.044519241557275886, "bad-redirect": 0.004083922360596881, "dsfb": 0.0, "dsfb-red": 0.021810838101649275, "redirect": 0.04864804218557164, "unknown": 0.0, "roll-out": 0.20284976999887805, "sfR": 0.13138112868843263, "sfb": 0.04025580612588354}, "english-1k": {"sft": 0.0, "roll-in": 0.3330980945659845, "oneh-in": 0.010232886379675371, "alternate": 0.22759350741002118, "sfT": 0.0, "oneh-out": 0.012702893436838392, "dsfb-alt": 0.03352152434721242, "bad-redirect": 0.00035285815102328866, "dsfb": 0.0, "dsfb-red": 0.009880028228652082, "redirect": 0.04728299223712068, "unknown": 0.0, "roll-out": 0.19548341566690192, "sfR": 0.10832745236414962, "sfb": 0.021524347212420608}, "english-10k": {"sft": 0.0, "roll-in": 0.3243858667335636, "oneh-in": 0.009359140116941009, "alternate": 0.252542405588468, "sfT": 0.00011578317670442484, "oneh-out": 0.007294340132378766, "dsfb-alt": 0.039694332413500316, "bad-redirect": 0.0036664672623067866, "dsfb": 0.0, "dsfb-red": 0.01402906157735281, "redirect": 0.04229945388934988, "unknown": 0.0, "roll-out": 0.16917851836128212, "sfR": 0.10567144593890508, "sfb": 0.03176318480924722}, "reddit": {"sft": 0.0, "roll-in": 0.3014040724074273, "oneh-in": 0.019591837804905685, "alternate": 0.2530123907250201, "sfT": 0.0001209499874236735, "oneh-out": 0.009378324930699103, "dsfb-alt": 0.03597552307872968, "bad-redirect": 0.003481704020135607, "dsfb": 0.0, "dsfb-red": 0.010327383410523697, "redirect": 0.03955248130079108, "unknown": 0.04519937363713543, "roll-out": 0.14659790234739992, "sfR": 0.10397777127267367, "sfb": 0.03138028507713511}, "akl": {"sft": 0.0, "roll-in": 0.25292478094178117, "oneh-in": 0.016664338798745536, "alternate": 0.21790098887977535, "sfT": 0.00040584707382802023, "oneh-out": 0.008866174805840867, "dsfb-alt": 0.028531424845663345, "bad-redirect": 0.0036787148923812206, "dsfb": 0.0, "dsfb-red": 0.011497237949503246, "redirect": 0.03282988052416585, "unknown": 0.13920166722946467, "roll-out": 0.12679042095157228, "sfR": 0.13064861186637447, "sfb": 0.03005991124090399}, "french": {"sft": 0.0, "roll-in": 0.23473646189774677, "oneh-in": 0.014548009248528518, "alternate": 0.18496065237396292, "sfT": 4.421140494541195e-05, "oneh-out": 0.009238610540565252, "dsfb-alt": 0.028983235218023127, "bad-redirect": 0.0035508155416137566, "dsfb": 0.0, "dsfb-red": 0.013933319403220044, "redirect": 0.03569144322640601, "unknown": 0.15842537463172957, "roll-out": 0.15853083179181454, "sfR": 0.10898279115633469, "sfb": 0.048374243565109415}, "keymash": {"sft": 0.0, "roll-in": 0.3256271217053277, "oneh-in": 0.024961722075587098, "alternate": 0.25565959123692084, "sfT": 7.388768251283799e-05, "oneh-out": 0.010151346603013797, "dsfb-alt": 0.03264193618567154, "bad-redirect": 0.003095072923037769, "dsfb": 0.0, "dsfb-red": 0.010192395315520929, "redirect": 0.040642330253311605, "unknown": 0.012376186820900362, "roll-out": 0.15063235541617237, "sfR": 0.099723742164827, "sfb": 0.034222311617196126}, "movie": {"sft": 0.0, "roll-in": 0.2861676590679004, "oneh-in": 0.03589528444149022, "alternate": 0.25858277813301883, "sfT": 6.119299494177387e-05, "oneh-out": 0.009602694281508043, "dsfb-alt": 0.03408897250907992, "bad-redirect": 0.004086244485886066, "dsfb": 0.0, "dsfb-red": 0.011446248402237742, "redirect": 0.036013196104861894, "unknown": 0.030282373430185833, "roll-out": 0.1397516406631531, "sfR": 0.11567713207251198, "sfb": 0.038344583413224186}, "dutch": {"sft": 0.0, "roll-in": 0.2756505121805858, "oneh-in": 0.007310277224782122, "alternate": 0.2129123127859222, "sfT": 0.00011568948440323932, "oneh-out": 0.005298693142751464, "dsfb-alt": 0.02562215462950335,