{"english-450k": {"sfT": 0.00014763483152965473, "dsfb": 0.0, "roll-out": 0.1830458498240953, "roll-in": 0.21749271034747686, "sfb": 0.024504458571912194, "bad-redirect": 0.0021487445777088362, "redirect": 0.04008797281881961, "dsfb-red": 0.014058636462236764, "sft": 0.0, "alternate": 0.3483664571323995, "oneh-in": 0.0025825863400652867, "dsfb-alt": 0.048826200768168876, "sfR": 0.11369548401129392, "unknown": 0.0001543587941537776, "oneh-out": 0.004888905520139437}, "shai": {"sfT": 3.7821634842101254e-05, "dsfb": 0.0, "roll-out": 0.21944462420343117, "roll-in": 0.21793951123858346, "sfb": 0.013661141993533011, "bad-redirect": 0.0010807032873394592, "redirect": 0.042049181749133725, "dsfb-red": 0.01028071533205166, "sft": 0.0, "alternate": 0.3074459776079821, "oneh-in": 0.0025598535499234743, "dsfb-alt": 0.04185155480514349, "sfR": 0.09823378925716947, "unknown": 0.031793109309943265, "oneh-out": 0.013622016030923638}, "tr-quotes": {"sfT": 2.4271283604170037e-05, "dsfb": 0.0, "roll-out": 0.23002357781835833, "roll-in": 0.2057522942141883, "sfb": 0.010828459813689004, "bad-redirect": 0.0009373338572848524, "redirect": 0.03966158896003329, "dsfb-red": 0.009404544508911029, "sft": 0.0, "alternate": 0.2976399066133469, "oneh-in": 0.003013106493146252, "dsfb-alt": 0.042158063845033636, "sfR": 0.09677191928064538, "unknown": 0.039616513719054114, "oneh-out": 0.024168419592704746}, "gutenberg": {"sfT": 0.00015268604301806128, "dsfb": 0.0, "roll-out": 0.24196608096603664, "roll-in": 0.21275227769309954, "sfb": 0.010547271485256325, "bad-redirect": 0.0012048179076859426, "redirect": 0.03631029441127406, "dsfb-red": 0.00836780135507916, "sft": 0.0, "alternate": 0.2930030010574361, "oneh-in": 0.0026068395012053863, "dsfb-alt": 0.0392221271249597, "sfR": 0.09863878308844841, "unknown": 0.04011588984327138, "oneh-out": 0.015112129523229306}, "english-200": {"sfT": 0.0, "dsfb": 0.0, "roll-out": 0.20935412026726058, "roll-in": 0.2561247216035635, "sfb": 0.008908685968819599, "bad-redirect": 0.0, "redirect": 0.042316258351893093, "dsfb-red": 0.008908685968819599, "sft": 0.0, "alternate": 0.2984409799554566, "oneh-in": 0.0066815144766146995, "dsfb-alt": 0.042316258351893093, "sfR": 0.10690423162583519, "unknown": 0.0, "oneh-out": 0.0200445434298441}, "monkeyracer": {"sfT": 2.248306927131395e-05, "dsfb": 0.0, "roll-out": 0.23076231290176266, "roll-in": 0.20524696185307412, "sfb": 0.010742997012684361, "bad-redirect": 0.0009530866321535262, "redirect": 0.03971683063015156, "dsfb-red": 0.009385215133647184, "sft": 0.0, "alternate": 0.2970834571531351, "oneh-in": 0.003064540094155184, "dsfb-alt": 0.04219876597275443, "sfR": 0.09690789370786869, "unknown": 0.03912933825484461, "oneh-out": 0.02478611758449724}, "chained-bigrams": {"sfT": 2.2076359530396875e-05, "dsfb": 0.0, "roll-out": 0.20629578815525396, "roll-in": 0.17626090101414899, "sfb": 0.01459896669651304, "bad-redirect": 0.0026595520187207527, "redirect": 0.04533899873320654, "dsfb-red": 0.02049854912866557, "sft": 0.0, "alternate": 0.3126830633416206, "oneh-in": 0.004697719447130041, "dsfb-alt": 0.05662910871892834, "sfR": 0.11914286586209158, "unknown": 0.033665798979163164, "oneh-out": 0.007506611545027008}, "english-5k": {"sfT": 0.0, "dsfb": 0.0, "roll-out": 0.1857966565727797, "roll-in": 0.24536441697432282, "sfb": 0.01601194673746215, "bad-redirect": 0.0018666777284606132, "redirect": 0.044261003028166095, "dsfb-red": 0.011697847098353175, "sft": 0.0, "alternate": 0.3349234662131331, "oneh-in": 0.0021155680922553613, "dsfb-alt": 0.04355581366408097, "sfR": 0.10644211224955408, "unknown": 0.0022400132741527356, "oneh-out": 0.005724478367279214}, "mt-quotes": {"sfT": 7.470625500531909e-06, "dsfb": 0.0, "roll-out": 0.23464039397090639, "roll-in": 0.20484455122458492, "sfb": 0.009915014164305949, "bad-redirect": 0.0008710749333620205, "redirect": 0.03976464541423124, "dsfb-red": 0.00908876298394712, "sft": 0.0, "alternate": 0.2971515999091572, "oneh-in": 0.003167545212225529, "dsfb-alt": 0.04280967236824805, "sfR": 0.0964592223377679, "unknown": 0.03468910244916987, "oneh-out": 0.026590944406593275}, "wordle": {"sfT": 0.00026926960619320093, "dsfb": 0.0, "roll-out": 0.20302928306967352, "roll-in": 0.1969258386626276, "sfb": 0.030831369909121508, "bad-redirect": 0.002019522046449007, "redirect": 0.041153371479860874, "dsfb-red": 0.017996185347245595, "sft": 0.0, "alternate": 0.31257713452260744, "oneh-in": 0.002176595983395041, "dsfb-alt": 0.053719286435543585, "sfR": 0.13138112868843263, "unknown": 0.0, "oneh-out": 0.007921014248849995}, "english-1k": {"sfT": 0.0, "dsfb": 0.0, "roll-out": 0.2021877205363444, "roll-in": 0.2702893436838391, "sfb": 0.011997177134791814, "bad-redirect": 0.0, "redirect": 0.04269583627381793, "dsfb-red": 0.011644318983768526, "sft": 0.0, "alternate": 0.30310515172900493, "oneh-in": 0.0035285815102328866, "dsfb-alt": 0.0374029640084686, "sfR": 0.10832745236414962, "unknown": 0.0, "oneh-out": 0.008821453775582216}, "english-10k": {"sfT": 7.718878446961657e-05, "dsfb": 0.0, "roll-out": 0.18980722101078712, "roll-in": 0.24077111595685147, "sfb": 0.016190347542502075, "bad-redirect": 0.0012543177476312692, "redirect": 0.04523262769919531, "dsfb-red": 0.011694100847146909, "sft": 0.0, "alternate": 0.33660099187588044, "oneh-in": 0.002334960730205901, "dsfb-alt": 0.04534841087589973, "sfR": 0.10567144593890508, "unknown": 0.0, "oneh-out": 0.005017270990525077}, "reddit": {"sfT": 6.618724923432364e-05, "dsfb": 0.0, "roll-out": 0.21527502075608912, "roll-in": 0.19965479247937548, "sfb": 0.012761927985500984, "bad-redirect": 0.0010661878110955227, "redirect": 0.03914899004513057, "dsfb-red": 0.009700720886646938, "sft": 0.0, "alternate": 0.2926917777419435, "oneh-in": 0.0030188053070412256, "dsfb-alt": 0.044100448046848734, "sfR": 0.10397777127267367, "unknown": 0.06027826737738363, "oneh-out": 0.01825910304103628}, "akl": {"sfT": 0.00021557382924324099, "dsfb": 0.0, "roll-out": 0.17370024979138754, "roll-in": 0.17111417919134142, "sfb": 0.019174087615578764, "bad-redirect": 0.0014084074485217726, "redirect": 0.032613565466856446, "dsfb-red": 0.010699207105866863, "sft": 0.0, "alternate": 0.2522122136941737, "oneh-in": 0.0032826767366287953, "dsfb-alt": 0.03839714569872889, "sfR": 0.13064861186637447, "unknown": 0.15113620503040356, "oneh-out": 0.015397876524894527}, "french": {"sfT": 4.323758545322226e-05, "dsfb": 0.0, "roll-out": 0.18485435623093083, "roll-in": 0.15586983257481035, "sfb": 0.03469269395521626, "bad-redirect": 0.0013598565207320252, "redirect": 0.031105787165038118, "dsfb-red": 0.011468851941578082, "sft": 0.0, "alternate": 0.2408797347459529, "oneh-in": 0.0002771040819621618, "dsfb-alt": 0.03259833782795975, "sfR": 0.10898279115633469, "unknown": 0.1845785256052277, "oneh-out": 0.01328889060880393}, "keymash": {"sfT": 2.873409875499255e-05, "dsfb": 0.0, "roll-out": 0.23049673047004882, "roll-in": 0.20779268758235397, "sfb": 0.011333549523219204, "bad-redirect": 0.0009523301301654673, "redirect": 0.039382134779342645, "dsfb-red": 0.009716230250438196, "sft": 0.0, "alternate": 0.2983584619868398, "oneh-in": 0.002967821914265659, "dsfb-alt": 0.041130809932146475, "sfR": 0.099723742164827, "unknown": 0.03457533054475746, "oneh-out": 0.023541436622840323}, "movie": {"sfT": 1.6449729823057495e-05, "dsfb": 0.0, "roll-out": 0.20763414853369083, "roll-in": 0.18320340459400158, "sfb": 0.009948928194823757, "bad-redirect": 0.0007414222225848474, "redirect": 0.03431400481305935, "dsfb-red": 0.00857609954271067, "sft": 0.0, "alternate": 0.27544059285352673, "oneh-in": 0.0021876824686280624, "dsfb-alt": 0.04191667514376077, "sfR": 0.11567713207251198, "unknown": 0.08496732886260383, "oneh-out": 0.03537613096827452}, "dutch": {"sfT": 4.1294619122854954e-05, "dsfb": 0.0, "roll-out": 0.17915192650784262, "roll-in": 0.19998695355411472, "sfb": 0.026981810894743406, "bad-redirect": 0.0008296399184521823, "redirect": 0.029094417071493198, "dsfb-red": 0.01017468574221062, "sft": 0.0,