{"english-450k": {"oneh-out": 0.004411504173826713, "sfb": 0.023135108966199518, "oneh-in": 0.0025761547236422128, "bad-redirect": 0.004304505464242844, "alternate": 0.36175591314043554, "dsfb-red": 0.012074190449517366, "roll-out": 0.18015980812734134, "unknown": 0.00015377410175167997, "sfR": 0.11369548401129392, "sfT": 7.805643568003527e-05, "dsfb": 0.0, "roll-in": 0.22048078086839684, "redirect": 0.02946645064231384, "dsfb-alt": 0.04770826889535819, "sft": 0.0}, "shai": {"oneh-out": 0.012206994571829059, "sfb": 0.014216967531604984, "oneh-in": 0.002761943075265827, "bad-redirect": 0.002256781188450824, "alternate": 0.318584228455679, "dsfb-red": 0.010407165458118615, "roll-out": 0.2212902983094364, "unknown": 0.023260762136131256, "sfR": 0.09823378925716947, "sfT": 4.057349550243015e-05, "dsfb": 0.0, "roll-in": 0.22185224683423782, "redirect": 0.03131284189256179, "dsfb-alt": 0.043575407794012505, "sft": 0.0}, "tr-quotes": {"oneh-out": 0.021344860266752964, "sfb": 0.012623379024987865, "oneh-in": 0.0027276299669448233, "bad-redirect": 0.0024652689489378424, "alternate": 0.317473012644183, "dsfb-red": 0.010940570028432075, "roll-out": 0.22754212801368437, "unknown": 0.013835787429786644, "sfR": 0.09677191928064538, "sfT": 1.3869304916668594e-05, "dsfb": 0.0, "roll-in": 0.217964217193315, "redirect": 0.03239407318369894, "dsfb-alt": 0.04390328471371443, "sft": 0.0}, "gutenberg": {"oneh-out": 0.013222308226519406, "sfb": 0.01202355229572748, "oneh-in": 0.0026233205008859956, "bad-redirect": 0.002849508013744017, "alternate": 0.29946241631156745, "dsfb-red": 0.00846649791638488, "roll-out": 0.24577262358192364, "unknown": 0.032975828246008664, "sfR": 0.09863878308844841, "sfT": 2.7089459245139903e-05, "dsfb": 0.0, "roll-in": 0.21451631296925858, "redirect": 0.028974734059179292, "dsfb-alt": 0.04044702533110707, "sft": 0.0}, "english-200": {"oneh-out": 0.015590200445434299, "sfb": 0.008908685968819599, "oneh-in": 0.004454342984409799, "bad-redirect": 0.0, "alternate": 0.32293986636971045, "dsfb-red": 0.008908685968819599, "roll-out": 0.22271714922049, "unknown": 0.0, "sfR": 0.10690423162583519, "sfT": 0.0, "dsfb": 0.0, "roll-in": 0.23385300668151449, "redirect": 0.0334075723830735, "dsfb-alt": 0.042316258351893093, "sft": 0.0}, "monkeyracer": {"oneh-out": 0.021826172638691212, "sfb": 0.01254066502963855, "oneh-in": 0.002780080391635516, "bad-redirect": 0.0025171262336362355, "alternate": 0.3167444124685237, "dsfb-red": 0.01091797394310024, "roll-out": 0.22815329934153933, "unknown": 0.013436077701487402, "sfR": 0.09690789370786869, "sfT": 1.2707821762047014e-05, "dsfb": 0.0, "roll-in": 0.21788146925880164, "redirect": 0.03238441747345043, "dsfb-alt": 0.043897703989865026, "sft": 0.0}, "chained-bigrams": {"oneh-out": 0.007472198396347271, "sfb": 0.015836541439599405, "oneh-in": 0.005397669905182036, "bad-redirect": 0.004593830696398762, "alternate": 0.3147920049814656, "dsfb-red": 0.02104071854654443, "roll-out": 0.20211231802424373, "unknown": 0.022916559801936097, "sfR": 0.11914286586209158, "sfT": 5.7138812902203675e-05, "dsfb": 0.0, "roll-in": 0.1927883026461114, "redirect": 0.03775706784389936, "dsfb-alt": 0.056092783043278104, "sft": 0.0}, "english-5k": {"oneh-out": 0.005848923549176588, "sfb": 0.0157630563736674, "oneh-in": 0.0022400132741527356, "bad-redirect": 0.002447421910648359, "alternate": 0.3519724561330734, "dsfb-red": 0.0119052557348488, "roll-out": 0.18704110839175342, "unknown": 0.002157049819554486, "sfR": 0.10644211224955408, "sfT": 0.0, "dsfb": 0.0, "roll-in": 0.2388103040610611, "redirect": 0.03090388683784793, "dsfb-alt": 0.044468411664661714, "sft": 0.0}, "mt-quotes": {"oneh-out": 0.023447305195969447, "sfb": 0.011772211663738182, "oneh-in": 0.0028268846894012743, "bad-redirect": 0.0025310479195802104, "alternate": 0.3168919807317627, "dsfb-red": 0.010925042731977863, "roll-out": 0.2317163911499982, "unknown": 0.007977133909467972, "sfR": 0.0964592223377679, "sfT": 5.9765004004255265e-06, "dsfb": 0.0, "roll-in": 0.21869509090257108, "redirect": 0.032429985297809015, "dsfb-alt": 0.044321726969555705, "sft": 0.0}, "wordle": {"oneh-out": 0.007360035902614159, "sfb": 0.028587456524178167, "oneh-in": 0.0026926960619320095, "bad-redirect": 0.004218557163693481, "alternate": 0.32909233703579044, "dsfb-red": 0.012880062829574778, "roll-out": 0.2021541568495456, "unknown": 0.0, "sfR": 0.13138112868843263, "sfT": 4.4878267698866824e-05, "dsfb": 0.0, "roll-in": 0.19674632559183217, "redirect": 0.030988443846067543, "dsfb-alt": 0.05385392123864019, "sft": 0.0}, "english-1k": {"oneh-out": 0.008821453775582216, "sfb": 0.01058574453069866, "oneh-in": 0.0035285815102328866, "bad-redirect": 0.0007057163020465773, "alternate": 0.3196894848270995, "dsfb-red": 0.011644318983768526, "roll-out": 0.21206774876499648, "unknown": 0.0, "sfR": 0.10832745236414962, "sfT": 0.0, "dsfb": 0.0, "roll-in": 0.25335215243472126, "redirect": 0.033168666196189134, "dsfb-alt": 0.038108680310515175, "sft": 0.0}, "english-10k": {"oneh-out": 0.004959379402172864, "sfb": 0.015129001756044846, "oneh-in": 0.002431446710792922, "bad-redirect": 0.002720904652553984, "alternate": 0.34557418807047335, "dsfb-red": 0.010999401786920361, "roll-out": 0.18774242102622488, "unknown": 0.0, "sfR": 0.10567144593890508, "sfT": 3.859439223480828e-05, "dsfb": 0.0, "roll-in": 0.24414812527739718, "redirect": 0.033557824048165805, "dsfb-alt": 0.04702726693811389, "sft": 0.0}, "reddit": {"oneh-out": 0.016319670554558876, "sfb": 0.01531850881288655, "oneh-in": 0.003162978890687469, "bad-redirect": 0.002127356328813909, "alternate": 0.3089586708012159, "dsfb-red": 0.011006036824008403, "roll-out": 0.21481377016917827, "unknown": 0.039285409944231534, "sfR": 0.10397777127267367, "sfT": 0.00015825757103283386, "dsfb": 0.0, "roll-in": 0.2109110822813887, "redirect": 0.029092685934385475, "dsfb-alt": 0.044867800614938357, "sft": 0.0}, "akl": {"oneh-out": 0.014837088077635634, "sfb": 0.019778830887161297, "oneh-in": 0.0032878653330919564, "bad-redirect": 0.002380478642093902, "alternate": 0.26234707445806404, "dsfb-red": 0.010765942339423996, "roll-out": 0.17702688135233996, "unknown": 0.13277008071454782, "sfR": 0.13064861186637447, "sfT": 0.00027245072952036885, "dsfb": 0.0, "roll-in": 0.18471867911774983, "redirect": 0.02308317619092434, "dsfb-alt": 0.03808284029107235, "sft": 0.0}, "french": {"oneh-out": 0.012495946850909719, "sfb": 0.03519245811860801, "oneh-in": 0.000852241874049393, "bad-redirect": 0.003379033783191495, "alternate": 0.25318960716466266, "dsfb-red": 0.009654491391083616, "roll-out": 0.20159606617675754, "unknown": 0.15807953387545715, "sfR": 0.10898279115633469, "sfT": 3.297502618937706e-05, "dsfb": 0.0, "roll-in": 0.15999872234882626, "redirect": 0.02091449650618286, "dsfb-alt": 0.03563163572774722, "sft": 0.0}, "keymash": {"oneh-out": 0.020573614708574665, "sfb": 0.012762044718467406, "oneh-in": 0.002598383501701469, "bad-redirect": 0.0024588178791772196, "alternate": 0.3140226506795614, "dsfb-red": 0.011070837763173557, "roll-out": 0.23109193680140222, "unknown": 0.01232282349464109, "sfR": 0.099723742164827, "sfT": 8.209742501426442e-06, "dsfb": 0.0, "roll-in": 0.21778394420658995, "redirect": 0.03251468517689943, "dsfb-alt": 0.043068309162483116, "sft": 0.0}, "movie": {"oneh-out": 0.030501089037913206, "sfb": 0.014890427033670228, "oneh-in": 0.002170443151773498, "bad-redirect": 0.0016436570039199047, "alternate": 0.3114733970363377, "dsfb-red": 0.012784072029287363, "roll-out": 0.20093805571299775, "unknown": 0.030236445784519856, "sfR": 0.11567713207251198, "sfT": 2.0529262819175754e-05, "dsfb": 0.0, "roll-in": 0.20622789403057729, "redirect": 0.028715701161837838, "dsfb-alt": 0.0447211566818342, "sft": 0.0}, "dutch": {"oneh-out": 0.0015038198508882325, "sfb": 0.05251155021076035, "oneh-in": 0.0021986022659001227, "bad-redirect": 0.002586965338232696, "alternate": 0.28307371754745897, "dsfb-red": 0.006353203151702875, "roll-out": 0.1418644812805915,