{"english-450k": {"sft": 0.0, "roll-out": 0.18257634182521087, "alternate": 0.3390274577398949, "unknown": 0.00015377410175167997, "sfT": 1.0816809438806385e-05, "oneh-out": 0.005940474805312047, "dsfb-red": 0.01846195494243411, "oneh-in": 0.0034999687189564877, "redirect": 0.04236564207119098, "sfR": 0.11369548401129392, "dsfb-alt": 0.045876427599586274, "roll-in": 0.2239529766982537, "sfb": 0.02223848316758278, "bad-redirect": 0.0022001975090934285, "dsfb": 0.0}, "shai": {"sft": 0.0, "roll-out": 0.22913467644775737, "alternate": 0.3159118195472984, "unknown": 0.023621906111313578, "sfT": 3.615348864716208e-05, "oneh-out": 0.011218348957915653, "dsfb-red": 0.014870861487977116, "oneh-in": 0.0023872294468133067, "redirect": 0.03578487091257737, "sfR": 0.09823378925716947, "dsfb-alt": 0.0423242787957641, "roll-in": 0.21032640163758545, "sfb": 0.015152936881682842, "bad-redirect": 0.0009967270274981708, "dsfb": 0.0}, "tr-quotes": {"sft": 0.0, "roll-out": 0.24956311689512495, "alternate": 0.3223180231617392, "unknown": 0.01476965396084233, "sfT": 2.3115508194447656e-06, "oneh-out": 0.014802015672314556, "dsfb-red": 0.014807794549363167, "oneh-in": 0.0024826055800836783, "redirect": 0.035810545294838306, "sfR": 0.09677191928064538, "dsfb-alt": 0.03886872702896373, "roll-in": 0.19678000970851345, "sfb": 0.012244284690598923, "bad-redirect": 0.000778992626152886, "dsfb": 0.0}, "gutenberg": {"sft": 0.0, "roll-out": 0.25033179851655846, "alternate": 0.30106770356781437, "unknown": 0.03802431837805746, "sfT": 1.326057445566289e-06, "oneh-out": 0.014063975830898124, "dsfb-red": 0.010719658953179943, "oneh-in": 0.002193299014966642, "redirect": 0.03207638242435884, "sfR": 0.09863878308844841, "dsfb-alt": 0.03927403280211472, "roll-in": 0.1993964165381338, "sfb": 0.01314255534300749, "bad-redirect": 0.0010697494850161191, "dsfb": 0.0}, "english-200": {"sft": 0.0, "roll-out": 0.21380846325167038, "alternate": 0.31403118040089084, "unknown": 0.0, "sfT": 0.0, "oneh-out": 0.022271714922048998, "dsfb-red": 0.022271714922048998, "oneh-in": 0.004454342984409799, "redirect": 0.035634743875278395, "sfR": 0.10690423162583519, "dsfb-alt": 0.044543429844097995, "roll-in": 0.22939866369710468, "sfb": 0.0066815144766146995, "bad-redirect": 0.0, "dsfb": 0.0}, "monkeyracer": {"sft": 0.0, "roll-out": 0.25050342524672725, "alternate": 0.3221569670144048, "unknown": 0.014352018393105714, "sfT": 2.9325742527800804e-06, "oneh-out": 0.015023577896992352, "dsfb-red": 0.014794837105275505, "oneh-in": 0.002519081283138089, "redirect": 0.03588395608176799, "sfR": 0.09690789370786869, "dsfb-alt": 0.03869042964167853, "roll-in": 0.19624591394654112, "sfb": 0.012121306911490999, "bad-redirect": 0.0007976601967561818, "dsfb": 0.0}, "chained-bigrams": {"sft": 0.0, "roll-out": 0.21439716279821752, "alternate": 0.30908851256631836, "unknown": 0.02365222201805197, "sfT": 4.220480498458226e-05, "oneh-out": 0.007897492969653447, "dsfb-red": 0.022126355991686303, "oneh-in": 0.004756156869416385, "redirect": 0.046126605324688055, "sfR": 0.11914286586209158, "dsfb-alt": 0.053545560736285545, "roll-in": 0.17845035643581073, "sfb": 0.017970156657743055, "bad-redirect": 0.0028043469650524734, "dsfb": 0.0}, "english-5k": {"sft": 0.0, "roll-out": 0.18405442402621644, "alternate": 0.33019454930103287, "unknown": 0.002157049819554486, "sfT": 0.0, "oneh-out": 0.008711162732816195, "dsfb-red": 0.016634172646949018, "oneh-in": 0.00236445845605011, "redirect": 0.03895134193387813, "sfR": 0.10644211224955408, "dsfb-alt": 0.04421952130086697, "roll-in": 0.24810221097606505, "sfb": 0.016509727465051645, "bad-redirect": 0.0016592690919649893, "dsfb": 0.0}, "mt-quotes": {"sft": 0.0, "roll-out": 0.25598098277572584, "alternate": 0.3248272791384277, "unknown": 0.008869126594231481, "sfT": 0.0, "oneh-out": 0.01583623193602754, "dsfb-red": 0.014531860723634668, "oneh-in": 0.002517600793679253, "redirect": 0.03566476613953933, "sfR": 0.0964592223377679, "dsfb-alt": 0.03859175721064773, "roll-in": 0.19473679492236526, "sfb": 0.011259726754401693, "bad-redirect": 0.0007246506735515951, "dsfb": 0.0}, "wordle": {"sft": 0.0, "roll-out": 0.21272298889262875, "alternate": 0.30743857287108717, "unknown": 0.0, "sfT": 2.2439133849433412e-05, "oneh-out": 0.010299562436889936, "dsfb-red": 0.02210254684169191, "oneh-in": 0.0024009873218893752, "redirect": 0.046067541792886794, "sfR": 0.13138112868843263, "dsfb-alt": 0.050196342421182545, "roll-in": 0.18900482441377764, "sfb": 0.026837204083922362, "bad-redirect": 0.001525861101761472, "dsfb": 0.0}, "english-1k": {"sft": 0.0, "roll-out": 0.20924488355681017, "alternate": 0.30522230063514466, "unknown": 0.0, "sfT": 0.0, "oneh-out": 0.01058574453069866, "dsfb-red": 0.01587861679604799, "oneh-in": 0.0028228652081863093, "redirect": 0.03987297106563162, "sfR": 0.10832745236414962, "dsfb-alt": 0.03669724770642202, "roll-in": 0.2582921665490473, "sfb": 0.01305575158786168, "bad-redirect": 0.0, "dsfb": 0.0}, "english-10k": {"sft": 0.0, "roll-out": 0.1850408135697883, "alternate": 0.33472916385249224, "unknown": 0.0, "sfT": 0.0, "oneh-out": 0.006889099013913279, "dsfb-red": 0.015302676521101484, "oneh-in": 0.0025086354952625384, "redirect": 0.04166264641747554, "sfR": 0.10567144593890508, "dsfb-alt": 0.04720094170317053, "roll-in": 0.24156230099766504, "sfb": 0.01827444472318172, "bad-redirect": 0.0011578317670442484, "dsfb": 0.0}, "reddit": {"sft": 0.0, "roll-out": 0.22964162432574314, "alternate": 0.3122738017045745, "unknown": 0.041217688064775854, "sfT": 8.244376659012245e-05, "oneh-out": 0.0142203323708651, "dsfb-red": 0.015667874106383175, "oneh-in": 0.002790727117687634, "redirect": 0.03284486993568749, "sfR": 0.10397777127267367, "dsfb-alt": 0.040205176726885075, "roll-in": 0.192455065618833, "sfb": 0.01367794902682831, "bad-redirect": 0.000944675962472916, "dsfb": 0.0}, "akl": {"sft": 0.0, "roll-out": 0.18903942105344174, "alternate": 0.2693129875782777, "unknown": 0.13295000147380848, "sfT": 0.00021374546668003183, "oneh-out": 0.010495394095273452, "dsfb-red": 0.013438588377598279, "oneh-in": 0.0032017840470078933, "redirect": 0.026309000734878213, "sfR": 0.13064861186637447, "dsfb-alt": 0.037051470852206954, "roll-in": 0.1657101077293459, "sfb": 0.02083579740191162, "bad-redirect": 0.000793089323195277, "dsfb": 0.0}, "french": {"sft": 0.0, "roll-out": 0.19066047778910256, "alternate": 0.24716948502762268, "unknown": 0.15822382396052298, "sfT": 3.492266517375644e-05, "oneh-out": 0.012507602721139313, "dsfb-red": 0.01265502401041849, "oneh-in": 0.0004673135015443204, "redirect": 0.023482428543410393, "sfR": 0.10898279115633469, "dsfb-alt": 0.03822190568594175, "roll-in": 0.15740263943735527, "sfb": 0.048466576634807336, "bad-redirect": 0.0017250088666264764, "dsfb": 0.0}, "keymash": {"sft": 0.0, "roll-out": 0.25028631476973723, "alternate": 0.3198679873405771, "unknown": 0.013394194891077241, "sfT": 4.104871250713221e-06, "oneh-out": 0.01447377603001482, "dsfb-red": 0.014880158283835428, "oneh-in": 0.0024341886516729403, "redirect": 0.035802687048720715, "sfR": 0.099723742164827, "dsfb-alt": 0.03833128773916006, "roll-in": 0.19719391001301245, "sfb": 0.01271689113470956, "bad-redirect": 0.000890757061404769, "dsfb": 0.0}, "movie": {"sft": 0.0, "roll-out": 0.24167995695171504, "alternate": 0.31260119051300655, "unknown": 0.030451476652766863, "sfT": 5.658707059131778e-06, "oneh-out": 0.016129289086104334, "dsfb-red": 0.015571445848344809, "oneh-in": 0.0015696990186354384, "redirect": 0.028827427726796043, "sfR": 0.11567713207251198, "dsfb-alt": 0.0435871781067519, "roll-in": 0.18183465547488462, "sfb": 0.011375843558595056, "bad-redirect": 0.0006890462828282323, "dsfb": 0.0}, "dutch": {"sft": 0.0, "roll-out": 0.17158805406019706, "alternate": 0.26256824056842915, "unknown": 0.07325981014373002, "sfT": 3.236508359390065e-05, "oneh-out": 0.003544469750373579, "dsfb-red": 0.012077770588326214, "oneh-in": 0.001599659946073495, "redirect": 0.026185199499271814,