{"english-450k": {"alternate": 0.18111314908896153, "sfR": 0.11369548401129392, "sfb": 0.05517186740813459, "oneh-out": 0.01946119425761898, "dsfb-alt": 0.027594850263199286, "unknown": 0.00015377410175167997, "dsfb-red": 0.029654721595789277, "oneh-in": 0.024995307843473168, "bad-redirect": 0.03371628736696055, "sfT": 0.0007785179333930109, "roll-out": 0.20615874047901508, "roll-in": 0.25248479653581446, "redirect": 0.05502130911459445, "sft": 0.0, "dsfb": 0.0}, "shai": {"alternate": 0.16393227574154712, "sfR": 0.09823378925716947, "sfb": 0.06493643395395081, "oneh-out": 0.017327936332084792, "dsfb-alt": 0.024766529200067004, "unknown": 0.023260762136131256, "dsfb-red": 0.029617780874792894, "oneh-in": 0.028969947978609335, "bad-redirect": 0.053820948850844666, "sfT": 0.0014184699933398005, "roll-out": 0.19187786584419964, "roll-in": 0.2575909786034512, "redirect": 0.04424628123381202, "sft": 0.0, "dsfb": 0.0}, "tr-quotes": {"alternate": 0.15712766695175792, "sfR": 0.09677191928064538, "sfb": 0.07146968401100298, "oneh-out": 0.019444765493169366, "dsfb-alt": 0.023989274404197777, "unknown": 0.013835787429786644, "dsfb-red": 0.03230970157878921, "oneh-in": 0.031186287880539055, "bad-redirect": 0.05277617253415316, "sfT": 0.002434063012875338, "roll-out": 0.18685421048981762, "roll-in": 0.2665137190541134, "redirect": 0.04528674787915212, "sft": 0.0, "dsfb": 0.0}, "gutenberg": {"alternate": 0.15411515407082588, "sfR": 0.09863878308844841, "sfb": 0.07901275402051146, "oneh-out": 0.014990132238237208, "dsfb-alt": 0.022872786005017045, "unknown": 0.032975828246008664, "dsfb-red": 0.03017424773708297, "oneh-in": 0.03353466674092588, "bad-redirect": 0.06316788304021781, "sfT": 0.0024410823205096, "roll-out": 0.1753853049344871, "roll-in": 0.2531932410473126, "redirect": 0.03949813651041542, "sft": 0.0, "dsfb": 0.0}, "english-200": {"alternate": 0.15367483296213807, "sfR": 0.10690423162583519, "sfb": 0.062360801781737196, "oneh-out": 0.015590200445434299, "dsfb-alt": 0.011135857461024499, "unknown": 0.0, "dsfb-red": 0.0400890868596882, "oneh-in": 0.0378619153674833, "bad-redirect": 0.0400890868596882, "sfT": 0.0, "roll-out": 0.21603563474387527, "roll-in": 0.2873051224944321, "redirect": 0.028953229398663696, "sft": 0.0, "dsfb": 0.0}, "monkeyracer": {"alternate": 0.15674902638534807, "sfR": 0.09690789370786869, "sfb": 0.07164083394591551, "oneh-out": 0.019362810266355945, "dsfb-alt": 0.02394349124919843, "unknown": 0.013436077701487402, "dsfb-red": 0.03226515945383737, "oneh-in": 0.031288612227661605, "bad-redirect": 0.05249210160001251, "sfT": 0.002510283560379749, "roll-out": 0.18685287861488653, "roll-in": 0.2676511644274833, "redirect": 0.04489966685956488, "sft": 0.0, "dsfb": 0.0}, "chained-bigrams": {"alternate": 0.14644482955427182, "sfR": 0.11914286586209158, "sfb": 0.06345654755604961, "oneh-out": 0.01594562462786725, "dsfb-alt": 0.028912239328515058, "unknown": 0.022916559801936097, "dsfb-red": 0.036572086780870705, "oneh-in": 0.02834020189480095, "bad-redirect": 0.05356763709581595, "sfT": 0.0016920880275357133, "roll-out": 0.18025996861261118, "roll-in": 0.25906283256574697, "redirect": 0.04368651829188713, "sft": 0.0, "dsfb": 0.0}, "english-5k": {"alternate": 0.18791222466503504, "sfR": 0.10644211224955408, "sfb": 0.0551706973078359, "oneh-out": 0.016260837101256895, "dsfb-alt": 0.02567718919815821, "unknown": 0.002157049819554486, "dsfb-red": 0.028456464927199568, "oneh-in": 0.027958684199610073, "bad-redirect": 0.03467872402206828, "sfT": 0.0009955614551789937, "roll-out": 0.1984071016717136, "roll-in": 0.25984153980171737, "redirect": 0.05604181358111752, "sft": 0.0, "dsfb": 0.0}, "mt-quotes": {"alternate": 0.1552037388986505, "sfR": 0.0964592223377679, "sfb": 0.07278630425168238, "oneh-out": 0.019468450054386154, "dsfb-alt": 0.02327697493455732, "unknown": 0.007977133909467972, "dsfb-red": 0.032994764585649226, "oneh-in": 0.031802452755764335, "bad-redirect": 0.05353151408661144, "sfT": 0.002619201300486487, "roll-out": 0.18777566608096963, "roll-in": 0.2715811429459366, "redirect": 0.04452343385807007, "sft": 0.0, "dsfb": 0.0}, "wordle": {"alternate": 0.17513743969482778, "sfR": 0.13138112868843263, "sfb": 0.06251542690452148, "oneh-out": 0.017659598339504094, "dsfb-alt": 0.027645012902501962, "unknown": 0.0, "dsfb-red": 0.0286098956580276, "oneh-in": 0.03031526983058454, "bad-redirect": 0.02730842589476046, "sfT": 0.0005609783462358353, "roll-out": 0.20015707393694604, "roll-in": 0.25306855155391, "redirect": 0.04564119824974756, "sft": 0.0, "dsfb": 0.0}, "english-1k": {"alternate": 0.1803105151729005, "sfR": 0.10832745236414962, "sfb": 0.05822159491884263, "oneh-out": 0.0187014820042343, "dsfb-alt": 0.021877205363443897, "unknown": 0.0, "dsfb-red": 0.029640084685956247, "oneh-in": 0.04022582921665491, "bad-redirect": 0.04199011997177135, "sfT": 0.00035285815102328866, "roll-out": 0.17960479887085393, "roll-in": 0.2773465067043049, "redirect": 0.043401552575864505, "sft": 0.0, "dsfb": 0.0}, "english-10k": {"alternate": 0.18233920611335172, "sfR": 0.10567144593890508, "sfb": 0.05349182763744428, "oneh-out": 0.020763783022326857, "dsfb-alt": 0.02450743906910326, "unknown": 0.0, "dsfb-red": 0.02809671754694043, "oneh-in": 0.027749368016827154, "bad-redirect": 0.03668396981918527, "sfT": 0.0009455626097528029, "roll-out": 0.20566951621929333, "roll-in": 0.26018409525096003, "redirect": 0.053897068755909765, "sft": 0.0, "dsfb": 0.0}, "reddit": {"alternate": 0.1599071580554883, "sfR": 0.10397777127267367, "sfb": 0.06401816534713564, "oneh-out": 0.016765601059445478, "dsfb-alt": 0.02331188334562873, "unknown": 0.039285409944231534, "dsfb-red": 0.028567495543036038, "oneh-in": 0.028745493170858057, "bad-redirect": 0.04578977738497437, "sfT": 0.0014907301330094017, "roll-out": 0.18670430387551254, "roll-in": 0.2571963088715823, "redirect": 0.04423990199642394, "sft": 0.0, "dsfb": 0.0}, "akl": {"alternate": 0.1355223593546305, "sfR": 0.13064861186637447, "sfb": 0.053144495765154044, "oneh-out": 0.01645857388757789, "dsfb-alt": 0.019772036296554774, "unknown": 0.13277008071454782, "dsfb-red": 0.025597594744574414, "oneh-in": 0.025790437579788567, "bad-redirect": 0.036533105357934956, "sfT": 0.0008688675391596346, "roll-out": 0.1610621877252484, "roll-in": 0.22280394075383833, "redirect": 0.0390277084146162, "sft": 0.0, "dsfb": 0.0}, "french": {"alternate": 0.161809277512382, "sfR": 0.10898279115633469, "sfb": 0.04791470563766427, "oneh-out": 0.009810871819690939, "dsfb-alt": 0.026114377975870642, "unknown": 0.15807953387545715, "dsfb-red": 0.021168723320997736, "oneh-in": 0.021569996879133257, "bad-redirect": 0.03057755750879775, "sfT": 0.001044983224311245, "roll-out": 0.14584540963140138, "roll-in": 0.22637824410547436, "redirect": 0.040703527352484586, "sft": 0.0, "dsfb": 0.0}, "keymash": {"alternate": 0.15354270913292806, "sfR": 0.099723742164827, "sfb": 0.07035749323722461, "oneh-out": 0.018521179083218056, "dsfb-alt": 0.024165377052948734, "unknown": 0.01232282349464109, "dsfb-red": 0.03276508232319293, "oneh-in": 0.03280613103570006, "bad-redirect": 0.05458657789198442, "sfT": 0.0023274619991543967, "roll-out": 0.18605328943857677, "roll-in": 0.2678715832077927, "redirect": 0.0449565499378112, "sft": 0.0, "dsfb": 0.0}, "movie": {"alternate": 0.15748115946644445, "sfR": 0.11567713207251198, "sfb": 0.0628127011390714, "oneh-out": 0.019841795710410535, "dsfb-alt": 0.025407068304147344, "unknown": 0.030236445784519856, "dsfb-red": 0.03529940942837979, "oneh-in": 0.03323055980799349, "bad-redirect": 0.03893940564362595, "sfT": 0.0023534957452444817, "roll-out": 0.1701188946992259, "roll-in": 0.2592637969476934, "redirect": 0.049338135250731385, "sft": 0.0, "dsfb": 0.0}, "dutch": {"alternate": 0.14504786069666373, "sfR": 0.18880787437283908, "sfb": 0.08500202384874529, "oneh-out": 0.013870365880366673, "dsfb-alt": 0.027069259378226757, "unknown": 0.07290361491625476, "dsfb-red": 0.01803651419765667, "oneh-in": 0.023624197951091178,