{"english-450k": {"bad-redirect": 0.0009635730786569148, "sfT": 5.846924020976425e-06, "sft": 0.0, "roll-in": 0.2280578097071802, "unknown": 0.003781205764365454, "oneh-out": 0.0044717274912427695, "sfR": 0.11369548401129392, "redirect": 0.03351018329522113, "oneh-in": 0.012389339654247995, "sfb": 0.01880166122805284, "roll-out": 0.18567316513292104, "dsfb-alt": 0.04833447445800476, "alternate": 0.3372958911910827, "dsfb": 0.0, "dsfb-red": 0.013019638063709253}, "shai": {"bad-redirect": 0.0022893042336389305, "sfT": 3.391252194908833e-05, "sft": 0.0, "roll-in": 0.21817109714942842, "unknown": 0.028339822202708483, "oneh-out": 0.007787560537064119, "sfR": 0.09823378925716947, "redirect": 0.02497422694776775, "oneh-in": 0.018316229738796947, "sfb": 0.017056918696334848, "roll-out": 0.23147632796048342, "dsfb-alt": 0.04063631997815231, "alternate": 0.299734578975382, "dsfb": 0.0, "dsfb-red": 0.012949911801124153}, "tr-quotes": {"bad-redirect": 0.002613208201382307, "sfT": 6.934652458334297e-06, "sft": 0.0, "roll-in": 0.21170800490048775, "unknown": 0.01749150505073854, "oneh-out": 0.009622986061348558, "sfR": 0.09677191928064538, "redirect": 0.027684288389080235, "oneh-in": 0.023417165576385197, "sfb": 0.016915928896696793, "roll-out": 0.2517082360555697, "dsfb-alt": 0.0360012482374425, "alternate": 0.2865225029472273, "dsfb": 0.0, "dsfb-red": 0.019536071750537436}, "gutenberg": {"bad-redirect": 0.0025909268118585907, "sfT": 2.330072368637908e-05, "sft": 0.0, "roll-in": 0.20712126946889126, "unknown": 0.03690777800889065, "oneh-out": 0.010951529569376105, "sfR": 0.09863878308844841, "redirect": 0.026882215410075686, "oneh-in": 0.013435045728143826, "sfb": 0.017337064480111603, "roll-out": 0.2656776930237633, "dsfb-alt": 0.03397738049096709, "alternate": 0.2717383438603351, "dsfb": 0.0, "dsfb-red": 0.014718669335451995}, "english-200": {"bad-redirect": 0.004454342984409799, "sfT": 0.0, "sft": 0.0, "roll-in": 0.2182628062360802, "unknown": 0.0022271714922048997, "oneh-out": 0.004454342984409799, "sfR": 0.10690423162583519, "redirect": 0.026726057906458798, "oneh-in": 0.0066815144766146995, "sfb": 0.008908685968819599, "roll-out": 0.2650334075723831, "dsfb-alt": 0.0334075723830735, "alternate": 0.3028953229398664, "dsfb": 0.0, "dsfb-red": 0.0200445434298441}, "monkeyracer": {"bad-redirect": 0.0026187888077326116, "sfT": 5.865148505560161e-06, "sft": 0.0, "roll-in": 0.2118012653080376, "unknown": 0.017136986408495862, "oneh-out": 0.009518158499773215, "sfR": 0.09690789370786869, "redirect": 0.027547625005865148, "oneh-in": 0.023758739071273283, "sfb": 0.016908245616779016, "roll-out": 0.2517761624724338, "dsfb-alt": 0.03595531538858564, "alternate": 0.28633752756619796, "dsfb": 0.0, "dsfb-red": 0.019727426998451602}, "chained-bigrams": {"bad-redirect": 0.003595200079994338, "sfT": 2.8569406451101837e-05, "sft": 0.0, "roll-in": 0.2062990346787143, "unknown": 0.026952637767846302, "oneh-out": 0.009855795920938064, "sfR": 0.11914286586209158, "redirect": 0.03442743338296186, "oneh-in": 0.008262402206597066, "sfb": 0.01779029925803953, "roll-out": 0.20407127028022043, "dsfb-alt": 0.0566739107426812, "alternate": 0.2898840276889493, "dsfb": 0.0, "dsfb-red": 0.023016552724514954}, "english-5k": {"bad-redirect": 0.00078815281868337, "sfT": 0.0, "sft": 0.0, "roll-in": 0.2399717924254366, "unknown": 0.006139295640270461, "oneh-out": 0.004023727548015099, "sfR": 0.10644211224955408, "redirect": 0.025801634380055585, "oneh-in": 0.0231468038329116, "sfb": 0.014850458373086656, "roll-out": 0.17953291575061187, "dsfb-alt": 0.04778694984859169, "alternate": 0.3416020243082922, "dsfb": 0.0, "dsfb-red": 0.009914132824490812}, "mt-quotes": {"bad-redirect": 0.0026789663044907426, "sfT": 0.0, "sft": 0.0, "roll-in": 0.21189682169708704, "unknown": 0.011595904901925629, "oneh-out": 0.009692389524390098, "sfR": 0.0964592223377679, "redirect": 0.02748891359175721, "oneh-in": 0.024817417912767, "sfb": 0.016354693345764455, "roll-out": 0.258244582302387, "dsfb-alt": 0.035295717239813056, "alternate": 0.28472645557667253, "dsfb": 0.0, "dsfb-red": 0.020748915265177324}, "wordle": {"bad-redirect": 0.0022214742510939076, "sfT": 0.0, "sft": 0.0, "roll-in": 0.19111410299562437, "unknown": 0.010838101649276339, "oneh-out": 0.012476158420284976, "sfR": 0.13138112868843263, "redirect": 0.03220015707393695, "oneh-in": 0.004330752832940648, "sfb": 0.026276225737686527, "roll-out": 0.21804106361494446, "dsfb-alt": 0.05315830808930775, "alternate": 0.30353416358128577, "dsfb": 0.0, "dsfb-red": 0.014428363065185685}, "english-1k": {"bad-redirect": 0.0007057163020465773, "sfT": 0.0, "sft": 0.0, "roll-in": 0.2300635144671842, "unknown": 0.004940014114326041, "oneh-out": 0.007057163020465773, "sfR": 0.10832745236414962, "redirect": 0.026817219477769938, "oneh-in": 0.015172900494001412, "sfb": 0.01058574453069866, "roll-out": 0.22582921665490474, "dsfb-alt": 0.040578687367678196, "alternate": 0.31827805222300637, "dsfb": 0.0, "dsfb-red": 0.011644318983768526}, "english-10k": {"bad-redirect": 0.0008104822369309739, "sfT": 0.0, "sft": 0.0, "roll-in": 0.24627081685031166, "unknown": 0.003936628007950445, "oneh-out": 0.0060593195808649, "sfR": 0.10567144593890508, "redirect": 0.02632137550413925, "oneh-in": 0.020609405453387623, "sfb": 0.01686574940661122, "roll-out": 0.18808977055633816, "dsfb-alt": 0.04594662395553926, "alternate": 0.32934524613573646, "dsfb": 0.0, "dsfb-red": 0.010073136373284962}, "reddit": {"bad-redirect": 0.002878452379547728, "sfT": 6.330302841313354e-05, "sft": 0.0, "roll-in": 0.20492373951590415, "unknown": 0.049148621089609934, "oneh-out": 0.009153805195605422, "sfR": 0.10397777127267367, "redirect": 0.028136061057081913, "oneh-in": 0.018488567154680575, "sfb": 0.017016116239343133, "roll-out": 0.23643935822715562, "dsfb-alt": 0.03617685667501405, "alternate": 0.27567528692846777, "dsfb": 0.0, "dsfb-red": 0.017922061236502924}, "akl": {"bad-redirect": 0.003455135800023388, "sfT": 9.030628606120868e-05, "sft": 0.0, "roll-in": 0.17505521469633875, "unknown": 0.14390275799350846, "oneh-out": 0.005947663418119364, "sfR": 0.13064861186637447, "redirect": 0.02536331726046159, "oneh-in": 0.01523384275385202, "sfb": 0.01877523279317491, "roll-out": 0.19955438356966196, "dsfb-alt": 0.030933077902847387, "alternate": 0.2330920627742096, "dsfb": 0.0, "dsfb-red": 0.01794839288536688}, "french": {"bad-redirect": 0.0015740069179837088, "sfT": 4.260834824288431e-05, "sft": 0.0, "roll-in": 0.2159823165167142, "unknown": 0.1654661494876144, "oneh-out": 0.004000405528400225, "sfR": 0.10898279115633469, "redirect": 0.022604178198000365, "oneh-in": 0.018799375550985195, "sfb": 0.04618783902308346, "roll-out": 0.14370140369188153, "dsfb-alt": 0.03130948023912752, "alternate": 0.22986698989083978, "dsfb": 0.0, "dsfb-red": 0.011482455450792054}, "keymash": {"bad-redirect": 0.002372615582912242, "sfT": 4.104871250713221e-06, "sft": 0.0, "roll-in": 0.21362160475836675, "unknown": 0.015697027662727358, "oneh-out": 0.009190806730346902, "sfR": 0.099723742164827, "redirect": 0.027822817337334216, "oneh-in": 0.02278614031270909, "sfb": 0.01650158242786715, "roll-out": 0.25050797781727574, "dsfb-alt": 0.036012035482507095, "alternate": 0.2871398488586405, "dsfb": 0.0, "dsfb-red": 0.018619695993235173}, "movie": {"bad-redirect": 0.0038899005107180516, "sfT": 3.987414509109137e-05, "sft": 0.0, "roll-in": 0.19131891170166665, "unknown": 0.03525742971787134, "oneh-out": 0.010072498565254565, "sfR": 0.11567713207251198, "redirect": 0.03135963333683822, "oneh-in": 0.030937730666336444, "sfb": 0.018198270304329214, "roll-out": 0.24657684412328137, "dsfb-alt": 0.03461299510232324, "alternate": 0.2571054607970697, "dsfb": 0.0, "dsfb-red": 0.024953318956708128}, "dutch": {"bad-redirect": 0.0022305728720208567, "sfT": 7.633139105774795e-05, "sft": 0.0, "roll-in": 0.24310156622260098, "unknown": 0.11472371389495617, "oneh-out": 0.0033337649873198803, "sfR": 0.18880787437283908, "redirect": 0.024716918482557047,