{"english-450k": {"oneh-in": 0.005069867818588657, "unknown": 0.0, "sfR": 0.11369548401129392, "oneh-out": 0.00425831476447713, "roll-in": 0.21466718431433998, "sfT": 2.7188196697540374e-05, "dsfb-red": 0.006324033021088101, "roll-out": 0.17172854368909332, "dsfb-alt": 0.054778661767723925, "alternate": 0.3821213341978985, "sft": 0.0, "dsfb": 0.0, "bad-redirect": 0.0018873870739711898, "sfb": 0.024630459784564237, "redirect": 0.020811541360263485}, "shai": {"oneh-in": 0.01184164733268455, "unknown": 0.016411783475088346, "sfR": 0.09823378925716947, "oneh-out": 0.0027886876001081235, "roll-in": 0.2546117236850131, "sfT": 3.286751157174824e-05, "dsfb-red": 0.005638566363422717, "roll-out": 0.1883830492504876, "dsfb-alt": 0.05187649030091035, "alternate": 0.32784837317428944, "sft": 0.0, "dsfb": 0.0, "bad-redirect": 0.0028690450277167713, "sfb": 0.01686455937872817, "redirect": 0.02259941764280957}, "tr-quotes": {"oneh-in": 0.022165460807655857, "unknown": 0.009802131249855527, "sfR": 0.09677191928064538, "oneh-out": 0.0025611983079448, "roll-in": 0.25708143593536903, "sfT": 2.542705901389242e-05, "dsfb-red": 0.006300131758396709, "roll-out": 0.1961316197036592, "dsfb-alt": 0.04880030512470817, "alternate": 0.3172372344605996, "sft": 0.0, "dsfb": 0.0, "bad-redirect": 0.00283742863086845, "sfb": 0.0153567878689813, "redirect": 0.024928919812302074}, "gutenberg": {"oneh-in": 0.011214657253932045, "unknown": 0.025604274906105663, "sfR": 0.09863878308844841, "oneh-out": 0.0036038452634932975, "roll-in": 0.27274065385240526, "sfT": 0.0001161247448760193, "dsfb-red": 0.006148360064757068, "roll-out": 0.1967086875327489, "dsfb-alt": 0.04634627603287562, "alternate": 0.2925900288815312, "sft": 0.0, "dsfb": 0.0, "bad-redirect": 0.0032600175115357526, "sfb": 0.015565451732835038, "redirect": 0.027462839134455783}, "english-200": {"oneh-in": 0.015590200445434299, "unknown": 0.0, "sfR": 0.10690423162583519, "oneh-out": 0.0022271714922048997, "roll-in": 0.27616926503340755, "sfT": 0.0, "dsfb-red": 0.004454342984409799, "roll-out": 0.20044543429844097, "dsfb-alt": 0.042316258351893093, "alternate": 0.3207126948775056, "sft": 0.0, "dsfb": 0.0, "bad-redirect": 0.0022271714922048997, "sfb": 0.013363028953229399, "redirect": 0.015590200445434299}, "monkeyracer": {"oneh-in": 0.02260721491468164, "unknown": 0.009422361074182399, "sfR": 0.09690789370786869, "oneh-out": 0.002493665639613995, "roll-in": 0.2571633013747908, "sfT": 2.541564352409403e-05, "dsfb-red": 0.006328495237499413, "roll-out": 0.19667211473794516, "dsfb-alt": 0.04872863130894474, "alternate": 0.3165254469243161, "sft": 0.0, "dsfb": 0.0, "bad-redirect": 0.0028230914806762907, "sfb": 0.015351048688552794, "redirect": 0.024951319267403852}, "chained-bigrams": {"oneh-in": 0.009714247498066696, "unknown": 0.016332610224341265, "sfR": 0.11914286586209158, "oneh-out": 0.006277477762937559, "roll-in": 0.2500907403307169, "sfT": 4.5451328444934745e-05, "dsfb-red": 0.011199856633523991, "roll-out": 0.15721874230979754, "dsfb-alt": 0.056471976983447275, "alternate": 0.32557760522144863, "sft": 0.0, "dsfb": 0.0, "bad-redirect": 0.003847779605209761, "sfb": 0.018494794848936017, "redirect": 0.025585851391037907}, "english-5k": {"oneh-in": 0.00630522254946696, "unknown": 0.0, "sfR": 0.10644211224955408, "oneh-out": 0.0033600199112291036, "roll-in": 0.23482805824034514, "sfT": 0.0, "dsfb-red": 0.005268179366988842, "roll-out": 0.177915128385946, "dsfb-alt": 0.053138092670178785, "alternate": 0.373791844692413, "sft": 0.0, "dsfb": 0.0, "bad-redirect": 0.0011200066370763678, "sfb": 0.019413448375990378, "redirect": 0.018417886920811383}, "mt-quotes": {"oneh-in": 0.02435872150703434, "unknown": 0.0052458732264735065, "sfR": 0.0964592223377679, "oneh-out": 0.0023995649107708492, "roll-in": 0.2608891837295753, "sfT": 1.942362630138296e-05, "dsfb-red": 0.006338078674651271, "roll-out": 0.19920124072148312, "dsfb-alt": 0.048052557344521345, "alternate": 0.314353462186682, "sft": 0.0, "dsfb": 0.0, "bad-redirect": 0.0027970021873991464, "sfb": 0.014587143352338605, "redirect": 0.025298526195001256}, "wordle": {"oneh-in": 0.012117132278694043, "unknown": 0.0, "sfR": 0.13138112868843263, "oneh-out": 0.005318074722315718, "roll-in": 0.20293952653427577, "sfT": 0.0, "dsfb-red": 0.009805901492202401, "roll-out": 0.18343991921911815, "dsfb-alt": 0.054078312577134524, "alternate": 0.34022214742510937, "sft": 0.0, "dsfb": 0.0, "bad-redirect": 0.00486929204532705, "sfb": 0.0285425782564793, "redirect": 0.02728598676091103}, "english-1k": {"oneh-in": 0.007410021171489062, "unknown": 0.0, "sfR": 0.10832745236414962, "oneh-out": 0.002117148906139732, "roll-in": 0.2455892731122089, "sfT": 0.0, "dsfb-red": 0.003175723359209598, "roll-out": 0.18525052928722655, "dsfb-alt": 0.05045871559633028, "alternate": 0.35568101623147497, "sft": 0.0, "dsfb": 0.0, "bad-redirect": 0.0014114326040931546, "sfb": 0.02081863091037403, "redirect": 0.019760056457304165}, "english-10k": {"oneh-in": 0.005383917716755756, "unknown": 0.0, "sfR": 0.10567144593890508, "oneh-out": 0.0030682541826672583, "roll-in": 0.23654503000713997, "sfT": 1.929719611740414e-05, "dsfb-red": 0.00540321491287316, "roll-out": 0.18013932575596767, "dsfb-alt": 0.05578819397541537, "alternate": 0.3639258215781247, "sft": 0.0, "dsfb": 0.0, "bad-redirect": 0.001505181297157523, "sfb": 0.02041643349221358, "redirect": 0.02213388394666255}, "reddit": {"oneh-in": 0.017220596258341533, "unknown": 0.03912119664449001, "sfR": 0.10397777127267367, "oneh-out": 0.0033562591431204685, "roll-in": 0.24243007215983378, "sfT": 9.36809905687852e-05, "dsfb-red": 0.006376675118931969, "roll-out": 0.19326350896927125, "dsfb-alt": 0.04727028164416319, "alternate": 0.30393379626950384, "sft": 0.0, "dsfb": 0.0, "bad-redirect": 0.003308013994838743, "sfb": 0.01543687423879513, "redirect": 0.024211273295467635}, "akl": {"oneh-in": 0.017472055022446486, "unknown": 0.131271144611545, "sfR": 0.13064861186637447, "oneh-out": 0.00271173346486343, "roll-in": 0.2006498198210463, "sfT": 0.00024275219166932293, "dsfb-red": 0.007300478761678697, "roll-out": 0.16775947979428352, "dsfb-alt": 0.03804812610997359, "alternate": 0.25877739421421586, "sft": 0.0, "dsfb": 0.0, "bad-redirect": 0.003580428050807626, "sfb": 0.017557740986895262, "redirect": 0.023980235104200484}, "french": {"oneh-in": 0.0057201707516072176, "unknown": 0.15022783705566845, "sfR": 0.10898279115633469, "oneh-out": 0.0014690141948873188, "roll-in": 0.24375450981425023, "sfT": 0.00017747485699198576, "dsfb-red": 0.0065023575495723185, "roll-out": 0.13667140077776416, "dsfb-alt": 0.039387642527284515, "alternate": 0.2679366800992331, "sft": 0.0, "dsfb": 0.0, "bad-redirect": 0.002822009033658992, "sfb": 0.01675570298283757, "redirect": 0.019592409199909455}, "keymash": {"oneh-in": 0.020869165438626016, "unknown": 0.008620229626497765, "sfR": 0.099723742164827, "oneh-out": 0.002413664295419374, "roll-in": 0.2594853312425856, "sfT": 2.873409875499255e-05, "dsfb-red": 0.006321501726098361, "roll-out": 0.19362267202489195, "dsfb-alt": 0.048691982775960235, "alternate": 0.3160299327211602, "sft": 0.0, "dsfb": 0.0, "bad-redirect": 0.002967821914265659, "sfb": 0.015922795581516585, "redirect": 0.025302426389396296}, "movie": {"oneh-in": 0.033062509368121135, "unknown": 0.024529179122950412, "sfR": 0.11567713207251198, "oneh-out": 0.003207302521980458, "roll-in": 0.22496518908174845, "sfT": 2.4082404460956173e-05, "dsfb-red": 0.010640869630100847, "roll-out": 0.1940039024023054, "dsfb-alt": 0.047820548976175395, "alternate": 0.30216561351109744, "sft": 0.0, "dsfb": 0.0, "bad-redirect": 0.004366416284232381, "sfb": 0.014979650368230492, "redirect": 0.024557604256084657}, "dutch": {"oneh-in": 0.00454294602734109, "unknown": 0.06828907122753393, "sfR": 0.18880787437283908, "oneh-out": 0.003397006898586189, "roll-in": 0.21917919709417852, "sfT": 0.00021023856240359284, "dsfb-red": 0.007111514370688832, "roll-out": 0.11341559073234707, "dsfb-alt": 0.04355958325821825,