{"monkeyracer": {"dsfb": 0.0, "redirect": 0.017056829378919874, "roll-in": 0.19339154167383518, "alternate": 0.30928589861895306, "sfR": 0.09690789370786869, "dsfb-alt": 0.04943929180286845, "unknown": 0.013491796612290222, "sfb": 0.03190152024649264, "sft": 0.0, "roll-out": 0.26418877175970096, "dsfb-red": 0.007488817116849398, "sfT": 0.0001505388116427108, "bad-redirect": 0.0016080282152744108, "oneh-out": 0.010318751270782175, "oneh-in": 0.004770320784522264}, "english-450k": {"dsfb": 0.0, "redirect": 0.0233996822781487, "roll-in": 0.20376910263164202, "alternate": 0.34767593540552216, "sfR": 0.11369548401129392, "dsfb-alt": 0.05006691804542007, "unknown": 0.00015377410175167997, "sfb": 0.04683298436941802, "sft": 0.0, "roll-out": 0.18984026788267094, "dsfb-red": 0.012194052391947383, "sfT": 0.0006077877519804993, "bad-redirect": 0.0025600756825845277, "oneh-out": 0.005739632965191507, "oneh-in": 0.0034643024824285314}, "shai": {"dsfb": 0.0, "redirect": 0.01621696644789052, "roll-in": 0.2075003491108742, "alternate": 0.3190648442098529, "sfR": 0.09823378925716947, "dsfb-alt": 0.0501236750429538, "unknown": 0.024097749651430984, "sfb": 0.028860384446158432, "sft": 0.0, "roll-out": 0.23301188556099098, "dsfb-red": 0.007246999891318921, "sfT": 0.00022500621587654077, "bad-redirect": 0.002099472292981896, "oneh-out": 0.008379322820890175, "oneh-in": 0.004939555051611128}, "tr-quotes": {"dsfb": 0.0, "redirect": 0.01701648135734264, "roll-in": 0.19302605117773514, "alternate": 0.3099858995400014, "sfR": 0.09677191928064538, "dsfb-alt": 0.04974341785904163, "unknown": 0.013894731975682485, "sfb": 0.031981461362428056, "sft": 0.0, "roll-out": 0.2633145327200018, "dsfb-red": 0.007413143477959363, "sfT": 0.000147939252444465, "bad-redirect": 0.0016180855736113357, "oneh-out": 0.01031760708259171, "oneh-in": 0.004768729340514551}, "gutenberg": {"dsfb": 0.0, "redirect": 0.017932843146726742, "roll-in": 0.18962432034819995, "alternate": 0.28324094501673297, "sfR": 0.09863878308844841, "dsfb-alt": 0.04908269029019062, "unknown": 0.03298207965968062, "sfb": 0.03038906904326471, "sft": 0.0, "roll-out": 0.27262945446375564, "dsfb-red": 0.008068680682714992, "sfT": 0.00013980434211827448, "bad-redirect": 0.0019068706067243237, "oneh-out": 0.011010823280870712, "oneh-in": 0.004353636030572065}, "english-200": {"dsfb": 0.0, "redirect": 0.0200445434298441, "roll-in": 0.18485523385300667, "alternate": 0.32962138084632514, "sfR": 0.10690423162583519, "dsfb-alt": 0.042316258351893093, "unknown": 0.0, "sfb": 0.013363028953229399, "sft": 0.0, "roll-out": 0.2806236080178174, "dsfb-red": 0.0066815144766146995, "sfT": 0.0, "bad-redirect": 0.0, "oneh-out": 0.011135857461024499, "oneh-in": 0.004454342984409799}, "chained-bigrams": {"dsfb": 0.0, "redirect": 0.02664876317195731, "roll-in": 0.19008914304117436, "alternate": 0.3104929586152668, "sfR": 0.11914286586209158, "dsfb-alt": 0.057959534032980785, "unknown": 0.023159399756770463, "sfb": 0.030147866157525214, "sft": 0.0, "roll-out": 0.21437833296214748, "dsfb-red": 0.014082120161624924, "sfT": 0.0003077704240414152, "bad-redirect": 0.0031238048735511576, "oneh-out": 0.006219040340651213, "oneh-in": 0.004248400600217257}, "english-5k": {"dsfb": 0.0, "redirect": 0.019164558012195628, "roll-in": 0.22777616459949393, "alternate": 0.353839133861534, "sfR": 0.10644211224955408, "dsfb-alt": 0.051478823578213796, "unknown": 0.002157049819554486, "sfb": 0.028622391836396067, "sft": 0.0, "roll-out": 0.18940556684780355, "dsfb-red": 0.00779856473223545, "sfT": 0.00020740863649562367, "bad-redirect": 0.0032355747293317293, "oneh-out": 0.007383747459244203, "oneh-in": 0.002488903637947484}, "mt-quotes": {"dsfb": 0.0, "redirect": 0.016832813377798496, "roll-in": 0.19311865743895004, "alternate": 0.30874003418558227, "sfR": 0.0964592223377679, "dsfb-alt": 0.04928819880230932, "unknown": 0.007995063410669249, "sfb": 0.031088260957913484, "sft": 0.0, "roll-out": 0.2718411207133551, "dsfb-red": 0.007439248873429675, "sfT": 0.00012401238330882967, "bad-redirect": 0.0014717132236047859, "oneh-out": 0.010702418092062013, "oneh-in": 0.004899236203248825}, "wordle": {"dsfb": 0.0, "redirect": 0.025333782116010322, "roll-in": 0.17257937843599236, "alternate": 0.30950297318523506, "sfR": 0.13138112868843263, "dsfb-alt": 0.059441265567149106, "unknown": 0.0, "sfb": 0.053651969033995286, "sft": 0.0, "roll-out": 0.21003029283069674, "dsfb-red": 0.017861550544148997, "sfT": 0.001144395826321104, "bad-redirect": 0.0015931785033097723, "oneh-out": 0.006956131493324358, "oneh-in": 0.01052395377538427}, "english-1k": {"dsfb": 0.0, "redirect": 0.019407198306280876, "roll-in": 0.20289343683839098, "alternate": 0.3359209597741708, "sfR": 0.10832745236414962, "dsfb-alt": 0.04551870148200424, "unknown": 0.0, "sfb": 0.02081863091037403, "sft": 0.0, "roll-out": 0.24417784050811575, "dsfb-red": 0.0077628793225123505, "sfT": 0.0, "bad-redirect": 0.001058574453069866, "oneh-out": 0.011644318983768526, "oneh-in": 0.0024700070571630206}, "english-10k": {"dsfb": 0.0, "redirect": 0.01929719611740414, "roll-in": 0.23558017020126976, "alternate": 0.3505914590609984, "sfR": 0.10567144593890508, "dsfb-alt": 0.051176164103355785, "unknown": 0.0, "sfb": 0.03342274367534397, "sft": 0.0, "roll-out": 0.18251288087840836, "dsfb-red": 0.007911850408135699, "sfT": 0.00017367476505663728, "bad-redirect": 0.0022384747496188803, "oneh-out": 0.006348777522625962, "oneh-in": 0.005075162578877289}, "reddit": {"dsfb": 0.0, "redirect": 0.015747208907672533, "roll-in": 0.1883032110180232, "alternate": 0.30027971323353553, "sfR": 0.10397777127267367, "dsfb-alt": 0.047067262464282014, "unknown": 0.04519937363713543, "sfb": 0.027902551542805302, "sft": 0.0, "roll-out": 0.24670609808560778, "dsfb-red": 0.007954381365536221, "sfT": 0.0002728397982019318, "bad-redirect": 0.0016045632119132554, "oneh-out": 0.00938046000325505, "oneh-in": 0.005604565459358051}, "akl": {"dsfb": 0.0, "redirect": 0.012856106655602932, "roll-in": 0.15787443759629324, "alternate": 0.2558253546103014, "sfR": 0.13064861186637447, "dsfb-alt": 0.04100515664953351, "unknown": 0.13920166722946467, "sfb": 0.0313040625499634, "sft": 0.0, "roll-out": 0.21074974403541805, "dsfb-red": 0.006389163561929963, "sfT": 0.00029169795163847597, "bad-redirect": 0.001230957449481663, "oneh-out": 0.007129180955587764, "oneh-in": 0.005493858888410413}, "french": {"dsfb": 0.0, "redirect": 0.011117962305784624, "roll-in": 0.18599287107200732, "alternate": 0.2506583506676948, "sfR": 0.10898279115633469, "dsfb-alt": 0.04541351769024759, "unknown": 0.15842537463172957, "sfb": 0.04827426975785739, "sft": 0.0, "roll-out": 0.16317123149048182, "dsfb-red": 0.006694829226744026, "sfT": 0.0004981760885275629, "bad-redirect": 0.006143947030931489, "oneh-out": 0.010879316602844784, "oneh-in": 0.0037473622788143186}, "keymash": {"dsfb": 0.0, "redirect": 0.016739664960408518, "roll-in": 0.19213260376088304, "alternate": 0.30843181603609005, "sfR": 0.099723742164827, "dsfb-alt": 0.049956283121179904, "unknown": 0.012376186820900362, "sfb": 0.03118060202041763, "sft": 0.0, "roll-out": 0.26503922204480057, "dsfb-red": 0.0077705212776001285, "sfT": 0.0001354607512735363, "bad-redirect": 0.0017158361827981266, "oneh-out": 0.010327856066794466, "oneh-in": 0.004470204792026698}, "movie": {"dsfb": 0.0, "redirect": 0.015397341907897568, "roll-in": 0.16224013210317428, "alternate": 0.29980895941772695, "sfR": 0.11567713207251198, "dsfb-alt": 0.047428650612870875, "unknown": 0.030282373430185833, "sfb": 0.03204052055367422, "sft": 0.0, "roll-out": 0.27121630223496557, "dsfb-red": 0.007659388999131322, "sfT": 0.00015857539549427423, "bad-redirect": 0.0010956836040542136, "oneh-out": 0.011755240127234055, "oneh-in": 0.0052396995410788575}, "dutch": {"dsfb": 0.0, "redirect": 0.01687900970662029, "roll-in": 0.17919149977071894, "alternate": 0.2642349975465294, "sfR": 0.18880787437283908, "dsfb-alt": 0.04609467480872953, "unknown": 0.07360268279108878,