{"english-450k": {"unknown": 0.0001543587941537776, "bad-redirect": 0.02561215832768618, "sft": 0.0, "roll-out": 0.0, "sfR": 0.11369548401129392, "oneh-out": 0.05258284945164623, "dsfb-alt": 0.0, "alternate": 0.0, "dsfb": 0.0, "sfT": 0.05114830664309967, "redirect": 0.1690278494838043, "oneh-in": 0.07139035760372005, "dsfb-red": 0.15875451163274767, "roll-in": 0.0, "sfb": 0.3576341240518482}, "shai": {"unknown": 0.031793109309943265, "bad-redirect": 0.014610859035686099, "sft": 0.0, "roll-out": 0.0, "sfR": 0.09823378925716947, "oneh-out": 0.04331672902153279, "dsfb-alt": 0.0, "alternate": 0.0, "dsfb": 0.0, "sfT": 0.0505955398028197, "redirect": 0.16260343280490383, "oneh-in": 0.07822136834123258, "dsfb-red": 0.170023432228987, "roll-in": 0.0, "sfb": 0.3506017401977253}, "tr-quotes": {"unknown": 0.039616513719054114, "bad-redirect": 0.011206398372668224, "sft": 0.0, "roll-out": 0.0, "sfR": 0.09677191928064538, "oneh-out": 0.042054044058158616, "dsfb-alt": 0.0, "alternate": 0.0, "dsfb": 0.0, "sfT": 0.043202884815422664, "redirect": 0.16884491805552346, "oneh-in": 0.09633041307413144, "dsfb-red": 0.16369131550357136, "roll-in": 0.0, "sfb": 0.3382815931208248}, "gutenberg": {"unknown": 0.04011588984327138, "bad-redirect": 0.010202307112631152, "sft": 0.0, "roll-out": 0.0, "sfR": 0.09863878308844841, "oneh-out": 0.039481466073956875, "dsfb-alt": 0.0, "alternate": 0.0, "dsfb": 0.0, "sfT": 0.04408459034107334, "redirect": 0.17067022353160924, "oneh-in": 0.08071938995295527, "dsfb-red": 0.181047949100611, "roll-in": 0.0, "sfb": 0.3350394009554433}, "english-200": {"unknown": 0.0, "bad-redirect": 0.011135857461024499, "sft": 0.0, "roll-out": 0.0, "sfR": 0.10690423162583519, "oneh-out": 0.0400890868596882, "dsfb-alt": 0.0, "alternate": 0.0, "dsfb": 0.0, "sfT": 0.051224944320712694, "redirect": 0.15812917594654788, "oneh-in": 0.08908685968819599, "dsfb-red": 0.1603563474387528, "roll-in": 0.0, "sfb": 0.3830734966592428}, "monkeyracer": {"unknown": 0.03912933825484461, "bad-redirect": 0.011127164239798551, "sft": 0.0, "roll-out": 0.0, "sfR": 0.09690789370786869, "oneh-out": 0.04199837339881446, "dsfb-alt": 0.0, "alternate": 0.0, "dsfb": 0.0, "sfT": 0.04286250527863365, "redirect": 0.16882536715829644, "oneh-in": 0.09703106182648545, "dsfb-red": 0.16367674429516554, "roll-in": 0.0, "sfb": 0.3384415518400926}, "chained-bigrams": {"unknown": 0.033665798979163164, "bad-redirect": 0.016933866369198542, "sft": 0.0, "roll-out": 0.0, "sfR": 0.11914286586209158, "oneh-out": 0.03510141165333103, "dsfb-alt": 0.0, "alternate": 0.0, "dsfb": 0.0, "sfT": 0.048963417524344056, "redirect": 0.17647517156253226, "oneh-in": 0.06736860832577435, "dsfb-red": 0.17565769695521552, "roll-in": 0.0, "sfb": 0.32669116276834953}, "english-5k": {"unknown": 0.0022400132741527356, "bad-redirect": 0.020160119467374622, "sft": 0.0, "roll-out": 0.0, "sfR": 0.10644211224955408, "oneh-out": 0.0508151159414278, "dsfb-alt": 0.0, "alternate": 0.0, "dsfb": 0.0, "sfT": 0.048367694030779444, "redirect": 0.16791803210685693, "oneh-in": 0.06516779358692495, "dsfb-red": 0.1700750819264114, "roll-in": 0.0, "sfb": 0.368814037416518}, "mt-quotes": {"unknown": 0.03468910244916987, "bad-redirect": 0.010236251060828821, "sft": 0.0, "roll-out": 0.0, "sfR": 0.0964592223377679, "oneh-out": 0.04171597279497018, "dsfb-alt": 0.0, "alternate": 0.0, "dsfb": 0.0, "sfT": 0.04196250343648773, "redirect": 0.17048863867273878, "oneh-in": 0.10157211843033194, "dsfb-red": 0.16411470099568495, "roll-in": 0.0, "sfb": 0.3387614898220198}, "wordle": {"unknown": 0.0, "bad-redirect": 0.019746437787501403, "sft": 0.0, "roll-out": 0.0, "sfR": 0.13138112868843263, "oneh-out": 0.049859755413441044, "dsfb-alt": 0.0, "alternate": 0.0, "dsfb": 0.0, "sfT": 0.06381689666778863, "redirect": 0.1514417143498261, "oneh-in": 0.06680130146976326, "dsfb-red": 0.16048468529114776, "roll-in": 0.0, "sfb": 0.3564680803320992}, "english-1k": {"unknown": 0.0, "bad-redirect": 0.01058574453069866, "sft": 0.0, "roll-out": 0.0, "sfR": 0.10832745236414962, "oneh-out": 0.04728299223712068, "dsfb-alt": 0.0, "alternate": 0.0, "dsfb": 0.0, "sfT": 0.04516584333098095, "redirect": 0.1520818630910374, "oneh-in": 0.07021877205363444, "dsfb-red": 0.1834862385321101, "roll-in": 0.0, "sfb": 0.38285109386026817}, "english-10k": {"unknown": 0.0, "bad-redirect": 0.019374384901873758, "sft": 0.0, "roll-out": 0.0, "sfR": 0.10567144593890508, "oneh-out": 0.046390459466239556, "dsfb-alt": 0.0, "alternate": 0.0, "dsfb": 0.0, "sfT": 0.05517068369965844, "redirect": 0.1640454641940526, "oneh-in": 0.06991374153335521, "dsfb-red": 0.1622122305628992, "roll-in": 0.0, "sfb": 0.37722158970301617}, "reddit": {"unknown": 0.06027826737738363, "bad-redirect": 0.013095973196973367, "sft": 0.0, "roll-out": 0.0, "sfR": 0.10397777127267367, "oneh-out": 0.04049618337051918, "dsfb-alt": 0.0, "alternate": 0.0, "dsfb": 0.0, "sfT": 0.046992122893278025, "redirect": 0.16395132259316922, "oneh-in": 0.08796978385386964, "dsfb-red": 0.15585737490581802, "roll-in": 0.0, "sfb": 0.32738120053631525}, "akl": {"unknown": 0.15113620503040356, "bad-redirect": 0.01423115884114724, "sft": 0.0, "roll-out": 0.0, "sfR": 0.13064861186637447, "oneh-out": 0.033440726573493146, "dsfb-alt": 0.0, "alternate": 0.0, "dsfb": 0.0, "sfT": 0.04412589976130727, "redirect": 0.1347916567270042, "oneh-in": 0.07986853480188073, "dsfb-red": 0.13088718847327105, "roll-in": 0.0, "sfb": 0.28087001792511834}, "french": {"unknown": 0.1845785256052277, "bad-redirect": 0.013036461614590022, "sft": 0.0, "roll-out": 0.0, "sfR": 0.10898279115633469, "oneh-out": 0.03683614556671747, "dsfb-alt": 0.0, "alternate": 0.0, "dsfb": 0.0, "sfT": 0.048724863527812724, "redirect": 0.11884530537278837, "oneh-in": 0.040583298099795016, "dsfb-red": 0.14190849713389192, "roll-in": 0.0, "sfb": 0.3065041119228421}, "keymash": {"unknown": 0.03457533054475746, "bad-redirect": 0.010923062398147882, "sft": 0.0, "roll-out": 0.0, "sfR": 0.099723742164827, "oneh-out": 0.04127448042592144, "dsfb-alt": 0.0, "alternate": 0.0, "dsfb": 0.0, "sfT": 0.04439418257646349, "redirect": 0.17033573741959585, "oneh-in": 0.09324215045995082, "dsfb-red": 0.1661569784863698, "roll-in": 0.0, "sfb": 0.3393743355239663}, "movie": {"unknown": 0.08496732886260383, "bad-redirect": 0.011804852512380396, "sft": 0.0, "roll-out": 0.0, "sfR": 0.11567713207251198, "oneh-out": 0.04028446715179771, "dsfb-alt": 0.0, "alternate": 0.0, "dsfb": 0.0, "sfT": 0.038117445543827407, "redirect": 0.16568088919080357, "oneh-in": 0.10501007447253283, "dsfb-red": 0.14428847614835236, "roll-in": 0.0, "sfb": 0.2941693340451899}, "dutch": {"unknown": 0.07489956334571263, "bad-redirect": 0.008169700192458386, "sft": 0.0, "roll-out": 0.0, "sfR": 0.18880787437283908, "oneh-out": 0.03192237228424225, "dsfb-alt": 0.0, "alternate": 0.0, "dsfb": 0.0, "sfT": 0.049277713539711276, "redirect": 0.09896609605978328, "oneh-in": 0.038003959764875646, "dsfb-red": 0.13095456125157517, "roll-in": 0.0, "sfb": 0.37899815918880225}}