{"english-450k": {"unknown": 0.00015377410175167997, "bad-redirect": 0.0013430384476182846, "sft": 0.0, "roll-out": 0.2216510427111953, "sfR": 0.11369548401129392, "oneh-out": 0.010886387834656005, "dsfb-alt": 0.036568124558191806, "alternate": 0.30689568678261897, "dsfb": 0.0, "sfT": 0.0001514353321432894, "redirect": 0.05621495865347679, "oneh-in": 0.008767754915655198, "dsfb-red": 0.02832746984302763, "roll-in": 0.18757195370873314, "sfb": 0.02777288909963802}, "shai": {"unknown": 0.055258360624875956, "bad-redirect": 0.000553600053009119, "sft": 0.0, "roll-out": 0.18372630497025513, "sfR": 0.09823378925716947, "oneh-out": 0.008791939362769702, "dsfb-alt": 0.02906270232562028, "alternate": 0.33172879859723997, "dsfb": 0.0, "sfT": 7.313137436978134e-05, "redirect": 0.042987860385375054, "oneh-in": 0.009140876068581168, "dsfb-red": 0.019668298998678797, "roll-in": 0.203232611878811, "sfb": 0.01754172610324455}, "tr-quotes": {"unknown": 0.0644067404821895, "bad-redirect": 0.00029934583111809716, "sft": 0.0, "roll-out": 0.16878828506044705, "sfR": 0.09677191928064538, "oneh-out": 0.005553500843716049, "dsfb-alt": 0.024857261736899287, "alternate": 0.33192020526571275, "dsfb": 0.0, "sfT": 6.472342294445344e-05, "redirect": 0.0384642056355609, "oneh-in": 0.01013730611867502, "dsfb-red": 0.016703266221307876, "roll-in": 0.2269850442661982, "sfb": 0.015048195834585424}, "gutenberg": {"unknown": 0.08757529638331092, "bad-redirect": 0.00048779970319045635, "sft": 0.0, "roll-out": 0.1521817623151902, "sfR": 0.09863878308844841, "oneh-out": 0.004487378395796322, "dsfb-alt": 0.02588123147545108, "alternate": 0.337174542879583, "dsfb": 0.0, "sfT": 0.00016177900835908726, "redirect": 0.03279870485863659, "oneh-in": 0.011477784938487983, "dsfb-red": 0.01365422408021814, "roll-in": 0.22055366308214394, "sfb": 0.01492704979118384}, "english-200": {"unknown": 0.0, "bad-redirect": 0.0, "sft": 0.0, "roll-out": 0.1915367483296214, "sfR": 0.10690423162583519, "oneh-out": 0.0022271714922048997, "dsfb-alt": 0.0378619153674833, "alternate": 0.36302895322939865, "dsfb": 0.0, "sfT": 0.0, "redirect": 0.0400890868596882, "oneh-in": 0.013363028953229399, "dsfb-red": 0.011135857461024499, "roll-in": 0.22939866369710468, "sfb": 0.004454342984409799}, "monkeyracer": {"unknown": 0.06446971237311729, "bad-redirect": 0.0003059652470400551, "sft": 0.0, "roll-out": 0.1679221342884402, "sfR": 0.09690789370786869, "oneh-out": 0.005496621674460797, "dsfb-alt": 0.02476754461422963, "alternate": 0.3317621252170105, "dsfb": 0.0, "sfT": 6.744920781394185e-05, "redirect": 0.03826031875127078, "oneh-in": 0.010289425528254376, "dsfb-red": 0.01659934779548618, "roll-in": 0.22830383815318203, "sfb": 0.014847623441825547}, "chained-bigrams": {"unknown": 0.05022501654103703, "bad-redirect": 0.002272566422246737, "sft": 0.0, "roll-out": 0.17122034868960573, "sfR": 0.11914286586209158, "oneh-out": 0.00548143021045913, "dsfb-alt": 0.04427348973351886, "alternate": 0.33066231026505266, "dsfb": 0.0, "sfT": 6.882629735947261e-05, "redirect": 0.042537248986922356, "oneh-in": 0.008488360239437599, "dsfb-red": 0.02227699468024666, "roll-in": 0.18478367440226634, "sfb": 0.018566867669755842}, "english-5k": {"unknown": 0.002157049819554486, "bad-redirect": 0.00078815281868337, "sft": 0.0, "roll-out": 0.2153316464097565, "sfR": 0.10644211224955408, "oneh-out": 0.014726013191189281, "dsfb-alt": 0.03389057120338491, "alternate": 0.3221056124777036, "dsfb": 0.0, "sfT": 0.0, "redirect": 0.05367735512506741, "oneh-in": 0.00858671755091882, "dsfb-red": 0.022317169286929107, "roll-in": 0.19778487576222675, "sfb": 0.022192724105031734}, "mt-quotes": {"unknown": 0.0591628715889124, "bad-redirect": 0.0002883661443205317, "sft": 0.0, "roll-out": 0.16570445010219817, "sfR": 0.0964592223377679, "oneh-out": 0.005121860843164677, "dsfb-alt": 0.02412862624161796, "alternate": 0.3361602180227346, "dsfb": 0.0, "sfT": 5.378850360382974e-05, "redirect": 0.03805536629970954, "oneh-in": 0.010638170712757437, "dsfb-red": 0.016415952474868815, "roll-in": 0.23388884904555288, "sfb": 0.013922257682791265}, "wordle": {"unknown": 0.0, "bad-redirect": 0.0016156176371592056, "sft": 0.0, "roll-out": 0.19434533826994277, "sfR": 0.13138112868843263, "oneh-out": 0.0067093010209805905, "dsfb-alt": 0.042275328172332545, "alternate": 0.29821608885897005, "dsfb": 0.0, "sfT": 0.00029170874004263433, "redirect": 0.04974755974419388, "oneh-in": 0.012117132278694043, "dsfb-red": 0.02730842589476046, "roll-in": 0.2022887916526422, "sfb": 0.03370357904184899}, "english-1k": {"unknown": 0.0, "bad-redirect": 0.0, "sft": 0.0, "roll-out": 0.18207480592801695, "sfR": 0.10832745236414962, "oneh-out": 0.006351446718419196, "dsfb-alt": 0.03458009880028229, "alternate": 0.3585038814396613, "dsfb": 0.0, "sfT": 0.0, "redirect": 0.04234297812279464, "oneh-in": 0.014467184191954835, "dsfb-red": 0.012702893436838392, "roll-in": 0.21983062808750883, "sfb": 0.02081863091037403}, "english-10k": {"unknown": 0.0, "bad-redirect": 0.0008490766291657822, "sft": 0.0, "roll-out": 0.23048571042627505, "sfR": 0.10567144593890508, "oneh-out": 0.014993921383223018, "dsfb-alt": 0.032515775457825975, "alternate": 0.3161845583836669, "dsfb": 0.0, "sfT": 7.718878446961657e-05, "redirect": 0.05335674726462245, "oneh-in": 0.007217151347909149, "dsfb-red": 0.0247004110302773, "roll-in": 0.19181412940699716, "sfb": 0.02213388394666255}, "reddit": {"unknown": 0.0767315485250488, "bad-redirect": 0.00040952189919573316, "sft": 0.0, "roll-out": 0.16791750079643825, "sfR": 0.10397777127267367, "oneh-out": 0.006866393339922092, "dsfb-alt": 0.025561950160289636, "alternate": 0.3119533535341163, "dsfb": 0.0, "sfT": 0.00016556176661896465, "redirect": 0.039931775067484215, "oneh-in": 0.010287453807986183, "dsfb-red": 0.018005628725490913, "roll-in": 0.22184565036089282, "sfb": 0.016345890743842423}, "akl": {"unknown": 0.14613864774749563, "bad-redirect": 0.0005567364004971861, "sft": 0.0, "roll-out": 0.15156068163629455, "sfR": 0.13064861186637447, "oneh-out": 0.005650208595167, "dsfb-alt": 0.024246410102760647, "alternate": 0.26023677344608764, "dsfb": 0.0, "sfT": 0.0011147823039112652, "redirect": 0.035246704049104086, "oneh-in": 0.009934704478423382, "dsfb-red": 0.016160550789774797, "roll-in": 0.19531665917738064, "sfb": 0.023188529406728716}, "french": {"unknown": 0.18332483039098268, "bad-redirect": 0.002134582363203119, "sft": 0.0, "roll-out": 0.17883480340374783, "sfR": 0.10898279115633469, "oneh-out": 0.010404347381908019, "dsfb-alt": 0.030512131820760943, "alternate": 0.24671008193672261, "dsfb": 0.0, "sfT": 4.797184636909829e-05, "redirect": 0.03564216796010121, "oneh-in": 0.014828693989854268, "dsfb-red": 0.014063331796346537, "roll-in": 0.1534942523600478, "sfb": 0.0210200135936212}, "keymash": {"unknown": 0.06285789346217156, "bad-redirect": 0.00033659944255848414, "sft": 0.0, "roll-out": 0.16958454598071532, "sfR": 0.099723742164827, "oneh-out": 0.005525156703459996, "dsfb-alt": 0.024588178791772195, "alternate": 0.32961295168977023, "dsfb": 0.0, "sfT": 4.5153583757845434e-05, "redirect": 0.03795774445534516, "oneh-in": 0.010508470401825848, "dsfb-red": 0.01670682599040281, "roll-in": 0.22741397216076317, "sfb": 0.01513876517263036}, "movie": {"unknown": 0.10039888620853335, "bad-redirect": 0.0002739866999328456, "sft": 0.0, "roll-out": 0.15309474031074724, "sfR": 0.11567713207251198, "oneh-out": 0.004156122938174414, "dsfb-alt": 0.023775649899215795, "alternate": 0.2941643333273237, "dsfb": 0.0, "sfT": 8.790735617441925e-05, "redirect": 0.03214185088938425, "oneh-in": 0.01123227031669941, "dsfb-red": 0.015623821788101424, "roll-in": 0.23415914047661315, "sfb": 0.015214157716588}, "dutch": {"unknown": 0.09843118460616929, "bad-redirect": 0.0009729069643886178, "sft": 0.0, "roll-out": 0.21777173733150837, "sfR": 0.18880787437283908, "oneh-out": 0.01738024712866123, "dsfb-alt": 0.023651703789447434, "alternate": 0.2315921300883425, "dsfb": 0.0, "sfT": 5.2644811873513736e-05,