{"english-450k": {"sfR": 0.11369548401129392, "sfT": 2.134127267656395e-05, "roll-out": 0.1956687740929813, "sft": 0.0, "bad-redirect": 0.0012114826571463153, "oneh-out": 0.003599366427313087, "roll-in": 0.19689955159939684, "oneh-in": 0.004703558028674485, "dsfb-alt": 0.048354061653475035, "dsfb": 0.0, "redirect": 0.030543454046977697, "dsfb-red": 0.010665666452864144, "alternate": 0.3682638319219833, "unknown": 0.00015377410175167997, "sfb": 0.02621965373346563}, "shai": {"sfR": 0.09823378925716947, "sfT": 2.7677293364292476e-05, "roll-out": 0.2464458035944022, "sft": 0.0, "bad-redirect": 0.00276798865381918, "oneh-out": 0.008089216328914153, "roll-in": 0.1843326664360935, "oneh-in": 0.010040699670829472, "dsfb-alt": 0.04140890776134626, "dsfb": 0.0, "redirect": 0.02872263659678979, "dsfb-red": 0.010128050927148689, "alternate": 0.3268960900510987, "unknown": 0.024097749651430984, "sfb": 0.018808723777593305}, "tr-quotes": {"sfR": 0.09677191928064538, "sfT": 1.1557754097223828e-05, "roll-out": 0.26189870784309194, "sft": 0.0, "bad-redirect": 0.002297681514528097, "oneh-out": 0.010999514574327917, "roll-in": 0.17015787892096806, "oneh-in": 0.017560851575321883, "dsfb-alt": 0.036574512840664805, "dsfb": 0.0, "redirect": 0.029975035251149997, "dsfb-red": 0.011621321744758559, "alternate": 0.3291763944430318, "unknown": 0.013894731975682485, "sfb": 0.019059892281731813}, "gutenberg": {"sfR": 0.09863878308844841, "sfT": 0.00010475853819973684, "roll-out": 0.2790790190054342, "sft": 0.0, "bad-redirect": 0.0020904348445462857, "oneh-out": 0.01184282960957459, "roll-in": 0.15846178094061422, "oneh-in": 0.009015675135627262, "dsfb-alt": 0.035711484756211914, "dsfb": 0.0, "redirect": 0.03204057887332855, "dsfb-red": 0.012227386268788814, "alternate": 0.3084498653672819, "unknown": 0.03298207965968062, "sfb": 0.019355323912263495}, "english-200": {"sfR": 0.10690423162583519, "sfT": 0.0, "roll-out": 0.29175946547884185, "sft": 0.0, "bad-redirect": 0.0022271714922048997, "oneh-out": 0.0066815144766146995, "roll-in": 0.16258351893095768, "oneh-in": 0.0022271714922048997, "dsfb-alt": 0.031180400890868598, "dsfb": 0.0, "redirect": 0.0334075723830735, "dsfb-red": 0.004454342984409799, "alternate": 0.34743875278396436, "unknown": 0.0, "sfb": 0.011135857461024499}, "monkeyracer": {"sfR": 0.09690789370786869, "sfT": 1.1730297011120321e-05, "roll-out": 0.2620626554264354, "sft": 0.0, "bad-redirect": 0.002295228115175876, "oneh-out": 0.011024524140951248, "roll-in": 0.17022322755212163, "oneh-in": 0.017954197100270578, "dsfb-alt": 0.03646362825906752, "dsfb": 0.0, "redirect": 0.030041290645479144, "dsfb-red": 0.011633522060778579, "alternate": 0.3288461688849962, "unknown": 0.013491796612290222, "sfb": 0.01904413719755384}, "chained-bigrams": {"sfR": 0.11914286586209158, "sfT": 6.493046920704963e-05, "roll-out": 0.23077262713223545, "sft": 0.0, "bad-redirect": 0.003630262533366145, "oneh-out": 0.009187012088105453, "roll-in": 0.1692250353708731, "oneh-in": 0.006532654506921263, "dsfb-alt": 0.05506818023919086, "dsfb": 0.0, "redirect": 0.0306939314035565, "dsfb-red": 0.017039053729313965, "alternate": 0.314878362505511, "unknown": 0.023159399756770463, "sfb": 0.0206056844028572}, "english-5k": {"sfR": 0.10644211224955408, "sfT": 0.0, "roll-out": 0.21412867631808188, "sft": 0.0, "bad-redirect": 0.0022814950014518605, "oneh-out": 0.004853362093997594, "roll-in": 0.20637159331314556, "oneh-in": 0.004562990002903721, "dsfb-alt": 0.04571286348363546, "dsfb": 0.0, "redirect": 0.028166092836105695, "dsfb-red": 0.009416352096901314, "alternate": 0.35852656904633506, "unknown": 0.002157049819554486, "sfb": 0.017380843738333263}, "mt-quotes": {"sfR": 0.0964592223377679, "sfT": 5.9765004004255265e-06, "roll-out": 0.26768595880995927, "sft": 0.0, "bad-redirect": 0.002232222899558934, "oneh-out": 0.011555563524222757, "roll-in": 0.1694352804771638, "oneh-in": 0.01928317854197296, "dsfb-alt": 0.035536271380930184, "dsfb": 0.0, "redirect": 0.030163397520947634, "dsfb-red": 0.011766235163337756, "alternate": 0.3293455134411494, "unknown": 0.007995063410669249, "sfb": 0.01853611599191977}, "wordle": {"sfR": 0.13138112868843263, "sfT": 2.2439133849433412e-05, "roll-out": 0.2114888365309099, "sft": 0.0, "bad-redirect": 0.002064400314147874, "oneh-out": 0.008100527319645461, "roll-in": 0.17269157410523953, "oneh-in": 0.0061707618085941884, "dsfb-alt": 0.053292942892404355, "dsfb": 0.0, "redirect": 0.0375406709301021, "dsfb-red": 0.018041063614944463, "alternate": 0.32500841467519354, "unknown": 0.0, "sfb": 0.034197239986536516}, "english-1k": {"sfR": 0.10832745236414962, "sfT": 0.0, "roll-out": 0.25935074100211714, "sft": 0.0, "bad-redirect": 0.0014114326040931546, "oneh-out": 0.008821453775582216, "roll-in": 0.16302046577275936, "oneh-in": 0.004234297812279464, "dsfb-alt": 0.03916725476358504, "dsfb": 0.0, "redirect": 0.030698659139026113, "dsfb-red": 0.006351446718419196, "alternate": 0.36520818630910373, "unknown": 0.0, "sfb": 0.013408609738884969}, "english-10k": {"sfR": 0.10567144593890508, "sfT": 0.0, "roll-out": 0.2046081704328361, "sft": 0.0, "bad-redirect": 0.0022384747496188803, "oneh-out": 0.004496246695355165, "roll-in": 0.22419482449200132, "oneh-in": 0.006001427992512688, "dsfb-alt": 0.04534841087589973, "dsfb": 0.0, "redirect": 0.0284247698809363, "dsfb-red": 0.010131027961637173, "alternate": 0.348565253468671, "unknown": 0.0, "sfb": 0.020319947511626562}, "reddit": {"sfR": 0.10397777127267367, "sfT": 9.780130602762821e-05, "roll-out": 0.25029316980925, "sft": 0.0, "bad-redirect": 0.0029213036603196953, "oneh-out": 0.009576174987550092, "roll-in": 0.16883093727625048, "oneh-in": 0.012893103846745241, "dsfb-alt": 0.03778572748945246, "dsfb": 0.0, "redirect": 0.02991933358766917, "dsfb-red": 0.010998807543248798, "alternate": 0.30897620087062266, "unknown": 0.04519937363713543, "sfb": 0.018530294713054677}, "akl": {"sfR": 0.13064861186637447, "sfT": 0.00019079210423109534, "roll-out": 0.2119814674205681, "sft": 0.0, "bad-redirect": 0.003395491648299241, "oneh-out": 0.00731980010660342, "roll-in": 0.13986259558846256, "oneh-in": 0.011586432393465206, "dsfb-alt": 0.02984384325961664, "dsfb": 0.0, "redirect": 0.028680362271758273, "dsfb-red": 0.012029983268258862, "alternate": 0.26391205398176226, "unknown": 0.13920166722946467, "sfb": 0.021346898861135197}, "french": {"sfR": 0.10898279115633469, "sfT": 0.00026242188038760953, "roll-out": 0.18150056684534457, "sft": 0.0, "bad-redirect": 0.0027906670278488254, "oneh-out": 0.005303016444829837, "roll-in": 0.18469535398061376, "oneh-in": 0.0049736557107329426, "dsfb-alt": 0.03865627412497337, "dsfb": 0.0, "redirect": 0.01584215542629525, "dsfb-red": 0.006846145793991962, "alternate": 0.2517107948475001, "unknown": 0.15842537463172957, "sfb": 0.04001078212941753}, "keymash": {"sfR": 0.099723742164827, "sfT": 4.104871250713221e-06, "roll-out": 0.2634136930295181, "sft": 0.0, "bad-redirect": 0.0023644058404108156, "oneh-out": 0.010660350638102237, "roll-in": 0.1694942388131996, "oneh-in": 0.017063949789214862, "dsfb-alt": 0.03687405844515687, "dsfb": 0.0, "redirect": 0.030564871332810647, "dsfb-red": 0.012084740962099725, "alternate": 0.3263331595604504, "unknown": 0.012376186820900362, "sfb": 0.019042497732058634}, "movie": {"sfR": 0.11567713207251198, "sfT": 1.4080968728537216e-05, "roll-out": 0.24997601629391797, "sft": 0.0, "bad-redirect": 0.0034222017923888812, "oneh-out": 0.010461764971787397, "roll-in": 0.14977623761516293, "oneh-in": 0.028059422740817137, "dsfb-alt": 0.034723668884572775, "dsfb": 0.0, "redirect": 0.031692312672779735, "dsfb-red": 0.0157747645089578, "alternate": 0.3106844679940239, "unknown": 0.030282373430185833, "sfb": 0.019455556054165143}, "dutch": {"sfR": 0.18880787437283908, "sfT": 0.0002187736204593805, "roll-out": 0.17835587096699232, "sft": 0.0, "bad-redirect": 0.0011899233670129832, "oneh-out": 0.0039483788213077655, "roll-in": 0.1517632479611163, "oneh-in": 0.007368157828572211,