{"english-450k": {"unknown": 0.00015377410175167997, "sfT": 0.00013360221387931131, "oneh-out": 0.008734719794936681, "bad-redirect": 0.0013436231400203824, "sfb": 0.027297241830531584, "alternate": 0.32713832243564145, "dsfb-alt": 0.04455239165503616, "roll-in": 0.18205625793354502, "redirect": 0.04931821942453404, "roll-out": 0.22169518698755367, "dsfb-red": 0.018490897216337943, "sfR": 0.11369548401129392, "dsfb": 0.0, "sft": 0.0, "oneh-in": 0.005390279254938166}, "shai": {"unknown": 0.023621906111313578, "sfT": 5.871023116248812e-05, "oneh-out": 0.00873351554185878, "bad-redirect": 0.0009300940695119228, "sfb": 0.020286469081781118, "alternate": 0.3228595671706352, "dsfb-alt": 0.03582986054452627, "roll-in": 0.21925454455661061, "redirect": 0.053442376424813594, "roll-out": 0.1950208506663141, "dsfb-red": 0.014903988316938798, "sfR": 0.09823378925716947, "dsfb": 0.0, "sft": 0.0, "oneh-in": 0.0068243280273641}, "tr-quotes": {"unknown": 0.01476965396084233, "sfT": 2.6582834423614803e-05, "oneh-out": 0.005722244053535517, "bad-redirect": 0.0009419569589237419, "sfb": 0.018194216499849748, "alternate": 0.31606758974596055, "dsfb-alt": 0.03158271884607383, "roll-in": 0.24490765354476318, "redirect": 0.06270543907907815, "roll-out": 0.18541989320635213, "dsfb-red": 0.015161461824738216, "sfR": 0.09677191928064538, "dsfb": 0.0, "sft": 0.0, "oneh-in": 0.007728670164813573}, "gutenberg": {"unknown": 0.03802431837805746, "sfT": 1.1366206676282477e-05, "oneh-out": 0.0047380032530083506, "bad-redirect": 0.0006478737805481012, "sfb": 0.018948982023586393, "alternate": 0.3142149948302703, "dsfb-alt": 0.0338210951491682, "roll-in": 0.25434236454228476, "redirect": 0.04762137498517657, "roll-out": 0.16905773767780063, "dsfb-red": 0.011757393622724533, "sfR": 0.09863878308844841, "dsfb": 0.0, "sft": 0.0, "oneh-in": 0.008175712462249986}, "english-200": {"unknown": 0.0, "sfT": 0.0, "oneh-out": 0.0022271714922048997, "bad-redirect": 0.0, "sfb": 0.004454342984409799, "alternate": 0.30957683741648107, "dsfb-alt": 0.0334075723830735, "roll-in": 0.2806236080178174, "redirect": 0.053452115812917596, "roll-out": 0.18262806236080179, "dsfb-red": 0.015590200445434299, "sfR": 0.10690423162583519, "dsfb": 0.0, "sft": 0.0, "oneh-in": 0.011135857461024499}, "monkeyracer": {"unknown": 0.014352018393105714, "sfT": 2.7370693025947417e-05, "oneh-out": 0.005619789793077561, "bad-redirect": 0.00096970455291928, "sfb": 0.018171207594976306, "alternate": 0.31524586702535307, "dsfb-alt": 0.031439151039304315, "roll-in": 0.2460820807982858, "redirect": 0.06317155950388664, "roll-out": 0.18501904218214804, "dsfb-red": 0.015166296510627649, "sfR": 0.09690789370786869, "dsfb": 0.0, "sft": 0.0, "oneh-in": 0.00782801820542096}, "chained-bigrams": {"unknown": 0.02365222201805197, "sfT": 8.8954742813658e-05, "oneh-out": 0.005758683313973232, "bad-redirect": 0.0024400870328009252, "sfb": 0.0204868616442083, "alternate": 0.3330108453362717, "dsfb-alt": 0.04947571892638768, "roll-in": 0.19247533778453343, "redirect": 0.04650709787424137, "roll-out": 0.1782282942311226, "dsfb-red": 0.020793982763557643, "sfR": 0.11914286586209158, "dsfb": 0.0, "sft": 0.0, "oneh-in": 0.007939048469945958}, "english-5k": {"unknown": 0.002157049819554486, "sfT": 4.148172729912474e-05, "oneh-out": 0.01410378728170241, "bad-redirect": 0.00078815281868337, "sfb": 0.024100883560791472, "alternate": 0.32571452275272744, "dsfb-alt": 0.04061061102584312, "roll-in": 0.19608412494296262, "redirect": 0.05293068403368316, "roll-out": 0.21292570622640727, "dsfb-red": 0.017837142738623635, "sfR": 0.10644211224955408, "dsfb": 0.0, "sft": 0.0, "oneh-in": 0.006263740822167835}, "mt-quotes": {"unknown": 0.008869126594231481, "sfT": 1.4941251001063817e-05, "oneh-out": 0.005163696345967655, "bad-redirect": 0.0009920990664706373, "sfb": 0.017234733029727112, "alternate": 0.31634064856982347, "dsfb-alt": 0.03016489164604774, "roll-in": 0.2524608240398752, "redirect": 0.06541279688265739, "roll-out": 0.18326340827864834, "dsfb-red": 0.015458218285700626, "sfR": 0.0964592223377679, "dsfb": 0.0, "sft": 0.0, "oneh-in": 0.008165393672081377}, "wordle": {"unknown": 0.0, "sfT": 0.00026926960619320093, "oneh-out": 0.005564905194659486, "bad-redirect": 0.0016156176371592056, "sfb": 0.04005385392123864, "alternate": 0.3086054078312577, "dsfb-alt": 0.05064512509817121, "roll-in": 0.194614607876136, "redirect": 0.04355435880175025, "roll-out": 0.19795803881970156, "dsfb-red": 0.017053741725569393, "sfR": 0.13138112868843263, "dsfb": 0.0, "sft": 0.0, "oneh-in": 0.00868394479973073}, "english-1k": {"unknown": 0.0, "sfT": 0.0, "oneh-out": 0.00529287226534933, "bad-redirect": 0.0, "sfb": 0.022582921665490474, "alternate": 0.3376852505292872, "dsfb-alt": 0.038461538461538464, "roll-in": 0.24100211714890615, "redirect": 0.04199011997177135, "roll-out": 0.1831333803810868, "dsfb-red": 0.010232886379675371, "sfR": 0.10832745236414962, "dsfb": 0.0, "sft": 0.0, "oneh-in": 0.011291460832745237}, "english-10k": {"unknown": 0.0, "sfT": 5.789158835221242e-05, "oneh-out": 0.014222033538526852, "bad-redirect": 0.0008490766291657822, "sfb": 0.024391655892398834, "alternate": 0.31929140695856895, "dsfb-alt": 0.03930838849115224, "roll-in": 0.1906370004438355, "redirect": 0.052584859419926286, "roll-out": 0.23154705621273228, "dsfb-red": 0.01607456436579765, "sfR": 0.10567144593890508, "dsfb": 0.0, "sft": 0.0, "oneh-in": 0.0053646205206383515}, "reddit": {"unknown": 0.041215890108939265, "sfT": 0.00016638582971073327, "oneh-out": 0.006513769251471655, "bad-redirect": 0.001465558751297197, "sfb": 0.018554230000129228, "alternate": 0.29842710703099995, "dsfb-alt": 0.03268024460440008, "roll-in": 0.23468208114137232, "redirect": 0.056729027641136257, "roll-out": 0.18417944947716006, "dsfb-red": 0.014434925891444296, "sfR": 0.10397777127267367, "dsfb": 0.0, "sft": 0.0, "oneh-in": 0.0069735589992652725}, "akl": {"unknown": 0.13294990264339965, "sfT": 0.001090667684158669, "oneh-out": 0.006586107859110235, "bad-redirect": 0.0012437559874241269, "sfb": 0.024334295043805715, "alternate": 0.2507536992283791, "dsfb-alt": 0.026973066959356216, "roll-in": 0.20060460490901016, "redirect": 0.04770751377702076, "roll-out": 0.15357963864291715, "dsfb-red": 0.016259084707370447, "sfR": 0.13064861186637447, "dsfb": 0.0, "sft": 0.0, "oneh-in": 0.007269050691673264}, "french": {"unknown": 0.1582236891239779, "sfT": 0.0004710589611296654, "oneh-out": 0.010301467098017764, "bad-redirect": 0.002715128598931588, "sfb": 0.025550251834964323, "alternate": 0.2502631147904109, "dsfb-alt": 0.03232524887867307, "roll-in": 0.16652894611771354, "redirect": 0.04213182091076004, "roll-out": 0.17540859181161933, "dsfb-red": 0.013995464068660087, "sfR": 0.10898279115633469, "dsfb": 0.0, "sft": 0.0, "oneh-in": 0.013102426648807116}, "keymash": {"unknown": 0.013394194891077241, "sfT": 3.694384125641899e-05, "oneh-out": 0.005525156703459996, "bad-redirect": 0.0009030716751569087, "sfb": 0.018139426056901727, "alternate": 0.3167729144175393, "dsfb-alt": 0.030560766461559932, "roll-in": 0.24506902341008074, "redirect": 0.06025540508921938, "roll-out": 0.18648019604865093, "dsfb-red": 0.015282435666405324, "sfR": 0.099723742164827, "dsfb": 0.0, "sft": 0.0, "oneh-in": 0.007856723573865106}, "movie": {"unknown": 0.030451476652766863, "sfT": 2.2371632559358192e-05, "oneh-out": 0.005187455199160827, "bad-redirect": 0.0015494329514934315, "sfb": 0.018412906379060467, "alternate": 0.28715411646592953, "dsfb-alt": 0.03331662479442773, "roll-in": 0.23614653103491567, "redirect": 0.06992095839021102, "roll-out": 0.17592775489218254, "dsfb-red": 0.0179960044264249, "sfR": 0.11567713207251198, "dsfb": 0.0, "sft": 0.0, "oneh-in": 0.008237235108355686}, "dutch": {"unknown": 0.07325925428910873, "sfT": 9.488976309081564e-05, "oneh-out": 0.010292275890802755, "bad-redirect": 0.0014208361351693557, "sfb": 0.03096558510387076, "alternate": 0.22065759107884172, "dsfb-alt": 0.03277987665693539, "roll-in": 0.16048751175767004,