{"english-450k": {"dsfb": 0.0, "dsfb-red": 0.012475581783557397, "sft": 0.0, "oneh-out": 0.005677655570569157, "oneh-in": 0.005473013229834982, "sfb": 0.03164238341672022, "dsfb-alt": 0.05293366489290482, "alternate": 0.32252071419007533, "redirect": 0.03879551026398277, "unknown": 0.00015377410175167997, "sfR": 0.11369548401129392, "roll-out": 0.18551822164636517, "sfT": 1.900250306817338e-05, "roll-in": 0.23031209126346766, "bad-redirect": 0.0007829031264087432}, "shai": {"dsfb": 0.0, "dsfb-red": 0.013008351103670292, "sft": 0.0, "oneh-out": 0.009578677360554589, "oneh-in": 0.011509659147030019, "sfb": 0.022631611703249253, "dsfb-alt": 0.052377789519738004, "alternate": 0.28163477862654984, "redirect": 0.03651322379353939, "unknown": 0.023260762136131256, "sfR": 0.09823378925716947, "roll-out": 0.2185686810235095, "sfT": 3.140062663466716e-05, "roll-in": 0.23060435969040446, "bad-redirect": 0.0020469160118192996}, "tr-quotes": {"dsfb": 0.0, "dsfb-red": 0.014610156954300641, "sft": 0.0, "oneh-out": 0.011229513880862671, "oneh-in": 0.01939853447678047, "sfb": 0.022138877973232243, "dsfb-alt": 0.051545271722798824, "alternate": 0.27535540093848965, "redirect": 0.036838029634081504, "unknown": 0.013835787429786644, "sfR": 0.09677191928064538, "roll-out": 0.24453896118906174, "sfT": 1.271352950694621e-05, "roll-in": 0.2107140380481265, "bad-redirect": 0.003010794942326807}, "gutenberg": {"dsfb": 0.0, "dsfb-red": 0.01546959672319839, "sft": 0.0, "oneh-out": 0.012663848605158061, "oneh-in": 0.01166097030275407, "sfb": 0.022108787479592922, "dsfb-alt": 0.048444098911761484, "alternate": 0.2495191147392043, "redirect": 0.03566393612494947, "unknown": 0.032975828246008664, "sfR": 0.09863878308844841, "roll-out": 0.2598269381371469, "sfT": 2.7278896023077948e-05, "roll-in": 0.21101836286463266, "bad-redirect": 0.001982455881121602}, "english-200": {"dsfb": 0.0, "dsfb-red": 0.015590200445434299, "sft": 0.0, "oneh-out": 0.011135857461024499, "oneh-in": 0.013363028953229399, "sfb": 0.0022271714922048997, "dsfb-alt": 0.042316258351893093, "alternate": 0.2873051224944321, "redirect": 0.035634743875278395, "unknown": 0.0, "sfR": 0.10690423162583519, "roll-out": 0.26280623608017817, "sfT": 0.0, "roll-in": 0.2182628062360802, "bad-redirect": 0.004454342984409799}, "monkeyracer": {"dsfb": 0.0, "dsfb-red": 0.014702949778688397, "sft": 0.0, "oneh-out": 0.011161377606080986, "oneh-in": 0.019874055711090605, "sfb": 0.021993329371099678, "dsfb-alt": 0.051242824968328195, "alternate": 0.27475288174296575, "redirect": 0.03705014310962353, "unknown": 0.013436077701487402, "sfR": 0.09690789370786869, "roll-out": 0.2450674101068239, "sfT": 1.3685346512973709e-05, "roll-in": 0.21075531382454604, "bad-redirect": 0.00304205702488387}, "chained-bigrams": {"dsfb": 0.0, "dsfb-red": 0.01674426939911396, "sft": 0.0, "oneh-out": 0.009318171635903693, "oneh-in": 0.0075923197643803135, "sfb": 0.024256075381677532, "dsfb-alt": 0.056414188865853004, "alternate": 0.28857567873442724, "redirect": 0.04009910986819764, "unknown": 0.022916559801936097, "sfR": 0.11914286586209158, "roll-out": 0.20843264989685795, "sfT": 0.00012986093841409926, "roll-in": 0.20378297899694112, "bad-redirect": 0.0025952708542057736}, "english-5k": {"dsfb": 0.0, "dsfb-red": 0.011365993279960178, "sft": 0.0, "oneh-out": 0.006637076367859957, "oneh-in": 0.006927448458953831, "sfb": 0.02505496328867134, "dsfb-alt": 0.0548388434894429, "alternate": 0.31214999792591364, "redirect": 0.03762392666030614, "unknown": 0.002157049819554486, "sfR": 0.10644211224955408, "roll-out": 0.17488696229310988, "sfT": 0.0, "roll-in": 0.2612519185298876, "bad-redirect": 0.0006637076367859958}, "mt-quotes": {"dsfb": 0.0, "dsfb-red": 0.014971133503065944, "sft": 0.0, "oneh-out": 0.011455457142515628, "oneh-in": 0.021168764418307215, "sfb": 0.021114975914703387, "dsfb-alt": 0.05052234613499719, "alternate": 0.2744902045158437, "redirect": 0.037545869640573264, "unknown": 0.007977133909467972, "sfR": 0.0964592223377679, "roll-out": 0.25127448871039076, "sfT": 7.470625500531909e-06, "roll-in": 0.20981401130753877, "bad-redirect": 0.003198921839327763}, "wordle": {"dsfb": 0.0, "dsfb-red": 0.01985863345674857, "sft": 0.0, "oneh-out": 0.010501514641534837, "oneh-in": 0.0069112532256254905, "sfb": 0.03549870974980366, "dsfb-alt": 0.055267586671154494, "alternate": 0.29150678783798945, "redirect": 0.046000224391338496, "unknown": 0.0, "sfR": 0.13138112868843263, "roll-out": 0.20848199259508582, "sfT": 0.0, "roll-in": 0.19277459890048243, "bad-redirect": 0.0018175698418041065}, "english-1k": {"dsfb": 0.0, "dsfb-red": 0.013408609738884969, "sft": 0.0, "oneh-out": 0.012702893436838392, "oneh-in": 0.005998588567395907, "sfb": 0.017290049400141144, "dsfb-alt": 0.05045871559633028, "alternate": 0.29675370501058573, "redirect": 0.033168666196189134, "unknown": 0.0, "sfR": 0.10832745236414962, "roll-out": 0.2300635144671842, "sfT": 0.0, "roll-in": 0.23147494707127736, "bad-redirect": 0.00035285815102328866}, "english-10k": {"dsfb": 0.0, "dsfb-red": 0.010729241041276703, "sft": 0.0, "oneh-out": 0.006541749483800004, "oneh-in": 0.0057312672468690295, "sfb": 0.027189749329422436, "dsfb-alt": 0.05511279211130623, "alternate": 0.3075201173269524, "redirect": 0.038729472607630114, "unknown": 0.0, "sfR": 0.10567144593890508, "roll-out": 0.17581675382566914, "sfT": 0.0, "roll-in": 0.2661469288512379, "bad-redirect": 0.0008104822369309739}, "reddit": {"dsfb": 0.0, "dsfb-red": 0.013928614036379015, "sft": 0.0, "oneh-out": 0.01055887022448415, "oneh-in": 0.015492798156795608, "sfb": 0.02487310833039761, "dsfb-alt": 0.05451012539430951, "alternate": 0.26856714344335136, "redirect": 0.036182812403722744, "unknown": 0.039285409944231534, "sfR": 0.10397777127267367, "roll-out": 0.22689393577589378, "sfT": 0.0009692480255729252, "roll-in": 0.20188766634134903, "bad-redirect": 0.0028724966508390367}, "akl": {"dsfb": 0.0, "dsfb-red": 0.014151328578421175, "sft": 0.0, "oneh-out": 0.00994394512164825, "oneh-in": 0.014361763226405666, "sfb": 0.025347875009083132, "dsfb-alt": 0.049875605870555936, "alternate": 0.22786069745163073, "redirect": 0.03444360814701557, "unknown": 0.13277008071454782, "sfR": 0.13064861186637447, "roll-out": 0.18839017939028704, "sfT": 0.00019778435565526007, "roll-in": 0.16887092657189703, "bad-redirect": 0.003137593696477929}, "french": {"dsfb": 0.0, "dsfb-red": 0.012059211281420155, "sft": 0.0, "oneh-out": 0.012819254922316696, "oneh-in": 0.0071125078978633545, "sfb": 0.043822746095159876, "dsfb-alt": 0.03992749809007779, "alternate": 0.20406433902533822, "redirect": 0.03838367957635196, "unknown": 0.15807953387545715, "sfR": 0.10898279115633469, "roll-out": 0.14141910040263242, "sfT": 3.204615221221151e-05, "roll-in": 0.23114793706902775, "bad-redirect": 0.0021493544558077193}, "keymash": {"dsfb": 0.0, "dsfb-red": 0.01380057714489785, "sft": 0.0, "oneh-out": 0.011526478472002725, "oneh-in": 0.018907036980785098, "sfb": 0.02205547323008214, "dsfb-alt": 0.052082606429049355, "alternate": 0.2733105376149877, "redirect": 0.035991511126253525, "unknown": 0.01232282349464109, "sfR": 0.099723742164827, "roll-out": 0.24410437866616314, "sfT": 8.209742501426442e-06, "roll-in": 0.21302229355576263, "bad-redirect": 0.0031443313780463275}, "movie": {"dsfb": 0.0, "dsfb-red": 0.017466849517476787, "sft": 0.0, "oneh-out": 0.012148980860278758, "oneh-in": 0.02849659076059471, "sfb": 0.02537561642072566, "dsfb-alt": 0.05591631640805279, "alternate": 0.26128079701967744, "redirect": 0.03613189735526508, "unknown": 0.030236445784519856, "sfR": 0.11567713207251198, "roll-out": 0.2380008761784093, "sfT": 1.7107719015979792e-05, "roll-in": 0.17340212917406958, "bad-redirect": 0.005849260729402076}, "dutch": {"dsfb": 0.0, "dsfb-red": 0.016573648280800827, "sft": 0.0, "oneh-out": 0.004686750997104572, "oneh-in": 0.007635613555379204, "sfb": 0.04276090982140965, "dsfb-alt": 0.036780864428528195, "alternate": 0.21933318675506738, "redirect": 0.029825706583567237,