{"english-450k": {"bad-redirect": 0.0033926776631715704, "dsfb-red": 0.02153451351545722, "sft": 0.0, "oneh-out": 0.006801434367400826, "roll-out": 0.18203900950768315, "sfb": 0.03805236622091667, "redirect": 0.03899284394969073, "oneh-in": 0.011623684953701132, "roll-in": 0.23248890107647718, "alternate": 0.3136599931824866, "sfR": 0.11369548401129392, "sfT": 0.00028299112261525894, "dsfb": 0.0, "unknown": 0.00015377410175167997, "dsfb-alt": 0.03728232632735407}, "shai": {"bad-redirect": 0.00384444223229079, "dsfb-red": 0.018388482530368, "sft": 0.0, "oneh-out": 0.008688185313935051, "roll-out": 0.2302615924162281, "sfb": 0.017043503859416845, "redirect": 0.029411224897689613, "oneh-in": 0.011993313172115841, "roll-in": 0.23143743809281117, "alternate": 0.291582453021752, "sfR": 0.09823378925716947, "sfT": 5.8779898520977464e-05, "dsfb": 0.0, "unknown": 0.024097749651430984, "dsfb-alt": 0.034959045656271164}, "tr-quotes": {"bad-redirect": 0.004364207947111717, "dsfb-red": 0.02183144171424609, "sft": 0.0, "oneh-out": 0.010592681630105637, "roll-out": 0.2492140727213888, "sfb": 0.019015972816162362, "redirect": 0.034268740898268646, "oneh-in": 0.008808164397494279, "roll-in": 0.23037031044127504, "alternate": 0.27817549293821225, "sfR": 0.09677191928064538, "sfT": 2.7738609833337187e-05, "dsfb": 0.0, "unknown": 0.013894731975682485, "dsfb-alt": 0.032664524629573984}, "gutenberg": {"bad-redirect": 0.00398366600325907, "dsfb-red": 0.020163840080503054, "sft": 0.0, "oneh-out": 0.012029235399065622, "roll-out": 0.2641735650069353, "sfb": 0.014208137218908973, "redirect": 0.03295271695910022, "oneh-in": 0.007867119950988917, "roll-in": 0.21872900803704473, "alternate": 0.2636901223496374, "sfR": 0.09863878308844841, "sfT": 1.7049310014423718e-05, "dsfb": 0.0, "unknown": 0.03298207965968062, "dsfb-alt": 0.030564676936413272}, "english-200": {"bad-redirect": 0.0022271714922048997, "dsfb-red": 0.028953229398663696, "sft": 0.0, "oneh-out": 0.0066815144766146995, "roll-out": 0.2516703786191537, "sfb": 0.008908685968819599, "redirect": 0.0334075723830735, "oneh-in": 0.0066815144766146995, "roll-in": 0.22271714922049, "alternate": 0.29398663697104677, "sfR": 0.10690423162583519, "sfT": 0.0, "dsfb": 0.0, "unknown": 0.0, "dsfb-alt": 0.0378619153674833}, "monkeyracer": {"bad-redirect": 0.004464355537482209, "dsfb-red": 0.02203634046014045, "sft": 0.0, "oneh-out": 0.010582682953532383, "roll-out": 0.2496520011886701, "sfb": 0.018812463831584216, "redirect": 0.034203591034925006, "oneh-in": 0.008670644540719771, "roll-in": 0.23083855983233495, "alternate": 0.27775192767880885, "sfR": 0.09690789370786869, "sfT": 2.7370693025947417e-05, "dsfb": 0.0, "unknown": 0.013491796612290222, "dsfb-alt": 0.03256037192861723}, "chained-bigrams": {"bad-redirect": 0.0033789816175348627, "dsfb-red": 0.03320674056186932, "sft": 0.0, "oneh-out": 0.009166234337959196, "roll-out": 0.20122926364302787, "sfb": 0.01822468409703469, "redirect": 0.04125032708723863, "oneh-in": 0.008350707644718652, "roll-in": 0.2187884104306903, "alternate": 0.27377218105991197, "sfR": 0.11914286586209158, "sfT": 7.596864897224807e-05, "dsfb": 0.0, "unknown": 0.023159399756770463, "dsfb-alt": 0.0502542352521802}, "english-5k": {"bad-redirect": 0.0038578006388186002, "dsfb-red": 0.018459368648110507, "sft": 0.0, "oneh-out": 0.007300784004645953, "roll-out": 0.17409880947442652, "sfb": 0.020243082921972872, "redirect": 0.029659435018874185, "oneh-in": 0.021404571286348362, "roll-in": 0.2519185298875845, "alternate": 0.3287012071182644, "sfR": 0.10644211224955408, "sfT": 4.148172729912474e-05, "dsfb": 0.0, "unknown": 0.002157049819554486, "dsfb-alt": 0.035715767204546396}, "mt-quotes": {"bad-redirect": 0.004604893558527869, "dsfb-red": 0.022716678022017427, "sft": 0.0, "oneh-out": 0.010680006215560417, "roll-out": 0.255659745879203, "sfb": 0.018249243972699346, "redirect": 0.034194547041034654, "oneh-in": 0.008284923680089887, "roll-in": 0.23247690082595235, "alternate": 0.27611730674985957, "sfR": 0.0964592223377679, "sfT": 1.1953000800851053e-05, "dsfb": 0.0, "unknown": 0.007995063410669249, "dsfb-alt": 0.032549515305817525}, "wordle": {"bad-redirect": 0.005475148659261753, "dsfb-red": 0.02374060361270055, "sft": 0.0, "oneh-out": 0.011421519129361606, "roll-out": 0.21258835408953214, "sfb": 0.03096600471221811, "redirect": 0.036530909906877594, "oneh-in": 0.006574666217883989, "roll-in": 0.1981151127566476, "alternate": 0.2965331538202625, "sfR": 0.13138112868843263, "sfT": 0.0003141478738920678, "dsfb": 0.0, "unknown": 0.0, "dsfb-alt": 0.04635925053292943}, "english-1k": {"bad-redirect": 0.0035285815102328866, "dsfb-red": 0.0187014820042343, "sft": 0.0, "oneh-out": 0.012702893436838392, "roll-out": 0.22547635850388145, "sfb": 0.013408609738884969, "redirect": 0.032462949894142556, "oneh-in": 0.012702893436838392, "roll-in": 0.23888496824276642, "alternate": 0.30310515172900493, "sfR": 0.10832745236414962, "sfT": 0.0, "dsfb": 0.0, "unknown": 0.0, "dsfb-alt": 0.030698659139026113}, "english-10k": {"bad-redirect": 0.004573435479824781, "dsfb-red": 0.017714826035777002, "sft": 0.0, "oneh-out": 0.007989039192605315, "roll-out": 0.18297601358522605, "sfb": 0.019818220412574052, "redirect": 0.030045734354798247, "oneh-in": 0.019123521352347503, "roll-in": 0.2553212018293742, "alternate": 0.3187896798595164, "sfR": 0.10567144593890508, "sfT": 3.859439223480828e-05, "dsfb": 0.0, "unknown": 0.0, "dsfb-alt": 0.03793828756681654}, "reddit": {"bad-redirect": 0.0032192773828205695, "dsfb-red": 0.02145882765413398, "sft": 0.0, "oneh-out": 0.009279324987447084, "roll-out": 0.2346016226176851, "sfb": 0.017036343242504724, "redirect": 0.032750926743225876, "oneh-in": 0.008730311681262884, "roll-in": 0.2199115742845119, "alternate": 0.2675763574051527, "sfR": 0.10397777127267367, "sfT": 6.599996216801261e-05, "dsfb": 0.0, "unknown": 0.04519937363713543, "dsfb-alt": 0.036192289129278084}, "akl": {"bad-redirect": 0.003145154222752821, "dsfb-red": 0.02040978892468389, "sft": 0.0, "oneh-out": 0.0060140280376434156, "roll-out": 0.19173502045406496, "sfb": 0.022894385402471892, "redirect": 0.025273579249251107, "oneh-in": 0.006539336368135169, "roll-in": 0.19267067264198612, "alternate": 0.23077251307915453, "sfR": 0.13064861186637447, "sfT": 0.0001422663734994363, "dsfb": 0.0, "unknown": 0.13920166722946467, "dsfb-alt": 0.030552976150517528}, "french": {"bad-redirect": 0.002994330138261543, "dsfb-red": 0.01746343004424601, "sft": 0.0, "oneh-out": 0.011231989077400866, "roll-out": 0.15137592529144508, "sfb": 0.04888591828998256, "redirect": 0.03297415724275326, "oneh-in": 0.013715873001533256, "roll-in": 0.20377336176107194, "alternate": 0.22277093205147525, "sfR": 0.10898279115633469, "sfT": 0.00043657076926780896, "dsfb": 0.0, "unknown": 0.15842537463172957, "dsfb-alt": 0.026969346544498164}, "keymash": {"bad-redirect": 0.004617980157052374, "dsfb-red": 0.021706559173771515, "sft": 0.0, "oneh-out": 0.00990094945672029, "roll-out": 0.2501508540184637, "sfb": 0.017975231206873197, "redirect": 0.03384466346213051, "oneh-in": 0.008817263446532, "roll-in": 0.23016423589874105, "alternate": 0.2786714994684192, "sfR": 0.099723742164827, "sfT": 2.462922750427933e-05, "dsfb": 0.0, "unknown": 0.012376186820900362, "dsfb-alt": 0.03202620549806455}, "movie": {"bad-redirect": 0.004267323111778283, "dsfb-red": 0.02148847946461788, "sft": 0.0, "oneh-out": 0.009217507407971328, "roll-out": 0.24504688765189844, "sfb": 0.02417202258903219, "redirect": 0.038998361475311785, "oneh-in": 0.006292087456238784, "roll-in": 0.21421614602833117, "alternate": 0.2537916956236744, "sfR": 0.11567713207251198, "sfT": 2.763554610273659e-05, "dsfb": 0.0, "unknown": 0.030282373430185833, "dsfb-alt": 0.03652234814234517}, "dutch": {"bad-redirect": 0.004617986401213929, "dsfb-red": 0.014196652543058203, "sft": 0.0, "oneh-out": 0.003483720219505914, "roll-out": 0.13140889171589776, "sfb": 0.02461914186159442, "redirect": 0.031041091678393706,