{"english-450k": {"sft": 0.0, "dsfb-alt": 0.044122058047092294, "sfT": 0.00046892330648230925, "unknown": 0.00015377410175167997, "sfb": 0.042276768826072134, "bad-redirect": 0.0008135994775188695, "redirect": 0.03036103001752323, "roll-in": 0.18535480011997887, "roll-out": 0.21016329874098186, "oneh-in": 0.0073513375715736585, "alternate": 0.34647146905720105, "sfR": 0.11369548401129392, "dsfb": 0.0, "dsfb-red": 0.0134295074375797, "oneh-out": 0.005337949284950427}, "shai": {"sft": 0.0, "dsfb-alt": 0.034804925977657525, "sfT": 0.00011034922543830832, "unknown": 0.023260762136131256, "sfb": 0.02743072897137229, "bad-redirect": 0.00032139100634654154, "redirect": 0.03468368155143324, "roll-in": 0.19838956547075162, "roll-out": 0.24407014279950695, "oneh-in": 0.008619532002552612, "alternate": 0.315370171316679, "sfR": 0.09823378925716947, "dsfb": 0.0, "dsfb-red": 0.012027082488939146, "oneh-out": 0.0026778777960220247}, "tr-quotes": {"sft": 0.0, "dsfb-alt": 0.030120662952775018, "sfT": 6.241187212500867e-05, "unknown": 0.01311111624789071, "sfb": 0.03108804697071265, "bad-redirect": 0.00033286331800004625, "redirect": 0.03775340375858163, "roll-in": 0.20895725942534846, "roll-out": 0.2438142900071658, "oneh-in": 0.009465800605626315, "alternate": 0.31228126950371005, "sfR": 0.09677191928064538, "dsfb": 0.0, "dsfb-red": 0.01393056101338388, "oneh-out": 0.002310395044035043}, "gutenberg": {"sft": 0.0, "dsfb-alt": 0.027424951778868174, "sfT": 0.00014700293967992003, "unknown": 0.032975828246008664, "sfb": 0.029981022223586166, "bad-redirect": 0.0006717428145682945, "redirect": 0.04008349615424397, "roll-in": 0.1930351295349744, "roll-out": 0.2586024188045554, "oneh-in": 0.009331845118005852, "alternate": 0.2930427827808031, "sfR": 0.09863878308844841, "dsfb": 0.0, "dsfb-red": 0.013913752465993258, "oneh-out": 0.002151244050264397}, "english-200": {"sft": 0.0, "dsfb-alt": 0.026726057906458798, "sfT": 0.0, "unknown": 0.0, "sfb": 0.026726057906458798, "bad-redirect": 0.0, "redirect": 0.0400890868596882, "roll-in": 0.20489977728285078, "roll-out": 0.22717149220489977, "oneh-in": 0.011135857461024499, "alternate": 0.34521158129175944, "sfR": 0.10690423162583519, "dsfb": 0.0, "dsfb-red": 0.011135857461024499, "oneh-out": 0.0}, "monkeyracer": {"sft": 0.0, "dsfb-alt": 0.029898572031843845, "sfT": 6.256158405930838e-05, "unknown": 0.012967843345793515, "sfb": 0.03116837668329762, "bad-redirect": 0.00032649326680951564, "redirect": 0.0377520058807889, "roll-in": 0.21017270907299374, "roll-out": 0.24333425872343087, "oneh-in": 0.00950447315326024, "alternate": 0.31164857594194284, "sfR": 0.09690789370786869, "dsfb": 0.0, "dsfb-red": 0.013970783740244302, "oneh-out": 0.0022854528676666095}, "chained-bigrams": {"sft": 0.0, "dsfb-alt": 0.047009659705903935, "sfT": 0.0003246523460352482, "unknown": 0.022915910497244025, "sfb": 0.029062228712383346, "bad-redirect": 0.0022939934770850635, "redirect": 0.03661753810931564, "roll-in": 0.1822182715638958, "roll-out": 0.22461527073733092, "oneh-in": 0.006026196847106276, "alternate": 0.30339930485439665, "sfR": 0.11914286586209158, "dsfb": 0.0, "dsfb-red": 0.021399134736567346, "oneh-out": 0.0049749725506441425}, "english-5k": {"sft": 0.0, "dsfb-alt": 0.038702451570083375, "sfT": 0.00016592690919649896, "unknown": 0.002157049819554486, "sfb": 0.026133488198448584, "bad-redirect": 0.00041481727299124733, "redirect": 0.03189944829302692, "roll-in": 0.1973700584892355, "roll-out": 0.2262413406894263, "oneh-in": 0.0077156012776372004, "alternate": 0.3504376322230058, "sfR": 0.10644211224955408, "dsfb": 0.0, "dsfb-red": 0.009872651097191687, "oneh-out": 0.002447421910648359}, "mt-quotes": {"sft": 0.0, "dsfb-alt": 0.029159345453676145, "sfT": 3.585900240255316e-05, "unknown": 0.007930816031364673, "sfb": 0.03089551881999976, "bad-redirect": 0.00029135439452074443, "redirect": 0.037955259918002415, "roll-in": 0.21314142790547566, "roll-out": 0.2460883804879215, "oneh-in": 0.009850766785001375, "alternate": 0.31203458003131684, "sfR": 0.0964592223377679, "dsfb": 0.0, "dsfb-red": 0.014007422813497329, "oneh-out": 0.0021500460190530834}, "wordle": {"sft": 0.0, "dsfb-alt": 0.047503646359250536, "sfT": 0.0004039044092898014, "unknown": 0.0, "sfb": 0.041445080219903514, "bad-redirect": 0.000762930550880736, "redirect": 0.04056995399977561, "roll-in": 0.19775608661505667, "roll-out": 0.19257264669583754, "oneh-in": 0.009020531807472231, "alternate": 0.3111634690900931, "sfR": 0.13138112868843263, "dsfb": 0.0, "dsfb-red": 0.02275328172332548, "oneh-out": 0.004667339840682149}, "english-1k": {"sft": 0.0, "dsfb-alt": 0.03387438249823571, "sfT": 0.0, "unknown": 0.0, "sfb": 0.025052928722653495, "bad-redirect": 0.0, "redirect": 0.037755822159491886, "roll-in": 0.2113620324629499, "roll-out": 0.22335920959774172, "oneh-in": 0.009174311926605505, "alternate": 0.3387438249823571, "sfR": 0.10832745236414962, "dsfb": 0.0, "dsfb-red": 0.008821453775582216, "oneh-out": 0.0035285815102328866}, "english-10k": {"sft": 0.0, "dsfb-alt": 0.0396171436290307, "sfT": 0.00011578317670442484, "unknown": 0.0, "sfb": 0.027556396055653114, "bad-redirect": 0.00030875513787846626, "redirect": 0.03145442967136875, "roll-in": 0.20663437602516355, "roll-out": 0.22432990486482315, "oneh-in": 0.007776770035313869, "alternate": 0.34240944790721906, "sfR": 0.10567144593890508, "dsfb": 0.0, "dsfb-red": 0.010652052256807086, "oneh-out": 0.0034734953011327455}, "reddit": {"sft": 0.0, "dsfb-alt": 0.03145171636422615, "sfT": 0.00020148342593742327, "unknown": 0.03913059845521882, "sfb": 0.028936675808148373, "bad-redirect": 0.00026815762154415565, "redirect": 0.03516614329295986, "roll-in": 0.19540596063562982, "roll-out": 0.23566679907862254, "oneh-in": 0.010490660274933668, "alternate": 0.3034550905280128, "sfR": 0.10397777127267367, "dsfb": 0.0, "dsfb-red": 0.013348773279080016, "oneh-out": 0.0025001699630126774}, "akl": {"sft": 0.0, "dsfb-alt": 0.027508110085116947, "sfT": 0.0002195764608005367, "unknown": 0.1327199489896728, "sfb": 0.027973453065055883, "bad-redirect": 0.0004000407873097209, "redirect": 0.03074465772842802, "roll-in": 0.16468607644833555, "roll-out": 0.20235429846679692, "oneh-in": 0.008577590012080288, "alternate": 0.2602668425979718, "sfR": 0.13064861186637447, "dsfb": 0.0, "dsfb-red": 0.01169284803616442, "oneh-out": 0.0022079454558926927}, "french": {"sft": 0.0, "dsfb-alt": 0.034648542477624215, "sfT": 0.0004603918922306029, "unknown": 0.1580789346019235, "sfb": 0.024797204712573205, "bad-redirect": 0.002443298124065592, "redirect": 0.024091425290149144, "roll-in": 0.19122369003787004, "roll-out": 0.1891108912676153, "oneh-in": 0.007033149100169066, "alternate": 0.24944434234321614, "sfR": 0.10898279115633469, "dsfb": 0.0, "dsfb-red": 0.007330358809185359, "oneh-out": 0.002354980187043158}, "keymash": {"sft": 0.0, "dsfb-alt": 0.029329305086345965, "sfT": 4.925845500855866e-05, "unknown": 0.01232282349464109, "sfb": 0.03027753034526072, "bad-redirect": 0.00040227738256989567, "redirect": 0.03767040346779523, "roll-in": 0.2095988309326678, "roll-out": 0.2459597804714855, "oneh-in": 0.00949456720289968, "alternate": 0.30887514213116707, "sfR": 0.099723742164827, "dsfb": 0.0, "dsfb-red": 0.01407970838994635, "oneh-out": 0.0022166304753851395}, "movie": {"sft": 0.0, "dsfb-alt": 0.030021546514111434, "sfT": 0.00013015026236003088, "unknown": 0.030236445784519856, "sfb": 0.03525032343458778, "bad-redirect": 0.0002243743147865042, "redirect": 0.034059231397559835, "roll-in": 0.20367726472313327, "roll-out": 0.22829593037632112, "oneh-in": 0.010351354385215035, "alternate": 0.2942846137517899, "sfR": 0.11567713207251198, "dsfb": 0.0, "dsfb-red": 0.015550916585525633, "oneh-out": 0.0022407163975775996}, "dutch": {"sft": 0.0, "dsfb-alt": 0.026492981582312978, "sfT": 0.0002789135043230607, "unknown": 0.0729032742311643, "sfb": 0.04136200304758951, "bad-redirect": 0.000813036002990713, "redirect": 0.028164884698358678, "roll-in": 0.13198472124195565,