{"english-450k": {"alternate": 0.34647146905720105, "sfR": 0.11369548401129392, "sfb": 0.042276768826072134, "oneh-out": 0.005337949284950427, "dsfb-alt": 0.044122058047092294, "unknown": 0.00015377410175167997, "dsfb-red": 0.0134295074375797, "oneh-in": 0.0073513375715736585, "bad-redirect": 0.0008135994775188695, "sfT": 0.00046892330648230925, "roll-out": 0.21016329874098186, "roll-in": 0.18535480011997887, "redirect": 0.03036103001752323, "sft": 0.0, "dsfb": 0.0}, "shai": {"alternate": 0.315370171316679, "sfR": 0.09823378925716947, "sfb": 0.02743072897137229, "oneh-out": 0.0026778777960220247, "dsfb-alt": 0.034804925977657525, "unknown": 0.023260762136131256, "dsfb-red": 0.012027082488939146, "oneh-in": 0.008619532002552612, "bad-redirect": 0.00032139100634654154, "sfT": 0.00011034922543830832, "roll-out": 0.24407014279950695, "roll-in": 0.19838956547075162, "redirect": 0.03468368155143324, "sft": 0.0, "dsfb": 0.0}, "tr-quotes": {"alternate": 0.31228126950371005, "sfR": 0.09677191928064538, "sfb": 0.03108804697071265, "oneh-out": 0.002310395044035043, "dsfb-alt": 0.030120662952775018, "unknown": 0.01311111624789071, "dsfb-red": 0.01393056101338388, "oneh-in": 0.009465800605626315, "bad-redirect": 0.00033286331800004625, "sfT": 6.241187212500867e-05, "roll-out": 0.2438142900071658, "roll-in": 0.20895725942534846, "redirect": 0.03775340375858163, "sft": 0.0, "dsfb": 0.0}, "gutenberg": {"alternate": 0.2930427827808031, "sfR": 0.09863878308844841, "sfb": 0.029981022223586166, "oneh-out": 0.002151244050264397, "dsfb-alt": 0.027424951778868174, "unknown": 0.032975828246008664, "dsfb-red": 0.013913752465993258, "oneh-in": 0.009331845118005852, "bad-redirect": 0.0006717428145682945, "sfT": 0.00014700293967992003, "roll-out": 0.2586024188045554, "roll-in": 0.1930351295349744, "redirect": 0.04008349615424397, "sft": 0.0, "dsfb": 0.0}, "english-200": {"alternate": 0.34521158129175944, "sfR": 0.10690423162583519, "sfb": 0.026726057906458798, "oneh-out": 0.0, "dsfb-alt": 0.026726057906458798, "unknown": 0.0, "dsfb-red": 0.011135857461024499, "oneh-in": 0.011135857461024499, "bad-redirect": 0.0, "sfT": 0.0, "roll-out": 0.22717149220489977, "roll-in": 0.20489977728285078, "redirect": 0.0400890868596882, "sft": 0.0, "dsfb": 0.0}, "monkeyracer": {"alternate": 0.31164857594194284, "sfR": 0.09690789370786869, "sfb": 0.03116837668329762, "oneh-out": 0.0022854528676666095, "dsfb-alt": 0.029898572031843845, "unknown": 0.012967843345793515, "dsfb-red": 0.013970783740244302, "oneh-in": 0.00950447315326024, "bad-redirect": 0.00032649326680951564, "sfT": 6.256158405930838e-05, "roll-out": 0.24333425872343087, "roll-in": 0.21017270907299374, "redirect": 0.0377520058807889, "sft": 0.0, "dsfb": 0.0}, "chained-bigrams": {"alternate": 0.30339930485439665, "sfR": 0.11914286586209158, "sfb": 0.029062228712383346, "oneh-out": 0.0049749725506441425, "dsfb-alt": 0.047009659705903935, "unknown": 0.022915910497244025, "dsfb-red": 0.021399134736567346, "oneh-in": 0.006026196847106276, "bad-redirect": 0.0022939934770850635, "sfT": 0.0003246523460352482, "roll-out": 0.22461527073733092, "roll-in": 0.1822182715638958, "redirect": 0.03661753810931564, "sft": 0.0, "dsfb": 0.0}, "english-5k": {"alternate": 0.3504376322230058, "sfR": 0.10644211224955408, "sfb": 0.026133488198448584, "oneh-out": 0.002447421910648359, "dsfb-alt": 0.038702451570083375, "unknown": 0.002157049819554486, "dsfb-red": 0.009872651097191687, "oneh-in": 0.0077156012776372004, "bad-redirect": 0.00041481727299124733, "sfT": 0.00016592690919649896, "roll-out": 0.2262413406894263, "roll-in": 0.1973700584892355, "redirect": 0.03189944829302692, "sft": 0.0, "dsfb": 0.0}, "mt-quotes": {"alternate": 0.31203458003131684, "sfR": 0.0964592223377679, "sfb": 0.03089551881999976, "oneh-out": 0.0021500460190530834, "dsfb-alt": 0.029159345453676145, "unknown": 0.007930816031364673, "dsfb-red": 0.014007422813497329, "oneh-in": 0.009850766785001375, "bad-redirect": 0.00029135439452074443, "sfT": 3.585900240255316e-05, "roll-out": 0.2460883804879215, "roll-in": 0.21314142790547566, "redirect": 0.037955259918002415, "sft": 0.0, "dsfb": 0.0}, "wordle": {"alternate": 0.3111634690900931, "sfR": 0.13138112868843263, "sfb": 0.041445080219903514, "oneh-out": 0.004667339840682149, "dsfb-alt": 0.047503646359250536, "unknown": 0.0, "dsfb-red": 0.02275328172332548, "oneh-in": 0.009020531807472231, "bad-redirect": 0.000762930550880736, "sfT": 0.0004039044092898014, "roll-out": 0.19257264669583754, "roll-in": 0.19775608661505667, "redirect": 0.04056995399977561, "sft": 0.0, "dsfb": 0.0}, "english-1k": {"alternate": 0.3387438249823571, "sfR": 0.10832745236414962, "sfb": 0.025052928722653495, "oneh-out": 0.0035285815102328866, "dsfb-alt": 0.03387438249823571, "unknown": 0.0, "dsfb-red": 0.008821453775582216, "oneh-in": 0.009174311926605505, "bad-redirect": 0.0, "sfT": 0.0, "roll-out": 0.22335920959774172, "roll-in": 0.2113620324629499, "redirect": 0.037755822159491886, "sft": 0.0, "dsfb": 0.0}, "english-10k": {"alternate": 0.34240944790721906, "sfR": 0.10567144593890508, "sfb": 0.027556396055653114, "oneh-out": 0.0034734953011327455, "dsfb-alt": 0.0396171436290307, "unknown": 0.0, "dsfb-red": 0.010652052256807086, "oneh-in": 0.007776770035313869, "bad-redirect": 0.00030875513787846626, "sfT": 0.00011578317670442484, "roll-out": 0.22432990486482315, "roll-in": 0.20663437602516355, "redirect": 0.03145442967136875, "sft": 0.0, "dsfb": 0.0}, "reddit": {"alternate": 0.3034550905280128, "sfR": 0.10397777127267367, "sfb": 0.028936675808148373, "oneh-out": 0.0025001699630126774, "dsfb-alt": 0.03145171636422615, "unknown": 0.03913059845521882, "dsfb-red": 0.013348773279080016, "oneh-in": 0.010490660274933668, "bad-redirect": 0.00026815762154415565, "sfT": 0.00020148342593742327, "roll-out": 0.23566679907862254, "roll-in": 0.19540596063562982, "redirect": 0.03516614329295986, "sft": 0.0, "dsfb": 0.0}, "akl": {"alternate": 0.2602668425979718, "sfR": 0.13064861186637447, "sfb": 0.027973453065055883, "oneh-out": 0.0022079454558926927, "dsfb-alt": 0.027508110085116947, "unknown": 0.1327199489896728, "dsfb-red": 0.01169284803616442, "oneh-in": 0.008577590012080288, "bad-redirect": 0.0004000407873097209, "sfT": 0.0002195764608005367, "roll-out": 0.20235429846679692, "roll-in": 0.16468607644833555, "redirect": 0.03074465772842802, "sft": 0.0, "dsfb": 0.0}, "french": {"alternate": 0.24944434234321614, "sfR": 0.10898279115633469, "sfb": 0.024797204712573205, "oneh-out": 0.002354980187043158, "dsfb-alt": 0.034648542477624215, "unknown": 0.1580789346019235, "dsfb-red": 0.007330358809185359, "oneh-in": 0.007033149100169066, "bad-redirect": 0.002443298124065592, "sfT": 0.0004603918922306029, "roll-out": 0.1891108912676153, "roll-in": 0.19122369003787004, "redirect": 0.024091425290149144, "sft": 0.0, "dsfb": 0.0}, "keymash": {"alternate": 0.30887514213116707, "sfR": 0.099723742164827, "sfb": 0.03027753034526072, "oneh-out": 0.0022166304753851395, "dsfb-alt": 0.029329305086345965, "unknown": 0.01232282349464109, "dsfb-red": 0.01407970838994635, "oneh-in": 0.00949456720289968, "bad-redirect": 0.00040227738256989567, "sfT": 4.925845500855866e-05, "roll-out": 0.2459597804714855, "roll-in": 0.2095988309326678, "redirect": 0.03767040346779523, "sft": 0.0, "dsfb": 0.0}, "movie": {"alternate": 0.2942846137517899, "sfR": 0.11567713207251198, "sfb": 0.03525032343458778, "oneh-out": 0.0022407163975775996, "dsfb-alt": 0.030021546514111434, "unknown": 0.030236445784519856, "dsfb-red": 0.015550916585525633, "oneh-in": 0.010351354385215035, "bad-redirect": 0.0002243743147865042, "sfT": 0.00013015026236003088, "roll-out": 0.22829593037632112, "roll-in": 0.20367726472313327, "redirect": 0.034059231397559835, "sft": 0.0, "dsfb": 0.0}, "dutch": {"alternate": 0.2790784138376386, "sfR": 0.18880787437283908, "sfb": 0.04136200304758951, "oneh-out": 0.007348362231736939, "dsfb-alt": 0.026492981582312978, "unknown": 0.0729032742311643, "dsfb-red": 0.008046336328122633,